#options: 2748x1554 fps=60/1 timebase=1/60 bitdepth=8 cabac=1 ref=1 deblock=1:0:0 analyse=0x1:0 me=dia subme=2 psy=1 psy_rd=1.00:0.00 mixed_ref=0 me_range=16 chroma_me=1 trellis=0 8x8dct=0 cqm=0 deadzone=21,11 fast_pskip=1 chroma_qp_offset=0 threads=15 lookahead_threads=5 sliced_threads=0 nr=0 decimate=1 interlaced=0 bluray_compat=0 constrained_intra=0 bframes=3 b_pyramid=2 b_adapt=1 b_bias=0 direct=1 weightb=1 open_gop=0 weightp=2 keyint=250 keyint_min=25 scenecut=40 intra_refresh=0 rc_lookahead=40 rc=abr mbtree=1 bitrate=4600 ratetol=1.0 qcomp=0.60 qpmin=0 qpmax=69 qpstep=4 ip_ratio=1.40 aq=1:1.00
in:0 out:0 type:I dur:2 cpbdur:2 q:37.84 aq:21.99 tex:504560 mv:119935 misc:6321 imb:16856 pmb:0 smb:0 d:- ref:;
in:4 out:1 type:P dur:2 cpbdur:2 q:38.79 aq:23.15 tex:9040 mv:4983 misc:4233 imb:1219 pmb:599 smb:15038 d:- ref:0 ;
in:2 out:2 type:B dur:2 cpbdur:2 q:38.79 aq:24.35 tex:2592 mv:622 misc:2066 imb:15 pmb:755 smb:16086 d:- ref:0 ;
in:1 out:3 type:b dur:2 cpbdur:2 q:38.79 aq:28.11 tex:585 mv:87 misc:808 imb:2 pmb:19 smb:16835 d:- ref:0 ;
in:3 out:4 type:b dur:2 cpbdur:2 q:38.79 aq:40.00 tex:38 mv:91 misc:743 imb:0 pmb:11 smb:16845 d:- ref:0 ;
in:6 out:5 type:P dur:2 cpbdur:2 q:38.63 aq:25.15 tex:10634 mv:2032 misc:3486 imb:95 pmb:471 smb:16290 d:- ref:0 ;
in:5 out:6 type:b dur:2 cpbdur:2 q:38.71 aq:26.85 tex:42 mv:24 misc:766 imb:0 pmb:8 smb:16848 d:- ref:0 ;
in:8 out:7 type:P dur:2 cpbdur:2 q:38.57 aq:26.14 tex:4590 mv:1144 misc:2362 imb:116 pmb:238 smb:16502 d:- ref:0 ;
in:7 out:8 type:b dur:2 cpbdur:2 q:38.60 aq:39.00 tex:0 mv:0 misc:720 imb:0 pmb:0 smb:16856 d:- ref:0 ;
in:12 out:9 type:P dur:2 cpbdur:2 q:38.48 aq:26.11 tex:6662 mv:870 misc:2084 imb:41 pmb:204 smb:16611 d:- ref:0 ;
in:10 out:10 type:B dur:2 cpbdur:2 q:38.53 aq:33.55 tex:29 mv:29 misc:774 imb:0 pmb:14 smb:16842 d:- ref:0 ;
in:9 out:11 type:b dur:2 cpbdur:2 q:38.55 aq:39.00 tex:2 mv:42 misc:748 imb:0 pmb:13 smb:16843 d:- ref:0 ;
in:11 out:12 type:b dur:2 cpbdur:2 q:38.50 aq:39.00 tex:0 mv:0 misc:720 imb:0 pmb:0 smb:16856 d:- ref:0 ;
in:16 out:13 type:P dur:4 cpbdur:4 q:35.88 aq:24.10 tex:20070 mv:3291 misc:4839 imb:310 pmb:820 smb:15726 d:- ref:0 ;
in:14 out:14 type:B dur:2 cpbdur:2 q:37.18 aq:29.76 tex:127 mv:192 misc:1081 imb:6 pmb:78 smb:16772 d:- ref:0 ;
in:13 out:15 type:b dur:2 cpbdur:2 q:37.83 aq:35.47 tex:40 mv:47 misc:825 imb:0 pmb:18 smb:16838 d:- ref:0 ;
in:15 out:16 type:b dur:2 cpbdur:2 q:36.53 aq:32.44 tex:54 mv:12 misc:742 imb:0 pmb:3 smb:16853 d:- ref:0 ;
in:20 out:17 type:P dur:4 cpbdur:4 q:39.88 aq:35.67 tex:14383 mv:2295 misc:1578 imb:78 pmb:209 smb:16569 d:- ref:0 ;
in:18 out:18 type:B dur:4 cpbdur:4 q:37.88 aq:37.24 tex:10206 mv:2017 misc:1473 imb:25 pmb:231 smb:16600 d:- ref:0 ;
in:17 out:19 type:b dur:4 cpbdur:4 q:36.88 aq:37.62 tex:6130 mv:1765 misc:1369 imb:15 pmb:212 smb:16629 d:- ref:0 ;
in:19 out:20 type:b dur:4 cpbdur:4 q:38.88 aq:42.73 tex:1397 mv:363 misc:1056 imb:0 pmb:75 smb:16781 d:- ref:0 ;
in:24 out:21 type:P dur:6 cpbdur:6 q:34.84 aq:29.81 tex:39029 mv:3967 misc:2868 imb:132 pmb:518 smb:16206 d:- ref:0 ;
in:22 out:22 type:B dur:4 cpbdur:4 q:37.36 aq:37.13 tex:4934 mv:1575 misc:1547 imb:21 pmb:237 smb:16598 d:- ref:0 ;
in:21 out:23 type:b dur:4 cpbdur:4 q:38.62 aq:40.17 tex:3418 mv:883 misc:1099 imb:11 pmb:118 smb:16727 d:- ref:0 ;
in:23 out:24 type:b dur:4 cpbdur:4 q:36.10 aq:36.91 tex:5350 mv:1772 misc:1622 imb:26 pmb:266 smb:16564 d:- ref:0 ;
in:28 out:25 type:P dur:4 cpbdur:4 q:32.19 aq:22.04 tex:243482 mv:17671 misc:7215 imb:1993 pmb:3216 smb:11647 d:- ref:0 ;
in:26 out:26 type:B dur:4 cpbdur:4 q:33.51 aq:28.45 tex:19231 mv:3772 misc:2189 imb:42 pmb:464 smb:16350 d:- ref:0 ;
in:25 out:27 type:b dur:2 cpbdur:2 q:34.17 aq:32.45 tex:10175 mv:2908 misc:1749 imb:40 pmb:326 smb:16490 d:- ref:0 ;
in:27 out:28 type:b dur:4 cpbdur:4 q:32.85 aq:31.60 tex:11122 mv:2853 misc:1985 imb:39 pmb:391 smb:16426 d:- ref:0 ;
in:32 out:29 type:P dur:4 cpbdur:4 q:28.95 aq:18.04 tex:368656 mv:18977 misc:7359 imb:2253 pmb:3304 smb:11299 d:- ref:0 ;
in:30 out:30 type:B dur:4 cpbdur:4 q:30.57 aq:27.80 tex:34402 mv:4903 misc:2439 imb:89 pmb:587 smb:16180 d:- ref:0 ;
in:29 out:31 type:b dur:4 cpbdur:4 q:31.38 aq:29.53 tex:12704 mv:2900 misc:2156 imb:103 pmb:396 smb:16357 d:- ref:0 ;
in:31 out:32 type:b dur:4 cpbdur:4 q:29.76 aq:26.67 tex:26669 mv:4907 misc:2184 imb:131 pmb:526 smb:16199 d:- ref:0 ;
in:36 out:33 type:P dur:4 cpbdur:4 q:26.27 aq:16.09 tex:372093 mv:15959 misc:7188 imb:1657 pmb:3228 smb:11971 d:- ref:0 ;
in:34 out:34 type:B dur:4 cpbdur:4 q:27.61 aq:23.95 tex:33456 mv:5369 misc:2591 imb:80 pmb:683 smb:16093 d:- ref:0 ;
in:33 out:35 type:b dur:4 cpbdur:4 q:28.28 aq:24.70 tex:19540 mv:3560 misc:2076 imb:79 pmb:509 smb:16268 d:- ref:0 ;
in:35 out:36 type:b dur:4 cpbdur:4 q:26.94 aq:24.01 tex:34070 mv:4615 misc:2275 imb:121 pmb:561 smb:16174 d:- ref:0 ;
in:40 out:37 type:P dur:4 cpbdur:4 q:23.61 aq:12.99 tex:412230 mv:15695 misc:7291 imb:1927 pmb:3309 smb:11620 d:- ref:0 ;
in:38 out:38 type:B dur:4 cpbdur:4 q:24.94 aq:22.12 tex:71182 mv:8063 misc:2651 imb:112 pmb:845 smb:15899 d:- ref:0 ;
in:37 out:39 type:b dur:4 cpbdur:4 q:25.61 aq:23.24 tex:35529 mv:4234 misc:2333 imb:117 pmb:584 smb:16155 d:- ref:0 ;
in:39 out:40 type:b dur:4 cpbdur:4 q:24.28 aq:21.24 tex:42305 mv:4123 misc:2332 imb:96 pmb:634 smb:16126 d:- ref:0 ;
in:44 out:41 type:P dur:4 cpbdur:4 q:23.57 aq:15.24 tex:172242 mv:7696 misc:5110 imb:503 pmb:1423 smb:14930 d:- ref:0 ;
in:42 out:42 type:B dur:4 cpbdur:4 q:23.59 aq:19.79 tex:62849 mv:5895 misc:2696 imb:34 pmb:892 smb:15930 d:- ref:0 ;
in:41 out:43 type:b dur:4 cpbdur:4 q:23.60 aq:22.20 tex:52263 mv:5322 misc:2351 imb:115 pmb:607 smb:16134 d:- ref:0 ;
in:43 out:44 type:b dur:4 cpbdur:4 q:23.58 aq:23.55 tex:32969 mv:4264 misc:2247 imb:86 pmb:555 smb:16215 d:- ref:0 ;
in:48 out:45 type:P dur:4 cpbdur:4 q:24.32 aq:14.10 tex:200355 mv:11337 misc:7204 imb:1259 pmb:1765 smb:13832 d:- ref:0 ;
in:46 out:46 type:B dur:4 cpbdur:4 q:23.94 aq:19.58 tex:55549 mv:5361 misc:3042 imb:98 pmb:806 smb:15952 d:- ref:0 ;
in:45 out:47 type:b dur:4 cpbdur:4 q:23.76 aq:18.94 tex:41724 mv:4980 misc:2416 imb:78 pmb:691 smb:16087 d:- ref:0 ;
in:47 out:48 type:b dur:4 cpbdur:4 q:24.13 aq:20.65 tex:12873 mv:1461 misc:2178 imb:23 pmb:420 smb:16413 d:- ref:0 ;
in:52 out:49 type:P dur:4 cpbdur:4 q:24.64 aq:16.47 tex:148966 mv:7474 misc:4104 imb:532 pmb:1167 smb:15157 d:- ref:0 ;
in:50 out:50 type:B dur:4 cpbdur:4 q:24.48 aq:21.12 tex:49553 mv:5328 misc:2687 imb:106 pmb:707 smb:16043 d:- ref:0 ;
in:49 out:51 type:b dur:4 cpbdur:4 q:24.40 aq:20.02 tex:36629 mv:3831 misc:2244 imb:90 pmb:558 smb:16208 d:- ref:0 ;
in:51 out:52 type:b dur:4 cpbdur:4 q:24.56 aq:20.46 tex:35230 mv:4371 misc:2295 imb:96 pmb:590 smb:16170 d:- ref:0 ;
in:56 out:53 type:P dur:4 cpbdur:4 q:25.57 aq:17.04 tex:140407 mv:7662 misc:3147 imb:605 pmb:863 smb:15388 d:- ref:0 ;
in:54 out:54 type:B dur:4 cpbdur:4 q:25.11 aq:21.80 tex:47650 mv:5337 misc:2853 imb:47 pmb:801 smb:16008 d:- ref:0 ;
in:53 out:55 type:b dur:4 cpbdur:4 q:24.88 aq:22.92 tex:35580 mv:4653 misc:2455 imb:99 pmb:625 smb:16132 d:- ref:0 ;
in:55 out:56 type:b dur:4 cpbdur:4 q:25.34 aq:19.86 tex:39540 mv:5202 misc:2514 imb:85 pmb:634 smb:16137 d:- ref:0 ;
in:60 out:57 type:P dur:4 cpbdur:4 q:24.79 aq:14.83 tex:234771 mv:10701 misc:7288 imb:772 pmb:2188 smb:13896 d:- ref:0 ;
in:58 out:58 type:B dur:4 cpbdur:4 q:25.18 aq:22.53 tex:48803 mv:5342 misc:2903 imb:131 pmb:747 smb:15978 d:- ref:0 ;
in:57 out:59 type:b dur:4 cpbdur:4 q:25.38 aq:19.86 tex:37735 mv:3868 misc:2429 imb:85 pmb:685 smb:16086 d:- ref:0 ;
in:59 out:60 type:b dur:4 cpbdur:4 q:24.98 aq:19.61 tex:37887 mv:4129 misc:2504 imb:108 pmb:645 smb:16103 d:- ref:0 ;
in:64 out:61 type:P dur:4 cpbdur:4 q:24.08 aq:15.67 tex:173486 mv:8976 misc:5866 imb:575 pmb:1511 smb:14770 d:- ref:0 ;
in:62 out:62 type:B dur:4 cpbdur:4 q:24.43 aq:19.19 tex:59217 mv:7043 misc:2748 imb:128 pmb:899 smb:15829 d:- ref:0 ;
in:61 out:63 type:b dur:4 cpbdur:4 q:24.61 aq:18.70 tex:51216 mv:5948 misc:2556 imb:93 pmb:750 smb:16013 d:- ref:0 ;
in:63 out:64 type:b dur:4 cpbdur:4 q:24.26 aq:19.43 tex:38959 mv:4203 misc:2310 imb:83 pmb:647 smb:16126 d:- ref:0 ;
in:68 out:65 type:P dur:4 cpbdur:4 q:23.23 aq:14.39 tex:351058 mv:13111 misc:6415 imb:930 pmb:1845 smb:14081 d:- ref:0 ;
in:66 out:66 type:B dur:2 cpbdur:2 q:23.66 aq:21.31 tex:98378 mv:8424 misc:3286 imb:91 pmb:1251 smb:15514 d:- ref:0 ;
in:65 out:67 type:b dur:6 cpbdur:6 q:23.87 aq:20.47 tex:58073 mv:5714 misc:2733 imb:144 pmb:797 smb:15915 d:- ref:0 ;
in:67 out:68 type:b dur:4 cpbdur:4 q:23.44 aq:20.91 tex:87668 mv:8146 misc:3218 imb:147 pmb:997 smb:15712 d:- ref:0 ;
in:72 out:69 type:P dur:4 cpbdur:4 q:21.89 aq:13.28 tex:441368 mv:15189 misc:7363 imb:1188 pmb:2579 smb:13089 d:- ref:0 ;
in:70 out:70 type:B dur:4 cpbdur:4 q:22.56 aq:18.94 tex:154113 mv:12552 misc:3367 imb:153 pmb:1316 smb:15387 d:- ref:0 ;
in:69 out:71 type:b dur:4 cpbdur:4 q:22.89 aq:19.43 tex:31134 mv:3102 misc:2828 imb:43 pmb:690 smb:16123 d:- ref:0 ;
in:71 out:72 type:b dur:4 cpbdur:4 q:22.23 aq:18.86 tex:36736 mv:3099 misc:2517 imb:12 pmb:646 smb:16198 d:- ref:0 ;
in:76 out:73 type:P dur:4 cpbdur:4 q:21.67 aq:13.30 tex:350753 mv:12108 misc:5259 imb:933 pmb:1534 smb:14389 d:- ref:0 ;
in:74 out:74 type:B dur:4 cpbdur:4 q:21.78 aq:21.27 tex:150640 mv:11192 misc:3208 imb:108 pmb:1331 smb:15417 d:- ref:0 ;
in:73 out:75 type:b dur:4 cpbdur:4 q:21.84 aq:17.31 tex:104448 mv:8515 misc:3389 imb:90 pmb:1243 smb:15523 d:- ref:0 ;
in:75 out:76 type:b dur:4 cpbdur:4 q:21.72 aq:17.23 tex:98564 mv:8828 misc:3584 imb:159 pmb:1152 smb:15545 d:- ref:0 ;
in:80 out:77 type:P dur:4 cpbdur:4 q:21.40 aq:13.98 tex:321668 mv:12114 misc:5850 imb:899 pmb:1814 smb:14143 d:- ref:0 ;
in:78 out:78 type:B dur:4 cpbdur:4 q:21.53 aq:20.51 tex:122272 mv:9906 misc:3542 imb:141 pmb:1255 smb:15460 d:- ref:0 ;
in:77 out:79 type:b dur:4 cpbdur:4 q:21.60 aq:13.93 tex:2875 mv:1091 misc:2978 imb:9 pmb:663 smb:16184 d:- ref:0 ;
in:79 out:80 type:b dur:4 cpbdur:4 q:21.47 aq:21.96 tex:104845 mv:9100 misc:3383 imb:113 pmb:1222 smb:15521 d:- ref:0 ;
in:84 out:81 type:P dur:2 cpbdur:2 q:23.94 aq:15.34 tex:235362 mv:10797 misc:5585 imb:655 pmb:1746 smb:14455 d:- ref:0 ;
in:82 out:82 type:B dur:4 cpbdur:4 q:22.67 aq:17.04 tex:126678 mv:8423 misc:3451 imb:120 pmb:1150 smb:15586 d:- ref:0 ;
in:81 out:83 type:b dur:4 cpbdur:4 q:22.03 aq:14.00 tex:2428 mv:1140 misc:2760 imb:13 pmb:609 smb:16234 d:- ref:0 ;
in:83 out:84 type:b dur:2 cpbdur:2 q:23.30 aq:22.76 tex:2537 mv:1202 misc:2717 imb:7 pmb:630 smb:16219 d:- ref:0 ;
in:88 out:85 type:P dur:2 cpbdur:2 q:24.21 aq:16.05 tex:263786 mv:11054 misc:4032 imb:654 pmb:1335 smb:14867 d:- ref:0 ;
in:86 out:86 type:B dur:2 cpbdur:2 q:24.07 aq:20.89 tex:120833 mv:10452 misc:3491 imb:187 pmb:1179 smb:15490 d:- ref:0 ;
in:85 out:87 type:b dur:2 cpbdur:2 q:24.00 aq:15.20 tex:1060 mv:1034 misc:2626 imb:17 pmb:597 smb:16242 d:- ref:0 ;
in:87 out:88 type:b dur:4 cpbdur:4 q:24.14 aq:24.25 tex:85908 mv:7245 misc:2767 imb:128 pmb:849 smb:15879 d:- ref:0 ;
in:92 out:89 type:P dur:2 cpbdur:2 q:24.29 aq:16.18 tex:202350 mv:8995 misc:3775 imb:649 pmb:1257 smb:14950 d:- ref:0 ;
in:90 out:90 type:B dur:2 cpbdur:2 q:24.25 aq:22.80 tex:111904 mv:8250 misc:3310 imb:143 pmb:992 smb:15721 d:- ref:0 ;
in:89 out:91 type:b dur:2 cpbdur:2 q:24.23 aq:25.09 tex:2232 mv:971 misc:2573 imb:4 pmb:605 smb:16247 d:- ref:0 ;
in:91 out:92 type:b dur:2 cpbdur:2 q:24.27 aq:23.43 tex:2159 mv:968 misc:2457 imb:12 pmb:535 smb:16309 d:- ref:0 ;
in:96 out:93 type:P dur:2 cpbdur:2 q:24.46 aq:15.86 tex:192595 mv:9167 misc:3638 imb:607 pmb:1245 smb:15004 d:- ref:0 ;
in:94 out:94 type:B dur:2 cpbdur:2 q:24.38 aq:21.36 tex:84395 mv:7431 misc:3078 imb:91 pmb:947 smb:15818 d:- ref:0 ;
in:93 out:95 type:b dur:2 cpbdur:2 q:24.34 aq:19.82 tex:476 mv:1090 misc:2458 imb:8 pmb:544 smb:16304 d:- ref:0 ;
in:95 out:96 type:b dur:2 cpbdur:2 q:24.42 aq:18.41 tex:558 mv:1181 misc:2573 imb:13 pmb:564 smb:16279 d:- ref:0 ;
in:100 out:97 type:P dur:2 cpbdur:2 q:24.43 aq:15.88 tex:220564 mv:9698 misc:3826 imb:695 pmb:1240 smb:14921 d:- ref:0 ;
in:98 out:98 type:B dur:2 cpbdur:2 q:24.45 aq:21.39 tex:107822 mv:8310 misc:3196 imb:133 pmb:972 smb:15751 d:- ref:0 ;
in:97 out:99 type:b dur:2 cpbdur:2 q:24.45 aq:18.50 tex:580 mv:972 misc:2568 imb:9 pmb:590 smb:16257 d:- ref:0 ;
in:99 out:100 type:b dur:2 cpbdur:2 q:24.44 aq:22.12 tex:754 mv:1015 misc:2447 imb:15 pmb:545 smb:16296 d:- ref:0 ;
in:104 out:101 type:P dur:2 cpbdur:2 q:24.41 aq:15.20 tex:202870 mv:10027 misc:4087 imb:633 pmb:1273 smb:14950 d:- ref:0 ;
in:102 out:102 type:B dur:2 cpbdur:2 q:24.42 aq:22.24 tex:113887 mv:9034 misc:3271 imb:175 pmb:991 smb:15690 d:- ref:0 ;
in:101 out:103 type:b dur:2 cpbdur:2 q:24.43 aq:18.48 tex:788 mv:958 misc:2558 imb:5 pmb:597 smb:16254 d:- ref:0 ;
in:103 out:104 type:b dur:2 cpbdur:2 q:24.42 aq:20.12 tex:1301 mv:1372 misc:2615 imb:18 pmb:578 smb:16260 d:- ref:0 ;
in:108 out:105 type:P dur:2 cpbdur:2 q:24.46 aq:14.95 tex:251218 mv:10619 misc:3811 imb:679 pmb:1230 smb:14947 d:- ref:0 ;
in:106 out:106 type:B dur:2 cpbdur:2 q:24.44 aq:22.75 tex:99829 mv:9015 misc:3300 imb:118 pmb:1037 smb:15701 d:- ref:0 ;
in:105 out:107 type:b dur:2 cpbdur:2 q:24.42 aq:20.65 tex:1036 mv:1032 misc:2532 imb:7 pmb:567 smb:16282 d:- ref:0 ;
in:107 out:108 type:b dur:2 cpbdur:2 q:24.45 aq:19.07 tex:541 mv:959 misc:2524 imb:13 pmb:554 smb:16289 d:- ref:0 ;
in:112 out:109 type:P dur:2 cpbdur:2 q:24.47 aq:15.27 tex:227726 mv:10657 misc:3353 imb:681 pmb:1150 smb:15025 d:- ref:0 ;
in:110 out:110 type:B dur:2 cpbdur:2 q:24.47 aq:23.46 tex:87281 mv:8285 misc:3066 imb:148 pmb:929 smb:15779 d:- ref:0 ;
in:109 out:111 type:b dur:4 cpbdur:4 q:24.46 aq:18.89 tex:524 mv:690 misc:2498 imb:3 pmb:558 smb:16295 d:- ref:0 ;
in:111 out:112 type:b dur:2 cpbdur:2 q:24.47 aq:24.02 tex:752 mv:735 misc:2529 imb:4 pmb:546 smb:16306 d:- ref:0 ;
in:116 out:113 type:P dur:2 cpbdur:2 q:24.48 aq:14.15 tex:265453 mv:11057 misc:6450 imb:860 pmb:2028 smb:13968 d:- ref:0 ;
in:114 out:114 type:B dur:2 cpbdur:2 q:24.48 aq:23.17 tex:94375 mv:8580 misc:3045 imb:140 pmb:937 smb:15779 d:- ref:0 ;
in:113 out:115 type:b dur:2 cpbdur:2 q:24.47 aq:17.06 tex:942 mv:740 misc:2366 imb:8 pmb:514 smb:16334 d:- ref:0 ;
in:115 out:116 type:b dur:2 cpbdur:2 q:24.48 aq:20.82 tex:1114 mv:710 misc:2440 imb:5 pmb:543 smb:16308 d:- ref:0 ;
in:120 out:117 type:P dur:2 cpbdur:2 q:24.55 aq:14.72 tex:214266 mv:10888 misc:4486 imb:719 pmb:1345 smb:14792 d:- ref:0 ;
in:118 out:118 type:B dur:2 cpbdur:2 q:24.52 aq:22.00 tex:105023 mv:8572 misc:3061 imb:169 pmb:956 smb:15731 d:- ref:0 ;
in:117 out:119 type:b dur:2 cpbdur:2 q:24.50 aq:18.40 tex:374 mv:625 misc:2297 imb:7 pmb:498 smb:16351 d:- ref:0 ;
in:119 out:120 type:b dur:2 cpbdur:2 q:24.53 aq:21.77 tex:1603 mv:1025 misc:2452 imb:4 pmb:552 smb:16300 d:- ref:0 ;
in:124 out:121 type:P dur:2 cpbdur:2 q:24.59 aq:14.86 tex:204080 mv:10867 misc:3621 imb:919 pmb:1229 smb:14708 d:- ref:0 ;
in:122 out:122 type:B dur:2 cpbdur:2 q:24.57 aq:23.07 tex:94763 mv:9182 misc:2983 imb:118 pmb:967 smb:15771 d:- ref:0 ;
in:121 out:123 type:b dur:2 cpbdur:2 q:24.56 aq:19.84 tex:663 mv:708 misc:2317 imb:12 pmb:489 smb:16355 d:- ref:0 ;
in:123 out:124 type:b dur:2 cpbdur:2 q:24.58 aq:23.86 tex:986 mv:501 misc:2249 imb:6 pmb:474 smb:16376 d:- ref:0 ;
in:128 out:125 type:P dur:4 cpbdur:4 q:22.22 aq:14.63 tex:290888 mv:13040 misc:5528 imb:1053 pmb:1653 smb:14150 d:- ref:0 ;
in:126 out:126 type:B dur:2 cpbdur:2 q:23.41 aq:20.51 tex:109872 mv:9978 misc:3502 imb:127 pmb:1247 smb:15482 d:- ref:0 ;
in:125 out:127 type:b dur:2 cpbdur:2 q:24.00 aq:14.60 tex:303 mv:773 misc:2324 imb:9 pmb:501 smb:16346 d:- ref:0 ;
in:127 out:128 type:b dur:4 cpbdur:4 q:22.82 aq:21.49 tex:40111 mv:3361 misc:2992 imb:27 pmb:796 smb:16033 d:- ref:0 ;
in:132 out:129 type:P dur:4 cpbdur:4 q:22.21 aq:15.07 tex:245739 mv:11187 misc:4346 imb:493 pmb:1377 smb:14986 d:- ref:0 ;
in:130 out:130 type:B dur:4 cpbdur:4 q:22.22 aq:20.32 tex:120110 mv:11209 misc:3681 imb:186 pmb:1280 smb:15390 d:- ref:0 ;
in:129 out:131 type:b dur:4 cpbdur:4 q:22.22 aq:19.23 tex:90162 mv:9575 misc:3431 imb:146 pmb:1163 smb:15547 d:- ref:0 ;
in:131 out:132 type:b dur:4 cpbdur:4 q:22.22 aq:13.95 tex:3456 mv:1360 misc:2952 imb:10 pmb:729 smb:16117 d:- ref:0 ;
in:136 out:133 type:P dur:4 cpbdur:4 q:22.15 aq:15.09 tex:363233 mv:14778 misc:3813 imb:838 pmb:1317 smb:14701 d:- ref:0 ;
in:134 out:134 type:B dur:4 cpbdur:4 q:22.18 aq:19.99 tex:142362 mv:15581 misc:3401 imb:159 pmb:1424 smb:15273 d:- ref:0 ;
in:133 out:135 type:b dur:4 cpbdur:4 q:22.20 aq:20.05 tex:127367 mv:12552 misc:3649 imb:195 pmb:1286 smb:15375 d:- ref:0 ;
in:135 out:136 type:b dur:4 cpbdur:4 q:22.17 aq:20.99 tex:102682 mv:11252 misc:3522 imb:143 pmb:1292 smb:15421 d:- ref:0 ;
in:140 out:137 type:P dur:4 cpbdur:4 q:22.17 aq:14.89 tex:316253 mv:13405 misc:3662 imb:866 pmb:1226 smb:14764 d:- ref:0 ;
in:138 out:138 type:B dur:4 cpbdur:4 q:22.16 aq:19.60 tex:130898 mv:13323 misc:3571 imb:120 pmb:1426 smb:15310 d:- ref:0 ;
in:137 out:139 type:b dur:4 cpbdur:4 q:22.16 aq:20.52 tex:101213 mv:12864 misc:3371 imb:129 pmb:1418 smb:15309 d:- ref:0 ;
in:139 out:140 type:b dur:4 cpbdur:4 q:22.17 aq:21.37 tex:31613 mv:2989 misc:2814 imb:6 pmb:691 smb:16159 d:- ref:0 ;
in:144 out:141 type:P dur:2 cpbdur:2 q:24.58 aq:16.75 tex:189467 mv:9602 misc:3635 imb:727 pmb:1105 smb:15024 d:- ref:0 ;
in:142 out:142 type:B dur:2 cpbdur:2 q:23.38 aq:19.87 tex:112621 mv:9623 misc:3404 imb:142 pmb:1140 smb:15574 d:- ref:0 ;
in:141 out:143 type:b dur:2 cpbdur:2 q:22.77 aq:14.16 tex:1884 mv:1128 misc:2428 imb:12 pmb:577 smb:16267 d:- ref:0 ;
in:143 out:144 type:b dur:2 cpbdur:2 q:23.98 aq:19.99 tex:1790 mv:993 misc:2705 imb:5 pmb:605 smb:16246 d:- ref:0 ;
in:148 out:145 type:P dur:2 cpbdur:2 q:24.56 aq:15.89 tex:191016 mv:9861 misc:4139 imb:665 pmb:1303 smb:14888 d:- ref:0 ;
in:146 out:146 type:B dur:2 cpbdur:2 q:24.57 aq:22.99 tex:88158 mv:8143 misc:3059 imb:115 pmb:964 smb:15777 d:- ref:0 ;
in:145 out:147 type:b dur:2 cpbdur:2 q:24.57 aq:17.73 tex:734 mv:838 misc:2412 imb:16 pmb:515 smb:16325 d:- ref:0 ;
in:147 out:148 type:b dur:2 cpbdur:2 q:24.56 aq:25.92 tex:2033 mv:1156 misc:2427 imb:4 pmb:533 smb:16319 d:- ref:0 ;
in:152 out:149 type:P dur:2 cpbdur:2 q:24.59 aq:15.50 tex:260407 mv:11307 misc:5358 imb:655 pmb:1671 smb:14530 d:- ref:0 ;
in:150 out:150 type:B dur:2 cpbdur:2 q:24.58 aq:22.22 tex:99673 mv:9501 misc:3130 imb:156 pmb:977 smb:15723 d:- ref:0 ;
in:149 out:151 type:b dur:2 cpbdur:2 q:24.57 aq:17.51 tex:612 mv:992 misc:2308 imb:14 pmb:516 smb:16326 d:- ref:0 ;
in:151 out:152 type:b dur:2 cpbdur:2 q:24.59 aq:24.02 tex:730 mv:611 misc:2363 imb:7 pmb:500 smb:16349 d:- ref:0 ;
in:156 out:153 type:P dur:4 cpbdur:4 q:22.39 aq:14.07 tex:269529 mv:11765 misc:5226 imb:717 pmb:1681 smb:14458 d:- ref:0 ;
in:154 out:154 type:B dur:2 cpbdur:2 q:23.49 aq:19.92 tex:107749 mv:9624 misc:3315 imb:142 pmb:1134 smb:15580 d:- ref:0 ;
in:153 out:155 type:b dur:2 cpbdur:2 q:24.04 aq:20.00 tex:294 mv:555 misc:2311 imb:3 pmb:475 smb:16378 d:- ref:0 ;
in:155 out:156 type:b dur:2 cpbdur:2 q:22.94 aq:16.36 tex:1116 mv:850 misc:2530 imb:8 pmb:523 smb:16325 d:- ref:0 ;
in:160 out:157 type:P dur:2 cpbdur:2 q:24.82 aq:14.39 tex:286182 mv:12852 misc:3974 imb:840 pmb:1387 smb:14629 d:- ref:0 ;
in:158 out:158 type:B dur:2 cpbdur:2 q:23.60 aq:20.11 tex:124108 mv:12354 misc:3458 imb:114 pmb:1354 smb:15388 d:- ref:0 ;
in:157 out:159 type:b dur:2 cpbdur:2 q:23.00 aq:21.95 tex:98859 mv:10001 misc:3132 imb:175 pmb:999 smb:15682 d:- ref:0 ;
in:159 out:160 type:b dur:2 cpbdur:2 q:24.21 aq:16.26 tex:220 mv:498 misc:2418 imb:5 pmb:505 smb:16346 d:- ref:0 ;
in:164 out:161 type:P dur:4 cpbdur:4 q:22.48 aq:14.03 tex:272742 mv:11490 misc:4664 imb:887 pmb:1339 smb:14630 d:- ref:0 ;
in:162 out:162 type:B dur:4 cpbdur:4 q:23.65 aq:21.95 tex:80762 mv:9282 misc:3428 imb:127 pmb:1245 smb:15484 d:- ref:0 ;
in:161 out:163 type:b dur:2 cpbdur:2 q:24.23 aq:18.48 tex:607 mv:1001 misc:2624 imb:7 pmb:614 smb:16235 d:- ref:0 ;
in:163 out:164 type:b dur:4 cpbdur:4 q:23.06 aq:22.65 tex:90855 mv:8705 misc:3280 imb:116 pmb:1010 smb:15730 d:- ref:0 ;
in:168 out:165 type:P dur:4 cpbdur:4 q:22.47 aq:13.89 tex:303565 mv:12837 misc:3830 imb:904 pmb:1275 smb:14677 d:- ref:0 ;
in:166 out:166 type:B dur:4 cpbdur:4 q:22.48 aq:20.60 tex:126796 mv:13329 misc:3395 imb:65 pmb:1483 smb:15308 d:- ref:0 ;
in:165 out:167 type:b dur:4 cpbdur:4 q:22.48 aq:21.11 tex:102123 mv:11630 misc:3399 imb:221 pmb:1178 smb:15457 d:- ref:0 ;
in:167 out:168 type:b dur:4 cpbdur:4 q:22.47 aq:21.06 tex:31656 mv:3194 misc:2726 imb:10 pmb:697 smb:16149 d:- ref:0 ;
in:172 out:169 type:P dur:4 cpbdur:4 q:22.44 aq:13.41 tex:416930 mv:14805 misc:6209 imb:797 pmb:2026 smb:14033 d:- ref:0 ;
in:170 out:170 type:B dur:4 cpbdur:4 q:22.45 aq:18.95 tex:131700 mv:13376 misc:3268 imb:71 pmb:1542 smb:15243 d:- ref:0 ;
in:169 out:171 type:b dur:4 cpbdur:4 q:22.46 aq:20.23 tex:81574 mv:9191 misc:3443 imb:170 pmb:1074 smb:15612 d:- ref:0 ;
in:171 out:172 type:b dur:4 cpbdur:4 q:22.45 aq:15.60 tex:3448 mv:1184 misc:2704 imb:14 pmb:632 smb:16210 d:- ref:0 ;
in:176 out:173 type:P dur:4 cpbdur:4 q:22.50 aq:14.59 tex:292651 mv:13460 misc:4793 imb:653 pmb:1476 smb:14727 d:- ref:0 ;
in:174 out:174 type:B dur:4 cpbdur:4 q:22.47 aq:18.85 tex:115035 mv:13603 misc:3418 imb:131 pmb:1434 smb:15291 d:- ref:0 ;
in:173 out:175 type:b dur:4 cpbdur:4 q:22.45 aq:17.01 tex:29249 mv:3023 misc:2640 imb:18 pmb:657 smb:16181 d:- ref:0 ;
in:175 out:176 type:b dur:4 cpbdur:4 q:22.48 aq:21.28 tex:95040 mv:9630 misc:3498 imb:156 pmb:1133 smb:15567 d:- ref:0 ;
in:180 out:177 type:P dur:4 cpbdur:4 q:22.46 aq:14.32 tex:281850 mv:12970 misc:3988 imb:955 pmb:1316 smb:14585 d:- ref:0 ;
in:178 out:178 type:B dur:4 cpbdur:4 q:22.48 aq:20.22 tex:124581 mv:11919 misc:3516 imb:105 pmb:1504 smb:15247 d:- ref:0 ;
in:177 out:179 type:b dur:4 cpbdur:4 q:22.49 aq:20.56 tex:90513 mv:9365 misc:3394 imb:145 pmb:1113 smb:15598 d:- ref:0 ;
in:179 out:180 type:b dur:4 cpbdur:4 q:22.47 aq:19.96 tex:98054 mv:9611 misc:3567 imb:134 pmb:1216 smb:15506 d:- ref:0 ;
in:184 out:181 type:P dur:4 cpbdur:4 q:22.43 aq:13.61 tex:325101 mv:13670 misc:4037 imb:774 pmb:1293 smb:14789 d:- ref:0 ;
in:182 out:182 type:B dur:4 cpbdur:4 q:22.44 aq:19.47 tex:131792 mv:14612 misc:3460 imb:78 pmb:1541 smb:15237 d:- ref:0 ;
in:181 out:183 type:b dur:4 cpbdur:4 q:22.45 aq:21.07 tex:104654 mv:12435 misc:3311 imb:192 pmb:1247 smb:15417 d:- ref:0 ;
in:183 out:184 type:b dur:4 cpbdur:4 q:22.44 aq:20.85 tex:95284 mv:10737 misc:3691 imb:118 pmb:1382 smb:15356 d:- ref:0 ;
in:188 out:185 type:P dur:4 cpbdur:4 q:22.48 aq:14.84 tex:291322 mv:13240 misc:3718 imb:563 pmb:1290 smb:15003 d:- ref:0 ;
in:186 out:186 type:B dur:4 cpbdur:4 q:22.46 aq:18.58 tex:117497 mv:15019 misc:3348 imb:120 pmb:1472 smb:15264 d:- ref:0 ;
in:185 out:187 type:b dur:4 cpbdur:4 q:22.44 aq:20.79 tex:104806 mv:11623 misc:3523 imb:123 pmb:1338 smb:15395 d:- ref:0 ;
in:187 out:188 type:b dur:4 cpbdur:4 q:22.47 aq:19.57 tex:98356 mv:11251 misc:3401 imb:191 pmb:1208 smb:15457 d:- ref:0 ;
in:192 out:189 type:P dur:4 cpbdur:4 q:22.40 aq:14.51 tex:276728 mv:12649 misc:4031 imb:743 pmb:1334 smb:14779 d:- ref:0 ;
in:190 out:190 type:B dur:4 cpbdur:4 q:22.44 aq:19.71 tex:116762 mv:12740 misc:3570 imb:141 pmb:1461 smb:15254 d:- ref:0 ;
in:189 out:191 type:b dur:4 cpbdur:4 q:22.46 aq:20.81 tex:105032 mv:11700 misc:3380 imb:137 pmb:1405 smb:15314 d:- ref:0 ;
in:191 out:192 type:b dur:4 cpbdur:4 q:22.42 aq:19.52 tex:101891 mv:10652 misc:3633 imb:141 pmb:1300 smb:15415 d:- ref:0 ;
in:196 out:193 type:P dur:4 cpbdur:4 q:22.39 aq:14.27 tex:280603 mv:13018 misc:3867 imb:769 pmb:1225 smb:14862 d:- ref:0 ;
in:194 out:194 type:B dur:4 cpbdur:4 q:22.39 aq:19.44 tex:122107 mv:14069 misc:3392 imb:89 pmb:1518 smb:15249 d:- ref:0 ;
in:193 out:195 type:b dur:4 cpbdur:4 q:22.40 aq:20.61 tex:93040 mv:9170 misc:3430 imb:167 pmb:1043 smb:15646 d:- ref:0 ;
in:195 out:196 type:b dur:4 cpbdur:4 q:22.39 aq:20.59 tex:93705 mv:9916 misc:3651 imb:127 pmb:1250 smb:15479 d:- ref:0 ;
in:200 out:197 type:P dur:4 cpbdur:4 q:22.45 aq:15.18 tex:281458 mv:12754 misc:3788 imb:938 pmb:1312 smb:14606 d:- ref:0 ;
in:198 out:198 type:B dur:4 cpbdur:4 q:22.42 aq:19.89 tex:141741 mv:12037 misc:3614 imb:122 pmb:1616 smb:15118 d:- ref:0 ;
in:197 out:199 type:b dur:4 cpbdur:4 q:22.40 aq:21.60 tex:100817 mv:11375 misc:3536 imb:115 pmb:1456 smb:15285 d:- ref:0 ;
in:199 out:200 type:b dur:4 cpbdur:4 q:22.44 aq:20.16 tex:33584 mv:2951 misc:2561 imb:18 pmb:647 smb:16191 d:- ref:0 ;
in:204 out:201 type:P dur:4 cpbdur:4 q:22.49 aq:15.18 tex:353902 mv:14323 misc:3751 imb:899 pmb:1276 smb:14681 d:- ref:0 ;
in:202 out:202 type:B dur:4 cpbdur:4 q:22.47 aq:18.41 tex:166343 mv:16041 misc:3632 imb:151 pmb:1670 smb:15035 d:- ref:0 ;
in:201 out:203 type:b dur:4 cpbdur:4 q:22.46 aq:21.47 tex:110744 mv:12225 misc:3727 imb:134 pmb:1411 smb:15311 d:- ref:0 ;
in:203 out:204 type:b dur:4 cpbdur:4 q:22.48 aq:15.10 tex:1474 mv:1091 misc:2531 imb:15 pmb:622 smb:16219 d:- ref:0 ;
in:208 out:205 type:P dur:4 cpbdur:4 q:22.57 aq:14.84 tex:260978 mv:13138 misc:3668 imb:932 pmb:1235 smb:14689 d:- ref:0 ;
in:206 out:206 type:B dur:4 cpbdur:4 q:22.53 aq:21.00 tex:115668 mv:14054 misc:3622 imb:53 pmb:1537 smb:15266 d:- ref:0 ;
in:205 out:207 type:b dur:4 cpbdur:4 q:22.51 aq:21.16 tex:29429 mv:2843 misc:2704 imb:13 pmb:677 smb:16166 d:- ref:0 ;
in:207 out:208 type:b dur:4 cpbdur:4 q:22.55 aq:21.68 tex:37439 mv:3641 misc:2864 imb:12 pmb:716 smb:16128 d:- ref:0 ;
in:212 out:209 type:P dur:4 cpbdur:4 q:22.60 aq:14.79 tex:347960 mv:14374 misc:3786 imb:940 pmb:1228 smb:14688 d:- ref:0 ;
in:210 out:210 type:B dur:4 cpbdur:4 q:22.58 aq:19.06 tex:172951 mv:15324 misc:3549 imb:128 pmb:1664 smb:15064 d:- ref:0 ;
in:209 out:211 type:b dur:4 cpbdur:4 q:22.58 aq:19.38 tex:50412 mv:4216 misc:2820 imb:32 pmb:756 smb:16068 d:- ref:0 ;
in:211 out:212 type:b dur:4 cpbdur:4 q:22.59 aq:21.47 tex:127175 mv:14095 misc:3362 imb:141 pmb:1390 smb:15325 d:- ref:0 ;
in:216 out:213 type:P dur:4 cpbdur:4 q:22.65 aq:14.29 tex:334388 mv:14415 misc:3741 imb:952 pmb:1285 smb:14619 d:- ref:0 ;
in:214 out:214 type:B dur:4 cpbdur:4 q:22.62 aq:19.10 tex:143256 mv:14606 misc:3594 imb:128 pmb:1564 smb:15164 d:- ref:0 ;
in:213 out:215 type:b dur:4 cpbdur:4 q:22.61 aq:21.39 tex:111829 mv:11479 misc:3396 imb:153 pmb:1289 smb:15414 d:- ref:0 ;
in:215 out:216 type:b dur:4 cpbdur:4 q:22.64 aq:21.10 tex:103793 mv:12619 misc:3444 imb:114 pmb:1370 smb:15372 d:- ref:0 ;
in:220 out:217 type:P dur:4 cpbdur:4 q:22.72 aq:14.57 tex:279990 mv:13049 misc:3553 imb:815 pmb:1248 smb:14793 d:- ref:0 ;
in:218 out:218 type:B dur:4 cpbdur:4 q:22.68 aq:19.85 tex:125594 mv:13648 misc:3494 imb:105 pmb:1395 smb:15356 d:- ref:0 ;
in:217 out:219 type:b dur:4 cpbdur:4 q:22.66 aq:20.86 tex:92560 mv:11195 misc:3173 imb:144 pmb:1122 smb:15590 d:- ref:0 ;
in:219 out:220 type:b dur:4 cpbdur:4 q:22.70 aq:22.03 tex:98435 mv:11519 misc:3206 imb:133 pmb:1171 smb:15552 d:- ref:0 ;
in:224 out:221 type:P dur:4 cpbdur:4 q:22.65 aq:14.78 tex:346876 mv:14230 misc:3574 imb:860 pmb:1276 smb:14720 d:- ref:0 ;
in:222 out:222 type:B dur:4 cpbdur:4 q:22.68 aq:20.67 tex:135671 mv:13960 misc:3633 imb:128 pmb:1447 smb:15281 d:- ref:0 ;
in:221 out:223 type:b dur:4 cpbdur:4 q:22.70 aq:21.76 tex:102716 mv:12001 misc:3419 imb:112 pmb:1252 smb:15492 d:- ref:0 ;
in:223 out:224 type:b dur:4 cpbdur:4 q:22.67 aq:21.54 tex:100502 mv:11998 misc:3404 imb:133 pmb:1223 smb:15500 d:- ref:0 ;
in:228 out:225 type:P dur:4 cpbdur:4 q:22.66 aq:14.27 tex:354067 mv:14395 misc:4290 imb:927 pmb:1352 smb:14577 d:- ref:0 ;
in:226 out:226 type:B dur:4 cpbdur:4 q:22.65 aq:20.52 tex:141419 mv:14817 misc:3620 imb:134 pmb:1563 smb:15159 d:- ref:0 ;
in:225 out:227 type:b dur:4 cpbdur:4 q:22.65 aq:21.35 tex:102454 mv:11625 misc:3465 imb:136 pmb:1247 smb:15473 d:- ref:0 ;
in:227 out:228 type:b dur:4 cpbdur:4 q:22.66 aq:20.63 tex:97274 mv:11165 misc:3473 imb:144 pmb:1265 smb:15447 d:- ref:0 ;
in:232 out:229 type:P dur:4 cpbdur:4 q:22.73 aq:14.85 tex:289996 mv:12298 misc:3842 imb:839 pmb:1259 smb:14758 d:- ref:0 ;
in:230 out:230 type:B dur:4 cpbdur:4 q:22.69 aq:19.11 tex:115026 mv:11837 misc:3657 imb:152 pmb:1285 smb:15419 d:- ref:0 ;
in:229 out:231 type:b dur:4 cpbdur:4 q:22.67 aq:18.67 tex:32364 mv:3051 misc:2849 imb:23 pmb:734 smb:16099 d:- ref:0 ;
in:231 out:232 type:b dur:4 cpbdur:4 q:22.71 aq:20.36 tex:89319 mv:10469 misc:3452 imb:127 pmb:1211 smb:15518 d:- ref:0 ;
in:236 out:233 type:P dur:4 cpbdur:4 q:22.75 aq:15.19 tex:230501 mv:11342 misc:3653 imb:852 pmb:1197 smb:14807 d:- ref:0 ;
in:234 out:234 type:B dur:4 cpbdur:4 q:22.74 aq:19.15 tex:120070 mv:11358 misc:3612 imb:115 pmb:1333 smb:15408 d:- ref:0 ;
in:233 out:235 type:b dur:4 cpbdur:4 q:22.74 aq:15.83 tex:1511 mv:1029 misc:2604 imb:9 pmb:640 smb:16207 d:- ref:0 ;
in:235 out:236 type:b dur:4 cpbdur:4 q:22.75 aq:21.88 tex:90987 mv:9958 misc:3559 imb:120 pmb:1183 smb:15553 d:- ref:0 ;
in:240 out:237 type:P dur:4 cpbdur:4 q:22.77 aq:16.37 tex:292175 mv:12609 misc:3312 imb:732 pmb:1255 smb:14869 d:- ref:0 ;
in:238 out:238 type:B dur:6 cpbdur:6 q:22.76 aq:20.92 tex:109432 mv:11618 misc:3526 imb:161 pmb:1263 smb:15432 d:- ref:0 ;
in:237 out:239 type:b dur:4 cpbdur:4 q:22.76 aq:20.80 tex:82409 mv:9260 misc:3459 imb:117 pmb:1129 smb:15610 d:- ref:0 ;
in:239 out:240 type:b dur:2 cpbdur:2 q:22.77 aq:21.71 tex:84969 mv:10009 misc:3446 imb:125 pmb:1205 smb:15526 d:- ref:0 ;
in:244 out:241 type:P dur:4 cpbdur:4 q:22.84 aq:16.18 tex:256726 mv:12468 misc:3326 imb:452 pmb:1259 smb:15145 d:- ref:0 ;
in:242 out:242 type:B dur:4 cpbdur:4 q:22.80 aq:20.42 tex:129467 mv:12902 misc:3415 imb:155 pmb:1369 smb:15332 d:- ref:0 ;
in:241 out:243 type:b dur:4 cpbdur:4 q:22.79 aq:20.73 tex:85887 mv:9955 misc:3438 imb:127 pmb:1217 smb:15512 d:- ref:0 ;
in:243 out:244 type:b dur:4 cpbdur:4 q:22.82 aq:21.21 tex:92047 mv:10909 misc:3372 imb:132 pmb:1245 smb:15479 d:- ref:0 ;
in:248 out:245 type:P dur:4 cpbdur:4 q:22.83 aq:17.09 tex:225767 mv:10721 misc:3408 imb:760 pmb:1186 smb:14910 d:- ref:0 ;
in:246 out:246 type:B dur:2 cpbdur:2 q:22.83 aq:18.84 tex:151558 mv:12265 misc:3489 imb:86 pmb:1548 smb:15222 d:- ref:0 ;
in:245 out:247 type:b dur:4 cpbdur:4 q:22.83 aq:20.81 tex:81711 mv:9483 misc:3558 imb:139 pmb:1157 smb:15560 d:- ref:0 ;
in:247 out:248 type:b dur:2 cpbdur:2 q:22.83 aq:13.56 tex:872 mv:713 misc:2335 imb:3 pmb:533 smb:16320 d:- ref:0 ;
in:249 out:249 type:P dur:2 cpbdur:2 q:25.21 aq:24.00 tex:89454 mv:6954 misc:2920 imb:516 pmb:716 smb:15624 d:- ref:0 ;
in:250 out:250 type:I dur:2 cpbdur:2 q:19.94 aq:3.95 tex:1913525 mv:141559 misc:700 imb:16856 pmb:0 smb:0 d:- ref:;
in:254 out:251 type:P dur:2 cpbdur:2 q:27.19 aq:20.07 tex:156723 mv:9730 misc:2931 imb:358 pmb:1034 smb:15464 d:- ref:0 ;
in:252 out:252 type:B dur:2 cpbdur:2 q:27.19 aq:25.01 tex:59094 mv:7614 misc:3060 imb:216 pmb:766 smb:15874 d:- ref:0 ;
in:251 out:253 type:b dur:2 cpbdur:2 q:27.19 aq:25.85 tex:539 mv:1054 misc:2559 imb:9 pmb:513 smb:16334 d:- ref:0 ;
in:253 out:254 type:b dur:2 cpbdur:2 q:27.19 aq:23.12 tex:909 mv:767 misc:2244 imb:19 pmb:428 smb:16409 d:- ref:0 ;
in:258 out:255 type:P dur:4 cpbdur:4 q:24.80 aq:16.81 tex:194592 mv:10558 misc:3074 imb:743 pmb:1084 smb:15029 d:- ref:0 ;
in:256 out:256 type:B dur:2 cpbdur:2 q:26.00 aq:23.71 tex:89816 mv:10228 misc:3260 imb:98 pmb:1137 smb:15621 d:- ref:0 ;
in:255 out:257 type:b dur:2 cpbdur:2 q:26.59 aq:19.09 tex:190 mv:836 misc:2558 imb:16 pmb:525 smb:16315 d:- ref:0 ;
in:257 out:258 type:b dur:4 cpbdur:4 q:25.40 aq:24.94 tex:66369 mv:8917 misc:3058 imb:195 pmb:802 smb:15859 d:- ref:0 ;
in:262 out:259 type:P dur:4 cpbdur:4 q:24.77 aq:16.03 tex:226872 mv:11607 misc:2761 imb:587 pmb:1124 smb:15145 d:- ref:0 ;
in:260 out:260 type:B dur:4 cpbdur:4 q:24.79 aq:23.22 tex:97458 mv:11581 misc:3209 imb:111 pmb:1179 smb:15566 d:- ref:0 ;
in:259 out:261 type:b dur:4 cpbdur:4 q:24.79 aq:25.01 tex:70019 mv:9940 misc:2889 imb:159 pmb:947 smb:15750 d:- ref:0 ;
in:261 out:262 type:b dur:4 cpbdur:4 q:24.78 aq:23.94 tex:63363 mv:8091 misc:3106 imb:133 pmb:907 smb:15816 d:- ref:0 ;
in:266 out:263 type:P dur:4 cpbdur:4 q:24.72 aq:16.11 tex:219464 mv:11160 misc:2672 imb:732 pmb:1129 smb:14995 d:- ref:0 ;
in:264 out:264 type:B dur:4 cpbdur:4 q:24.75 aq:22.62 tex:104135 mv:10671 misc:3274 imb:138 pmb:1160 smb:15558 d:- ref:0 ;
in:263 out:265 type:b dur:4 cpbdur:4 q:24.76 aq:24.31 tex:69527 mv:9383 misc:3090 imb:121 pmb:991 smb:15744 d:- ref:0 ;
in:265 out:266 type:b dur:4 cpbdur:4 q:24.73 aq:25.75 tex:28293 mv:2916 misc:2559 imb:28 pmb:578 smb:16250 d:- ref:0 ;
in:270 out:267 type:P dur:4 cpbdur:4 q:23.63 aq:15.74 tex:224077 mv:10402 misc:2897 imb:490 pmb:1140 smb:15226 d:- ref:0 ;
in:268 out:268 type:B dur:4 cpbdur:4 q:24.17 aq:21.44 tex:115114 mv:11611 misc:3099 imb:153 pmb:1211 smb:15492 d:- ref:0 ;
in:267 out:269 type:b dur:4 cpbdur:4 q:24.44 aq:24.23 tex:70227 mv:8348 misc:3209 imb:104 pmb:1037 smb:15715 d:- ref:0 ;
in:269 out:270 type:b dur:4 cpbdur:4 q:23.90 aq:18.08 tex:717 mv:922 misc:2449 imb:7 pmb:509 smb:16340 d:- ref:0 ;
in:274 out:271 type:P dur:4 cpbdur:4 q:23.54 aq:16.47 tex:238360 mv:10105 misc:2823 imb:562 pmb:1057 smb:15237 d:- ref:0 ;
in:272 out:272 type:B dur:4 cpbdur:4 q:23.59 aq:22.75 tex:80393 mv:8997 misc:3146 imb:125 pmb:1199 smb:15532 d:- ref:0 ;
in:271 out:273 type:b dur:4 cpbdur:4 q:23.61 aq:23.72 tex:74121 mv:9107 misc:3108 imb:142 pmb:1012 smb:15702 d:- ref:0 ;
in:273 out:274 type:b dur:4 cpbdur:4 q:23.57 aq:23.62 tex:81192 mv:7676 misc:3100 imb:106 pmb:950 smb:15800 d:- ref:0 ;
in:278 out:275 type:P dur:4 cpbdur:4 q:23.50 aq:16.95 tex:230976 mv:10146 misc:2710 imb:539 pmb:1112 smb:15205 d:- ref:0 ;
in:276 out:276 type:B dur:4 cpbdur:4 q:23.52 aq:22.91 tex:94126 mv:10048 misc:3330 imb:143 pmb:1072 smb:15641 d:- ref:0 ;
in:275 out:277 type:b dur:4 cpbdur:4 q:23.53 aq:23.67 tex:77188 mv:8454 misc:3078 imb:121 pmb:959 smb:15776 d:- ref:0 ;
in:277 out:278 type:b dur:4 cpbdur:4 q:23.51 aq:23.77 tex:17819 mv:2578 misc:2667 imb:14 pmb:626 smb:16216 d:- ref:0 ;
in:282 out:279 type:P dur:4 cpbdur:4 q:23.47 aq:15.77 tex:163187 mv:8391 misc:2630 imb:546 pmb:1033 smb:15277 d:- ref:0 ;
in:280 out:280 type:B dur:2 cpbdur:2 q:23.49 aq:20.72 tex:107625 mv:9630 misc:3281 imb:117 pmb:1144 smb:15595 d:- ref:0 ;
in:279 out:281 type:b dur:4 cpbdur:4 q:23.49 aq:22.79 tex:67251 mv:7398 misc:2863 imb:128 pmb:797 smb:15931 d:- ref:0 ;
in:281 out:282 type:b dur:2 cpbdur:2 q:23.48 aq:12.19 tex:332 mv:787 misc:2329 imb:9 pmb:512 smb:16335 d:- ref:0 ;
in:286 out:283 type:P dur:4 cpbdur:4 q:23.46 aq:16.70 tex:263893 mv:11405 misc:3078 imb:773 pmb:1092 smb:14991 d:- ref:0 ;
in:284 out:284 type:B dur:4 cpbdur:4 q:23.47 aq:20.69 tex:105182 mv:10479 misc:3451 imb:127 pmb:1195 smb:15534 d:- ref:0 ;
in:283 out:285 type:b dur:4 cpbdur:4 q:23.47 aq:19.64 tex:389 mv:701 misc:2286 imb:5 pmb:492 smb:16359 d:- ref:0 ;
in:285 out:286 type:b dur:4 cpbdur:4 q:23.46 aq:24.11 tex:71279 mv:8225 misc:3320 imb:93 pmb:1108 smb:15655 d:- ref:0 ;
in:290 out:287 type:P dur:4 cpbdur:4 q:23.38 aq:15.60 tex:205512 mv:9455 misc:3057 imb:680 pmb:1078 smb:15098 d:- ref:0 ;
in:288 out:288 type:B dur:4 cpbdur:4 q:23.42 aq:21.76 tex:81672 mv:8760 misc:3248 imb:122 pmb:1056 smb:15678 d:- ref:0 ;
in:287 out:289 type:b dur:4 cpbdur:4 q:23.44 aq:23.77 tex:82220 mv:7513 misc:2971 imb:131 pmb:865 smb:15860 d:- ref:0 ;
in:289 out:290 type:b dur:4 cpbdur:4 q:23.40 aq:23.18 tex:69005 mv:7331 misc:3008 imb:116 pmb:878 smb:15862 d:- ref:0 ;
in:294 out:291 type:P dur:4 cpbdur:4 q:23.32 aq:17.23 tex:201938 mv:9970 misc:3036 imb:677 pmb:1043 smb:15136 d:- ref:0 ;
in:292 out:292 type:B dur:4 cpbdur:4 q:23.35 aq:21.97 tex:82614 mv:8994 misc:3152 imb:69 pmb:1039 smb:15748 d:- ref:0 ;
in:291 out:293 type:b dur:4 cpbdur:4 q:23.37 aq:22.29 tex:81087 mv:8091 misc:3078 imb:161 pmb:867 smb:15828 d:- ref:0 ;
in:293 out:294 type:b dur:4 cpbdur:4 q:23.34 aq:21.77 tex:79935 mv:8052 misc:3117 imb:196 pmb:813 smb:15847 d:- ref:0 ;
in:298 out:295 type:P dur:2 cpbdur:2 q:25.63 aq:17.32 tex:127344 mv:7072 misc:2992 imb:580 pmb:797 smb:15479 d:- ref:0 ;
in:296 out:296 type:B dur:2 cpbdur:2 q:24.47 aq:22.30 tex:43212 mv:3555 misc:2857 imb:54 pmb:699 smb:16103 d:- ref:0 ;
in:295 out:297 type:b dur:2 cpbdur:2 q:23.90 aq:16.11 tex:661 mv:938 misc:2449 imb:8 pmb:584 smb:16264 d:- ref:0 ;
in:297 out:298 type:b dur:2 cpbdur:2 q:25.05 aq:25.74 tex:1884 mv:251 misc:1321 imb:2 pmb:176 smb:16678 d:- ref:0 ;
in:302 out:299 type:P dur:2 cpbdur:2 q:25.61 aq:17.97 tex:145659 mv:7077 misc:3016 imb:409 pmb:865 smb:15582 d:- ref:0 ;
in:300 out:300 type:B dur:2 cpbdur:2 q:25.62 aq:23.38 tex:78337 mv:7900 misc:2923 imb:102 pmb:891 smb:15863 d:- ref:0 ;
in:299 out:301 type:b dur:2 cpbdur:2 q:25.62 aq:20.55 tex:3697 mv:872 misc:2303 imb:19 pmb:486 smb:16351 d:- ref:0 ;
in:301 out:302 type:b dur:2 cpbdur:2 q:25.61 aq:21.60 tex:2343 mv:635 misc:2358 imb:8 pmb:498 smb:16350 d:- ref:0 ;
in:306 out:303 type:P dur:2 cpbdur:2 q:25.54 aq:17.15 tex:150152 mv:7713 misc:3031 imb:631 pmb:865 smb:15360 d:- ref:0 ;
in:304 out:304 type:B dur:2 cpbdur:2 q:25.58 aq:23.83 tex:76997 mv:7446 misc:2957 imb:94 pmb:874 smb:15888 d:- ref:0 ;
in:303 out:305 type:b dur:2 cpbdur:2 q:25.59 aq:18.43 tex:2012 mv:899 misc:2305 imb:17 pmb:477 smb:16362 d:- ref:0 ;
in:305 out:306 type:b dur:2 cpbdur:2 q:25.56 aq:15.50 tex:1882 mv:674 misc:2348 imb:15 pmb:499 smb:16342 d:- ref:0 ;
in:310 out:307 type:P dur:2 cpbdur:2 q:25.76 aq:18.23 tex:169392 mv:7875 misc:3085 imb:543 pmb:852 smb:15461 d:- ref:0 ;
in:308 out:308 type:B dur:2 cpbdur:2 q:25.65 aq:23.43 tex:88567 mv:7948 misc:2973 imb:117 pmb:934 smb:15805 d:- ref:0 ;
in:307 out:309 type:b dur:4 cpbdur:4 q:25.60 aq:19.98 tex:2049 mv:988 misc:2403 imb:13 pmb:531 smb:16312 d:- ref:0 ;
in:309 out:310 type:b dur:2 cpbdur:2 q:25.70 aq:20.41 tex:523 mv:1163 misc:2522 imb:15 pmb:574 smb:16267 d:- ref:0 ;
in:314 out:311 type:P dur:2 cpbdur:2 q:25.73 aq:17.36 tex:178968 mv:8890 misc:2710 imb:749 pmb:1001 smb:15106 d:- ref:0 ;
in:312 out:312 type:B dur:2 cpbdur:2 q:25.75 aq:24.65 tex:95897 mv:8638 misc:3161 imb:122 pmb:950 smb:15784 d:- ref:0 ;
in:311 out:313 type:b dur:2 cpbdur:2 q:25.75 aq:18.35 tex:2031 mv:794 misc:2351 imb:7 pmb:520 smb:16329 d:- ref:0 ;
in:313 out:314 type:b dur:2 cpbdur:2 q:25.74 aq:16.70 tex:1340 mv:1099 misc:2481 imb:9 pmb:511 smb:16336 d:- ref:0 ;
in:318 out:315 type:P dur:2 cpbdur:2 q:25.71 aq:17.98 tex:188121 mv:8938 misc:2941 imb:661 pmb:1037 smb:15158 d:- ref:0 ;
in:316 out:316 type:B dur:2 cpbdur:2 q:25.72 aq:24.72 tex:86603 mv:8655 misc:3174 imb:92 pmb:971 smb:15793 d:- ref:0 ;
in:315 out:317 type:b dur:2 cpbdur:2 q:25.73 aq:24.55 tex:916 mv:810 misc:2458 imb:7 pmb:550 smb:16299 d:- ref:0 ;
in:317 out:318 type:b dur:2 cpbdur:2 q:25.72 aq:22.09 tex:906 mv:838 misc:2376 imb:7 pmb:512 smb:16337 d:- ref:0 ;
in:322 out:319 type:P dur:2 cpbdur:2 q:25.70 aq:18.42 tex:197896 mv:9370 misc:2766 imb:567 pmb:1035 smb:15254 d:- ref:0 ;
in:320 out:320 type:B dur:2 cpbdur:2 q:25.70 aq:24.55 tex:86728 mv:8255 misc:3041 imb:104 pmb:911 smb:15841 d:- ref:0 ;
in:319 out:321 type:b dur:2 cpbdur:2 q:25.71 aq:20.20 tex:698 mv:771 misc:2435 imb:7 pmb:514 smb:16335 d:- ref:0 ;
in:321 out:322 type:b dur:2 cpbdur:2 q:25.70 aq:20.68 tex:1273 mv:1102 misc:2473 imb:12 pmb:511 smb:16333 d:- ref:0 ;
in:326 out:323 type:P dur:2 cpbdur:2 q:25.47 aq:18.09 tex:151786 mv:8225 misc:2901 imb:385 pmb:1035 smb:15436 d:- ref:0 ;
in:324 out:324 type:B dur:2 cpbdur:2 q:25.58 aq:24.24 tex:95296 mv:8683 misc:2909 imb:178 pmb:792 smb:15886 d:- ref:0 ;
in:323 out:325 type:b dur:2 cpbdur:2 q:25.64 aq:19.45 tex:851 mv:936 misc:2453 imb:6 pmb:527 smb:16323 d:- ref:0 ;
in:325 out:326 type:b dur:2 cpbdur:2 q:25.53 aq:22.17 tex:1066 mv:853 misc:2449 imb:5 pmb:522 smb:16329 d:- ref:0 ;
in:330 out:327 type:P dur:4 cpbdur:4 q:23.05 aq:16.44 tex:194682 mv:9493 misc:3217 imb:658 pmb:1124 smb:15074 d:- ref:0 ;
in:328 out:328 type:B dur:2 cpbdur:2 q:24.26 aq:22.79 tex:108288 mv:9721 misc:3367 imb:168 pmb:1053 smb:15635 d:- ref:0 ;
in:327 out:329 type:b dur:2 cpbdur:2 q:24.87 aq:21.60 tex:866 mv:924 misc:2426 imb:7 pmb:517 smb:16332 d:- ref:0 ;
in:329 out:330 type:b dur:2 cpbdur:2 q:23.65 aq:17.75 tex:1523 mv:1323 misc:2578 imb:17 pmb:559 smb:16280 d:- ref:0 ;
in:334 out:331 type:P dur:2 cpbdur:2 q:25.43 aq:17.40 tex:184353 mv:9393 misc:3118 imb:616 pmb:983 smb:15257 d:- ref:0 ;
in:332 out:332 type:B dur:2 cpbdur:2 q:24.24 aq:21.74 tex:101293 mv:10555 misc:3344 imb:155 pmb:1146 smb:15555 d:- ref:0 ;
in:331 out:333 type:b dur:2 cpbdur:2 q:23.64 aq:21.57 tex:1790 mv:924 misc:2550 imb:13 pmb:552 smb:16291 d:- ref:0 ;
in:333 out:334 type:b dur:2 cpbdur:2 q:24.84 aq:25.08 tex:2487 mv:984 misc:2625 imb:13 pmb:577 smb:16266 d:- ref:0 ;
in:338 out:335 type:P dur:2 cpbdur:2 q:25.45 aq:17.23 tex:197280 mv:9414 misc:2922 imb:552 pmb:1044 smb:15260 d:- ref:0 ;
in:336 out:336 type:B dur:2 cpbdur:2 q:25.44 aq:23.86 tex:95396 mv:10428 misc:3072 imb:114 pmb:1130 smb:15612 d:- ref:0 ;
in:335 out:337 type:b dur:2 cpbdur:2 q:25.44 aq:18.23 tex:1143 mv:1002 misc:2535 imb:23 pmb:552 smb:16281 d:- ref:0 ;
in:337 out:338 type:b dur:2 cpbdur:2 q:25.45 aq:21.93 tex:2019 mv:777 misc:2420 imb:8 pmb:536 smb:16312 d:- ref:0 ;
in:342 out:339 type:P dur:2 cpbdur:2 q:25.44 aq:16.03 tex:218444 mv:10447 misc:3381 imb:778 pmb:1110 smb:14968 d:- ref:0 ;
in:340 out:340 type:B dur:2 cpbdur:2 q:25.45 aq:24.35 tex:100972 mv:10208 misc:3268 imb:95 pmb:1093 smb:15668 d:- ref:0 ;
in:339 out:341 type:b dur:2 cpbdur:2 q:25.45 aq:18.68 tex:1304 mv:1006 misc:2562 imb:16 pmb:546 smb:16294 d:- ref:0 ;
in:341 out:342 type:b dur:2 cpbdur:2 q:25.44 aq:24.40 tex:1430 mv:718 misc:2412 imb:11 pmb:522 smb:16323 d:- ref:0 ;
in:346 out:343 type:P dur:2 cpbdur:2 q:25.46 aq:17.28 tex:217965 mv:9888 misc:3275 imb:690 pmb:1063 smb:15103 d:- ref:0 ;
in:344 out:344 type:B dur:2 cpbdur:2 q:25.45 aq:24.03 tex:101312 mv:10712 misc:3336 imb:114 pmb:1121 smb:15621 d:- ref:0 ;
in:343 out:345 type:b dur:2 cpbdur:2 q:25.45 aq:20.22 tex:473 mv:1081 misc:2574 imb:22 pmb:579 smb:16255 d:- ref:0 ;
in:345 out:346 type:b dur:2 cpbdur:2 q:25.45 aq:19.50 tex:356 mv:730 misc:2458 imb:11 pmb:552 smb:16293 d:- ref:0 ;
in:350 out:347 type:P dur:2 cpbdur:2 q:25.48 aq:17.49 tex:491042 mv:15735 misc:2855 imb:1746 pmb:660 smb:14450 d:- ref:0 ;
in:348 out:348 type:B dur:4 cpbdur:4 q:25.47 aq:16.73 tex:728 mv:564 misc:2236 imb:5 pmb:483 smb:16368 d:- ref:0 ;
in:347 out:349 type:b dur:2 cpbdur:2 q:25.46 aq:21.81 tex:43 mv:54 misc:783 imb:1 pmb:14 smb:16841 d:- ref:0 ;
in:349 out:350 type:b dur:2 cpbdur:2 q:25.47 aq:25.64 tex:73458 mv:10043 misc:3507 imb:108 pmb:1250 smb:15498 d:- ref:0 ;
in:354 out:351 type:P dur:4 cpbdur:4 q:23.16 aq:16.00 tex:351275 mv:15851 misc:2818 imb:849 pmb:1504 smb:14503 d:- ref:0 ;
in:352 out:352 type:B dur:4 cpbdur:4 q:24.32 aq:24.23 tex:108895 mv:14338 misc:3295 imb:214 pmb:1257 smb:15385 d:- ref:0 ;
in:351 out:353 type:b dur:2 cpbdur:2 q:24.90 aq:17.19 tex:608 mv:934 misc:2618 imb:10 pmb:587 smb:16259 d:- ref:0 ;
in:353 out:354 type:b dur:4 cpbdur:4 q:23.74 aq:24.55 tex:124207 mv:13978 misc:3223 imb:170 pmb:1287 smb:15399 d:- ref:0 ;
in:358 out:355 type:P dur:4 cpbdur:4 q:23.16 aq:16.24 tex:353335 mv:12897 misc:3248 imb:738 pmb:1338 smb:14780 d:- ref:0 ;
in:356 out:356 type:B dur:4 cpbdur:4 q:23.16 aq:20.96 tex:190994 mv:15043 misc:2955 imb:168 pmb:1678 smb:15010 d:- ref:0 ;
in:355 out:357 type:b dur:4 cpbdur:4 q:23.16 aq:16.86 tex:890 mv:845 misc:2241 imb:8 pmb:442 smb:16406 d:- ref:0 ;
in:357 out:358 type:b dur:4 cpbdur:4 q:23.16 aq:23.79 tex:144972 mv:13960 misc:3252 imb:194 pmb:1186 smb:15476 d:- ref:0 ;
in:362 out:359 type:P dur:4 cpbdur:4 q:23.14 aq:16.82 tex:359006 mv:14906 misc:2864 imb:822 pmb:1405 smb:14629 d:- ref:0 ;
in:360 out:360 type:B dur:4 cpbdur:4 q:23.15 aq:21.73 tex:190152 mv:16843 misc:3309 imb:196 pmb:1466 smb:15194 d:- ref:0 ;
in:359 out:361 type:b dur:4 cpbdur:4 q:23.15 aq:21.89 tex:593 mv:863 misc:2176 imb:11 pmb:436 smb:16409 d:- ref:0 ;
in:361 out:362 type:b dur:4 cpbdur:4 q:23.14 aq:23.65 tex:119040 mv:12004 misc:3380 imb:181 pmb:1128 smb:15547 d:- ref:0 ;
in:366 out:363 type:P dur:4 cpbdur:4 q:23.12 aq:17.06 tex:288745 mv:12960 misc:2743 imb:901 pmb:1461 smb:14494 d:- ref:0 ;
in:364 out:364 type:B dur:4 cpbdur:4 q:23.13 aq:22.39 tex:163111 mv:13566 misc:3539 imb:190 pmb:1230 smb:15436 d:- ref:0 ;
in:363 out:365 type:b dur:4 cpbdur:4 q:23.13 aq:24.92 tex:23017 mv:2424 misc:2607 imb:15 pmb:614 smb:16227 d:- ref:0 ;
in:365 out:366 type:b dur:4 cpbdur:4 q:23.12 aq:23.08 tex:132277 mv:13650 misc:3177 imb:218 pmb:1179 smb:15459 d:- ref:0 ;
in:370 out:367 type:P dur:4 cpbdur:4 q:23.13 aq:15.91 tex:371524 mv:15592 misc:2796 imb:950 pmb:1477 smb:14429 d:- ref:0 ;
in:368 out:368 type:B dur:4 cpbdur:4 q:23.12 aq:21.86 tex:155044 mv:14721 misc:3515 imb:132 pmb:1520 smb:15204 d:- ref:0 ;
in:367 out:369 type:b dur:4 cpbdur:4 q:23.12 aq:24.08 tex:124768 mv:11470 misc:3322 imb:139 pmb:1341 smb:15376 d:- ref:0 ;
in:369 out:370 type:b dur:4 cpbdur:4 q:23.13 aq:24.39 tex:129170 mv:12444 misc:3218 imb:153 pmb:1121 smb:15582 d:- ref:0 ;
in:374 out:371 type:P dur:2 cpbdur:2 q:25.64 aq:18.22 tex:249064 mv:12392 misc:2768 imb:620 pmb:1424 smb:14812 d:- ref:0 ;
in:372 out:372 type:B dur:2 cpbdur:2 q:24.38 aq:22.59 tex:139279 mv:13510 misc:3187 imb:174 pmb:1335 smb:15347 d:- ref:0 ;
in:371 out:373 type:b dur:4 cpbdur:4 q:23.76 aq:23.47 tex:120421 mv:12781 misc:3278 imb:288 pmb:1026 smb:15542 d:- ref:0 ;
in:373 out:374 type:b dur:2 cpbdur:2 q:25.01 aq:20.95 tex:1093 mv:711 misc:2444 imb:2 pmb:555 smb:16299 d:- ref:0 ;
in:378 out:375 type:P dur:2 cpbdur:2 q:25.75 aq:17.79 tex:277949 mv:13405 misc:2646 imb:680 pmb:1365 smb:14811 d:- ref:0 ;
in:376 out:376 type:B dur:2 cpbdur:2 q:25.69 aq:24.28 tex:119657 mv:13450 misc:3261 imb:181 pmb:1251 smb:15424 d:- ref:0 ;
in:375 out:377 type:b dur:2 cpbdur:2 q:25.67 aq:20.71 tex:1196 mv:1256 misc:2748 imb:17 pmb:609 smb:16230 d:- ref:0 ;
in:377 out:378 type:b dur:2 cpbdur:2 q:25.72 aq:22.47 tex:1052 mv:1176 misc:2132 imb:7 pmb:440 smb:16409 d:- ref:0 ;
in:382 out:379 type:P dur:2 cpbdur:2 q:25.82 aq:18.06 tex:219431 mv:11086 misc:2771 imb:440 pmb:1384 smb:15032 d:- ref:0 ;
in:380 out:380 type:B dur:2 cpbdur:2 q:25.78 aq:25.24 tex:115372 mv:10920 misc:2876 imb:174 pmb:906 smb:15776 d:- ref:0 ;
in:379 out:381 type:b dur:2 cpbdur:2 q:25.77 aq:26.98 tex:1369 mv:742 misc:2241 imb:3 pmb:498 smb:16355 d:- ref:0 ;
in:381 out:382 type:b dur:2 cpbdur:2 q:25.80 aq:21.72 tex:1122 mv:1459 misc:2459 imb:19 pmb:548 smb:16289 d:- ref:0 ;
in:386 out:383 type:P dur:2 cpbdur:2 q:25.90 aq:17.96 tex:250025 mv:12468 misc:2659 imb:380 pmb:1354 smb:15122 d:- ref:0 ;
in:384 out:384 type:B dur:2 cpbdur:2 q:25.86 aq:26.45 tex:71998 mv:9602 misc:2936 imb:100 pmb:976 smb:15780 d:- ref:0 ;
in:383 out:385 type:b dur:4 cpbdur:4 q:25.84 aq:18.36 tex:176 mv:671 misc:2361 imb:5 pmb:498 smb:16353 d:- ref:0 ;
in:385 out:386 type:b dur:2 cpbdur:2 q:25.88 aq:25.26 tex:887 mv:927 misc:2538 imb:5 pmb:548 smb:16303 d:- ref:0 ;
in:390 out:387 type:P dur:2 cpbdur:2 q:26.00 aq:18.86 tex:276334 mv:13704 misc:2698 imb:518 pmb:1358 smb:14980 d:- ref:0 ;
in:388 out:388 type:B dur:2 cpbdur:2 q:25.95 aq:24.07 tex:116240 mv:13341 misc:3091 imb:169 pmb:1124 smb:15563 d:- ref:0 ;
in:387 out:389 type:b dur:2 cpbdur:2 q:25.93 aq:19.95 tex:635 mv:1378 misc:2619 imb:18 pmb:592 smb:16246 d:- ref:0 ;
in:389 out:390 type:b dur:2 cpbdur:2 q:25.98 aq:26.09 tex:699 mv:775 misc:2102 imb:15 pmb:393 smb:16448 d:- ref:0 ;
in:394 out:391 type:P dur:2 cpbdur:2 q:26.11 aq:15.94 tex:229948 mv:11843 misc:2825 imb:721 pmb:1378 smb:14757 d:- ref:0 ;
in:392 out:392 type:B dur:2 cpbdur:2 q:26.06 aq:24.67 tex:124639 mv:13286 misc:3091 imb:156 pmb:1299 smb:15401 d:- ref:0 ;
in:391 out:393 type:b dur:2 cpbdur:2 q:26.03 aq:25.03 tex:575 mv:817 misc:2336 imb:14 pmb:462 smb:16380 d:- ref:0 ;
in:393 out:394 type:b dur:2 cpbdur:2 q:26.08 aq:16.41 tex:181 mv:443 misc:2280 imb:4 pmb:468 smb:16384 d:- ref:0 ;
in:398 out:395 type:P dur:4 cpbdur:4 q:23.74 aq:17.34 tex:242932 mv:12728 misc:2860 imb:715 pmb:1482 smb:14659 d:- ref:0 ;
in:396 out:396 type:B dur:4 cpbdur:4 q:24.92 aq:24.93 tex:105439 mv:11310 misc:3163 imb:145 pmb:1053 smb:15658 d:- ref:0 ;
in:395 out:397 type:b dur:4 cpbdur:4 q:25.52 aq:25.91 tex:17100 mv:2327 misc:2165 imb:15 pmb:466 smb:16375 d:- ref:0 ;
in:397 out:398 type:b dur:4 cpbdur:4 q:24.33 aq:21.43 tex:1424 mv:1038 misc:2418 imb:17 pmb:513 smb:16326 d:- ref:0 ;
in:402 out:399 type:P dur:4 cpbdur:4 q:23.68 aq:16.14 tex:288735 mv:13956 misc:3133 imb:913 pmb:1506 smb:14437 d:- ref:0 ;
in:400 out:400 type:B dur:4 cpbdur:4 q:23.71 aq:22.18 tex:144428 mv:14464 misc:3380 imb:164 pmb:1442 smb:15250 d:- ref:0 ;
in:399 out:401 type:b dur:4 cpbdur:4 q:23.73 aq:25.70 tex:24687 mv:2851 misc:2318 imb:22 pmb:503 smb:16331 d:- ref:0 ;
in:401 out:402 type:b dur:4 cpbdur:4 q:23.70 aq:24.93 tex:119182 mv:11114 misc:3152 imb:160 pmb:1025 smb:15671 d:- ref:0 ;
in:406 out:403 type:P dur:4 cpbdur:4 q:23.67 aq:16.28 tex:343346 mv:15016 misc:2862 imb:832 pmb:1417 smb:14607 d:- ref:0 ;
in:404 out:404 type:B dur:4 cpbdur:4 q:23.68 aq:23.45 tex:116643 mv:14046 misc:3303 imb:208 pmb:1486 smb:15162 d:- ref:0 ;
in:403 out:405 type:b dur:4 cpbdur:4 q:23.68 aq:24.79 tex:97911 mv:11082 misc:3447 imb:101 pmb:1272 smb:15483 d:- ref:0 ;
in:405 out:406 type:b dur:4 cpbdur:4 q:23.67 aq:24.78 tex:120385 mv:10855 misc:3064 imb:164 pmb:1009 smb:15683 d:- ref:0 ;
in:410 out:407 type:P dur:4 cpbdur:4 q:23.71 aq:16.88 tex:305457 mv:13955 misc:2780 imb:672 pmb:1476 smb:14708 d:- ref:0 ;
in:408 out:408 type:B dur:2 cpbdur:2 q:23.69 aq:21.80 tex:191093 mv:16856 misc:2803 imb:143 pmb:1597 smb:15116 d:- ref:0 ;
in:407 out:409 type:b dur:6 cpbdur:6 q:23.68 aq:24.57 tex:118588 mv:13296 misc:3060 imb:147 pmb:1262 smb:15447 d:- ref:0 ;
in:409 out:410 type:b dur:4 cpbdur:4 q:23.70 aq:24.62 tex:121129 mv:13018 misc:3061 imb:205 pmb:1102 smb:15549 d:- ref:0 ;
in:414 out:411 type:P dur:4 cpbdur:4 q:23.67 aq:15.71 tex:305447 mv:13796 misc:2925 imb:534 pmb:1517 smb:14805 d:- ref:0 ;
in:412 out:412 type:B dur:4 cpbdur:4 q:23.69 aq:23.05 tex:170179 mv:16903 misc:2838 imb:187 pmb:1529 smb:15140 d:- ref:0 ;
in:411 out:413 type:b dur:4 cpbdur:4 q:23.70 aq:24.52 tex:133395 mv:14138 misc:3131 imb:131 pmb:1341 smb:15384 d:- ref:0 ;
in:413 out:414 type:b dur:4 cpbdur:4 q:23.68 aq:24.20 tex:130287 mv:13915 misc:3094 imb:182 pmb:1285 smb:15389 d:- ref:0 ;
in:418 out:415 type:P dur:4 cpbdur:4 q:23.63 aq:16.66 tex:309749 mv:13356 misc:2567 imb:752 pmb:1457 smb:14647 d:- ref:0 ;
in:416 out:416 type:B dur:4 cpbdur:4 q:23.65 aq:23.38 tex:139055 mv:12728 misc:3161 imb:192 pmb:1151 smb:15513 d:- ref:0 ;
in:415 out:417 type:b dur:4 cpbdur:4 q:23.66 aq:24.37 tex:117344 mv:13655 misc:3073 imb:216 pmb:1081 smb:15559 d:- ref:0 ;
in:417 out:418 type:b dur:4 cpbdur:4 q:23.64 aq:25.35 tex:22565 mv:2318 misc:2397 imb:7 pmb:531 smb:16318 d:- ref:0 ;
in:422 out:419 type:P dur:4 cpbdur:4 q:23.63 aq:16.17 tex:309872 mv:12674 misc:2886 imb:583 pmb:1455 smb:14818 d:- ref:0 ;
in:420 out:420 type:B dur:4 cpbdur:4 q:23.63 aq:22.35 tex:177918 mv:16236 misc:2958 imb:199 pmb:1577 smb:15080 d:- ref:0 ;
in:419 out:421 type:b dur:4 cpbdur:4 q:23.63 aq:25.28 tex:17179 mv:2095 misc:2110 imb:10 pmb:446 smb:16400 d:- ref:0 ;
in:421 out:422 type:b dur:4 cpbdur:4 q:23.63 aq:24.17 tex:136601 mv:14889 misc:2982 imb:225 pmb:1385 smb:15246 d:- ref:0 ;
in:426 out:423 type:P dur:4 cpbdur:4 q:23.69 aq:15.32 tex:300190 mv:13288 misc:3018 imb:643 pmb:1438 smb:14775 d:- ref:0 ;
in:424 out:424 type:B dur:4 cpbdur:4 q:23.66 aq:23.52 tex:139459 mv:12735 misc:3438 imb:154 pmb:1274 smb:15428 d:- ref:0 ;
in:423 out:425 type:b dur:4 cpbdur:4 q:23.65 aq:24.17 tex:21809 mv:2511 misc:2520 imb:12 pmb:557 smb:16287 d:- ref:0 ;
in:425 out:426 type:b dur:4 cpbdur:4 q:23.68 aq:24.48 tex:124993 mv:11795 misc:3412 imb:131 pmb:1109 smb:15616 d:- ref:0 ;
in:430 out:427 type:P dur:4 cpbdur:4 q:23.77 aq:16.13 tex:290955 mv:13820 misc:2793 imb:719 pmb:1435 smb:14702 d:- ref:0 ;
in:428 out:428 type:B dur:4 cpbdur:4 q:23.73 aq:23.36 tex:128344 mv:14952 misc:3216 imb:145 pmb:1409 smb:15302 d:- ref:0 ;
in:427 out:429 type:b dur:4 cpbdur:4 q:23.71 aq:18.30 tex:795 mv:928 misc:2429 imb:8 pmb:509 smb:16339 d:- ref:0 ;
in:429 out:430 type:b dur:4 cpbdur:4 q:23.75 aq:24.73 tex:128392 mv:14144 misc:3160 imb:187 pmb:1309 smb:15360 d:- ref:0 ;
in:434 out:431 type:P dur:4 cpbdur:4 q:23.87 aq:16.83 tex:280870 mv:13227 misc:2783 imb:612 pmb:1411 smb:14833 d:- ref:0 ;
in:432 out:432 type:B dur:4 cpbdur:4 q:23.82 aq:21.48 tex:147433 mv:14458 misc:3093 imb:157 pmb:1582 smb:15117 d:- ref:0 ;
in:431 out:433 type:b dur:4 cpbdur:4 q:23.80 aq:18.62 tex:1128 mv:1102 misc:2258 imb:7 pmb:458 smb:16391 d:- ref:0 ;
in:433 out:434 type:b dur:4 cpbdur:4 q:23.84 aq:24.69 tex:124232 mv:14260 misc:3372 imb:176 pmb:1296 smb:15384 d:- ref:0 ;
in:438 out:435 type:P dur:4 cpbdur:4 q:23.91 aq:16.53 tex:283815 mv:13808 misc:2793 imb:759 pmb:1406 smb:14691 d:- ref:0 ;
in:436 out:436 type:B dur:4 cpbdur:4 q:23.89 aq:23.31 tex:132545 mv:12767 misc:3264 imb:112 pmb:1356 smb:15388 d:- ref:0 ;
in:435 out:437 type:b dur:4 cpbdur:4 q:23.88 aq:23.92 tex:106069 mv:12239 misc:3148 imb:207 pmb:1019 smb:15630 d:- ref:0 ;
in:437 out:438 type:b dur:4 cpbdur:4 q:23.90 aq:24.93 tex:99408 mv:9825 misc:3127 imb:187 pmb:939 smb:15730 d:- ref:0 ;
in:442 out:439 type:P dur:4 cpbdur:4 q:23.93 aq:16.97 tex:282141 mv:13287 misc:2708 imb:679 pmb:1440 smb:14737 d:- ref:0 ;
in:440 out:440 type:B dur:4 cpbdur:4 q:23.92 aq:23.66 tex:142063 mv:14027 misc:3406 imb:170 pmb:1257 smb:15429 d:- ref:0 ;
in:439 out:441 type:b dur:4 cpbdur:4 q:23.92 aq:25.28 tex:97899 mv:11133 misc:3088 imb:152 pmb:933 smb:15771 d:- ref:0 ;
in:441 out:442 type:b dur:4 cpbdur:4 q:23.92 aq:23.64 tex:100629 mv:10743 misc:3172 imb:171 pmb:971 smb:15714 d:- ref:0 ;
in:446 out:443 type:P dur:4 cpbdur:4 q:23.91 aq:16.80 tex:307303 mv:13237 misc:3044 imb:762 pmb:1392 smb:14702 d:- ref:0 ;
in:444 out:444 type:B dur:4 cpbdur:4 q:23.92 aq:23.13 tex:148049 mv:16043 misc:3276 imb:163 pmb:1542 smb:15151 d:- ref:0 ;
in:443 out:445 type:b dur:4 cpbdur:4 q:23.93 aq:24.63 tex:69555 mv:8357 misc:3216 imb:141 pmb:994 smb:15721 d:- ref:0 ;
in:445 out:446 type:b dur:4 cpbdur:4 q:23.92 aq:24.07 tex:118692 mv:10163 misc:3345 imb:144 pmb:1128 smb:15584 d:- ref:0 ;
in:450 out:447 type:P dur:4 cpbdur:4 q:23.90 aq:16.31 tex:326080 mv:14647 misc:2713 imb:812 pmb:1363 smb:14681 d:- ref:0 ;
in:448 out:448 type:B dur:4 cpbdur:4 q:23.91 aq:23.68 tex:141606 mv:14262 misc:3244 imb:153 pmb:1290 smb:15413 d:- ref:0 ;
in:447 out:449 type:b dur:4 cpbdur:4 q:23.91 aq:23.80 tex:98230 mv:11703 misc:3235 imb:134 pmb:1128 smb:15594 d:- ref:0 ;
in:449 out:450 type:b dur:4 cpbdur:4 q:23.90 aq:24.87 tex:103737 mv:10982 misc:2889 imb:155 pmb:920 smb:15781 d:- ref:0 ;
in:454 out:451 type:P dur:4 cpbdur:4 q:23.89 aq:17.15 tex:276252 mv:12043 misc:2665 imb:388 pmb:1384 smb:15084 d:- ref:0 ;
in:452 out:452 type:B dur:2 cpbdur:2 q:23.90 aq:21.31 tex:142256 mv:13568 misc:3256 imb:196 pmb:1195 smb:15465 d:- ref:0 ;
in:451 out:453 type:b dur:6 cpbdur:6 q:23.90 aq:25.04 tex:88345 mv:8430 misc:2689 imb:110 pmb:880 smb:15866 d:- ref:0 ;
in:453 out:454 type:b dur:4 cpbdur:4 q:23.89 aq:24.75 tex:97919 mv:9743 misc:2594 imb:123 pmb:854 smb:15879 d:- ref:0 ;
in:458 out:455 type:P dur:4 cpbdur:4 q:23.91 aq:16.12 tex:278360 mv:11325 misc:3339 imb:428 pmb:1452 smb:14976 d:- ref:0 ;
in:456 out:456 type:B dur:4 cpbdur:4 q:23.90 aq:22.99 tex:142282 mv:13002 misc:3108 imb:135 pmb:1257 smb:15464 d:- ref:0 ;
in:455 out:457 type:b dur:4 cpbdur:4 q:23.90 aq:24.47 tex:18989 mv:2215 misc:2556 imb:14 pmb:621 smb:16221 d:- ref:0 ;
in:457 out:458 type:b dur:4 cpbdur:4 q:23.91 aq:24.10 tex:76209 mv:8384 misc:2671 imb:144 pmb:831 smb:15881 d:- ref:0 ;
in:462 out:459 type:P dur:4 cpbdur:4 q:23.95 aq:15.63 tex:301705 mv:12925 misc:2754 imb:555 pmb:1458 smb:14843 d:- ref:0 ;
in:460 out:460 type:B dur:4 cpbdur:4 q:23.93 aq:22.22 tex:161733 mv:14835 misc:3304 imb:162 pmb:1281 smb:15413 d:- ref:0 ;
in:459 out:461 type:b dur:4 cpbdur:4 q:23.92 aq:25.36 tex:108699 mv:10760 misc:2565 imb:209 pmb:829 smb:15818 d:- ref:0 ;
in:461 out:462 type:b dur:4 cpbdur:4 q:23.94 aq:24.12 tex:435 mv:888 misc:2389 imb:4 pmb:520 smb:16332 d:- ref:0 ;
in:466 out:463 type:P dur:4 cpbdur:4 q:23.99 aq:16.59 tex:302036 mv:14193 misc:2675 imb:758 pmb:1445 smb:14653 d:- ref:0 ;
in:464 out:464 type:B dur:4 cpbdur:4 q:23.97 aq:22.22 tex:152053 mv:17099 misc:2888 imb:165 pmb:1528 smb:15163 d:- ref:0 ;
in:463 out:465 type:b dur:4 cpbdur:4 q:23.96 aq:25.20 tex:24413 mv:2296 misc:2027 imb:18 pmb:428 smb:16410 d:- ref:0 ;
in:465 out:466 type:b dur:4 cpbdur:4 q:23.98 aq:25.10 tex:18521 mv:1957 misc:2354 imb:11 pmb:523 smb:16322 d:- ref:0 ;
in:470 out:467 type:P dur:4 cpbdur:4 q:24.04 aq:16.59 tex:277166 mv:13229 misc:2661 imb:827 pmb:1383 smb:14646 d:- ref:0 ;
in:468 out:468 type:B dur:4 cpbdur:4 q:24.01 aq:23.69 tex:106304 mv:12329 misc:3119 imb:153 pmb:1378 smb:15325 d:- ref:0 ;
in:467 out:469 type:b dur:4 cpbdur:4 q:24.00 aq:24.31 tex:81991 mv:9580 misc:2901 imb:135 pmb:1031 smb:15690 d:- ref:0 ;
in:469 out:470 type:b dur:4 cpbdur:4 q:24.03 aq:25.12 tex:63091 mv:7389 misc:2640 imb:137 pmb:853 smb:15866 d:- ref:0 ;
in:474 out:471 type:P dur:4 cpbdur:4 q:24.06 aq:16.32 tex:255149 mv:12733 misc:2574 imb:568 pmb:1430 smb:14858 d:- ref:0 ;
in:472 out:472 type:B dur:4 cpbdur:4 q:24.05 aq:23.57 tex:83605 mv:10508 misc:3175 imb:118 pmb:1195 smb:15543 d:- ref:0 ;
in:471 out:473 type:b dur:4 cpbdur:4 q:24.05 aq:25.43 tex:65450 mv:7647 misc:2767 imb:122 pmb:936 smb:15798 d:- ref:0 ;
in:473 out:474 type:b dur:4 cpbdur:4 q:24.06 aq:25.43 tex:103912 mv:9337 misc:2679 imb:185 pmb:862 smb:15809 d:- ref:0 ;
in:478 out:475 type:P dur:4 cpbdur:4 q:24.05 aq:15.85 tex:264366 mv:12581 misc:2549 imb:579 pmb:1394 smb:14883 d:- ref:0 ;
in:476 out:476 type:B dur:4 cpbdur:4 q:24.05 aq:23.98 tex:114525 mv:12162 misc:3217 imb:142 pmb:1118 smb:15596 d:- ref:0 ;
in:475 out:477 type:b dur:4 cpbdur:4 q:24.06 aq:24.92 tex:91699 mv:10286 misc:2799 imb:232 pmb:909 smb:15715 d:- ref:0 ;
in:477 out:478 type:b dur:4 cpbdur:4 q:24.05 aq:25.11 tex:79469 mv:9013 misc:2774 imb:113 pmb:906 smb:15837 d:- ref:0 ;
in:482 out:479 type:P dur:4 cpbdur:4 q:24.03 aq:16.89 tex:249564 mv:12150 misc:2614 imb:546 pmb:1429 smb:14881 d:- ref:0 ;
in:480 out:480 type:B dur:4 cpbdur:4 q:24.04 aq:23.44 tex:122735 mv:13091 misc:3150 imb:136 pmb:1363 smb:15357 d:- ref:0 ;
in:479 out:481 type:b dur:4 cpbdur:4 q:24.04 aq:25.15 tex:73274 mv:9094 misc:2840 imb:78 pmb:990 smb:15788 d:- ref:0 ;
in:481 out:482 type:b dur:4 cpbdur:4 q:24.03 aq:24.80 tex:99284 mv:11279 misc:3077 imb:176 pmb:1024 smb:15656 d:- ref:0 ;
in:486 out:483 type:P dur:4 cpbdur:4 q:23.95 aq:15.33 tex:271479 mv:12593 misc:2720 imb:646 pmb:1341 smb:14869 d:- ref:0 ;
in:484 out:484 type:B dur:4 cpbdur:4 q:23.99 aq:24.01 tex:107775 mv:11888 misc:3265 imb:193 pmb:1118 smb:15545 d:- ref:0 ;
in:483 out:485 type:b dur:4 cpbdur:4 q:24.01 aq:25.17 tex:86401 mv:9133 misc:2706 imb:129 pmb:877 smb:15850 d:- ref:0 ;
in:485 out:486 type:b dur:4 cpbdur:4 q:23.97 aq:25.25 tex:15300 mv:2048 misc:2316 imb:42 pmb:506 smb:16308 d:- ref:0 ;
in:490 out:487 type:P dur:4 cpbdur:4 q:23.91 aq:14.85 tex:256176 mv:11736 misc:2656 imb:813 pmb:1271 smb:14772 d:- ref:0 ;
in:488 out:488 type:B dur:4 cpbdur:4 q:23.93 aq:23.55 tex:123124 mv:12728 misc:3092 imb:269 pmb:936 smb:15651 d:- ref:0 ;
in:487 out:489 type:b dur:4 cpbdur:4 q:23.94 aq:24.14 tex:94897 mv:9974 misc:2529 imb:156 pmb:863 smb:15837 d:- ref:0 ;
in:489 out:490 type:b dur:4 cpbdur:4 q:23.92 aq:25.01 tex:102661 mv:10843 misc:2832 imb:183 pmb:897 smb:15776 d:- ref:0 ;
in:494 out:491 type:P dur:4 cpbdur:4 q:23.91 aq:15.34 tex:273529 mv:13133 misc:2530 imb:931 pmb:1341 smb:14584 d:- ref:0 ;
in:492 out:492 type:B dur:4 cpbdur:4 q:23.91 aq:21.44 tex:144545 mv:14659 misc:3308 imb:185 pmb:1332 smb:15339 d:- ref:0 ;
in:491 out:493 type:b dur:4 cpbdur:4 q:23.91 aq:20.26 tex:856 mv:865 misc:2191 imb:10 pmb:474 smb:16372 d:- ref:0 ;
in:493 out:494 type:b dur:4 cpbdur:4 q:23.91 aq:23.72 tex:113473 mv:13986 misc:2949 imb:156 pmb:1325 smb:15375 d:- ref:0 ;
in:498 out:495 type:P dur:4 cpbdur:4 q:23.91 aq:14.56 tex:247992 mv:11226 misc:2694 imb:574 pmb:1345 smb:14937 d:- ref:0 ;
in:496 out:496 type:B dur:4 cpbdur:4 q:23.91 aq:23.71 tex:124136 mv:12672 misc:3192 imb:137 pmb:1181 smb:15538 d:- ref:0 ;
in:495 out:497 type:b dur:4 cpbdur:4 q:23.91 aq:24.07 tex:105226 mv:12942 misc:2880 imb:158 pmb:1271 smb:15427 d:- ref:0 ;
in:497 out:498 type:b dur:4 cpbdur:4 q:23.91 aq:25.33 tex:89004 mv:8797 misc:2991 imb:134 pmb:930 smb:15792 d:- ref:0 ;
in:499 out:499 type:P dur:4 cpbdur:4 q:23.90 aq:24.42 tex:123781 mv:6243 misc:2552 imb:372 pmb:575 smb:15909 d:- ref:0 ;
in:500 out:500 type:I dur:4 cpbdur:4 q:21.04 aq:6.17 tex:1775052 mv:156009 misc:779 imb:16856 pmb:0 smb:0 d:- ref:;
in:504 out:501 type:P dur:4 cpbdur:4 q:24.78 aq:16.05 tex:211835 mv:10691 misc:2850 imb:543 pmb:1244 smb:15069 d:- ref:0 ;
in:502 out:502 type:B dur:4 cpbdur:4 q:24.78 aq:24.13 tex:111017 mv:10388 misc:2915 imb:161 pmb:906 smb:15789 d:- ref:0 ;
in:501 out:503 type:b dur:4 cpbdur:4 q:24.78 aq:25.58 tex:87594 mv:8596 misc:2434 imb:165 pmb:704 smb:15987 d:- ref:0 ;
in:503 out:504 type:b dur:4 cpbdur:4 q:24.78 aq:25.24 tex:62487 mv:5629 misc:2460 imb:109 pmb:752 smb:15995 d:- ref:0 ;
in:508 out:505 type:P dur:4 cpbdur:4 q:24.76 aq:17.93 tex:168388 mv:9110 misc:2694 imb:468 pmb:1290 smb:15098 d:- ref:0 ;
in:506 out:506 type:B dur:4 cpbdur:4 q:24.77 aq:24.88 tex:105860 mv:10401 misc:3051 imb:161 pmb:1065 smb:15630 d:- ref:0 ;
in:505 out:507 type:b dur:4 cpbdur:4 q:24.77 aq:25.68 tex:75461 mv:7326 misc:2645 imb:104 pmb:778 smb:15974 d:- ref:0 ;
in:507 out:508 type:b dur:4 cpbdur:4 q:24.77 aq:25.51 tex:81863 mv:7663 misc:2306 imb:156 pmb:649 smb:16051 d:- ref:0 ;
in:512 out:509 type:P dur:4 cpbdur:4 q:24.72 aq:16.12 tex:218078 mv:10753 misc:2881 imb:567 pmb:1240 smb:15049 d:- ref:0 ;
in:510 out:510 type:B dur:4 cpbdur:4 q:24.74 aq:24.67 tex:100413 mv:10059 misc:3040 imb:125 pmb:954 smb:15777 d:- ref:0 ;
in:509 out:511 type:b dur:4 cpbdur:4 q:24.75 aq:24.43 tex:79809 mv:8134 misc:2233 imb:141 pmb:603 smb:16112 d:- ref:0 ;
in:511 out:512 type:b dur:4 cpbdur:4 q:24.73 aq:26.02 tex:75558 mv:7449 misc:2665 imb:122 pmb:785 smb:15949 d:- ref:0 ;
in:516 out:513 type:P dur:4 cpbdur:4 q:24.71 aq:16.95 tex:259708 mv:11851 misc:2849 imb:608 pmb:1388 smb:14860 d:- ref:0 ;
in:514 out:514 type:B dur:4 cpbdur:4 q:24.71 aq:24.69 tex:133465 mv:11215 misc:3000 imb:211 pmb:972 smb:15673 d:- ref:0 ;
in:513 out:515 type:b dur:4 cpbdur:4 q:24.72 aq:24.12 tex:19232 mv:2295 misc:2217 imb:24 pmb:527 smb:16305 d:- ref:0 ;
in:515 out:516 type:b dur:4 cpbdur:4 q:24.71 aq:25.41 tex:96102 mv:10982 misc:2876 imb:203 pmb:891 smb:15762 d:- ref:0 ;
in:520 out:517 type:P dur:4 cpbdur:4 q:24.38 aq:16.56 tex:220424 mv:10150 misc:3042 imb:501 pmb:1270 smb:15085 d:- ref:0 ;
in:518 out:518 type:B dur:4 cpbdur:4 q:24.54 aq:23.81 tex:103071 mv:11554 misc:2919 imb:211 pmb:1430 smb:15215 d:- ref:0 ;
in:517 out:519 type:b dur:4 cpbdur:4 q:24.63 aq:21.63 tex:575 mv:967 misc:2378 imb:5 pmb:496 smb:16355 d:- ref:0 ;
in:519 out:520 type:b dur:4 cpbdur:4 q:24.46 aq:24.86 tex:17380 mv:1906 misc:2306 imb:13 pmb:481 smb:16362 d:- ref:0 ;
in:524 out:521 type:P dur:4 cpbdur:4 q:24.35 aq:16.39 tex:279806 mv:12547 misc:2439 imb:829 pmb:1259 smb:14768 d:- ref:0 ;
in:522 out:522 type:B dur:4 cpbdur:4 q:24.37 aq:23.58 tex:112280 mv:9522 misc:3086 imb:100 pmb:1206 smb:15550 d:- ref:0 ;
in:521 out:523 type:b dur:4 cpbdur:4 q:24.37 aq:26.13 tex:73511 mv:8429 misc:2724 imb:102 pmb:922 smb:15832 d:- ref:0 ;
in:523 out:524 type:b dur:4 cpbdur:4 q:24.36 aq:25.91 tex:8981 mv:1634 misc:2345 imb:12 pmb:506 smb:16338 d:- ref:0 ;
in:528 out:525 type:P dur:4 cpbdur:4 q:24.35 aq:16.23 tex:231177 mv:10037 misc:2546 imb:383 pmb:1254 smb:15219 d:- ref:0 ;
in:526 out:526 type:B dur:4 cpbdur:4 q:24.35 aq:24.35 tex:115482 mv:9906 misc:2732 imb:144 pmb:821 smb:15891 d:- ref:0 ;
in:525 out:527 type:b dur:4 cpbdur:4 q:24.35 aq:24.74 tex:53327 mv:5347 misc:2670 imb:146 pmb:740 smb:15970 d:- ref:0 ;
in:527 out:528 type:b dur:4 cpbdur:4 q:24.35 aq:25.70 tex:89596 mv:8129 misc:2211 imb:111 pmb:628 smb:16117 d:- ref:0 ;
in:532 out:529 type:P dur:4 cpbdur:4 q:24.35 aq:17.01 tex:159719 mv:7534 misc:2843 imb:306 pmb:1270 smb:15280 d:- ref:0 ;
in:530 out:530 type:B dur:4 cpbdur:4 q:24.35 aq:24.00 tex:71762 mv:6408 misc:2638 imb:109 pmb:745 smb:16002 d:- ref:0 ;
in:529 out:531 type:b dur:4 cpbdur:4 q:24.35 aq:25.11 tex:89296 mv:7051 misc:1933 imb:126 pmb:506 smb:16224 d:- ref:0 ;
in:531 out:532 type:b dur:4 cpbdur:4 q:24.35 aq:25.63 tex:93057 mv:7875 misc:2196 imb:183 pmb:637 smb:16036 d:- ref:0 ;
in:536 out:533 type:P dur:4 cpbdur:4 q:24.30 aq:16.11 tex:175757 mv:8612 misc:2847 imb:478 pmb:1212 smb:15166 d:- ref:0 ;
in:534 out:534 type:B dur:4 cpbdur:4 q:24.32 aq:24.29 tex:65960 mv:5589 misc:2755 imb:119 pmb:820 smb:15917 d:- ref:0 ;
in:533 out:535 type:b dur:4 cpbdur:4 q:24.33 aq:24.54 tex:93654 mv:7153 misc:2097 imb:136 pmb:602 smb:16118 d:- ref:0 ;
in:535 out:536 type:b dur:4 cpbdur:4 q:24.31 aq:24.64 tex:87229 mv:7454 misc:2037 imb:165 pmb:570 smb:16121 d:- ref:0 ;
in:540 out:537 type:P dur:4 cpbdur:4 q:24.21 aq:16.24 tex:201080 mv:9191 misc:2825 imb:523 pmb:1176 smb:15157 d:- ref:0 ;
in:538 out:538 type:B dur:4 cpbdur:4 q:24.25 aq:24.67 tex:86238 mv:7913 misc:2681 imb:115 pmb:813 smb:15928 d:- ref:0 ;
in:537 out:539 type:b dur:4 cpbdur:4 q:24.27 aq:24.88 tex:87971 mv:7603 misc:2210 imb:150 pmb:631 smb:16075 d:- ref:0 ;
in:539 out:540 type:b dur:4 cpbdur:4 q:24.23 aq:24.81 tex:90019 mv:7607 misc:2102 imb:140 pmb:608 smb:16108 d:- ref:0 ;
in:544 out:541 type:P dur:4 cpbdur:4 q:24.14 aq:16.66 tex:185976 mv:8265 misc:3071 imb:613 pmb:1050 smb:15193 d:- ref:0 ;
in:542 out:542 type:B dur:4 cpbdur:4 q:24.18 aq:23.23 tex:85255 mv:7955 misc:2590 imb:110 pmb:814 smb:15932 d:- ref:0 ;
in:541 out:543 type:b dur:4 cpbdur:4 q:24.19 aq:25.74 tex:87300 mv:6726 misc:2062 imb:149 pmb:552 smb:16155 d:- ref:0 ;
in:543 out:544 type:b dur:4 cpbdur:4 q:24.16 aq:24.82 tex:90178 mv:7390 misc:2176 imb:148 pmb:623 smb:16085 d:- ref:0 ;
in:548 out:545 type:P dur:4 cpbdur:4 q:24.06 aq:16.04 tex:192811 mv:8641 misc:2988 imb:612 pmb:1087 smb:15157 d:- ref:0 ;
in:546 out:546 type:B dur:4 cpbdur:4 q:24.10 aq:20.94 tex:105614 mv:8451 misc:2599 imb:157 pmb:763 smb:15936 d:- ref:0 ;
in:545 out:547 type:b dur:4 cpbdur:4 q:24.12 aq:25.01 tex:86985 mv:7710 misc:1953 imb:189 pmb:545 smb:16122 d:- ref:0 ;
in:547 out:548 type:b dur:4 cpbdur:4 q:24.08 aq:24.21 tex:6882 mv:1183 misc:1991 imb:15 pmb:403 smb:16438 d:- ref:0 ;
in:552 out:549 type:P dur:4 cpbdur:4 q:24.02 aq:16.57 tex:174977 mv:7939 misc:2892 imb:351 pmb:1217 smb:15288 d:- ref:0 ;
in:550 out:550 type:B dur:4 cpbdur:4 q:24.04 aq:23.65 tex:91873 mv:7292 misc:2379 imb:102 pmb:691 smb:16063 d:- ref:0 ;
in:549 out:551 type:b dur:4 cpbdur:4 q:24.05 aq:24.44 tex:8931 mv:1215 misc:1854 imb:12 pmb:361 smb:16483 d:- ref:0 ;
in:551 out:552 type:b dur:4 cpbdur:4 q:24.03 aq:24.03 tex:91046 mv:6992 misc:2138 imb:101 pmb:594 smb:16161 d:- ref:0 ;
in:556 out:553 type:P dur:4 cpbdur:4 q:23.98 aq:15.51 tex:240153 mv:9832 misc:2815 imb:551 pmb:1237 smb:15068 d:- ref:0 ;
in:554 out:554 type:B dur:4 cpbdur:4 q:24.00 aq:23.59 tex:116561 mv:9942 misc:2977 imb:203 pmb:872 smb:15781 d:- ref:0 ;
in:553 out:555 type:b dur:4 cpbdur:4 q:24.01 aq:26.32 tex:15625 mv:1686 misc:2249 imb:21 pmb:475 smb:16360 d:- ref:0 ;
in:555 out:556 type:b dur:4 cpbdur:4 q:23.99 aq:23.78 tex:85583 mv:7898 misc:2631 imb:148 pmb:802 smb:15906 d:- ref:0 ;
in:560 out:557 type:P dur:4 cpbdur:4 q:24.14 aq:16.50 tex:137126 mv:6922 misc:2920 imb:360 pmb:1168 smb:15328 d:- ref:0 ;
in:558 out:558 type:B dur:4 cpbdur:4 q:24.06 aq:22.06 tex:119017 mv:8955 misc:2612 imb:178 pmb:769 smb:15909 d:- ref:0 ;
in:557 out:559 type:b dur:4 cpbdur:4 q:24.02 aq:25.77 tex:8741 mv:1190 misc:2061 imb:11 pmb:422 smb:16423 d:- ref:0 ;
in:559 out:560 type:b dur:4 cpbdur:4 q:24.10 aq:25.09 tex:8003 mv:1319 misc:1846 imb:11 pmb:372 smb:16473 d:- ref:0 ;
in:564 out:561 type:P dur:4 cpbdur:4 q:24.10 aq:16.22 tex:166289 mv:8136 misc:3015 imb:523 pmb:989 smb:15344 d:- ref:0 ;
in:562 out:562 type:B dur:4 cpbdur:4 q:24.12 aq:23.13 tex:101288 mv:8854 misc:2722 imb:143 pmb:771 smb:15942 d:- ref:0 ;
in:561 out:563 type:b dur:4 cpbdur:4 q:24.13 aq:23.87 tex:88027 mv:7906 misc:2347 imb:142 pmb:661 smb:16053 d:- ref:0 ;
in:563 out:564 type:b dur:4 cpbdur:4 q:24.11 aq:24.82 tex:82232 mv:8011 misc:2261 imb:149 pmb:686 smb:16021 d:- ref:0 ;
in:568 out:565 type:P dur:4 cpbdur:4 q:24.02 aq:15.79 tex:179740 mv:9324 misc:2712 imb:455 pmb:1227 smb:15174 d:- ref:0 ;
in:566 out:566 type:B dur:4 cpbdur:4 q:24.06 aq:23.82 tex:110810 mv:9015 misc:2943 imb:151 pmb:873 smb:15832 d:- ref:0 ;
in:565 out:567 type:b dur:4 cpbdur:4 q:24.08 aq:25.12 tex:77424 mv:7019 misc:2149 imb:123 pmb:622 smb:16111 d:- ref:0 ;
in:567 out:568 type:b dur:4 cpbdur:4 q:24.04 aq:22.96 tex:75125 mv:7311 misc:2540 imb:126 pmb:770 smb:15960 d:- ref:0 ;
in:572 out:569 type:P dur:4 cpbdur:4 q:23.96 aq:17.39 tex:207225 mv:9428 misc:3043 imb:605 pmb:1236 smb:15015 d:- ref:0 ;
in:570 out:570 type:B dur:4 cpbdur:4 q:23.99 aq:23.85 tex:109356 mv:9146 misc:2714 imb:169 pmb:835 smb:15852 d:- ref:0 ;
in:569 out:571 type:b dur:4 cpbdur:4 q:24.00 aq:24.47 tex:83172 mv:8875 misc:2473 imb:133 pmb:798 smb:15925 d:- ref:0 ;
in:571 out:572 type:b dur:4 cpbdur:4 q:23.97 aq:24.04 tex:75331 mv:7284 misc:2225 imb:124 pmb:631 smb:16101 d:- ref:0 ;
in:576 out:573 type:P dur:4 cpbdur:4 q:23.71 aq:15.64 tex:223536 mv:10339 misc:2869 imb:585 pmb:1200 smb:15071 d:- ref:0 ;
in:574 out:574 type:B dur:4 cpbdur:4 q:23.83 aq:22.14 tex:99744 mv:9970 misc:2926 imb:189 pmb:910 smb:15757 d:- ref:0 ;
in:573 out:575 type:b dur:4 cpbdur:4 q:23.90 aq:24.48 tex:79068 mv:8234 misc:2538 imb:147 pmb:730 smb:15979 d:- ref:0 ;
in:575 out:576 type:b dur:4 cpbdur:4 q:23.77 aq:24.09 tex:65508 mv:5919 misc:2365 imb:88 pmb:728 smb:16040 d:- ref:0 ;
in:580 out:577 type:P dur:4 cpbdur:4 q:23.61 aq:15.47 tex:212000 mv:10387 misc:2861 imb:681 pmb:1146 smb:15029 d:- ref:0 ;
in:578 out:578 type:B dur:4 cpbdur:4 q:23.66 aq:23.03 tex:123186 mv:11392 misc:3070 imb:194 pmb:1105 smb:15557 d:- ref:0 ;
in:577 out:579 type:b dur:4 cpbdur:4 q:23.68 aq:23.41 tex:10585 mv:1439 misc:2192 imb:10 pmb:451 smb:16395 d:- ref:0 ;
in:579 out:580 type:b dur:4 cpbdur:4 q:23.63 aq:25.48 tex:12846 mv:1719 misc:2283 imb:9 pmb:489 smb:16358 d:- ref:0 ;
in:584 out:581 type:P dur:4 cpbdur:4 q:23.60 aq:16.08 tex:242098 mv:12357 misc:3009 imb:799 pmb:1260 smb:14797 d:- ref:0 ;
in:582 out:582 type:B dur:4 cpbdur:4 q:23.61 aq:23.23 tex:104570 mv:11964 misc:3338 imb:179 pmb:1176 smb:15501 d:- ref:0 ;
in:581 out:583 type:b dur:4 cpbdur:4 q:23.61 aq:24.27 tex:52818 mv:5068 misc:2490 imb:167 pmb:690 smb:15999 d:- ref:0 ;
in:583 out:584 type:b dur:4 cpbdur:4 q:23.60 aq:23.75 tex:21998 mv:2305 misc:2673 imb:14 pmb:647 smb:16195 d:- ref:0 ;
in:588 out:585 type:P dur:4 cpbdur:4 q:23.59 aq:14.97 tex:433099 mv:17874 misc:2683 imb:1090 pmb:1307 smb:14459 d:- ref:0 ;
in:586 out:586 type:B dur:4 cpbdur:4 q:23.59 aq:23.39 tex:211080 mv:19740 misc:2988 imb:314 pmb:1564 smb:14978 d:- ref:0 ;
in:585 out:587 type:b dur:4 cpbdur:4 q:23.60 aq:24.44 tex:131441 mv:12375 misc:3280 imb:179 pmb:1202 smb:15475 d:- ref:0 ;
in:587 out:588 type:b dur:4 cpbdur:4 q:23.59 aq:24.39 tex:155101 mv:15841 misc:2898 imb:189 pmb:1461 smb:15206 d:- ref:0 ;
in:592 out:589 type:P dur:4 cpbdur:4 q:23.61 aq:15.44 tex:383615 mv:15826 misc:2983 imb:1041 pmb:1418 smb:14397 d:- ref:0 ;
in:590 out:590 type:B dur:4 cpbdur:4 q:23.60 aq:21.51 tex:168405 mv:14901 misc:3270 imb:172 pmb:1654 smb:15030 d:- ref:0 ;
in:589 out:591 type:b dur:4 cpbdur:4 q:23.59 aq:24.30 tex:136038 mv:13251 misc:3143 imb:109 pmb:1280 smb:15467 d:- ref:0 ;
in:591 out:592 type:b dur:4 cpbdur:4 q:23.60 aq:25.05 tex:108350 mv:11249 misc:3297 imb:202 pmb:1152 smb:15502 d:- ref:0 ;
in:596 out:593 type:P dur:4 cpbdur:4 q:23.61 aq:15.26 tex:376298 mv:16270 misc:3136 imb:786 pmb:1431 smb:14639 d:- ref:0 ;
in:594 out:594 type:B dur:4 cpbdur:4 q:23.61 aq:22.42 tex:165026 mv:15558 misc:3320 imb:204 pmb:1439 smb:15213 d:- ref:0 ;
in:593 out:595 type:b dur:4 cpbdur:4 q:23.61 aq:25.18 tex:124119 mv:14165 misc:2932 imb:157 pmb:1158 smb:15541 d:- ref:0 ;
in:595 out:596 type:b dur:4 cpbdur:4 q:23.61 aq:25.20 tex:102063 mv:10355 misc:3118 imb:156 pmb:1072 smb:15628 d:- ref:0 ;
in:600 out:597 type:P dur:4 cpbdur:4 q:23.55 aq:16.18 tex:324582 mv:14413 misc:2773 imb:709 pmb:1495 smb:14652 d:- ref:0 ;
in:598 out:598 type:B dur:4 cpbdur:4 q:23.58 aq:21.95 tex:168141 mv:15775 misc:3516 imb:231 pmb:1401 smb:15224 d:- ref:0 ;
in:597 out:599 type:b dur:4 cpbdur:4 q:23.60 aq:24.37 tex:111815 mv:10208 misc:2889 imb:166 pmb:985 smb:15705 d:- ref:0 ;
in:599 out:600 type:b dur:4 cpbdur:4 q:23.57 aq:23.32 tex:113211 mv:10908 misc:2801 imb:197 pmb:991 smb:15668 d:- ref:0 ;
in:604 out:601 type:P dur:4 cpbdur:4 q:23.58 aq:15.03 tex:325386 mv:14305 misc:2989 imb:609 pmb:1511 smb:14736 d:- ref:0 ;
in:602 out:602 type:B dur:4 cpbdur:4 q:23.57 aq:22.90 tex:166794 mv:15429 misc:3449 imb:316 pmb:1229 smb:15311 d:- ref:0 ;
in:601 out:603 type:b dur:4 cpbdur:4 q:23.56 aq:24.72 tex:107312 mv:10925 misc:3291 imb:132 pmb:1150 smb:15574 d:- ref:0 ;
in:603 out:604 type:b dur:4 cpbdur:4 q:23.57 aq:24.35 tex:122093 mv:10646 misc:3029 imb:195 pmb:962 smb:15699 d:- ref:0 ;
in:608 out:605 type:P dur:4 cpbdur:4 q:23.68 aq:16.18 tex:252799 mv:12797 misc:3084 imb:564 pmb:1474 smb:14818 d:- ref:0 ;
in:606 out:606 type:B dur:4 cpbdur:4 q:23.63 aq:22.29 tex:155705 mv:13280 misc:3559 imb:251 pmb:1281 smb:15324 d:- ref:0 ;
in:605 out:607 type:b dur:4 cpbdur:4 q:23.60 aq:24.60 tex:32384 mv:2792 misc:2632 imb:27 pmb:614 smb:16215 d:- ref:0 ;
in:607 out:608 type:b dur:4 cpbdur:4 q:23.65 aq:24.12 tex:1474 mv:1240 misc:2918 imb:7 pmb:705 smb:16144 d:- ref:0 ;
in:612 out:609 type:P dur:4 cpbdur:4 q:23.76 aq:16.44 tex:319064 mv:14899 misc:2925 imb:708 pmb:1527 smb:14621 d:- ref:0 ;
in:610 out:610 type:B dur:4 cpbdur:4 q:23.72 aq:22.38 tex:143723 mv:14055 misc:3510 imb:208 pmb:1431 smb:15217 d:- ref:0 ;
in:609 out:611 type:b dur:4 cpbdur:4 q:23.70 aq:23.62 tex:40608 mv:3483 misc:2677 imb:51 pmb:614 smb:16191 d:- ref:0 ;
in:611 out:612 type:b dur:4 cpbdur:4 q:23.74 aq:24.59 tex:140251 mv:11391 misc:2854 imb:235 pmb:944 smb:15677 d:- ref:0 ;
in:616 out:613 type:P dur:6 cpbdur:6 q:22.45 aq:16.03 tex:316048 mv:14140 misc:2868 imb:720 pmb:1411 smb:14725 d:- ref:0 ;
in:614 out:614 type:B dur:4 cpbdur:4 q:23.11 aq:22.21 tex:183303 mv:14661 misc:3476 imb:226 pmb:1451 smb:15179 d:- ref:0 ;
in:613 out:615 type:b dur:4 cpbdur:4 q:23.43 aq:22.47 tex:27328 mv:2794 misc:2390 imb:16 pmb:558 smb:16282 d:- ref:0 ;
in:615 out:616 type:b dur:4 cpbdur:4 q:22.78 aq:22.70 tex:130202 mv:11771 misc:3467 imb:158 pmb:1242 smb:15456 d:- ref:0 ;
in:620 out:617 type:P dur:4 cpbdur:4 q:23.90 aq:17.19 tex:259578 mv:12821 misc:3377 imb:587 pmb:1361 smb:14908 d:- ref:0 ;
in:618 out:618 type:B dur:4 cpbdur:4 q:23.17 aq:21.77 tex:139184 mv:15477 misc:3403 imb:150 pmb:1443 smb:15263 d:- ref:0 ;
in:617 out:619 type:b dur:2 cpbdur:2 q:22.81 aq:23.62 tex:124954 mv:11398 misc:3312 imb:181 pmb:1083 smb:15592 d:- ref:0 ;
in:619 out:620 type:b dur:4 cpbdur:4 q:23.54 aq:24.51 tex:118848 mv:13659 misc:3109 imb:140 pmb:1306 smb:15410 d:- ref:0 ;
in:624 out:621 type:P dur:4 cpbdur:4 q:23.95 aq:16.43 tex:302441 mv:15710 misc:2689 imb:636 pmb:1438 smb:14782 d:- ref:0 ;
in:622 out:622 type:B dur:4 cpbdur:4 q:23.92 aq:23.29 tex:123112 mv:15032 misc:3256 imb:89 pmb:1447 smb:15320 d:- ref:0 ;
in:621 out:623 type:b dur:4 cpbdur:4 q:23.91 aq:24.79 tex:91659 mv:10717 misc:2952 imb:133 pmb:947 smb:15776 d:- ref:0 ;
in:623 out:624 type:b dur:4 cpbdur:4 q:23.94 aq:25.20 tex:88353 mv:11540 misc:3299 imb:153 pmb:1203 smb:15500 d:- ref:0 ;
in:628 out:625 type:P dur:4 cpbdur:4 q:23.91 aq:15.95 tex:342427 mv:17348 misc:3417 imb:796 pmb:1538 smb:14522 d:- ref:0 ;
in:626 out:626 type:B dur:4 cpbdur:4 q:23.93 aq:22.11 tex:152605 mv:17685 misc:3142 imb:174 pmb:1544 smb:15138 d:- ref:0 ;
in:625 out:627 type:b dur:4 cpbdur:4 q:23.94 aq:22.99 tex:107773 mv:14141 misc:3190 imb:180 pmb:1397 smb:15279 d:- ref:0 ;
in:627 out:628 type:b dur:4 cpbdur:4 q:23.92 aq:24.57 tex:99938 mv:14071 misc:3263 imb:185 pmb:1383 smb:15288 d:- ref:0 ;
in:632 out:629 type:P dur:4 cpbdur:4 q:23.94 aq:17.42 tex:315439 mv:15995 misc:3030 imb:899 pmb:1444 smb:14513 d:- ref:0 ;
in:630 out:630 type:B dur:4 cpbdur:4 q:23.92 aq:23.42 tex:134030 mv:15771 misc:3327 imb:134 pmb:1396 smb:15326 d:- ref:0 ;
in:629 out:631 type:b dur:4 cpbdur:4 q:23.92 aq:24.18 tex:89530 mv:13759 misc:3143 imb:194 pmb:1327 smb:15335 d:- ref:0 ;
in:631 out:632 type:b dur:4 cpbdur:4 q:23.93 aq:24.75 tex:98463 mv:12778 misc:3271 imb:216 pmb:1163 smb:15477 d:- ref:0 ;
in:636 out:633 type:P dur:2 cpbdur:2 q:26.34 aq:18.33 tex:332934 mv:17169 misc:2753 imb:916 pmb:1241 smb:14699 d:- ref:0 ;
in:634 out:634 type:B dur:4 cpbdur:4 q:25.14 aq:24.64 tex:138885 mv:18835 misc:3184 imb:174 pmb:1562 smb:15120 d:- ref:0 ;
in:633 out:635 type:b dur:4 cpbdur:4 q:24.54 aq:25.22 tex:84535 mv:12860 misc:3269 imb:145 pmb:1393 smb:15318 d:- ref:0 ;
in:635 out:636 type:b dur:6 cpbdur:6 q:25.74 aq:26.24 tex:67938 mv:11704 misc:3246 imb:159 pmb:1191 smb:15506 d:- ref:0 ;
in:640 out:637 type:P dur:4 cpbdur:4 q:23.99 aq:16.49 tex:319657 mv:15926 misc:2817 imb:733 pmb:1414 smb:14709 d:- ref:0 ;
in:638 out:638 type:B dur:4 cpbdur:4 q:25.16 aq:24.63 tex:131127 mv:15532 misc:3237 imb:195 pmb:1488 smb:15173 d:- ref:0 ;
in:637 out:639 type:b dur:4 cpbdur:4 q:25.75 aq:26.66 tex:61017 mv:9763 misc:3300 imb:152 pmb:1087 smb:15617 d:- ref:0 ;
in:639 out:640 type:b dur:4 cpbdur:4 q:24.57 aq:23.36 tex:25364 mv:2621 misc:2351 imb:16 pmb:491 smb:16349 d:- ref:0 ;
in:644 out:641 type:P dur:4 cpbdur:4 q:24.02 aq:17.69 tex:326935 mv:16518 misc:2667 imb:746 pmb:1465 smb:14645 d:- ref:0 ;
in:642 out:642 type:B dur:4 cpbdur:4 q:24.00 aq:23.26 tex:148004 mv:15390 misc:3054 imb:149 pmb:1571 smb:15136 d:- ref:0 ;
in:641 out:643 type:b dur:4 cpbdur:4 q:24.00 aq:24.81 tex:84774 mv:12568 misc:3106 imb:83 pmb:1390 smb:15383 d:- ref:0 ;
in:643 out:644 type:b dur:4 cpbdur:4 q:24.01 aq:21.47 tex:589 mv:877 misc:2214 imb:10 pmb:435 smb:16411 d:- ref:0 ;
in:648 out:645 type:P dur:4 cpbdur:4 q:24.08 aq:17.41 tex:379509 mv:17080 misc:2787 imb:919 pmb:1283 smb:14654 d:- ref:0 ;
in:646 out:646 type:B dur:4 cpbdur:4 q:24.05 aq:23.60 tex:139761 mv:19276 misc:3243 imb:185 pmb:1643 smb:15028 d:- ref:0 ;
in:645 out:647 type:b dur:4 cpbdur:4 q:24.04 aq:24.85 tex:27575 mv:3089 misc:2168 imb:17 pmb:485 smb:16354 d:- ref:0 ;
in:647 out:648 type:b dur:4 cpbdur:4 q:24.06 aq:25.12 tex:70731 mv:11112 misc:3357 imb:131 pmb:1260 smb:15465 d:- ref:0 ;
in:652 out:649 type:P dur:4 cpbdur:4 q:24.15 aq:16.62 tex:287651 mv:14422 misc:2719 imb:547 pmb:1479 smb:14830 d:- ref:0 ;
in:650 out:650 type:B dur:4 cpbdur:4 q:24.11 aq:22.69 tex:120979 mv:13684 misc:3257 imb:143 pmb:1572 smb:15141 d:- ref:0 ;
in:649 out:651 type:b dur:4 cpbdur:4 q:24.09 aq:24.60 tex:26359 mv:2863 misc:2610 imb:20 pmb:575 smb:16261 d:- ref:0 ;
in:651 out:652 type:b dur:4 cpbdur:4 q:24.13 aq:24.65 tex:25615 mv:2476 misc:2189 imb:21 pmb:456 smb:16379 d:- ref:0 ;
in:656 out:653 type:P dur:4 cpbdur:4 q:24.16 aq:17.11 tex:328771 mv:16110 misc:2703 imb:771 pmb:1432 smb:14653 d:- ref:0 ;
in:654 out:654 type:B dur:4 cpbdur:4 q:24.15 aq:23.51 tex:179188 mv:18599 misc:2837 imb:128 pmb:1636 smb:15092 d:- ref:0 ;
in:653 out:655 type:b dur:4 cpbdur:4 q:24.15 aq:24.47 tex:91829 mv:13266 misc:3233 imb:151 pmb:1360 smb:15345 d:- ref:0 ;
in:655 out:656 type:b dur:4 cpbdur:4 q:24.15 aq:23.58 tex:105716 mv:12823 misc:2925 imb:180 pmb:1379 smb:15297 d:- ref:0 ;
in:660 out:657 type:P dur:4 cpbdur:4 q:24.16 aq:17.08 tex:350173 mv:17168 misc:2971 imb:820 pmb:1378 smb:14658 d:- ref:0 ;
in:658 out:658 type:B dur:4 cpbdur:4 q:24.16 aq:23.08 tex:161109 mv:19211 misc:3080 imb:190 pmb:1576 smb:15090 d:- ref:0 ;
in:657 out:659 type:b dur:4 cpbdur:4 q:24.16 aq:24.37 tex:102755 mv:14094 misc:3175 imb:138 pmb:1372 smb:15346 d:- ref:0 ;
in:659 out:660 type:b dur:4 cpbdur:4 q:24.16 aq:25.16 tex:93380 mv:12764 misc:3224 imb:131 pmb:1296 smb:15429 d:- ref:0 ;
in:664 out:661 type:P dur:4 cpbdur:4 q:24.16 aq:16.15 tex:342754 mv:16421 misc:2921 imb:810 pmb:1411 smb:14635 d:- ref:0 ;
in:662 out:662 type:B dur:4 cpbdur:4 q:24.16 aq:23.06 tex:158167 mv:18833 misc:3128 imb:152 pmb:1578 smb:15126 d:- ref:0 ;
in:661 out:663 type:b dur:4 cpbdur:4 q:24.16 aq:24.61 tex:114140 mv:14081 misc:3419 imb:156 pmb:1272 smb:15428 d:- ref:0 ;
in:663 out:664 type:b dur:4 cpbdur:4 q:24.16 aq:25.34 tex:110232 mv:14245 misc:3115 imb:189 pmb:1291 smb:15376 d:- ref:0 ;
in:668 out:665 type:P dur:4 cpbdur:4 q:24.14 aq:17.56 tex:295814 mv:13908 misc:3182 imb:631 pmb:1421 smb:14804 d:- ref:0 ;
in:666 out:666 type:B dur:4 cpbdur:4 q:24.15 aq:24.03 tex:181783 mv:18090 misc:3191 imb:161 pmb:1572 smb:15123 d:- ref:0 ;
in:665 out:667 type:b dur:4 cpbdur:4 q:24.15 aq:24.70 tex:108122 mv:12701 misc:3305 imb:124 pmb:1263 smb:15469 d:- ref:0 ;
in:667 out:668 type:b dur:4 cpbdur:4 q:24.14 aq:24.93 tex:114930 mv:13712 misc:3438 imb:191 pmb:1296 smb:15369 d:- ref:0 ;
in:672 out:669 type:P dur:4 cpbdur:4 q:24.13 aq:16.98 tex:347159 mv:16283 misc:2998 imb:716 pmb:1413 smb:14727 d:- ref:0 ;
in:670 out:670 type:B dur:4 cpbdur:4 q:24.13 aq:22.43 tex:152738 mv:15909 misc:3201 imb:174 pmb:1603 smb:15079 d:- ref:0 ;
in:669 out:671 type:b dur:4 cpbdur:4 q:24.14 aq:25.95 tex:32181 mv:2824 misc:2275 imb:20 pmb:466 smb:16370 d:- ref:0 ;
in:671 out:672 type:b dur:4 cpbdur:4 q:24.13 aq:24.45 tex:95501 mv:12288 misc:3467 imb:182 pmb:1277 smb:15397 d:- ref:0 ;
in:676 out:673 type:P dur:4 cpbdur:4 q:24.18 aq:19.35 tex:253031 mv:13041 misc:2848 imb:398 pmb:1489 smb:14969 d:- ref:0 ;
in:674 out:674 type:B dur:4 cpbdur:4 q:24.16 aq:23.10 tex:150877 mv:14268 misc:3247 imb:221 pmb:1329 smb:15306 d:- ref:0 ;
in:673 out:675 type:b dur:4 cpbdur:4 q:24.14 aq:25.13 tex:24910 mv:2773 misc:2349 imb:15 pmb:527 smb:16314 d:- ref:0 ;
in:675 out:676 type:b dur:4 cpbdur:4 q:24.17 aq:23.94 tex:74639 mv:11415 misc:3170 imb:182 pmb:1259 smb:15415 d:- ref:0 ;
in:680 out:677 type:P dur:4 cpbdur:4 q:24.21 aq:16.55 tex:337872 mv:16391 misc:2809 imb:732 pmb:1355 smb:14769 d:- ref:0 ;
in:678 out:678 type:B dur:4 cpbdur:4 q:24.20 aq:22.38 tex:143989 mv:16681 misc:3050 imb:146 pmb:1577 smb:15133 d:- ref:0 ;
in:677 out:679 type:b dur:4 cpbdur:4 q:24.19 aq:24.98 tex:91005 mv:10852 misc:3175 imb:100 pmb:1188 smb:15568 d:- ref:0 ;
in:679 out:680 type:b dur:4 cpbdur:4 q:24.21 aq:24.92 tex:86773 mv:11357 misc:3270 imb:115 pmb:1380 smb:15361 d:- ref:0 ;
in:684 out:681 type:P dur:2 cpbdur:2 q:26.68 aq:18.09 tex:244567 mv:14528 misc:3377 imb:487 pmb:1548 smb:14821 d:- ref:0 ;
in:682 out:682 type:B dur:4 cpbdur:4 q:25.44 aq:24.59 tex:102483 mv:13584 misc:3461 imb:104 pmb:1439 smb:15313 d:- ref:0 ;
in:681 out:683 type:b dur:4 cpbdur:4 q:24.83 aq:25.37 tex:63836 mv:10464 misc:2980 imb:84 pmb:1372 smb:15400 d:- ref:0 ;
in:683 out:684 type:b dur:6 cpbdur:6 q:26.06 aq:25.58 tex:64834 mv:9817 misc:3309 imb:152 pmb:1081 smb:15623 d:- ref:0 ;
in:688 out:685 type:P dur:4 cpbdur:4 q:24.32 aq:16.65 tex:348328 mv:17367 misc:2953 imb:1013 pmb:1263 smb:14580 d:- ref:0 ;
in:686 out:686 type:B dur:4 cpbdur:4 q:25.50 aq:25.80 tex:129391 mv:18672 misc:2977 imb:116 pmb:1597 smb:15143 d:- ref:0 ;
in:685 out:687 type:b dur:4 cpbdur:4 q:26.09 aq:26.23 tex:71597 mv:11652 misc:3167 imb:155 pmb:1234 smb:15467 d:- ref:0 ;
in:687 out:688 type:b dur:4 cpbdur:4 q:24.91 aq:25.85 tex:76698 mv:11423 misc:3119 imb:87 pmb:1274 smb:15495 d:- ref:0 ;
in:692 out:689 type:P dur:4 cpbdur:4 q:24.33 aq:17.21 tex:361203 mv:17481 misc:2748 imb:831 pmb:1351 smb:14674 d:- ref:0 ;
in:690 out:690 type:B dur:4 cpbdur:4 q:24.32 aq:23.10 tex:168270 mv:20923 misc:2943 imb:203 pmb:1617 smb:15036 d:- ref:0 ;
in:689 out:691 type:b dur:4 cpbdur:4 q:24.32 aq:24.05 tex:90103 mv:13588 misc:3205 imb:147 pmb:1294 smb:15415 d:- ref:0 ;
in:691 out:692 type:b dur:4 cpbdur:4 q:24.33 aq:25.19 tex:99827 mv:14356 misc:3081 imb:160 pmb:1383 smb:15313 d:- ref:0 ;
in:696 out:693 type:P dur:4 cpbdur:4 q:24.35 aq:17.47 tex:279003 mv:14066 misc:2867 imb:729 pmb:1425 smb:14702 d:- ref:0 ;
in:694 out:694 type:B dur:4 cpbdur:4 q:24.34 aq:23.35 tex:119622 mv:13722 misc:3464 imb:184 pmb:1208 smb:15464 d:- ref:0 ;
in:693 out:695 type:b dur:4 cpbdur:4 q:24.33 aq:24.06 tex:119400 mv:15334 misc:3178 imb:172 pmb:1469 smb:15215 d:- ref:0 ;
in:695 out:696 type:b dur:4 cpbdur:4 q:24.34 aq:25.79 tex:26383 mv:3193 misc:2688 imb:15 pmb:636 smb:16205 d:- ref:0 ;
in:700 out:697 type:P dur:4 cpbdur:4 q:24.34 aq:17.03 tex:353924 mv:16461 misc:2863 imb:769 pmb:1425 smb:14662 d:- ref:0 ;
in:698 out:698 type:B dur:4 cpbdur:4 q:24.34 aq:23.73 tex:154003 mv:18271 misc:3222 imb:190 pmb:1466 smb:15200 d:- ref:0 ;
in:697 out:699 type:b dur:4 cpbdur:4 q:24.34 aq:24.74 tex:26482 mv:2772 misc:2354 imb:18 pmb:506 smb:16332 d:- ref:0 ;
in:699 out:700 type:b dur:4 cpbdur:4 q:24.34 aq:23.89 tex:98776 mv:13283 misc:3285 imb:108 pmb:1246 smb:15502 d:- ref:0 ;
in:704 out:701 type:P dur:4 cpbdur:4 q:24.34 aq:17.22 tex:301861 mv:14547 misc:2792 imb:512 pmb:1498 smb:14846 d:- ref:0 ;
in:702 out:702 type:B dur:4 cpbdur:4 q:24.34 aq:24.57 tex:101761 mv:12800 misc:3223 imb:112 pmb:1110 smb:15634 d:- ref:0 ;
in:701 out:703 type:b dur:4 cpbdur:4 q:24.34 aq:23.07 tex:516 mv:1657 misc:2931 imb:20 pmb:706 smb:16130 d:- ref:0 ;
in:703 out:704 type:b dur:4 cpbdur:4 q:24.34 aq:24.61 tex:29240 mv:2992 misc:2392 imb:16 pmb:564 smb:16276 d:- ref:0 ;
in:708 out:705 type:P dur:4 cpbdur:4 q:24.38 aq:18.01 tex:272105 mv:12687 misc:3184 imb:442 pmb:1429 smb:14985 d:- ref:0 ;
in:706 out:706 type:B dur:4 cpbdur:4 q:24.36 aq:22.09 tex:137915 mv:15839 misc:3062 imb:104 pmb:1602 smb:15150 d:- ref:0 ;
in:705 out:707 type:b dur:4 cpbdur:4 q:24.35 aq:25.23 tex:129868 mv:15048 misc:2988 imb:132 pmb:1381 smb:15343 d:- ref:0 ;
in:707 out:708 type:b dur:4 cpbdur:4 q:24.37 aq:23.67 tex:522 mv:676 misc:2202 imb:3 pmb:463 smb:16390 d:- ref:0 ;
in:712 out:709 type:P dur:4 cpbdur:4 q:24.39 aq:17.34 tex:281119 mv:14171 misc:2934 imb:704 pmb:1458 smb:14694 d:- ref:0 ;
in:710 out:710 type:B dur:4 cpbdur:4 q:24.38 aq:23.35 tex:93756 mv:13070 misc:3318 imb:147 pmb:1296 smb:15413 d:- ref:0 ;
in:709 out:711 type:b dur:4 cpbdur:4 q:24.38 aq:25.12 tex:118751 mv:13845 misc:3036 imb:138 pmb:1310 smb:15408 d:- ref:0 ;
in:711 out:712 type:b dur:4 cpbdur:4 q:24.39 aq:25.01 tex:99022 mv:12877 misc:3237 imb:168 pmb:1087 smb:15601 d:- ref:0 ;
in:716 out:713 type:P dur:4 cpbdur:4 q:24.41 aq:17.40 tex:260618 mv:13482 misc:2836 imb:728 pmb:1439 smb:14689 d:- ref:0 ;
in:714 out:714 type:B dur:4 cpbdur:4 q:24.40 aq:23.23 tex:74676 mv:11153 misc:3443 imb:127 pmb:1287 smb:15442 d:- ref:0 ;
in:713 out:715 type:b dur:4 cpbdur:4 q:24.39 aq:25.09 tex:100529 mv:12969 misc:3206 imb:177 pmb:1193 smb:15486 d:- ref:0 ;
in:715 out:716 type:b dur:4 cpbdur:4 q:24.41 aq:24.89 tex:103234 mv:10339 misc:3003 imb:161 pmb:965 smb:15730 d:- ref:0 ;
in:720 out:717 type:P dur:4 cpbdur:4 q:24.40 aq:17.37 tex:238767 mv:12520 misc:3201 imb:653 pmb:1362 smb:14841 d:- ref:0 ;
in:718 out:718 type:B dur:4 cpbdur:4 q:24.40 aq:23.74 tex:106048 mv:14167 misc:3281 imb:152 pmb:1464 smb:15240 d:- ref:0 ;
in:717 out:719 type:b dur:4 cpbdur:4 q:24.41 aq:24.46 tex:117748 mv:13794 misc:3066 imb:151 pmb:1316 smb:15389 d:- ref:0 ;
in:719 out:720 type:b dur:4 cpbdur:4 q:24.40 aq:24.66 tex:108891 mv:11685 misc:3120 imb:159 pmb:1179 smb:15518 d:- ref:0 ;
in:724 out:721 type:P dur:4 cpbdur:4 q:24.35 aq:16.99 tex:232439 mv:12337 misc:3184 imb:667 pmb:1328 smb:14861 d:- ref:0 ;
in:722 out:722 type:B dur:4 cpbdur:4 q:24.37 aq:23.61 tex:93533 mv:13481 misc:3434 imb:144 pmb:1463 smb:15249 d:- ref:0 ;
in:721 out:723 type:b dur:4 cpbdur:4 q:24.38 aq:24.99 tex:125889 mv:14607 misc:3040 imb:219 pmb:1342 smb:15295 d:- ref:0 ;
in:723 out:724 type:b dur:4 cpbdur:4 q:24.36 aq:24.89 tex:109661 mv:12453 misc:3278 imb:162 pmb:1228 smb:15466 d:- ref:0 ;
in:728 out:725 type:P dur:4 cpbdur:4 q:24.32 aq:16.46 tex:331285 mv:15830 misc:2629 imb:925 pmb:1384 smb:14547 d:- ref:0 ;
in:726 out:726 type:B dur:4 cpbdur:4 q:24.34 aq:23.23 tex:131523 mv:16016 misc:3477 imb:213 pmb:1348 smb:15295 d:- ref:0 ;
in:725 out:727 type:b dur:4 cpbdur:4 q:24.34 aq:24.32 tex:108773 mv:13469 misc:3246 imb:154 pmb:1369 smb:15333 d:- ref:0 ;
in:727 out:728 type:b dur:4 cpbdur:4 q:24.33 aq:25.07 tex:110020 mv:12942 misc:3430 imb:195 pmb:1261 smb:15400 d:- ref:0 ;
in:732 out:729 type:P dur:4 cpbdur:4 q:24.34 aq:17.36 tex:247408 mv:12724 misc:2996 imb:508 pmb:1438 smb:14910 d:- ref:0 ;
in:730 out:730 type:B dur:4 cpbdur:4 q:24.33 aq:22.85 tex:141269 mv:14947 misc:3272 imb:141 pmb:1466 smb:15249 d:- ref:0 ;
in:729 out:731 type:b dur:4 cpbdur:4 q:24.32 aq:24.70 tex:102913 mv:13266 misc:3309 imb:142 pmb:1183 smb:15531 d:- ref:0 ;
in:731 out:732 type:b dur:4 cpbdur:4 q:24.33 aq:24.84 tex:29221 mv:3352 misc:2467 imb:33 pmb:588 smb:16235 d:- ref:0 ;
in:736 out:733 type:P dur:4 cpbdur:4 q:24.34 aq:17.49 tex:301309 mv:14391 misc:2820 imb:844 pmb:1489 smb:14523 d:- ref:0 ;
in:734 out:734 type:B dur:4 cpbdur:4 q:24.34 aq:22.80 tex:144821 mv:13756 misc:3583 imb:192 pmb:1372 smb:15292 d:- ref:0 ;
in:733 out:735 type:b dur:4 cpbdur:4 q:24.34 aq:25.61 tex:34976 mv:3631 misc:2825 imb:28 pmb:727 smb:16101 d:- ref:0 ;
in:735 out:736 type:b dur:4 cpbdur:4 q:24.34 aq:24.91 tex:104150 mv:12371 misc:3311 imb:149 pmb:1239 smb:15468 d:- ref:0 ;
in:740 out:737 type:P dur:4 cpbdur:4 q:24.36 aq:17.24 tex:233839 mv:12536 misc:3073 imb:744 pmb:1396 smb:14716 d:- ref:0 ;
in:738 out:738 type:B dur:4 cpbdur:4 q:24.35 aq:23.09 tex:137318 mv:14089 misc:3289 imb:173 pmb:1353 smb:15330 d:- ref:0 ;
in:737 out:739 type:b dur:4 cpbdur:4 q:24.34 aq:24.42 tex:109281 mv:12507 misc:3260 imb:184 pmb:1202 smb:15470 d:- ref:0 ;
in:739 out:740 type:b dur:4 cpbdur:4 q:24.35 aq:24.71 tex:105505 mv:11442 misc:3205 imb:137 pmb:1110 smb:15609 d:- ref:0 ;
in:744 out:741 type:P dur:4 cpbdur:4 q:24.41 aq:16.52 tex:276335 mv:13177 misc:3360 imb:718 pmb:1444 smb:14694 d:- ref:0 ;
in:742 out:742 type:B dur:4 cpbdur:4 q:24.39 aq:23.37 tex:132281 mv:12893 misc:3434 imb:195 pmb:1157 smb:15504 d:- ref:0 ;
in:741 out:743 type:b dur:4 cpbdur:4 q:24.37 aq:24.75 tex:117731 mv:13171 misc:3026 imb:192 pmb:1262 smb:15402 d:- ref:0 ;
in:743 out:744 type:b dur:4 cpbdur:4 q:24.40 aq:25.49 tex:30468 mv:3237 misc:2807 imb:42 pmb:650 smb:16164 d:- ref:0 ;
in:748 out:745 type:P dur:4 cpbdur:4 q:24.45 aq:17.09 tex:273388 mv:13873 misc:2851 imb:809 pmb:1355 smb:14692 d:- ref:0 ;
in:746 out:746 type:B dur:4 cpbdur:4 q:24.43 aq:23.26 tex:141110 mv:13642 misc:3336 imb:146 pmb:1336 smb:15374 d:- ref:0 ;
in:745 out:747 type:b dur:4 cpbdur:4 q:24.42 aq:23.98 tex:25281 mv:2849 misc:2342 imb:19 pmb:487 smb:16350 d:- ref:0 ;
in:747 out:748 type:b dur:4 cpbdur:4 q:24.44 aq:24.73 tex:92330 mv:10745 misc:3333 imb:132 pmb:1183 smb:15541 d:- ref:0 ;
in:749 out:749 type:P dur:4 cpbdur:4 q:24.47 aq:23.65 tex:149221 mv:10591 misc:3052 imb:543 pmb:1046 smb:15267 d:- ref:0 ;
in:750 out:750 type:I dur:4 cpbdur:4 q:21.48 aq:6.51 tex:1737727 mv:156337 misc:720 imb:16856 pmb:0 smb:0 d:- ref:;
in:754 out:751 type:P dur:4 cpbdur:4 q:25.04 aq:17.12 tex:214039 mv:10381 misc:3300 imb:680 pmb:1070 smb:15106 d:- ref:0 ;
in:752 out:752 type:B dur:4 cpbdur:4 q:25.04 aq:24.50 tex:111003 mv:12271 misc:3206 imb:121 pmb:1196 smb:15539 d:- ref:0 ;
in:751 out:753 type:b dur:4 cpbdur:4 q:25.04 aq:25.67 tex:109206 mv:12429 misc:2829 imb:156 pmb:1349 smb:15351 d:- ref:0 ;
in:753 out:754 type:b dur:4 cpbdur:4 q:25.04 aq:25.77 tex:85358 mv:8762 misc:2912 imb:84 pmb:970 smb:15802 d:- ref:0 ;
in:758 out:755 type:P dur:4 cpbdur:4 q:25.03 aq:19.18 tex:203385 mv:9700 misc:3067 imb:355 pmb:1102 smb:15399 d:- ref:0 ;
in:756 out:756 type:B dur:4 cpbdur:4 q:25.04 aq:24.10 tex:93082 mv:12056 misc:3030 imb:119 pmb:1353 smb:15384 d:- ref:0 ;
in:755 out:757 type:b dur:4 cpbdur:4 q:25.04 aq:25.87 tex:93570 mv:8849 misc:3253 imb:165 pmb:1035 smb:15656 d:- ref:0 ;
in:757 out:758 type:b dur:4 cpbdur:4 q:25.04 aq:25.67 tex:53036 mv:6598 misc:2758 imb:102 pmb:861 smb:15893 d:- ref:0 ;
in:762 out:759 type:P dur:4 cpbdur:4 q:25.00 aq:18.21 tex:260113 mv:14104 misc:2767 imb:656 pmb:1394 smb:14806 d:- ref:0 ;
in:760 out:760 type:B dur:4 cpbdur:4 q:25.02 aq:23.99 tex:132985 mv:14968 misc:3463 imb:198 pmb:1426 smb:15232 d:- ref:0 ;
in:759 out:761 type:b dur:4 cpbdur:4 q:25.03 aq:25.73 tex:66639 mv:8339 misc:3310 imb:130 pmb:1058 smb:15668 d:- ref:0 ;
in:761 out:762 type:b dur:4 cpbdur:4 q:25.01 aq:26.24 tex:26049 mv:3104 misc:2591 imb:28 pmb:594 smb:16234 d:- ref:0 ;
in:766 out:763 type:P dur:4 cpbdur:4 q:24.98 aq:18.37 tex:233490 mv:13931 misc:2763 imb:685 pmb:1360 smb:14811 d:- ref:0 ;
in:764 out:764 type:B dur:4 cpbdur:4 q:24.99 aq:24.09 tex:128662 mv:13926 misc:3196 imb:170 pmb:1493 smb:15193 d:- ref:0 ;
in:763 out:765 type:b dur:4 cpbdur:4 q:24.99 aq:24.14 tex:23094 mv:2448 misc:2442 imb:20 pmb:521 smb:16315 d:- ref:0 ;
in:765 out:766 type:b dur:4 cpbdur:4 q:24.98 aq:25.62 tex:75634 mv:10653 misc:3385 imb:121 pmb:1125 smb:15610 d:- ref:0 ;
in:770 out:767 type:P dur:4 cpbdur:4 q:24.79 aq:19.05 tex:281525 mv:14173 misc:2982 imb:752 pmb:1386 smb:14718 d:- ref:0 ;
in:768 out:768 type:B dur:4 cpbdur:4 q:24.88 aq:24.15 tex:161140 mv:16954 misc:3058 imb:145 pmb:1577 smb:15134 d:- ref:0 ;
in:767 out:769 type:b dur:4 cpbdur:4 q:24.93 aq:25.92 tex:106379 mv:13076 misc:3281 imb:168 pmb:1228 smb:15460 d:- ref:0 ;
in:769 out:770 type:b dur:4 cpbdur:4 q:24.83 aq:25.75 tex:104468 mv:12521 misc:3395 imb:136 pmb:1272 smb:15448 d:- ref:0 ;
in:774 out:771 type:P dur:4 cpbdur:4 q:24.78 aq:18.01 tex:278522 mv:15169 misc:2965 imb:593 pmb:1403 smb:14860 d:- ref:0 ;
in:772 out:772 type:B dur:4 cpbdur:4 q:24.78 aq:23.93 tex:105909 mv:12803 misc:3440 imb:141 pmb:1376 smb:15339 d:- ref:0 ;
in:771 out:773 type:b dur:4 cpbdur:4 q:24.79 aq:25.43 tex:96674 mv:11885 misc:3409 imb:173 pmb:1238 smb:15445 d:- ref:0 ;
in:773 out:774 type:b dur:4 cpbdur:4 q:24.78 aq:24.89 tex:109443 mv:12824 misc:3309 imb:185 pmb:1269 smb:15402 d:- ref:0 ;
in:778 out:775 type:P dur:4 cpbdur:4 q:24.79 aq:17.39 tex:248172 mv:14363 misc:3041 imb:594 pmb:1430 smb:14832 d:- ref:0 ;
in:776 out:776 type:B dur:4 cpbdur:4 q:24.79 aq:23.89 tex:98475 mv:13273 misc:3148 imb:263 pmb:1021 smb:15572 d:- ref:0 ;
in:775 out:777 type:b dur:4 cpbdur:4 q:24.79 aq:25.33 tex:105687 mv:14684 misc:3205 imb:184 pmb:1444 smb:15228 d:- ref:0 ;
in:777 out:778 type:b dur:4 cpbdur:4 q:24.79 aq:25.84 tex:102268 mv:12066 misc:3266 imb:185 pmb:1103 smb:15568 d:- ref:0 ;
in:782 out:779 type:P dur:4 cpbdur:4 q:24.77 aq:18.06 tex:242645 mv:13817 misc:3218 imb:720 pmb:1314 smb:14822 d:- ref:0 ;
in:780 out:780 type:B dur:4 cpbdur:4 q:24.78 aq:23.64 tex:113853 mv:13224 misc:3283 imb:190 pmb:1223 smb:15443 d:- ref:0 ;
in:779 out:781 type:b dur:4 cpbdur:4 q:24.79 aq:26.18 tex:108229 mv:13224 misc:3387 imb:181 pmb:1197 smb:15478 d:- ref:0 ;
in:781 out:782 type:b dur:4 cpbdur:4 q:24.78 aq:25.71 tex:118399 mv:14122 misc:3447 imb:161 pmb:1376 smb:15319 d:- ref:0 ;
in:786 out:783 type:P dur:4 cpbdur:4 q:24.78 aq:16.78 tex:321687 mv:16309 misc:2820 imb:871 pmb:1487 smb:14498 d:- ref:0 ;
in:784 out:784 type:B dur:4 cpbdur:4 q:24.77 aq:23.93 tex:149654 mv:16311 misc:3435 imb:132 pmb:1463 smb:15261 d:- ref:0 ;
in:783 out:785 type:b dur:4 cpbdur:4 q:24.77 aq:25.60 tex:112511 mv:15826 misc:2999 imb:194 pmb:1450 smb:15212 d:- ref:0 ;
in:785 out:786 type:b dur:4 cpbdur:4 q:24.78 aq:25.22 tex:97429 mv:12552 misc:3403 imb:151 pmb:1199 smb:15506 d:- ref:0 ;
in:790 out:787 type:P dur:4 cpbdur:4 q:24.80 aq:17.05 tex:252201 mv:15298 misc:2885 imb:740 pmb:1490 smb:14626 d:- ref:0 ;
in:788 out:788 type:B dur:4 cpbdur:4 q:24.79 aq:24.75 tex:106738 mv:13876 misc:3338 imb:120 pmb:1418 smb:15318 d:- ref:0 ;
in:787 out:789 type:b dur:4 cpbdur:4 q:24.78 aq:25.72 tex:110752 mv:12302 misc:3154 imb:146 pmb:1143 smb:15567 d:- ref:0 ;
in:789 out:790 type:b dur:4 cpbdur:4 q:24.80 aq:26.00 tex:92739 mv:11934 misc:3023 imb:186 pmb:997 smb:15673 d:- ref:0 ;
in:794 out:791 type:P dur:4 cpbdur:4 q:24.81 aq:17.86 tex:266888 mv:14453 misc:2787 imb:770 pmb:1436 smb:14650 d:- ref:0 ;
in:792 out:792 type:B dur:4 cpbdur:4 q:24.81 aq:24.49 tex:119911 mv:13881 misc:3280 imb:146 pmb:1277 smb:15433 d:- ref:0 ;
in:791 out:793 type:b dur:4 cpbdur:4 q:24.80 aq:25.85 tex:18484 mv:2486 misc:2646 imb:40 pmb:596 smb:16220 d:- ref:0 ;
in:793 out:794 type:b dur:4 cpbdur:4 q:24.81 aq:27.10 tex:19140 mv:3015 misc:2469 imb:18 pmb:633 smb:16205 d:- ref:0 ;
in:798 out:795 type:P dur:4 cpbdur:4 q:24.83 aq:17.25 tex:310215 mv:14467 misc:3206 imb:817 pmb:1435 smb:14604 d:- ref:0 ;
in:796 out:796 type:B dur:4 cpbdur:4 q:24.82 aq:24.35 tex:105008 mv:12758 misc:3010 imb:135 pmb:1147 smb:15574 d:- ref:0 ;
in:795 out:797 type:b dur:4 cpbdur:4 q:24.81 aq:25.72 tex:97706 mv:10572 misc:2738 imb:142 pmb:862 smb:15852 d:- ref:0 ;
in:797 out:798 type:b dur:4 cpbdur:4 q:24.82 aq:25.10 tex:106957 mv:11988 misc:2927 imb:241 pmb:969 smb:15646 d:- ref:0 ;
in:802 out:799 type:P dur:4 cpbdur:4 q:24.88 aq:15.97 tex:310199 mv:14162 misc:3127 imb:620 pmb:1391 smb:14845 d:- ref:0 ;
in:800 out:800 type:B dur:4 cpbdur:4 q:24.85 aq:24.45 tex:119040 mv:14101 misc:3171 imb:177 pmb:1275 smb:15404 d:- ref:0 ;
in:799 out:801 type:b dur:4 cpbdur:4 q:24.84 aq:25.69 tex:109442 mv:12175 misc:2863 imb:190 pmb:962 smb:15704 d:- ref:0 ;
in:801 out:802 type:b dur:4 cpbdur:4 q:24.87 aq:24.68 tex:82939 mv:10264 misc:2909 imb:139 pmb:1039 smb:15678 d:- ref:0 ;
in:806 out:803 type:P dur:4 cpbdur:4 q:24.90 aq:16.65 tex:270739 mv:14220 misc:2873 imb:784 pmb:1414 smb:14658 d:- ref:0 ;
in:804 out:804 type:B dur:4 cpbdur:4 q:24.89 aq:22.76 tex:114769 mv:11951 misc:3304 imb:129 pmb:1249 smb:15478 d:- ref:0 ;
in:803 out:805 type:b dur:4 cpbdur:4 q:24.89 aq:25.64 tex:96349 mv:11426 misc:2905 imb:165 pmb:985 smb:15706 d:- ref:0 ;
in:805 out:806 type:b dur:4 cpbdur:4 q:24.90 aq:26.17 tex:15280 mv:1916 misc:2388 imb:20 pmb:550 smb:16286 d:- ref:0 ;
in:810 out:807 type:P dur:4 cpbdur:4 q:25.06 aq:17.55 tex:255249 mv:13529 misc:2918 imb:693 pmb:1398 smb:14765 d:- ref:0 ;
in:808 out:808 type:B dur:4 cpbdur:4 q:24.98 aq:24.39 tex:104588 mv:12053 misc:3199 imb:112 pmb:1144 smb:15600 d:- ref:0 ;
in:807 out:809 type:b dur:4 cpbdur:4 q:24.94 aq:25.93 tex:98281 mv:10623 misc:2880 imb:165 pmb:894 smb:15797 d:- ref:0 ;
in:809 out:810 type:b dur:4 cpbdur:4 q:25.02 aq:26.53 tex:105021 mv:12039 misc:3284 imb:169 pmb:1087 smb:15600 d:- ref:0 ;
in:814 out:811 type:P dur:4 cpbdur:4 q:25.02 aq:18.50 tex:272426 mv:13416 misc:2838 imb:435 pmb:1460 smb:14961 d:- ref:0 ;
in:812 out:812 type:B dur:4 cpbdur:4 q:25.04 aq:24.48 tex:112155 mv:14591 misc:3246 imb:198 pmb:1207 smb:15451 d:- ref:0 ;
in:811 out:813 type:b dur:4 cpbdur:4 q:25.05 aq:26.01 tex:90143 mv:11320 misc:3097 imb:164 pmb:977 smb:15715 d:- ref:0 ;
in:813 out:814 type:b dur:4 cpbdur:4 q:25.03 aq:25.94 tex:64044 mv:8344 misc:2836 imb:93 pmb:959 smb:15804 d:- ref:0 ;
in:818 out:815 type:P dur:4 cpbdur:4 q:25.02 aq:18.27 tex:224219 mv:12012 misc:2921 imb:474 pmb:1407 smb:14975 d:- ref:0 ;
in:816 out:816 type:B dur:4 cpbdur:4 q:25.02 aq:24.86 tex:111408 mv:11510 misc:3098 imb:161 pmb:957 smb:15738 d:- ref:0 ;
in:815 out:817 type:b dur:4 cpbdur:4 q:25.02 aq:26.06 tex:105759 mv:12616 misc:3273 imb:173 pmb:1100 smb:15583 d:- ref:0 ;
in:817 out:818 type:b dur:4 cpbdur:4 q:25.02 aq:25.80 tex:77014 mv:8387 misc:2895 imb:85 pmb:939 smb:15832 d:- ref:0 ;
in:822 out:819 type:P dur:4 cpbdur:4 q:25.01 aq:18.19 tex:199146 mv:11359 misc:3087 imb:579 pmb:1364 smb:14913 d:- ref:0 ;
in:820 out:820 type:B dur:4 cpbdur:4 q:25.01 aq:24.62 tex:67154 mv:9244 misc:3170 imb:133 pmb:1006 smb:15717 d:- ref:0 ;
in:819 out:821 type:b dur:4 cpbdur:4 q:25.02 aq:24.96 tex:98956 mv:9515 misc:2801 imb:186 pmb:811 smb:15859 d:- ref:0 ;
in:821 out:822 type:b dur:4 cpbdur:4 q:25.01 aq:26.65 tex:16789 mv:1784 misc:2587 imb:10 pmb:577 smb:16269 d:- ref:0 ;
in:826 out:823 type:P dur:4 cpbdur:4 q:24.83 aq:16.60 tex:190970 mv:11631 misc:3263 imb:683 pmb:1349 smb:14824 d:- ref:0 ;
in:824 out:824 type:B dur:4 cpbdur:4 q:24.92 aq:23.49 tex:128053 mv:12650 misc:3193 imb:185 pmb:1066 smb:15605 d:- ref:0 ;
in:823 out:825 type:b dur:4 cpbdur:4 q:24.96 aq:26.53 tex:17751 mv:2158 misc:2395 imb:24 pmb:548 smb:16284 d:- ref:0 ;
in:825 out:826 type:b dur:4 cpbdur:4 q:24.87 aq:25.87 tex:95750 mv:11204 misc:2950 imb:192 pmb:921 smb:15743 d:- ref:0 ;
in:830 out:827 type:P dur:4 cpbdur:4 q:24.82 aq:16.30 tex:217696 mv:13256 misc:3000 imb:635 pmb:1360 smb:14861 d:- ref:0 ;
in:828 out:828 type:B dur:4 cpbdur:4 q:24.83 aq:24.61 tex:82322 mv:9649 misc:3053 imb:109 pmb:1026 smb:15721 d:- ref:0 ;
in:827 out:829 type:b dur:4 cpbdur:4 q:24.83 aq:25.77 tex:95595 mv:11186 misc:2771 imb:168 pmb:907 smb:15781 d:- ref:0 ;
in:829 out:830 type:b dur:4 cpbdur:4 q:24.83 aq:25.82 tex:96596 mv:11275 misc:3033 imb:120 pmb:1099 smb:15637 d:- ref:0 ;
in:834 out:831 type:P dur:4 cpbdur:4 q:24.81 aq:16.66 tex:248797 mv:14014 misc:3037 imb:675 pmb:1434 smb:14747 d:- ref:0 ;
in:832 out:832 type:B dur:4 cpbdur:4 q:24.82 aq:23.72 tex:114034 mv:14578 misc:3236 imb:135 pmb:1382 smb:15339 d:- ref:0 ;
in:831 out:833 type:b dur:4 cpbdur:4 q:24.82 aq:25.81 tex:92627 mv:11322 misc:2899 imb:166 pmb:950 smb:15740 d:- ref:0 ;
in:833 out:834 type:b dur:4 cpbdur:4 q:24.81 aq:25.38 tex:97019 mv:10960 misc:3061 imb:156 pmb:1030 smb:15670 d:- ref:0 ;
in:838 out:835 type:P dur:4 cpbdur:4 q:24.79 aq:16.96 tex:283560 mv:15093 misc:2603 imb:635 pmb:1393 smb:14828 d:- ref:0 ;
in:836 out:836 type:B dur:4 cpbdur:4 q:24.80 aq:22.83 tex:127373 mv:16308 misc:3391 imb:180 pmb:1352 smb:15324 d:- ref:0 ;
in:835 out:837 type:b dur:4 cpbdur:4 q:24.81 aq:25.81 tex:96805 mv:10756 misc:2807 imb:160 pmb:905 smb:15791 d:- ref:0 ;
in:837 out:838 type:b dur:4 cpbdur:4 q:24.80 aq:25.97 tex:85347 mv:11408 misc:3157 imb:111 pmb:1152 smb:15593 d:- ref:0 ;
in:842 out:839 type:P dur:4 cpbdur:4 q:24.78 aq:17.71 tex:288727 mv:15807 misc:2722 imb:682 pmb:1487 smb:14687 d:- ref:0 ;
in:840 out:840 type:B dur:4 cpbdur:4 q:24.79 aq:23.98 tex:94673 mv:13315 misc:3332 imb:116 pmb:1350 smb:15390 d:- ref:0 ;
in:839 out:841 type:b dur:4 cpbdur:4 q:24.79 aq:25.66 tex:85090 mv:12483 misc:3075 imb:173 pmb:1079 smb:15604 d:- ref:0 ;
in:841 out:842 type:b dur:4 cpbdur:4 q:24.79 aq:26.05 tex:73702 mv:8726 misc:2820 imb:143 pmb:918 smb:15795 d:- ref:0 ;
in:846 out:843 type:P dur:4 cpbdur:4 q:24.76 aq:16.76 tex:313050 mv:14942 misc:2680 imb:584 pmb:1461 smb:14811 d:- ref:0 ;
in:844 out:844 type:B dur:4 cpbdur:4 q:24.77 aq:23.95 tex:122559 mv:14419 misc:3342 imb:142 pmb:1292 smb:15422 d:- ref:0 ;
in:843 out:845 type:b dur:4 cpbdur:4 q:24.78 aq:26.15 tex:78787 mv:9735 misc:3158 imb:91 pmb:1063 smb:15702 d:- ref:0 ;
in:845 out:846 type:b dur:4 cpbdur:4 q:24.76 aq:26.27 tex:72247 mv:8374 misc:2899 imb:111 pmb:901 smb:15844 d:- ref:0 ;
in:850 out:847 type:P dur:4 cpbdur:4 q:24.77 aq:16.98 tex:270131 mv:13506 misc:2827 imb:521 pmb:1433 smb:14902 d:- ref:0 ;
in:848 out:848 type:B dur:4 cpbdur:4 q:24.76 aq:24.28 tex:110397 mv:12098 misc:3465 imb:132 pmb:1193 smb:15531 d:- ref:0 ;
in:847 out:849 type:b dur:4 cpbdur:4 q:24.76 aq:25.25 tex:68252 mv:7772 misc:2816 imb:96 pmb:856 smb:15904 d:- ref:0 ;
in:849 out:850 type:b dur:4 cpbdur:4 q:24.77 aq:25.60 tex:76208 mv:10446 misc:3106 imb:179 pmb:973 smb:15704 d:- ref:0 ;
in:854 out:851 type:P dur:4 cpbdur:4 q:24.78 aq:16.77 tex:260157 mv:13632 misc:3139 imb:732 pmb:1369 smb:14755 d:- ref:0 ;
in:852 out:852 type:B dur:4 cpbdur:4 q:24.78 aq:23.86 tex:93633 mv:10238 misc:3401 imb:132 pmb:1146 smb:15578 d:- ref:0 ;
in:851 out:853 type:b dur:4 cpbdur:4 q:24.78 aq:25.81 tex:77054 mv:9334 misc:2860 imb:160 pmb:858 smb:15838 d:- ref:0 ;
in:853 out:854 type:b dur:4 cpbdur:4 q:24.78 aq:25.50 tex:24906 mv:2698 misc:2556 imb:25 pmb:595 smb:16236 d:- ref:0 ;
in:858 out:855 type:P dur:4 cpbdur:4 q:24.80 aq:17.13 tex:278104 mv:14564 misc:3340 imb:594 pmb:1609 smb:14653 d:- ref:0 ;
in:856 out:856 type:B dur:4 cpbdur:4 q:24.79 aq:25.60 tex:96637 mv:12091 misc:3472 imb:111 pmb:1285 smb:15460 d:- ref:0 ;
in:855 out:857 type:b dur:4 cpbdur:4 q:24.79 aq:25.85 tex:85318 mv:9487 misc:3227 imb:133 pmb:1105 smb:15618 d:- ref:0 ;
in:857 out:858 type:b dur:4 cpbdur:4 q:24.79 aq:24.61 tex:1432 mv:1212 misc:2604 imb:6 pmb:599 smb:16251 d:- ref:0 ;
in:862 out:859 type:P dur:4 cpbdur:4 q:24.80 aq:17.53 tex:382110 mv:17680 misc:2882 imb:864 pmb:1431 smb:14561 d:- ref:0 ;
in:860 out:860 type:B dur:4 cpbdur:4 q:24.80 aq:24.43 tex:128026 mv:12796 misc:3466 imb:126 pmb:1306 smb:15424 d:- ref:0 ;
in:859 out:861 type:b dur:4 cpbdur:4 q:24.80 aq:24.95 tex:127286 mv:15087 misc:3283 imb:166 pmb:1508 smb:15182 d:- ref:0 ;
in:861 out:862 type:b dur:4 cpbdur:4 q:24.80 aq:26.58 tex:25450 mv:3036 misc:2602 imb:17 pmb:623 smb:16216 d:- ref:0 ;
in:866 out:863 type:P dur:4 cpbdur:4 q:24.81 aq:17.56 tex:288636 mv:15182 misc:2902 imb:894 pmb:1531 smb:14431 d:- ref:0 ;
in:864 out:864 type:B dur:4 cpbdur:4 q:24.81 aq:23.24 tex:143463 mv:14120 misc:3569 imb:126 pmb:1353 smb:15377 d:- ref:0 ;
in:863 out:865 type:b dur:4 cpbdur:4 q:24.80 aq:25.61 tex:25942 mv:3007 misc:2659 imb:18 pmb:638 smb:16200 d:- ref:0 ;
in:865 out:866 type:b dur:4 cpbdur:4 q:24.81 aq:25.51 tex:88937 mv:10311 misc:2904 imb:130 pmb:957 smb:15769 d:- ref:0 ;
in:870 out:867 type:P dur:4 cpbdur:4 q:24.80 aq:17.60 tex:297035 mv:15365 misc:3024 imb:811 pmb:1499 smb:14546 d:- ref:0 ;
in:868 out:868 type:B dur:4 cpbdur:4 q:24.80 aq:24.68 tex:135386 mv:14673 misc:3573 imb:143 pmb:1352 smb:15361 d:- ref:0 ;
in:867 out:869 type:b dur:4 cpbdur:4 q:24.81 aq:25.65 tex:111095 mv:12699 misc:3278 imb:145 pmb:1160 smb:15551 d:- ref:0 ;
in:869 out:870 type:b dur:4 cpbdur:4 q:24.80 aq:25.71 tex:95978 mv:11246 misc:3064 imb:147 pmb:1027 smb:15682 d:- ref:0 ;
in:874 out:871 type:P dur:4 cpbdur:4 q:24.77 aq:18.12 tex:293329 mv:15298 misc:3253 imb:694 pmb:1487 smb:14675 d:- ref:0 ;
in:872 out:872 type:B dur:4 cpbdur:4 q:24.78 aq:23.74 tex:114474 mv:15736 misc:3470 imb:132 pmb:1480 smb:15244 d:- ref:0 ;
in:871 out:873 type:b dur:4 cpbdur:4 q:24.79 aq:26.29 tex:97785 mv:12544 misc:3031 imb:157 pmb:1047 smb:15652 d:- ref:0 ;
in:873 out:874 type:b dur:4 cpbdur:4 q:24.78 aq:26.35 tex:89954 mv:11291 misc:2931 imb:118 pmb:997 smb:15741 d:- ref:0 ;
in:878 out:875 type:P dur:4 cpbdur:4 q:24.77 aq:17.66 tex:230969 mv:14327 misc:3312 imb:638 pmb:1535 smb:14683 d:- ref:0 ;
in:876 out:876 type:B dur:4 cpbdur:4 q:24.77 aq:24.54 tex:118029 mv:15368 misc:3491 imb:157 pmb:1373 smb:15326 d:- ref:0 ;
in:875 out:877 type:b dur:4 cpbdur:4 q:24.77 aq:25.33 tex:72113 mv:10233 misc:2982 imb:122 pmb:968 smb:15766 d:- ref:0 ;
in:877 out:878 type:b dur:4 cpbdur:4 q:24.77 aq:26.30 tex:70076 mv:10352 misc:2908 imb:96 pmb:900 smb:15860 d:- ref:0 ;
in:882 out:879 type:P dur:4 cpbdur:4 q:24.76 aq:17.30 tex:264455 mv:15670 misc:3235 imb:715 pmb:1577 smb:14564 d:- ref:0 ;
in:880 out:880 type:B dur:4 cpbdur:4 q:24.76 aq:23.83 tex:131936 mv:17307 misc:3493 imb:150 pmb:1463 smb:15243 d:- ref:0 ;
in:879 out:881 type:b dur:4 cpbdur:4 q:24.77 aq:25.97 tex:84328 mv:12428 misc:3292 imb:139 pmb:1127 smb:15590 d:- ref:0 ;
in:881 out:882 type:b dur:4 cpbdur:4 q:24.76 aq:26.28 tex:88784 mv:12304 misc:3288 imb:153 pmb:1119 smb:15584 d:- ref:0 ;
in:886 out:883 type:P dur:4 cpbdur:4 q:24.76 aq:18.21 tex:292328 mv:16238 misc:2930 imb:652 pmb:1488 smb:14716 d:- ref:0 ;
in:884 out:884 type:B dur:4 cpbdur:4 q:24.76 aq:24.25 tex:146238 mv:16936 misc:3538 imb:175 pmb:1562 smb:15119 d:- ref:0 ;
in:883 out:885 type:b dur:4 cpbdur:4 q:24.76 aq:24.65 tex:26302 mv:3144 misc:2842 imb:14 pmb:662 smb:16180 d:- ref:0 ;
in:885 out:886 type:b dur:4 cpbdur:4 q:24.76 aq:25.25 tex:102752 mv:14432 misc:3440 imb:109 pmb:1364 smb:15383 d:- ref:0 ;
in:890 out:887 type:P dur:4 cpbdur:4 q:24.79 aq:17.33 tex:319840 mv:17051 misc:2805 imb:918 pmb:1414 smb:14524 d:- ref:0 ;
in:888 out:888 type:B dur:4 cpbdur:4 q:24.78 aq:22.84 tex:144294 mv:16538 misc:3208 imb:124 pmb:1608 smb:15124 d:- ref:0 ;
in:887 out:889 type:b dur:4 cpbdur:4 q:24.77 aq:20.83 tex:1454 mv:1384 misc:2570 imb:13 pmb:572 smb:16271 d:- ref:0 ;
in:889 out:890 type:b dur:4 cpbdur:4 q:24.78 aq:25.66 tex:24676 mv:2899 misc:2393 imb:20 pmb:535 smb:16301 d:- ref:0 ;
in:894 out:891 type:P dur:4 cpbdur:4 q:24.81 aq:16.83 tex:277264 mv:16467 misc:2661 imb:984 pmb:1461 smb:14411 d:- ref:0 ;
in:892 out:892 type:B dur:4 cpbdur:4 q:24.80 aq:24.28 tex:116060 mv:16918 misc:3174 imb:160 pmb:1567 smb:15129 d:- ref:0 ;
in:891 out:893 type:b dur:4 cpbdur:4 q:24.79 aq:25.65 tex:97442 mv:12718 misc:3352 imb:136 pmb:1213 smb:15507 d:- ref:0 ;
in:893 out:894 type:b dur:4 cpbdur:4 q:24.81 aq:24.86 tex:114650 mv:14317 misc:3233 imb:168 pmb:1307 smb:15381 d:- ref:0 ;
in:898 out:895 type:P dur:4 cpbdur:4 q:24.82 aq:17.88 tex:248880 mv:15329 misc:2983 imb:809 pmb:1477 smb:14570 d:- ref:0 ;
in:896 out:896 type:B dur:4 cpbdur:4 q:24.82 aq:23.89 tex:120680 mv:15436 misc:3332 imb:120 pmb:1577 smb:15159 d:- ref:0 ;
in:895 out:897 type:b dur:4 cpbdur:4 q:24.81 aq:25.65 tex:97651 mv:11199 misc:3286 imb:166 pmb:984 smb:15706 d:- ref:0 ;
in:897 out:898 type:b dur:4 cpbdur:4 q:24.82 aq:25.61 tex:96558 mv:11919 misc:3283 imb:99 pmb:1225 smb:15532 d:- ref:0 ;
in:902 out:899 type:P dur:4 cpbdur:4 q:24.84 aq:17.73 tex:309013 mv:18272 misc:2699 imb:968 pmb:1420 smb:14468 d:- ref:0 ;
in:900 out:900 type:B dur:4 cpbdur:4 q:24.83 aq:24.09 tex:118979 mv:15598 misc:3463 imb:157 pmb:1515 smb:15184 d:- ref:0 ;
in:899 out:901 type:b dur:4 cpbdur:4 q:24.82 aq:25.99 tex:113699 mv:15446 misc:3119 imb:155 pmb:1338 smb:15363 d:- ref:0 ;
in:901 out:902 type:b dur:4 cpbdur:4 q:24.83 aq:25.04 tex:106097 mv:12695 misc:3240 imb:279 pmb:1060 smb:15517 d:- ref:0 ;
in:906 out:903 type:P dur:4 cpbdur:4 q:24.85 aq:17.05 tex:318722 mv:17747 misc:2827 imb:829 pmb:1298 smb:14729 d:- ref:0 ;
in:904 out:904 type:B dur:4 cpbdur:4 q:24.84 aq:22.77 tex:157451 mv:20920 misc:2973 imb:210 pmb:1586 smb:15060 d:- ref:0 ;
in:903 out:905 type:b dur:4 cpbdur:4 q:24.84 aq:25.93 tex:133796 mv:16711 misc:2973 imb:186 pmb:1388 smb:15282 d:- ref:0 ;
in:905 out:906 type:b dur:4 cpbdur:4 q:24.85 aq:25.23 tex:126544 mv:15284 misc:3148 imb:196 pmb:1353 smb:15307 d:- ref:0 ;
in:910 out:907 type:P dur:4 cpbdur:4 q:24.82 aq:17.35 tex:358312 mv:18168 misc:3016 imb:885 pmb:1430 smb:14541 d:- ref:0 ;
in:908 out:908 type:B dur:4 cpbdur:4 q:24.83 aq:23.89 tex:171552 mv:21983 misc:2945 imb:194 pmb:1679 smb:14983 d:- ref:0 ;
in:907 out:909 type:b dur:4 cpbdur:4 q:24.84 aq:25.78 tex:162233 mv:19459 misc:2924 imb:269 pmb:1410 smb:15177 d:- ref:0 ;
in:909 out:910 type:b dur:4 cpbdur:4 q:24.83 aq:25.74 tex:133024 mv:16131 misc:3173 imb:180 pmb:1323 smb:15353 d:- ref:0 ;
in:914 out:911 type:P dur:4 cpbdur:4 q:24.85 aq:16.39 tex:396310 mv:19029 misc:3765 imb:1019 pmb:1554 smb:14283 d:- ref:0 ;
in:912 out:912 type:B dur:4 cpbdur:4 q:24.84 aq:24.03 tex:172943 mv:19311 misc:2986 imb:179 pmb:1644 smb:15033 d:- ref:0 ;
in:911 out:913 type:b dur:4 cpbdur:4 q:24.83 aq:24.89 tex:124010 mv:15318 misc:3232 imb:186 pmb:1282 smb:15388 d:- ref:0 ;
in:913 out:914 type:b dur:4 cpbdur:4 q:24.84 aq:21.08 tex:427 mv:778 misc:2091 imb:12 pmb:403 smb:16441 d:- ref:0 ;
in:918 out:915 type:P dur:4 cpbdur:4 q:24.90 aq:17.27 tex:258790 mv:16192 misc:2922 imb:755 pmb:1511 smb:14590 d:- ref:0 ;
in:916 out:916 type:B dur:4 cpbdur:4 q:24.88 aq:23.65 tex:137298 mv:17878 misc:3280 imb:214 pmb:1472 smb:15170 d:- ref:0 ;
in:915 out:917 type:b dur:4 cpbdur:4 q:24.86 aq:22.39 tex:22072 mv:2879 misc:2529 imb:11 pmb:598 smb:16247 d:- ref:0 ;
in:917 out:918 type:b dur:4 cpbdur:4 q:24.89 aq:25.65 tex:114822 mv:14697 misc:3185 imb:134 pmb:1328 smb:15394 d:- ref:0 ;
in:922 out:919 type:P dur:4 cpbdur:4 q:24.93 aq:17.89 tex:287274 mv:16455 misc:2871 imb:797 pmb:1413 smb:14646 d:- ref:0 ;
in:920 out:920 type:B dur:4 cpbdur:4 q:24.92 aq:23.41 tex:147517 mv:17217 misc:3418 imb:166 pmb:1578 smb:15112 d:- ref:0 ;
in:919 out:921 type:b dur:4 cpbdur:4 q:24.91 aq:22.52 tex:691 mv:1058 misc:2315 imb:11 pmb:497 smb:16348 d:- ref:0 ;
in:921 out:922 type:b dur:4 cpbdur:4 q:24.92 aq:24.99 tex:124522 mv:15032 misc:3198 imb:241 pmb:1406 smb:15209 d:- ref:0 ;
in:926 out:923 type:P dur:4 cpbdur:4 q:25.00 aq:17.00 tex:304164 mv:16138 misc:2746 imb:741 pmb:1386 smb:14729 d:- ref:0 ;
in:924 out:924 type:B dur:4 cpbdur:4 q:24.97 aq:24.09 tex:123881 mv:15086 misc:3401 imb:157 pmb:1510 smb:15189 d:- ref:0 ;
in:923 out:925 type:b dur:4 cpbdur:4 q:24.95 aq:25.89 tex:111092 mv:14425 misc:3267 imb:186 pmb:1290 smb:15380 d:- ref:0 ;
in:925 out:926 type:b dur:4 cpbdur:4 q:24.98 aq:25.08 tex:112012 mv:12002 misc:3322 imb:174 pmb:1114 smb:15568 d:- ref:0 ;
in:930 out:927 type:P dur:4 cpbdur:4 q:25.07 aq:17.14 tex:275793 mv:15633 misc:2830 imb:548 pmb:1354 smb:14954 d:- ref:0 ;
in:928 out:928 type:B dur:4 cpbdur:4 q:25.03 aq:24.44 tex:157779 mv:18550 misc:2983 imb:205 pmb:1418 smb:15233 d:- ref:0 ;
in:927 out:929 type:b dur:4 cpbdur:4 q:25.01 aq:24.92 tex:85567 mv:12145 misc:3152 imb:183 pmb:1241 smb:15432 d:- ref:0 ;
in:929 out:930 type:b dur:4 cpbdur:4 q:25.05 aq:25.23 tex:117595 mv:15289 misc:3164 imb:217 pmb:1253 smb:15386 d:- ref:0 ;
in:934 out:931 type:P dur:4 cpbdur:4 q:25.06 aq:18.00 tex:311081 mv:16392 misc:2935 imb:661 pmb:1416 smb:14779 d:- ref:0 ;
in:932 out:932 type:B dur:4 cpbdur:4 q:25.06 aq:24.69 tex:153772 mv:18433 misc:3283 imb:248 pmb:1483 smb:15125 d:- ref:0 ;
in:931 out:933 type:b dur:4 cpbdur:4 q:25.06 aq:25.73 tex:101639 mv:13742 misc:3411 imb:221 pmb:1192 smb:15443 d:- ref:0 ;
in:933 out:934 type:b dur:4 cpbdur:4 q:25.06 aq:25.42 tex:95384 mv:13626 misc:3238 imb:129 pmb:1395 smb:15332 d:- ref:0 ;
in:938 out:935 type:P dur:4 cpbdur:4 q:25.06 aq:16.81 tex:269637 mv:16075 misc:2664 imb:725 pmb:1397 smb:14734 d:- ref:0 ;
in:936 out:936 type:B dur:4 cpbdur:4 q:25.06 aq:24.82 tex:135454 mv:15454 misc:3188 imb:150 pmb:1344 smb:15362 d:- ref:0 ;
in:935 out:937 type:b dur:4 cpbdur:4 q:25.06 aq:25.04 tex:109549 mv:14286 misc:3093 imb:175 pmb:1330 smb:15351 d:- ref:0 ;
in:937 out:938 type:b dur:4 cpbdur:4 q:25.06 aq:24.83 tex:107204 mv:14485 misc:3103 imb:155 pmb:1275 smb:15426 d:- ref:0 ;
in:942 out:939 type:P dur:4 cpbdur:4 q:25.04 aq:17.93 tex:335669 mv:17249 misc:2762 imb:758 pmb:1336 smb:14762 d:- ref:0 ;
in:940 out:940 type:B dur:4 cpbdur:4 q:25.05 aq:24.41 tex:149879 mv:19381 misc:3020 imb:151 pmb:1540 smb:15165 d:- ref:0 ;
in:939 out:941 type:b dur:4 cpbdur:4 q:25.05 aq:25.31 tex:113957 mv:16403 misc:3048 imb:172 pmb:1400 smb:15284 d:- ref:0 ;
in:941 out:942 type:b dur:4 cpbdur:4 q:25.05 aq:25.75 tex:105571 mv:14370 misc:3227 imb:167 pmb:1185 smb:15504 d:- ref:0 ;
in:946 out:943 type:P dur:4 cpbdur:4 q:25.07 aq:18.46 tex:264819 mv:14827 misc:2666 imb:593 pmb:1404 smb:14859 d:- ref:0 ;
in:944 out:944 type:B dur:4 cpbdur:4 q:25.06 aq:24.41 tex:123625 mv:15423 misc:3208 imb:154 pmb:1244 smb:15458 d:- ref:0 ;
in:943 out:945 type:b dur:4 cpbdur:4 q:25.05 aq:25.97 tex:96538 mv:13255 misc:3047 imb:178 pmb:1054 smb:15624 d:- ref:0 ;
in:945 out:946 type:b dur:4 cpbdur:4 q:25.07 aq:24.54 tex:20187 mv:2515 misc:2514 imb:18 pmb:549 smb:16289 d:- ref:0 ;
in:949 out:947 type:P dur:4 cpbdur:4 q:25.10 aq:18.38 tex:289648 mv:13566 misc:2650 imb:519 pmb:1359 smb:14978 d:- ref:0 ;
in:947 out:948 type:B dur:4 cpbdur:4 q:25.08 aq:23.99 tex:101919 mv:12312 misc:3137 imb:144 pmb:1084 smb:15628 d:- ref:0 ;
in:948 out:949 type:b dur:4 cpbdur:4 q:25.09 aq:25.63 tex:95231 mv:10737 misc:3056 imb:132 pmb:961 smb:15763 d:- ref:0 ;
in:953 out:950 type:P dur:4 cpbdur:4 q:25.12 aq:17.00 tex:279209 mv:13937 misc:2878 imb:619 pmb:1416 smb:14821 d:- ref:0 ;
in:951 out:951 type:B dur:4 cpbdur:4 q:25.11 aq:24.85 tex:103567 mv:13057 misc:3232 imb:151 pmb:1126 smb:15579 d:- ref:0 ;
in:950 out:952 type:b dur:4 cpbdur:4 q:25.11 aq:21.30 tex:730 mv:851 misc:2275 imb:6 pmb:480 smb:16370 d:- ref:0 ;
in:952 out:953 type:b dur:4 cpbdur:4 q:25.12 aq:25.48 tex:82557 mv:9968 misc:3155 imb:140 pmb:970 smb:15746 d:- ref:0 ;
in:957 out:954 type:P dur:4 cpbdur:4 q:25.16 aq:17.43 tex:212526 mv:10778 misc:3136 imb:687 pmb:1144 smb:15025 d:- ref:0 ;
in:955 out:955 type:B dur:4 cpbdur:4 q:25.14 aq:24.04 tex:95696 mv:10616 misc:3296 imb:137 pmb:1280 smb:15439 d:- ref:0 ;
in:954 out:956 type:b dur:4 cpbdur:4 q:25.13 aq:24.79 tex:79038 mv:8949 misc:3117 imb:142 pmb:952 smb:15762 d:- ref:0 ;
in:956 out:957 type:b dur:4 cpbdur:4 q:25.15 aq:25.18 tex:60912 mv:7060 misc:2852 imb:107 pmb:901 smb:15848 d:- ref:0 ;
in:961 out:958 type:P dur:4 cpbdur:4 q:25.18 aq:17.69 tex:262656 mv:14060 misc:2748 imb:571 pmb:1469 smb:14816 d:- ref:0 ;
in:959 out:959 type:B dur:4 cpbdur:4 q:25.17 aq:23.94 tex:136148 mv:15954 misc:3138 imb:215 pmb:1551 smb:15090 d:- ref:0 ;
in:958 out:960 type:b dur:4 cpbdur:4 q:25.17 aq:25.49 tex:72216 mv:9809 misc:3239 imb:128 pmb:1092 smb:15636 d:- ref:0 ;
in:960 out:961 type:b dur:4 cpbdur:4 q:25.17 aq:24.64 tex:23975 mv:2555 misc:2358 imb:20 pmb:508 smb:16328 d:- ref:0 ;
in:965 out:962 type:P dur:4 cpbdur:4 q:25.17 aq:17.72 tex:309256 mv:15963 misc:2885 imb:639 pmb:1461 smb:14756 d:- ref:0 ;
in:963 out:963 type:B dur:4 cpbdur:4 q:25.17 aq:23.88 tex:132446 mv:16593 misc:3169 imb:156 pmb:1574 smb:15126 d:- ref:0 ;
in:962 out:964 type:b dur:4 cpbdur:4 q:25.17 aq:26.06 tex:27422 mv:2980 misc:2262 imb:15 pmb:508 smb:16333 d:- ref:0 ;
in:964 out:965 type:b dur:4 cpbdur:4 q:25.17 aq:25.05 tex:80679 mv:11658 misc:3175 imb:139 pmb:1241 smb:15476 d:- ref:0 ;
in:969 out:966 type:P dur:4 cpbdur:4 q:25.18 aq:17.89 tex:286087 mv:15278 misc:3555 imb:635 pmb:1577 smb:14644 d:- ref:0 ;
in:967 out:967 type:B dur:4 cpbdur:4 q:25.17 aq:23.76 tex:116551 mv:15627 misc:3438 imb:152 pmb:1429 smb:15275 d:- ref:0 ;
in:966 out:968 type:b dur:4 cpbdur:4 q:25.17 aq:25.46 tex:80633 mv:11142 misc:3289 imb:109 pmb:1142 smb:15605 d:- ref:0 ;
in:968 out:969 type:b dur:4 cpbdur:4 q:25.18 aq:26.11 tex:80059 mv:10073 misc:3284 imb:120 pmb:1102 smb:15634 d:- ref:0 ;
in:973 out:970 type:P dur:4 cpbdur:4 q:25.15 aq:17.46 tex:258727 mv:13279 misc:3170 imb:637 pmb:1386 smb:14833 d:- ref:0 ;
in:971 out:971 type:B dur:4 cpbdur:4 q:25.16 aq:22.79 tex:108133 mv:15231 misc:3028 imb:206 pmb:1462 smb:15188 d:- ref:0 ;
in:970 out:972 type:b dur:4 cpbdur:4 q:25.17 aq:24.52 tex:66823 mv:8430 misc:3019 imb:95 pmb:990 smb:15771 d:- ref:0 ;
in:972 out:973 type:b dur:4 cpbdur:4 q:25.15 aq:24.36 tex:74777 mv:9855 misc:3160 imb:122 pmb:1077 smb:15657 d:- ref:0 ;
in:977 out:974 type:P dur:4 cpbdur:4 q:25.14 aq:18.12 tex:291121 mv:14044 misc:2899 imb:721 pmb:1449 smb:14686 d:- ref:0 ;
in:975 out:975 type:B dur:4 cpbdur:4 q:25.14 aq:24.08 tex:33644 mv:2470 misc:2438 imb:9 pmb:542 smb:16305 d:- ref:0 ;
in:974 out:976 type:b dur:4 cpbdur:4 q:25.15 aq:25.21 tex:80095 mv:11056 misc:3065 imb:109 pmb:1212 smb:15535 d:- ref:0 ;
in:976 out:977 type:b dur:4 cpbdur:4 q:25.14 aq:20.63 tex:60 mv:206 misc:1262 imb:2 pmb:164 smb:16690 d:- ref:0 ;
in:981 out:978 type:P dur:4 cpbdur:4 q:25.13 aq:15.83 tex:269047 mv:14294 misc:2883 imb:819 pmb:1389 smb:14648 d:- ref:0 ;
in:979 out:979 type:B dur:4 cpbdur:4 q:25.14 aq:24.06 tex:150382 mv:16899 misc:2911 imb:130 pmb:1499 smb:15227 d:- ref:0 ;
in:978 out:980 type:b dur:4 cpbdur:4 q:25.14 aq:16.34 tex:213 mv:898 misc:2185 imb:9 pmb:472 smb:16375 d:- ref:0 ;
in:980 out:981 type:b dur:4 cpbdur:4 q:25.13 aq:23.62 tex:520 mv:843 misc:2269 imb:11 pmb:444 smb:16401 d:- ref:0 ;
in:985 out:982 type:P dur:4 cpbdur:4 q:25.11 aq:18.40 tex:214350 mv:11871 misc:2931 imb:622 pmb:1358 smb:14876 d:- ref:0 ;
in:983 out:983 type:B dur:4 cpbdur:4 q:25.12 aq:25.30 tex:63286 mv:8996 misc:3166 imb:98 pmb:1196 smb:15562 d:- ref:0 ;
in:982 out:984 type:b dur:4 cpbdur:4 q:25.13 aq:24.34 tex:15780 mv:2488 misc:2484 imb:28 pmb:547 smb:16281 d:- ref:0 ;
in:984 out:985 type:b dur:4 cpbdur:4 q:25.12 aq:23.90 tex:83871 mv:8588 misc:2853 imb:144 pmb:830 smb:15882 d:- ref:0 ;
in:989 out:986 type:P dur:4 cpbdur:4 q:25.10 aq:17.94 tex:235082 mv:13141 misc:2489 imb:786 pmb:1252 smb:14818 d:- ref:0 ;
in:987 out:987 type:B dur:4 cpbdur:4 q:25.11 aq:23.89 tex:114094 mv:13236 misc:3198 imb:150 pmb:1213 smb:15493 d:- ref:0 ;
in:986 out:988 type:b dur:4 cpbdur:4 q:25.11 aq:24.25 tex:87933 mv:9326 misc:2597 imb:167 pmb:741 smb:15948 d:- ref:0 ;
in:988 out:989 type:b dur:4 cpbdur:4 q:25.10 aq:25.37 tex:86033 mv:11828 misc:3155 imb:157 pmb:1042 smb:15657 d:- ref:0 ;
in:993 out:990 type:P dur:2 cpbdur:2 q:27.46 aq:19.56 tex:204518 mv:12390 misc:2516 imb:450 pmb:1259 smb:15147 d:- ref:0 ;
in:991 out:991 type:B dur:4 cpbdur:4 q:26.28 aq:25.52 tex:100277 mv:12954 misc:2953 imb:224 pmb:1023 smb:15609 d:- ref:0 ;
in:990 out:992 type:b dur:4 cpbdur:4 q:25.69 aq:26.05 tex:75766 mv:10065 misc:2937 imb:142 pmb:956 smb:15758 d:- ref:0 ;
in:992 out:993 type:b dur:4 cpbdur:4 q:26.87 aq:28.03 tex:61006 mv:8849 misc:2961 imb:139 pmb:929 smb:15788 d:- ref:0 ;
in:997 out:994 type:P dur:4 cpbdur:4 q:25.04 aq:18.23 tex:437847 mv:14678 misc:2971 imb:1210 pmb:1502 smb:14144 d:- ref:0 ;
in:995 out:995 type:B dur:2 cpbdur:2 q:26.25 aq:25.70 tex:94399 mv:10996 misc:3301 imb:163 pmb:1198 smb:15495 d:- ref:0 ;
in:994 out:996 type:b dur:2 cpbdur:2 q:26.85 aq:22.40 tex:452 mv:1229 misc:2327 imb:17 pmb:488 smb:16351 d:- ref:0 ;
in:996 out:997 type:b dur:2 cpbdur:2 q:25.65 aq:21.66 tex:706 mv:1566 misc:2416 imb:28 pmb:728 smb:16100 d:- ref:0 ;
in:999 out:998 type:P dur:4 cpbdur:4 q:25.01 aq:22.41 tex:152327 mv:10053 misc:2948 imb:530 pmb:1020 smb:15306 d:- ref:0 ;
in:998 out:999 type:b dur:4 cpbdur:4 q:25.02 aq:26.05 tex:87733 mv:9854 misc:2749 imb:155 pmb:804 smb:15897 d:- ref:0 ;
in:1000 out:1000 type:I dur:4 cpbdur:4 q:22.53 aq:8.70 tex:1687371 mv:166416 misc:773 imb:16856 pmb:0 smb:0 d:- ref:;
in:1004 out:1001 type:P dur:2 cpbdur:2 q:27.78 aq:20.38 tex:145426 mv:8474 misc:3164 imb:449 pmb:868 smb:15539 d:- ref:0 ;
in:1002 out:1002 type:B dur:6 cpbdur:6 q:27.78 aq:28.94 tex:69115 mv:10338 misc:2915 imb:166 pmb:946 smb:15744 d:- ref:0 ;
in:1001 out:1003 type:b dur:4 cpbdur:4 q:27.78 aq:29.71 tex:41668 mv:5866 misc:2346 imb:72 pmb:765 smb:16019 d:- ref:0 ;
in:1003 out:1004 type:b dur:2 cpbdur:2 q:27.78 aq:28.31 tex:63530 mv:9743 misc:2727 imb:148 pmb:833 smb:15875 d:- ref:0 ;
in:1008 out:1005 type:P dur:2 cpbdur:2 q:27.78 aq:20.73 tex:140520 mv:7655 misc:3153 imb:359 pmb:880 smb:15617 d:- ref:0 ;
in:1006 out:1006 type:B dur:2 cpbdur:2 q:27.78 aq:28.11 tex:11424 mv:1520 misc:2144 imb:21 pmb:458 smb:16377 d:- ref:0 ;
in:1005 out:1007 type:b dur:2 cpbdur:2 q:27.78 aq:23.66 tex:2024 mv:660 misc:1812 imb:10 pmb:331 smb:16515 d:- ref:0 ;
in:1007 out:1008 type:b dur:2 cpbdur:2 q:27.78 aq:24.61 tex:1887 mv:190 misc:1099 imb:3 pmb:115 smb:16738 d:- ref:0 ;
in:1012 out:1009 type:P dur:2 cpbdur:2 q:27.83 aq:20.02 tex:152006 mv:8635 misc:3143 imb:372 pmb:1022 smb:15462 d:- ref:0 ;
in:1010 out:1010 type:B dur:2 cpbdur:2 q:27.80 aq:26.62 tex:2397 mv:837 misc:2166 imb:13 pmb:453 smb:16390 d:- ref:0 ;
in:1009 out:1011 type:b dur:2 cpbdur:2 q:27.79 aq:24.41 tex:2122 mv:757 misc:2017 imb:10 pmb:415 smb:16431 d:- ref:0 ;
in:1011 out:1012 type:b dur:2 cpbdur:2 q:27.81 aq:27.43 tex:1940 mv:153 misc:803 imb:4 pmb:27 smb:16825 d:- ref:0 ;
in:1016 out:1013 type:P dur:2 cpbdur:2 q:27.82 aq:20.03 tex:162102 mv:9783 misc:2827 imb:468 pmb:1145 smb:15243 d:- ref:0 ;
in:1014 out:1014 type:B dur:2 cpbdur:2 q:27.82 aq:27.36 tex:9569 mv:1281 misc:2374 imb:7 pmb:503 smb:16346 d:- ref:0 ;
in:1013 out:1015 type:b dur:2 cpbdur:2 q:27.82 aq:24.01 tex:624 mv:770 misc:2110 imb:11 pmb:414 smb:16431 d:- ref:0 ;
in:1015 out:1016 type:b dur:2 cpbdur:2 q:27.82 aq:33.00 tex:17 mv:102 misc:977 imb:0 pmb:81 smb:16775 d:- ref:0 ;
in:1020 out:1017 type:P dur:2 cpbdur:2 q:27.79 aq:19.22 tex:183638 mv:9116 misc:3022 imb:409 pmb:1072 smb:15375 d:- ref:0 ;
in:1018 out:1018 type:B dur:2 cpbdur:2 q:27.81 aq:28.06 tex:74738 mv:8337 misc:2405 imb:123 pmb:722 smb:16011 d:- ref:0 ;
in:1017 out:1019 type:b dur:2 cpbdur:2 q:27.81 aq:22.24 tex:133 mv:502 misc:1845 imb:5 pmb:365 smb:16486 d:- ref:0 ;
in:1019 out:1020 type:b dur:2 cpbdur:2 q:27.80 aq:24.31 tex:478 mv:942 misc:2084 imb:19 pmb:419 smb:16418 d:- ref:0 ;
in:1024 out:1021 type:P dur:2 cpbdur:2 q:27.79 aq:20.13 tex:175330 mv:9516 misc:2866 imb:401 pmb:1152 smb:15303 d:- ref:0 ;
in:1022 out:1022 type:B dur:4 cpbdur:4 q:27.79 aq:28.85 tex:209 mv:688 misc:2159 imb:5 pmb:457 smb:16394 d:- ref:0 ;
in:1021 out:1023 type:b dur:2 cpbdur:2 q:27.79 aq:33.00 tex:4 mv:25 misc:755 imb:0 pmb:11 smb:16845 d:- ref:0 ;
in:1023 out:1024 type:b dur:2 cpbdur:2 q:27.79 aq:29.26 tex:1979 mv:717 misc:2088 imb:23 pmb:405 smb:16428 d:- ref:0 ;
in:1028 out:1025 type:P dur:4 cpbdur:4 q:25.35 aq:18.42 tex:169343 mv:9333 misc:3956 imb:566 pmb:1258 smb:15032 d:- ref:0 ;
in:1026 out:1026 type:B dur:2 cpbdur:2 q:26.57 aq:26.42 tex:10155 mv:2134 misc:2535 imb:35 pmb:540 smb:16281 d:- ref:0 ;
in:1025 out:1027 type:b dur:2 cpbdur:2 q:27.18 aq:31.17 tex:1860 mv:252 misc:1064 imb:4 pmb:96 smb:16756 d:- ref:0 ;
in:1027 out:1028 type:b dur:4 cpbdur:4 q:25.96 aq:27.56 tex:73841 mv:7597 misc:2266 imb:124 pmb:671 smb:16061 d:- ref:0 ;
in:1032 out:1029 type:P dur:4 cpbdur:4 q:25.29 aq:19.34 tex:158937 mv:8783 misc:3024 imb:436 pmb:1187 smb:15233 d:- ref:0 ;
in:1030 out:1030 type:B dur:4 cpbdur:4 q:25.32 aq:26.14 tex:57711 mv:5824 misc:3001 imb:112 pmb:941 smb:15803 d:- ref:0 ;
in:1029 out:1031 type:b dur:4 cpbdur:4 q:25.33 aq:26.28 tex:84106 mv:8275 misc:2299 imb:177 pmb:698 smb:15981 d:- ref:0 ;
in:1031 out:1032 type:b dur:4 cpbdur:4 q:25.31 aq:26.92 tex:87444 mv:7895 misc:2541 imb:186 pmb:673 smb:15997 d:- ref:0 ;
in:1036 out:1033 type:P dur:4 cpbdur:4 q:25.23 aq:19.33 tex:138876 mv:8964 misc:2728 imb:392 pmb:1271 smb:15193 d:- ref:0 ;
in:1034 out:1034 type:B dur:4 cpbdur:4 q:25.26 aq:25.26 tex:88418 mv:8333 misc:2825 imb:143 pmb:830 smb:15883 d:- ref:0 ;
in:1033 out:1035 type:b dur:4 cpbdur:4 q:25.28 aq:27.59 tex:85609 mv:8279 misc:2360 imb:168 pmb:680 smb:16008 d:- ref:0 ;
in:1035 out:1036 type:b dur:4 cpbdur:4 q:25.25 aq:27.05 tex:84864 mv:8578 misc:2414 imb:127 pmb:727 smb:16002 d:- ref:0 ;
in:1040 out:1037 type:P dur:4 cpbdur:4 q:25.16 aq:19.75 tex:180274 mv:9435 misc:3179 imb:515 pmb:1056 smb:15285 d:- ref:0 ;
in:1038 out:1038 type:B dur:2 cpbdur:2 q:25.19 aq:23.25 tex:104675 mv:9608 misc:3261 imb:161 pmb:1030 smb:15665 d:- ref:0 ;
in:1037 out:1039 type:b dur:2 cpbdur:2 q:25.21 aq:21.19 tex:307 mv:912 misc:2141 imb:32 pmb:431 smb:16393 d:- ref:0 ;
in:1039 out:1040 type:b dur:4 cpbdur:4 q:25.18 aq:26.65 tex:81558 mv:8782 misc:2700 imb:161 pmb:801 smb:15894 d:- ref:0 ;
in:1044 out:1041 type:P dur:4 cpbdur:4 q:25.11 aq:19.93 tex:202138 mv:11567 misc:2847 imb:691 pmb:1337 smb:14828 d:- ref:0 ;
in:1042 out:1042 type:B dur:4 cpbdur:4 q:25.14 aq:25.68 tex:66678 mv:8470 misc:3332 imb:94 pmb:1118 smb:15644 d:- ref:0 ;
in:1041 out:1043 type:b dur:4 cpbdur:4 q:25.15 aq:25.96 tex:86416 mv:8891 misc:2613 imb:188 pmb:727 smb:15941 d:- ref:0 ;
in:1043 out:1044 type:b dur:4 cpbdur:4 q:25.12 aq:26.38 tex:108973 mv:10609 misc:3138 imb:199 pmb:918 smb:15739 d:- ref:0 ;
in:1048 out:1045 type:P dur:4 cpbdur:4 q:25.07 aq:20.68 tex:209319 mv:11832 misc:2649 imb:552 pmb:1189 smb:15115 d:- ref:0 ;
in:1046 out:1046 type:B dur:4 cpbdur:4 q:25.09 aq:25.50 tex:100459 mv:12271 misc:3166 imb:139 pmb:1112 smb:15605 d:- ref:0 ;
in:1045 out:1047 type:b dur:4 cpbdur:4 q:25.10 aq:27.12 tex:89034 mv:9479 misc:2783 imb:137 pmb:819 smb:15900 d:- ref:0 ;
in:1047 out:1048 type:b dur:4 cpbdur:4 q:25.08 aq:26.29 tex:85780 mv:10677 misc:2815 imb:246 pmb:803 smb:15807 d:- ref:0 ;
in:1052 out:1049 type:P dur:4 cpbdur:4 q:25.05 aq:21.48 tex:101134 mv:7481 misc:3009 imb:427 pmb:897 smb:15532 d:- ref:0 ;
in:1050 out:1050 type:B dur:4 cpbdur:4 q:25.06 aq:24.65 tex:126761 mv:12072 misc:2943 imb:189 pmb:1193 smb:15474 d:- ref:0 ;
in:1049 out:1051 type:b dur:4 cpbdur:4 q:25.06 aq:26.97 tex:85589 mv:9440 misc:2475 imb:156 pmb:753 smb:15947 d:- ref:0 ;
in:1051 out:1052 type:b dur:4 cpbdur:4 q:25.06 aq:27.24 tex:11028 mv:1852 misc:2312 imb:16 pmb:527 smb:16313 d:- ref:0 ;
in:1054 out:1053 type:P dur:4 cpbdur:4 q:25.02 aq:25.28 tex:117692 mv:8839 misc:2805 imb:420 pmb:919 smb:15517 d:- ref:0 ;
in:1053 out:1054 type:b dur:4 cpbdur:4 q:25.03 aq:26.50 tex:87208 mv:10099 misc:2781 imb:174 pmb:855 smb:15827 d:- ref:0 ;
