ordinal,name,location,country,variant,lengthKm,commonTrackName,category,path,mapUrl,pitMapUrl,startFinishMapUrl,turnsMapUrl,cornersPerLap,pitRoadSpeedLimitMph,numberPitStalls,maxCars,nightLighting,rainEnabled,latitude,longitude,timeZone
8,Summit Point Raceway,"Summit Point, West Virginia",USA,Jefferson Circuit,1.786,,road,tracks\summit\jefferson,https://members-assets.iracing.com/public/track-maps/tracks_summit/8-summit-jefferson/active.svg,https://members-assets.iracing.com/public/track-maps/tracks_summit/8-summit-jefferson/pitroad.svg,https://members-assets.iracing.com/public/track-maps/tracks_summit/8-summit-jefferson/start-finish.svg,https://members-assets.iracing.com/public/track-maps/tracks_summit/8-summit-jefferson/turns.svg,7,35,16,30,false,true,39.2415229,-77.9778938,America/New_York
9,Summit Point Raceway,"Summit Point, West Virginia",USA,Summit Point Raceway,3.187,,road,tracks\summit\summit\raceway,https://members-assets.iracing.com/public/track-maps/tracks_summit/9-summit-summit-raceway/active.svg,https://members-assets.iracing.com/public/track-maps/tracks_summit/9-summit-summit-raceway/pitroad.svg,https://members-assets.iracing.com/public/track-maps/tracks_summit/9-summit-summit-raceway/start-finish.svg,https://members-assets.iracing.com/public/track-maps/tracks_summit/9-summit-summit-raceway/turns.svg,10,45,29,58,false,true,39.2415229,-77.9778938,America/New_York
11,Stafford Motor Speedway,"Stafford Springs, Connecticut",USA,Full Course,0.805,,oval,tracks\stafford\oval,https://members-assets.iracing.com/public/track-maps/tracks_stafford/11-stafford-oval/active.svg,https://members-assets.iracing.com/public/track-maps/tracks_stafford/11-stafford-oval/pitroad.svg,https://members-assets.iracing.com/public/track-maps/tracks_stafford/11-stafford-oval/start-finish.svg,https://members-assets.iracing.com/public/track-maps/tracks_stafford/11-stafford-oval/turns.svg,4,45,28,55,false,false,41.956733,-72.322947,America/New_York
12,Oxford Plains Speedway,"Oxford, Maine",USA,,0.604,,oval,tracks\oxford\oval,https://members-assets.iracing.com/public/track-maps/tracks_oxford/12-oxford-oval/active.svg,https://members-assets.iracing.com/public/track-maps/tracks_oxford/12-oxford-oval/pitroad.svg,https://members-assets.iracing.com/public/track-maps/tracks_oxford/12-oxford-oval/start-finish.svg,https://members-assets.iracing.com/public/track-maps/tracks_oxford/12-oxford-oval/turns.svg,4,30,35,52,false,false,44.1540543,-70.4865637,America/New_York
14,South Boston Speedway,"South Boston, Virginia",USA,,0.644,,oval,tracks\southboston,https://members-assets.iracing.com/public/track-maps/tracks_southboston/14-southboston/active.svg,https://members-assets.iracing.com/public/track-maps/tracks_southboston/14-southboston/pitroad.svg,https://members-assets.iracing.com/public/track-maps/tracks_southboston/14-southboston/start-finish.svg,https://members-assets.iracing.com/public/track-maps/tracks_southboston/14-southboston/turns.svg,4,35,43,64,true,false,36.7092845,-78.8712013,America/New_York
15,Concord Speedway,"Concord, North Carolina",USA,,0.805,,oval,tracks\concordhalf,https://members-assets.iracing.com/public/track-maps/tracks_concordhalf/15-concordhalf/active.svg,https://members-assets.iracing.com/public/track-maps/tracks_concordhalf/15-concordhalf/pitroad.svg,https://members-assets.iracing.com/public/track-maps/tracks_concordhalf/15-concordhalf/start-finish.svg,https://members-assets.iracing.com/public/track-maps/tracks_concordhalf/15-concordhalf/turns.svg,5,30,32,60,false,false,35.3089728,-80.5236159,America/New_York
16,USA International Speedway,"Lakeland, Florida",USA,Asphalt,1.207,,oval,tracks\lakeland,https://members-assets.iracing.com/public/track-maps/tracks_lakeland/16-lakeland/active.svg,https://members-assets.iracing.com/public/track-maps/tracks_lakeland/16-lakeland/pitroad.svg,https://members-assets.iracing.com/public/track-maps/tracks_lakeland/16-lakeland/start-finish.svg,https://members-assets.iracing.com/public/track-maps/tracks_lakeland/16-lakeland/turns.svg,4,35,43,64,true,false,28.1515,-81.892694,America/New_York
17,Lanier National Speedway,"Braselton, Georgia",USA,Asphalt,0.604,,oval,tracks\lanier,https://members-assets.iracing.com/public/track-maps/tracks_lanier/17-lanier/active.svg,https://members-assets.iracing.com/public/track-maps/tracks_lanier/17-lanier/pitroad.svg,https://members-assets.iracing.com/public/track-maps/tracks_lanier/17-lanier/start-finish.svg,https://members-assets.iracing.com/public/track-maps/tracks_lanier/17-lanier/turns.svg,4,30,12,60,true,false,34.153424,-83.8149922,America/New_York
18,Road America,"Elkhart Lake, Wisconsin",USA,Full Course,6.515,road-america,road,tracks\roadamerica\full,https://members-assets.iracing.com/public/track-maps/tracks_roadamerica/18-roadamerica-full/active.svg,https://members-assets.iracing.com/public/track-maps/tracks_roadamerica/18-roadamerica-full/pitroad.svg,https://members-assets.iracing.com/public/track-maps/tracks_roadamerica/18-roadamerica-full/start-finish.svg,https://members-assets.iracing.com/public/track-maps/tracks_roadamerica/18-roadamerica-full/turns.svg,14,45,60,90,false,true,43.79751,-87.992157,America/Chicago
19,Irwindale Speedway,"Irwindale, California",USA,Inner,0.531,,oval,tracks\irwindale\inner,https://members-assets.iracing.com/public/track-maps/tracks_irwindale/19-irwindale-inner/active.svg,https://members-assets.iracing.com/public/track-maps/tracks_irwindale/19-irwindale-inner/pitroad.svg,https://members-assets.iracing.com/public/track-maps/tracks_irwindale/19-irwindale-inner/start-finish.svg,https://members-assets.iracing.com/public/track-maps/tracks_irwindale/19-irwindale-inner/turns.svg,4,30,33,49,false,false,34.1104491,-117.9892554,America/Los_Angeles
20,Homestead Miami Speedway,"Homestead, Florida",USA,Oval,2.414,,oval,tracks\homestead\oval,https://members-assets.iracing.com/public/track-maps/tracks_homestead/20-homestead-oval/active.svg,https://members-assets.iracing.com/public/track-maps/tracks_homestead/20-homestead-oval/pitroad.svg,https://members-assets.iracing.com/public/track-maps/tracks_homestead/20-homestead-oval/start-finish.svg,https://members-assets.iracing.com/public/track-maps/tracks_homestead/20-homestead-oval/turns.svg,4,45,43,64,true,false,25.4517775,-80.4110895,America/New_York
21,Homestead Miami Speedway,"Homestead, Florida",USA,Road Course A,3.557,,road,tracks\homestead\roada,https://members-assets.iracing.com/public/track-maps/tracks_homestead/21-homestead-roada/active.svg,https://members-assets.iracing.com/public/track-maps/tracks_homestead/21-homestead-roada/pitroad.svg,https://members-assets.iracing.com/public/track-maps/tracks_homestead/21-homestead-roada/start-finish.svg,https://members-assets.iracing.com/public/track-maps/tracks_homestead/21-homestead-roada/turns.svg,9,45,43,64,false,true,25.4517775,-80.4110895,America/New_York
22,Homestead Miami Speedway,"Homestead, Florida",USA,Road Course B,3.701,,road,tracks\homestead\roadb,https://members-assets.iracing.com/public/track-maps/tracks_homestead/22-homestead-roadb/active.svg,https://members-assets.iracing.com/public/track-maps/tracks_homestead/22-homestead-roadb/pitroad.svg,https://members-assets.iracing.com/public/track-maps/tracks_homestead/22-homestead-roadb/start-finish.svg,https://members-assets.iracing.com/public/track-maps/tracks_homestead/22-homestead-roadb/turns.svg,10,45,43,64,false,true,25.4517775,-80.4110895,America/New_York
23,Irwindale Speedway,"Irwindale, California",USA,Outer,0.805,,oval,tracks\irwindale\outer,https://members-assets.iracing.com/public/track-maps/tracks_irwindale/23-irwindale-outer/active.svg,https://members-assets.iracing.com/public/track-maps/tracks_irwindale/23-irwindale-outer/pitroad.svg,https://members-assets.iracing.com/public/track-maps/tracks_irwindale/23-irwindale-outer/start-finish.svg,https://members-assets.iracing.com/public/track-maps/tracks_irwindale/23-irwindale-outer/turns.svg,4,35,44,66,false,false,34.1104491,-117.9892554,America/Los_Angeles
24,Summit Point Raceway,"Summit Point, West Virginia",USA,Short,2.35,,road,tracks\summit\summit\short,https://members-assets.iracing.com/public/track-maps/tracks_summit/24-summit-summit-short/active.svg,https://members-assets.iracing.com/public/track-maps/tracks_summit/24-summit-summit-short/pitroad.svg,https://members-assets.iracing.com/public/track-maps/tracks_summit/24-summit-summit-short/start-finish.svg,https://members-assets.iracing.com/public/track-maps/tracks_summit/24-summit-summit-short/turns.svg,7,45,29,58,false,true,39.2415229,-77.9778938,America/New_York
26,Daytona International Speedway,"Daytona Beach, Florida",USA,Road Course - 2008,5.729,daytona,road,tracks\daytona\road,https://members-assets.iracing.com/public/track-maps/tracks_daytona_2011/26-daytona-road/active.svg,https://members-assets.iracing.com/public/track-maps/tracks_daytona_2011/26-daytona-road/pitroad.svg,https://members-assets.iracing.com/public/track-maps/tracks_daytona_2011/26-daytona-road/start-finish.svg,https://members-assets.iracing.com/public/track-maps/tracks_daytona_2011/26-daytona-road/turns.svg,11,55,43,64,false,true,29.185169,-81.072722,America/New_York
27,Daytona International Speedway,"Daytona Beach, Florida",USA,Oval - 2008,4.023,,oval,tracks\daytona\oval,https://members-assets.iracing.com/public/track-maps/tracks_daytona_2011/27-daytona-oval/active.svg,https://members-assets.iracing.com/public/track-maps/tracks_daytona_2011/27-daytona-oval/pitroad.svg,https://members-assets.iracing.com/public/track-maps/tracks_daytona_2011/27-daytona-oval/start-finish.svg,https://members-assets.iracing.com/public/track-maps/tracks_daytona_2011/27-daytona-oval/turns.svg,4,55,43,64,false,false,29.185169,-81.072722,America/New_York
28,Daytona International Speedway,"Daytona Beach, Florida",USA,Moto - 2008,4.748,,road,tracks\daytona\bike,https://members-assets.iracing.com/public/track-maps/tracks_daytona_2011/28-daytona-bike/active.svg,https://members-assets.iracing.com/public/track-maps/tracks_daytona_2011/28-daytona-bike/pitroad.svg,https://members-assets.iracing.com/public/track-maps/tracks_daytona_2011/28-daytona-bike/start-finish.svg,https://members-assets.iracing.com/public/track-maps/tracks_daytona_2011/28-daytona-bike/turns.svg,12,45,43,64,false,true,29.185169,-81.072722,America/New_York
29,Daytona International Speedway,"Daytona Beach, Florida",USA,Short - 2008,1.674,,road,tracks\daytona\short,https://members-assets.iracing.com/public/track-maps/tracks_daytona_2011/29-daytona-short/active.svg,https://members-assets.iracing.com/public/track-maps/tracks_daytona_2011/29-daytona-short/pitroad.svg,https://members-assets.iracing.com/public/track-maps/tracks_daytona_2011/29-daytona-short/start-finish.svg,https://members-assets.iracing.com/public/track-maps/tracks_daytona_2011/29-daytona-short/turns.svg,5,35,23,34,false,true,29.185169,-81.072722,America/New_York
30,Irwindale Speedway,"Irwindale, California",USA,Outer - Inner,0.644,,oval,tracks\irwindale\outerinner,https://members-assets.iracing.com/public/track-maps/tracks_irwindale/30-irwindale-outerinner/active.svg,https://members-assets.iracing.com/public/track-maps/tracks_irwindale/30-irwindale-outerinner/pitroad.svg,https://members-assets.iracing.com/public/track-maps/tracks_irwindale/30-irwindale-outerinner/start-finish.svg,https://members-assets.iracing.com/public/track-maps/tracks_irwindale/30-irwindale-outerinner/turns.svg,4,35,31,46,false,false,34.1104491,-117.9892554,America/Los_Angeles
33,Martinsville Speedway,"Ridgeway, Virginia",USA,,0.847,,oval,tracks\martinsville,https://members-assets.iracing.com/public/track-maps/tracks_martinsville/33-martinsville/active.svg,https://members-assets.iracing.com/public/track-maps/tracks_martinsville/33-martinsville/pitroad.svg,https://members-assets.iracing.com/public/track-maps/tracks_martinsville/33-martinsville/start-finish.svg,https://members-assets.iracing.com/public/track-maps/tracks_martinsville/33-martinsville/turns.svg,4,35,43,64,true,false,36.6340671,-79.8538533,America/New_York
41,[Legacy] Silverstone Circuit - 2008,"Towcester, Northamptonshire",England,Grand Prix,5.14,,road,tracks\silverstone\gp,https://members-assets.iracing.com/public/track-maps/tracks_silverstone/41-silverstone-gp/active.svg,https://members-assets.iracing.com/public/track-maps/tracks_silverstone/41-silverstone-gp/pitroad.svg,https://members-assets.iracing.com/public/track-maps/tracks_silverstone/41-silverstone-gp/start-finish.svg,https://members-assets.iracing.com/public/track-maps/tracks_silverstone/41-silverstone-gp/turns.svg,17,45,42,81,false,true,52.0733006,-1.0168574,Europe/London
42,[Legacy] Silverstone Circuit - 2008,"Towcester, Northamptonshire",England,Historical Grand Prix,5.028,,road,tracks\silverstone\historicgp,https://members-assets.iracing.com/public/track-maps/tracks_silverstone/42-silverstone-historicgp/active.svg,https://members-assets.iracing.com/public/track-maps/tracks_silverstone/42-silverstone-historicgp/pitroad.svg,https://members-assets.iracing.com/public/track-maps/tracks_silverstone/42-silverstone-historicgp/start-finish.svg,https://members-assets.iracing.com/public/track-maps/tracks_silverstone/42-silverstone-historicgp/turns.svg,10,45,42,81,false,true,52.0733006,-1.0168574,Europe/London
43,[Legacy] Silverstone Circuit - 2008,"Towcester, Northamptonshire",England,International,3.619,,road,tracks\silverstone\international,https://members-assets.iracing.com/public/track-maps/tracks_silverstone/43-silverstone-international/active.svg,https://members-assets.iracing.com/public/track-maps/tracks_silverstone/43-silverstone-international/pitroad.svg,https://members-assets.iracing.com/public/track-maps/tracks_silverstone/43-silverstone-international/start-finish.svg,https://members-assets.iracing.com/public/track-maps/tracks_silverstone/43-silverstone-international/turns.svg,10,45,42,81,false,true,52.0733006,-1.0168574,Europe/London
44,[Legacy] Silverstone Circuit - 2008,"Towcester, Northamptonshire",England,National,2.638,,road,tracks\silverstone\national,https://members-assets.iracing.com/public/track-maps/tracks_silverstone/44-silverstone-national/active.svg,https://members-assets.iracing.com/public/track-maps/tracks_silverstone/44-silverstone-national/pitroad.svg,https://members-assets.iracing.com/public/track-maps/tracks_silverstone/44-silverstone-national/start-finish.svg,https://members-assets.iracing.com/public/track-maps/tracks_silverstone/44-silverstone-national/turns.svg,6,45,42,81,false,true,52.0733006,-1.0168574,Europe/London
45,[Legacy] Silverstone Circuit - 2008,"Towcester, Northamptonshire",England,Southern,3.169,,road,tracks\silverstone\southern,https://members-assets.iracing.com/public/track-maps/tracks_silverstone/45-silverstone-southern/active.svg,https://members-assets.iracing.com/public/track-maps/tracks_silverstone/45-silverstone-southern/pitroad.svg,https://members-assets.iracing.com/public/track-maps/tracks_silverstone/45-silverstone-southern/start-finish.svg,https://members-assets.iracing.com/public/track-maps/tracks_silverstone/45-silverstone-southern/turns.svg,5,35,43,81,false,true,52.0733006,-1.0168574,Europe/London
50,Road America,"Elkhart Lake, Wisconsin",USA,Bend,6.515,,road,tracks\roadamerica\bend,https://members-assets.iracing.com/public/track-maps/tracks_roadamerica/50-roadamerica-bend/active.svg,https://members-assets.iracing.com/public/track-maps/tracks_roadamerica/50-roadamerica-bend/pitroad.svg,https://members-assets.iracing.com/public/track-maps/tracks_roadamerica/50-roadamerica-bend/start-finish.svg,https://members-assets.iracing.com/public/track-maps/tracks_roadamerica/50-roadamerica-bend/turns.svg,14,45,60,90,false,true,43.79751,-87.992157,America/Chicago
51,EchoPark Speedway (Atlanta),"Hampton, Georgia",USA,Road - 2008,4.104,,road,tracks\atlanta\roadcourse,https://members-assets.iracing.com/public/track-maps/tracks_atlanta/51-atlanta-roadcourse/active.svg,https://members-assets.iracing.com/public/track-maps/tracks_atlanta/51-atlanta-roadcourse/pitroad.svg,https://members-assets.iracing.com/public/track-maps/tracks_atlanta/51-atlanta-roadcourse/start-finish.svg,https://members-assets.iracing.com/public/track-maps/tracks_atlanta/51-atlanta-roadcourse/turns.svg,9,45,43,64,false,true,33.3859794,-84.3184714,America/New_York
52,EchoPark Speedway (Atlanta),"Hampton, Georgia",USA,Legends Oval - 2008,0.402,,oval,tracks\atlanta\legendsoval,https://members-assets.iracing.com/public/track-maps/tracks_atlanta/52-atlanta-legendsoval/active.svg,https://members-assets.iracing.com/public/track-maps/tracks_atlanta/52-atlanta-legendsoval/pitroad.svg,https://members-assets.iracing.com/public/track-maps/tracks_atlanta/52-atlanta-legendsoval/start-finish.svg,https://members-assets.iracing.com/public/track-maps/tracks_atlanta/52-atlanta-legendsoval/turns.svg,4,35,26,39,false,false,33.3859794,-84.3184714,America/New_York
53,EchoPark Speedway (Atlanta),"Hampton, Georgia",USA,Oval - 2008,2.478,,oval,tracks\atlanta\quadoval,https://members-assets.iracing.com/public/track-maps/tracks_atlanta/53-atlanta-quadoval/active.svg,https://members-assets.iracing.com/public/track-maps/tracks_atlanta/53-atlanta-quadoval/pitroad.svg,https://members-assets.iracing.com/public/track-maps/tracks_atlanta/53-atlanta-quadoval/start-finish.svg,https://members-assets.iracing.com/public/track-maps/tracks_atlanta/53-atlanta-quadoval/turns.svg,4,45,43,64,false,false,33.3859794,-84.3184714,America/New_York
94,The Milwaukee Mile,"West Allis, Wisconsin",USA,,1.609,,oval,tracks\milwaukee,https://members-assets.iracing.com/public/track-maps/tracks_milwaukee/94-milwaukee/active.svg,https://members-assets.iracing.com/public/track-maps/tracks_milwaukee/94-milwaukee/pitroad.svg,https://members-assets.iracing.com/public/track-maps/tracks_milwaukee/94-milwaukee/start-finish.svg,https://members-assets.iracing.com/public/track-maps/tracks_milwaukee/94-milwaukee/turns.svg,4,45,43,64,false,false,43.0204523,-88.0150972,America/Chicago
95,Sebring International Raceway,"Sebring, Florida",USA,International,6.019,sebring,road,tracks\sebring\international,https://members-assets.iracing.com/public/track-maps/tracks_sebring/95-sebring-international/active.svg,https://members-assets.iracing.com/public/track-maps/tracks_sebring/95-sebring-international/pitroad.svg,https://members-assets.iracing.com/public/track-maps/tracks_sebring/95-sebring-international/start-finish.svg,https://members-assets.iracing.com/public/track-maps/tracks_sebring/95-sebring-international/turns.svg,17,45,62,64,true,true,27.4550124,-81.3518741,America/New_York
96,Sebring International Raceway,"Sebring, Florida",USA,Modified,3.17,,road,tracks\sebring\modified,https://members-assets.iracing.com/public/track-maps/tracks_sebring/96-sebring-modified/active.svg,https://members-assets.iracing.com/public/track-maps/tracks_sebring/96-sebring-modified/pitroad.svg,https://members-assets.iracing.com/public/track-maps/tracks_sebring/96-sebring-modified/start-finish.svg,https://members-assets.iracing.com/public/track-maps/tracks_sebring/96-sebring-modified/turns.svg,9,45,62,64,true,true,27.4550124,-81.3518741,America/New_York
97,Sebring International Raceway,"Sebring, Florida",USA,Club,2.816,,road,tracks\sebring\club,https://members-assets.iracing.com/public/track-maps/tracks_sebring/97-sebring-club/active.svg,https://members-assets.iracing.com/public/track-maps/tracks_sebring/97-sebring-club/pitroad.svg,https://members-assets.iracing.com/public/track-maps/tracks_sebring/97-sebring-club/start-finish.svg,https://members-assets.iracing.com/public/track-maps/tracks_sebring/97-sebring-club/turns.svg,11,45,29,58,true,true,27.4550124,-81.3518741,America/New_York
101,Bristol Motor Speedway,"Bristol, Tennessee",USA,Dual Pit Roads,0.858,,oval,tracks\bristol,https://members-assets.iracing.com/public/track-maps/tracks_bristol/101-bristol/active.svg,https://members-assets.iracing.com/public/track-maps/tracks_bristol/101-bristol/pitroad.svg,https://members-assets.iracing.com/public/track-maps/tracks_bristol/101-bristol/start-finish.svg,https://members-assets.iracing.com/public/track-maps/tracks_bristol/101-bristol/turns.svg,4,30,43,64,true,false,36.515694,-82.2591607,America/New_York
103,Las Vegas Motor Speedway,"Las Vegas, Nevada",USA,Oval,2.414,,oval,tracks\vegas\oval,https://members-assets.iracing.com/public/track-maps/tracks_vegas/103-vegas-oval/active.svg,https://members-assets.iracing.com/public/track-maps/tracks_vegas/103-vegas-oval/pitroad.svg,https://members-assets.iracing.com/public/track-maps/tracks_vegas/103-vegas-oval/start-finish.svg,https://members-assets.iracing.com/public/track-maps/tracks_vegas/103-vegas-oval/turns.svg,4,50,43,64,true,false,36.2722847,-115.0124701,America/Los_Angeles
104,[Legacy] Phoenix Raceway - 2008,"Avondale, Arizona",USA,Oval,1.609,,oval,tracks\phoenix\oval,https://members-assets.iracing.com/public/track-maps/tracks_phoenix/104-phoenix-oval/active.svg,https://members-assets.iracing.com/public/track-maps/tracks_phoenix/104-phoenix-oval/pitroad.svg,https://members-assets.iracing.com/public/track-maps/tracks_phoenix/104-phoenix-oval/start-finish.svg,https://members-assets.iracing.com/public/track-maps/tracks_phoenix/104-phoenix-oval/turns.svg,4,45,43,64,false,false,33.37487,-112.313415,America/Phoenix
105,[Legacy] Phoenix Raceway - 2008,"Avondale, Arizona",USA,Road Course,2.43,,road,tracks\phoenix\road,https://members-assets.iracing.com/public/track-maps/tracks_phoenix/105-phoenix-road/active.svg,https://members-assets.iracing.com/public/track-maps/tracks_phoenix/105-phoenix-road/pitroad.svg,https://members-assets.iracing.com/public/track-maps/tracks_phoenix/105-phoenix-road/start-finish.svg,https://members-assets.iracing.com/public/track-maps/tracks_phoenix/105-phoenix-road/turns.svg,13,30,51,76,false,true,33.37487,-112.313415,America/Phoenix
110,Las Vegas Motor Speedway,"Las Vegas, Nevada",USA,Legends Oval,0.402,,oval,tracks\vegas\legends,https://members-assets.iracing.com/public/track-maps/tracks_vegas/110-vegas-legends/active.svg,https://members-assets.iracing.com/public/track-maps/tracks_vegas/110-vegas-legends/pitroad.svg,https://members-assets.iracing.com/public/track-maps/tracks_vegas/110-vegas-legends/start-finish.svg,https://members-assets.iracing.com/public/track-maps/tracks_vegas/110-vegas-legends/turns.svg,4,35,22,33,false,false,36.2722847,-115.0124701,America/Los_Angeles
111,Las Vegas Motor Speedway,"Las Vegas, Nevada",USA,Road Course Long,1.722,,road,tracks\vegas\roadlong,https://members-assets.iracing.com/public/track-maps/tracks_vegas/111-vegas-roadlong/active.svg,https://members-assets.iracing.com/public/track-maps/tracks_vegas/111-vegas-roadlong/pitroad.svg,https://members-assets.iracing.com/public/track-maps/tracks_vegas/111-vegas-roadlong/start-finish.svg,https://members-assets.iracing.com/public/track-maps/tracks_vegas/111-vegas-roadlong/turns.svg,10,35,23,60,false,true,36.2722847,-115.0124701,America/Los_Angeles
112,Las Vegas Motor Speedway,"Las Vegas, Nevada",USA,Road Course Short,1.207,,road,tracks\vegas\roadshort,https://members-assets.iracing.com/public/track-maps/tracks_vegas/112-vegas-roadshort/active.svg,https://members-assets.iracing.com/public/track-maps/tracks_vegas/112-vegas-roadshort/pitroad.svg,https://members-assets.iracing.com/public/track-maps/tracks_vegas/112-vegas-roadshort/start-finish.svg,https://members-assets.iracing.com/public/track-maps/tracks_vegas/112-vegas-roadshort/turns.svg,6,35,23,60,false,true,36.2722847,-115.0124701,America/Los_Angeles
113,Las Vegas Motor Speedway,"Las Vegas, Nevada",USA,Infield Legends Oval,0.547,,oval,tracks\vegas\inflegends,https://members-assets.iracing.com/public/track-maps/tracks_vegas/113-vegas-inflegends/active.svg,https://members-assets.iracing.com/public/track-maps/tracks_vegas/113-vegas-inflegends/pitroad.svg,https://members-assets.iracing.com/public/track-maps/tracks_vegas/113-vegas-inflegends/start-finish.svg,https://members-assets.iracing.com/public/track-maps/tracks_vegas/113-vegas-inflegends/turns.svg,4,35,7,10,false,false,36.2722847,-115.0124701,America/Los_Angeles
114,Las Vegas Motor Speedway,"Las Vegas, Nevada",USA,Road Course Combined,3.541,,road,tracks\vegas\roadcombined,https://members-assets.iracing.com/public/track-maps/tracks_vegas/114-vegas-roadcombined/active.svg,https://members-assets.iracing.com/public/track-maps/tracks_vegas/114-vegas-roadcombined/pitroad.svg,https://members-assets.iracing.com/public/track-maps/tracks_vegas/114-vegas-roadcombined/start-finish.svg,https://members-assets.iracing.com/public/track-maps/tracks_vegas/114-vegas-roadcombined/turns.svg,11,35,23,60,false,true,36.2722847,-115.0124701,America/Los_Angeles
115,Darlington Raceway,"Darlington, South Carolina",USA,,2.198,,oval,tracks\darlington,https://members-assets.iracing.com/public/track-maps/tracks_darlington/115-darlington/active.svg,https://members-assets.iracing.com/public/track-maps/tracks_darlington/115-darlington/pitroad.svg,https://members-assets.iracing.com/public/track-maps/tracks_darlington/115-darlington/start-finish.svg,https://members-assets.iracing.com/public/track-maps/tracks_darlington/115-darlington/turns.svg,4,45,43,64,true,false,34.2973206,-79.9073456,America/New_York
116,Talladega Superspeedway,"Talladega, Alabama",USA,,4.281,,oval,tracks\talladega,https://members-assets.iracing.com/public/track-maps/tracks_talladega/116-talladega/active.svg,https://members-assets.iracing.com/public/track-maps/tracks_talladega/116-talladega/pitroad.svg,https://members-assets.iracing.com/public/track-maps/tracks_talladega/116-talladega/start-finish.svg,https://members-assets.iracing.com/public/track-maps/tracks_talladega/116-talladega/turns.svg,4,55,43,64,false,false,33.5669742,-86.0683193,America/Chicago
117,[Legacy] Texas Motor Speedway - 2009,"Fort Worth, Texas",USA,Road Course Long,1.4,,road,tracks\texas\infieldrclong,https://members-assets.iracing.com/public/track-maps/tracks_texas/117-texas-infieldrclong/active.svg,https://members-assets.iracing.com/public/track-maps/tracks_texas/117-texas-infieldrclong/pitroad.svg,https://members-assets.iracing.com/public/track-maps/tracks_texas/117-texas-infieldrclong/start-finish.svg,https://members-assets.iracing.com/public/track-maps/tracks_texas/117-texas-infieldrclong/turns.svg,8,30,37,60,false,true,33.0373257,-97.2843123,America/Chicago
118,[Legacy] Texas Motor Speedway - 2009,"Fort Worth, Texas",USA,Road Course Short A,0.66,,road,tracks\texas\infieldrcshorta,https://members-assets.iracing.com/public/track-maps/tracks_texas/118-texas-infieldrcshorta/active.svg,https://members-assets.iracing.com/public/track-maps/tracks_texas/118-texas-infieldrcshorta/pitroad.svg,https://members-assets.iracing.com/public/track-maps/tracks_texas/118-texas-infieldrcshorta/start-finish.svg,https://members-assets.iracing.com/public/track-maps/tracks_texas/118-texas-infieldrcshorta/turns.svg,5,30,23,34,false,true,33.0373257,-97.2843123,America/Chicago
119,[Legacy] Texas Motor Speedway - 2009,"Fort Worth, Texas",USA,Road Course Short B,0.772,,road,tracks\texas\infieldrcshortb,https://members-assets.iracing.com/public/track-maps/tracks_texas/119-texas-infieldrcshortb/active.svg,https://members-assets.iracing.com/public/track-maps/tracks_texas/119-texas-infieldrcshortb/pitroad.svg,https://members-assets.iracing.com/public/track-maps/tracks_texas/119-texas-infieldrcshortb/start-finish.svg,https://members-assets.iracing.com/public/track-maps/tracks_texas/119-texas-infieldrcshortb/turns.svg,7,30,37,63,false,true,33.0373257,-97.2843123,America/Chicago
120,[Legacy] Texas Motor Speedway - 2009,"Fort Worth, Texas",USA,Legends Oval,0.386,,oval,tracks\texas\legendsoval,https://members-assets.iracing.com/public/track-maps/tracks_texas/120-texas-legendsoval/active.svg,https://members-assets.iracing.com/public/track-maps/tracks_texas/120-texas-legendsoval/pitroad.svg,https://members-assets.iracing.com/public/track-maps/tracks_texas/120-texas-legendsoval/start-finish.svg,https://members-assets.iracing.com/public/track-maps/tracks_texas/120-texas-legendsoval/turns.svg,2,30,18,27,false,false,33.0373257,-97.2843123,America/Chicago
121,[Legacy] Texas Motor Speedway - 2009,"Fort Worth, Texas",USA,Oval,2.414,,oval,tracks\texas\oval,https://members-assets.iracing.com/public/track-maps/tracks_texas/121-texas-oval/active.svg,https://members-assets.iracing.com/public/track-maps/tracks_texas/121-texas-oval/pitroad.svg,https://members-assets.iracing.com/public/track-maps/tracks_texas/121-texas-oval/start-finish.svg,https://members-assets.iracing.com/public/track-maps/tracks_texas/121-texas-oval/turns.svg,4,30,43,64,false,false,33.0373257,-97.2843123,America/Chicago
122,[Legacy] Texas Motor Speedway - 2009,"Fort Worth, Texas",USA,Road Course Combined,3.669,,road,tracks\texas\roadcourse,https://members-assets.iracing.com/public/track-maps/tracks_texas/122-texas-roadcourse/active.svg,https://members-assets.iracing.com/public/track-maps/tracks_texas/122-texas-roadcourse/pitroad.svg,https://members-assets.iracing.com/public/track-maps/tracks_texas/122-texas-roadcourse/start-finish.svg,https://members-assets.iracing.com/public/track-maps/tracks_texas/122-texas-roadcourse/turns.svg,10,45,43,60,false,true,33.0373257,-97.2843123,America/Chicago
123,Chicagoland Speedway,"Joliet, Illinois",USA,,2.414,,oval,tracks\chicagoland,https://members-assets.iracing.com/public/track-maps/tracks_chicagoland/123-chicagoland/active.svg,https://members-assets.iracing.com/public/track-maps/tracks_chicagoland/123-chicagoland/pitroad.svg,https://members-assets.iracing.com/public/track-maps/tracks_chicagoland/123-chicagoland/start-finish.svg,https://members-assets.iracing.com/public/track-maps/tracks_chicagoland/123-chicagoland/turns.svg,4,45,43,64,true,false,41.4749519,-88.0594943,America/Chicago
124,[Legacy] Michigan International Speedway - 2009,"Brooklyn, Michigan",USA,,3.219,,oval,tracks\michigan,https://members-assets.iracing.com/public/track-maps/tracks_michigan/124-michigan/active.svg,https://members-assets.iracing.com/public/track-maps/tracks_michigan/124-michigan/pitroad.svg,https://members-assets.iracing.com/public/track-maps/tracks_michigan/124-michigan/start-finish.svg,https://members-assets.iracing.com/public/track-maps/tracks_michigan/124-michigan/turns.svg,4,55,43,64,false,false,34.15219,-83.81511,America/Detroit
126,Road Atlanta,"Braselton, Georgia",USA,Club,2.913,road-atlanta-s,road,tracks\roadatlanta\club,https://members-assets.iracing.com/public/track-maps/tracks_roadatlanta/126-roadatlanta-club/active.svg,https://members-assets.iracing.com/public/track-maps/tracks_roadatlanta/126-roadatlanta-club/pitroad.svg,https://members-assets.iracing.com/public/track-maps/tracks_roadatlanta/126-roadatlanta-club/start-finish.svg,https://members-assets.iracing.com/public/track-maps/tracks_roadatlanta/126-roadatlanta-club/turns.svg,14,45,47,64,true,true,34.15219,-83.81511,America/New_York
127,Road Atlanta,"Braselton, Georgia",USA,Full Course,4.088,road-atlanta,road,tracks\roadatlanta\full,https://members-assets.iracing.com/public/track-maps/tracks_roadatlanta/127-roadatlanta-full/active.svg,https://members-assets.iracing.com/public/track-maps/tracks_roadatlanta/127-roadatlanta-full/pitroad.svg,https://members-assets.iracing.com/public/track-maps/tracks_roadatlanta/127-roadatlanta-full/start-finish.svg,https://members-assets.iracing.com/public/track-maps/tracks_roadatlanta/127-roadatlanta-full/turns.svg,12,45,51,64,true,true,34.15219,-83.81511,America/New_York
128,Road Atlanta,"Braselton, Georgia",USA,Short,2.832,,road,tracks\roadatlanta\short,https://members-assets.iracing.com/public/track-maps/tracks_roadatlanta/128-roadatlanta-short/active.svg,https://members-assets.iracing.com/public/track-maps/tracks_roadatlanta/128-roadatlanta-short/pitroad.svg,https://members-assets.iracing.com/public/track-maps/tracks_roadatlanta/128-roadatlanta-short/start-finish.svg,https://members-assets.iracing.com/public/track-maps/tracks_roadatlanta/128-roadatlanta-short/turns.svg,10,45,51,64,true,true,34.15219,-83.81511,America/New_York
129,New Hampshire Motor Speedway,"Loudon, New Hampshire",USA,Road Course,2.462,,road,tracks\newhampshire\chicane,https://members-assets.iracing.com/public/track-maps/tracks_newhampshire/129-newhampshire-chicane/active.svg,https://members-assets.iracing.com/public/track-maps/tracks_newhampshire/129-newhampshire-chicane/pitroad.svg,https://members-assets.iracing.com/public/track-maps/tracks_newhampshire/129-newhampshire-chicane/start-finish.svg,https://members-assets.iracing.com/public/track-maps/tracks_newhampshire/129-newhampshire-chicane/turns.svg,14,45,44,60,false,true,43.36268,-71.462767,America/New_York
130,New Hampshire Motor Speedway,"Loudon, New Hampshire",USA,Road Course with North Oval,2.559,,road,tracks\newhampshire\northoval,https://members-assets.iracing.com/public/track-maps/tracks_newhampshire/130-newhampshire-northoval/active.svg,https://members-assets.iracing.com/public/track-maps/tracks_newhampshire/130-newhampshire-northoval/pitroad.svg,https://members-assets.iracing.com/public/track-maps/tracks_newhampshire/130-newhampshire-northoval/start-finish.svg,https://members-assets.iracing.com/public/track-maps/tracks_newhampshire/130-newhampshire-northoval/turns.svg,13,45,44,60,false,true,43.36268,-71.462767,America/New_York
131,New Hampshire Motor Speedway,"Loudon, New Hampshire",USA,Oval,1.609,,oval,tracks\newhampshire\oval,https://members-assets.iracing.com/public/track-maps/tracks_newhampshire/131-newhampshire-oval/active.svg,https://members-assets.iracing.com/public/track-maps/tracks_newhampshire/131-newhampshire-oval/pitroad.svg,https://members-assets.iracing.com/public/track-maps/tracks_newhampshire/131-newhampshire-oval/start-finish.svg,https://members-assets.iracing.com/public/track-maps/tracks_newhampshire/131-newhampshire-oval/turns.svg,4,45,44,60,false,false,43.36268,-71.462767,America/New_York
132,New Hampshire Motor Speedway,"Loudon, New Hampshire",USA,Road Course with South Oval,2.494,,road,tracks\newhampshire\southoval,https://members-assets.iracing.com/public/track-maps/tracks_newhampshire/132-newhampshire-southoval/active.svg,https://members-assets.iracing.com/public/track-maps/tracks_newhampshire/132-newhampshire-southoval/pitroad.svg,https://members-assets.iracing.com/public/track-maps/tracks_newhampshire/132-newhampshire-southoval/start-finish.svg,https://members-assets.iracing.com/public/track-maps/tracks_newhampshire/132-newhampshire-southoval/turns.svg,13,45,44,60,false,true,43.36268,-71.462767,America/New_York
133,Indianapolis Motor Speedway,"Speedway, Indiana",USA,NASCAR Oval - 2009,4.023,,oval,tracks\indianapolis\oval,https://members-assets.iracing.com/public/track-maps/tracks_indianapolis/133-indianapolis-oval/active.svg,https://members-assets.iracing.com/public/track-maps/tracks_indianapolis/133-indianapolis-oval/pitroad.svg,https://members-assets.iracing.com/public/track-maps/tracks_indianapolis/133-indianapolis-oval/start-finish.svg,https://members-assets.iracing.com/public/track-maps/tracks_indianapolis/133-indianapolis-oval/turns.svg,4,60,55,82,false,false,39.7953542,-86.2374946,America/Indiana/Indianapolis
134,Indianapolis Motor Speedway,"Speedway, Indiana",USA,Road Course - 2009,4.192,,road,tracks\indianapolis\road,https://members-assets.iracing.com/public/track-maps/tracks_indianapolis/134-indianapolis-road/active.svg,https://members-assets.iracing.com/public/track-maps/tracks_indianapolis/134-indianapolis-road/pitroad.svg,https://members-assets.iracing.com/public/track-maps/tracks_indianapolis/134-indianapolis-road/start-finish.svg,https://members-assets.iracing.com/public/track-maps/tracks_indianapolis/134-indianapolis-road/turns.svg,13,55,53,79,false,true,39.7953542,-86.2374946,America/Indiana/Indianapolis
135,Indianapolis Motor Speedway,"Speedway, Indiana",USA,Bike - 2009,4.218,,road,tracks\indianapolis\motogp,https://members-assets.iracing.com/public/track-maps/tracks_indianapolis/135-indianapolis-motogp/active.svg,https://members-assets.iracing.com/public/track-maps/tracks_indianapolis/135-indianapolis-motogp/pitroad.svg,https://members-assets.iracing.com/public/track-maps/tracks_indianapolis/135-indianapolis-motogp/start-finish.svg,https://members-assets.iracing.com/public/track-maps/tracks_indianapolis/135-indianapolis-motogp/turns.svg,16,55,53,79,false,true,39.7953542,-86.2374946,America/Indiana/Indianapolis
136,[Legacy] Pocono Raceway - 2009,"Long Pond, Pennsylvania",USA,Oval,4.023,,oval,tracks\pocono\oval,https://members-assets.iracing.com/public/track-maps/tracks_pocono/136-pocono-oval/active.svg,https://members-assets.iracing.com/public/track-maps/tracks_pocono/136-pocono-oval/pitroad.svg,https://members-assets.iracing.com/public/track-maps/tracks_pocono/136-pocono-oval/start-finish.svg,https://members-assets.iracing.com/public/track-maps/tracks_pocono/136-pocono-oval/turns.svg,3,55,43,64,false,false,41.0543442,-75.513473,America/New_York
137,[Legacy] Pocono Raceway - 2009,"Long Pond, Pennsylvania",USA,East,2.253,,road,tracks\pocono\east,https://members-assets.iracing.com/public/track-maps/tracks_pocono/137-pocono-east/active.svg,https://members-assets.iracing.com/public/track-maps/tracks_pocono/137-pocono-east/pitroad.svg,https://members-assets.iracing.com/public/track-maps/tracks_pocono/137-pocono-east/start-finish.svg,https://members-assets.iracing.com/public/track-maps/tracks_pocono/137-pocono-east/turns.svg,13,35,31,60,false,true,41.0543442,-75.513473,America/New_York
138,[Legacy] Pocono Raceway - 2009,"Long Pond, Pennsylvania",USA,South,1.609,,road,tracks\pocono\south,https://members-assets.iracing.com/public/track-maps/tracks_pocono/138-pocono-south/active.svg,https://members-assets.iracing.com/public/track-maps/tracks_pocono/138-pocono-south/pitroad.svg,https://members-assets.iracing.com/public/track-maps/tracks_pocono/138-pocono-south/start-finish.svg,https://members-assets.iracing.com/public/track-maps/tracks_pocono/138-pocono-south/turns.svg,10,35,15,22,false,true,41.0543442,-75.513473,America/New_York
139,[Legacy] Pocono Raceway - 2009,"Long Pond, Pennsylvania",USA,North,2.414,,road,tracks\pocono\north,https://members-assets.iracing.com/public/track-maps/tracks_pocono/139-pocono-north/active.svg,https://members-assets.iracing.com/public/track-maps/tracks_pocono/139-pocono-north/pitroad.svg,https://members-assets.iracing.com/public/track-maps/tracks_pocono/139-pocono-north/start-finish.svg,https://members-assets.iracing.com/public/track-maps/tracks_pocono/139-pocono-north/turns.svg,7,35,60,90,false,true,41.0543442,-75.513473,America/New_York
140,[Legacy] Pocono Raceway - 2009,"Long Pond, Pennsylvania",USA,International,4.023,,road,tracks\pocono\international,https://members-assets.iracing.com/public/track-maps/tracks_pocono/140-pocono-international/active.svg,https://members-assets.iracing.com/public/track-maps/tracks_pocono/140-pocono-international/pitroad.svg,https://members-assets.iracing.com/public/track-maps/tracks_pocono/140-pocono-international/start-finish.svg,https://members-assets.iracing.com/public/track-maps/tracks_pocono/140-pocono-international/turns.svg,7,55,60,90,false,true,41.0543442,-75.513473,America/New_York
142,Summit Point Raceway,"Summit Point, West Virginia",USA,Jefferson Reverse,1.786,,road,tracks\summit\jefferson\rev,https://members-assets.iracing.com/public/track-maps/tracks_summit/142-summit-jefferson-rev/active.svg,https://members-assets.iracing.com/public/track-maps/tracks_summit/142-summit-jefferson-rev/pitroad.svg,https://members-assets.iracing.com/public/track-maps/tracks_summit/142-summit-jefferson-rev/start-finish.svg,https://members-assets.iracing.com/public/track-maps/tracks_summit/142-summit-jefferson-rev/turns.svg,7,35,20,30,false,true,39.2415229,-77.9778938,America/New_York
143,Centripetal Circuit,,Parts Unknown,,0.198,,oval,tracks\skidpad,https://members-assets.iracing.com/public/track-maps/tracks_skidpad/143-skidpad/active.svg,https://members-assets.iracing.com/public/track-maps/tracks_skidpad/143-skidpad/pitroad.svg,https://members-assets.iracing.com/public/track-maps/tracks_skidpad/143-skidpad/start-finish.svg,https://members-assets.iracing.com/public/track-maps/tracks_skidpad/143-skidpad/turns.svg,1,45,1,1,false,false,42.596953,-83.684817,America/Detroit
144,Canadian Tire Motorsports Park,"Bowmanville, Ontario",Canada,,3.957,,road,tracks\mosport,https://members-assets.iracing.com/public/track-maps/tracks_mosport/144-mosport/active.svg,https://members-assets.iracing.com/public/track-maps/tracks_mosport/144-mosport/pitroad.svg,https://members-assets.iracing.com/public/track-maps/tracks_mosport/144-mosport/start-finish.svg,https://members-assets.iracing.com/public/track-maps/tracks_mosport/144-mosport/turns.svg,10,35,32,67,false,true,44.0541878,-78.677559,America/Toronto
145,Brands Hatch Circuit,"Fawkham, Kent",England,Grand Prix,3.703,brands-hatch,road,tracks\brandshatch\grandprix,https://members-assets.iracing.com/public/track-maps/tracks_brandshatch/145-brandshatch-grandprix/active.svg,https://members-assets.iracing.com/public/track-maps/tracks_brandshatch/145-brandshatch-grandprix/pitroad.svg,https://members-assets.iracing.com/public/track-maps/tracks_brandshatch/145-brandshatch-grandprix/start-finish.svg,https://members-assets.iracing.com/public/track-maps/tracks_brandshatch/145-brandshatch-grandprix/turns.svg,9,45,31,61,false,true,51.3581048,0.2536338,Europe/London
146,Brands Hatch Circuit,"Fawkham, Kent",England,Indy,1.928,brands-hatch-indy,road,tracks\brandshatch\indy,https://members-assets.iracing.com/public/track-maps/tracks_brandshatch/146-brandshatch-indy/active.svg,https://members-assets.iracing.com/public/track-maps/tracks_brandshatch/146-brandshatch-indy/pitroad.svg,https://members-assets.iracing.com/public/track-maps/tracks_brandshatch/146-brandshatch-indy/start-finish.svg,https://members-assets.iracing.com/public/track-maps/tracks_brandshatch/146-brandshatch-indy/turns.svg,6,45,31,61,false,true,51.3581048,0.2536338,Europe/London
147,Circuit Park Zandvoort,"Zandvoort, North Holland",Netherlands,Chicane - 2009,4.313,,road,tracks\zandvoort\chicane,https://members-assets.iracing.com/public/track-maps/tracks_zandvoort/147-zandvoort-chicane/active.svg,https://members-assets.iracing.com/public/track-maps/tracks_zandvoort/147-zandvoort-chicane/pitroad.svg,https://members-assets.iracing.com/public/track-maps/tracks_zandvoort/147-zandvoort-chicane/start-finish.svg,https://members-assets.iracing.com/public/track-maps/tracks_zandvoort/147-zandvoort-chicane/turns.svg,14,37,21,43,false,true,52.3877081,4.5420188,Europe/Amsterdam
148,Circuit Park Zandvoort,"Zandvoort, North Holland",Netherlands,Club - 2009,2.575,,road,tracks\zandvoort\club,https://members-assets.iracing.com/public/track-maps/tracks_zandvoort/148-zandvoort-club/active.svg,https://members-assets.iracing.com/public/track-maps/tracks_zandvoort/148-zandvoort-club/pitroad.svg,https://members-assets.iracing.com/public/track-maps/tracks_zandvoort/148-zandvoort-club/start-finish.svg,https://members-assets.iracing.com/public/track-maps/tracks_zandvoort/148-zandvoort-club/turns.svg,7,37,21,43,false,true,52.3877081,4.5420188,Europe/Amsterdam
149,Circuit Park Zandvoort,"Zandvoort, North Holland",Netherlands,Grand Prix - 2009,4.299,,road,tracks\zandvoort\grandprix,https://members-assets.iracing.com/public/track-maps/tracks_zandvoort/149-zandvoort-grandprix/active.svg,https://members-assets.iracing.com/public/track-maps/tracks_zandvoort/149-zandvoort-grandprix/pitroad.svg,https://members-assets.iracing.com/public/track-maps/tracks_zandvoort/149-zandvoort-grandprix/start-finish.svg,https://members-assets.iracing.com/public/track-maps/tracks_zandvoort/149-zandvoort-grandprix/turns.svg,13,37,21,43,false,true,52.3877081,4.5420188,Europe/Amsterdam
150,Circuit Park Zandvoort,"Zandvoort, North Holland",Netherlands,Nationaal - 2009,2.897,,road,tracks\zandvoort\national,https://members-assets.iracing.com/public/track-maps/tracks_zandvoort/150-zandvoort-national/active.svg,https://members-assets.iracing.com/public/track-maps/tracks_zandvoort/150-zandvoort-national/pitroad.svg,https://members-assets.iracing.com/public/track-maps/tracks_zandvoort/150-zandvoort-national/start-finish.svg,https://members-assets.iracing.com/public/track-maps/tracks_zandvoort/150-zandvoort-national/turns.svg,8,37,21,43,false,true,52.3877081,4.5420188,Europe/Amsterdam
151,Circuit Park Zandvoort,"Zandvoort, North Holland",Netherlands,Oostelijk - 2009,1.448,,road,tracks\zandvoort\oostelijk,https://members-assets.iracing.com/public/track-maps/tracks_zandvoort/151-zandvoort-oostelijk/active.svg,https://members-assets.iracing.com/public/track-maps/tracks_zandvoort/151-zandvoort-oostelijk/pitroad.svg,https://members-assets.iracing.com/public/track-maps/tracks_zandvoort/151-zandvoort-oostelijk/start-finish.svg,https://members-assets.iracing.com/public/track-maps/tracks_zandvoort/151-zandvoort-oostelijk/turns.svg,6,37,11,22,false,true,52.3877081,4.5420188,Europe/Amsterdam
152,Phillip Island Circuit,"Phillip Island, Victoria",Australia,,4.445,,road,tracks\phillipisland,https://members-assets.iracing.com/public/track-maps/tracks_phillipisland/152-phillipisland/active.svg,https://members-assets.iracing.com/public/track-maps/tracks_phillipisland/152-phillipisland/pitroad.svg,https://members-assets.iracing.com/public/track-maps/tracks_phillipisland/152-phillipisland/start-finish.svg,https://members-assets.iracing.com/public/track-maps/tracks_phillipisland/152-phillipisland/turns.svg,12,45,44,66,false,true,-38.5011396,145.2355528,Australia/Melbourne
153,Mid-Ohio Sports Car Course,"Lexington, Ohio",USA,Full Course,3.621,,road,tracks\midohio\full,https://members-assets.iracing.com/public/track-maps/tracks_midohio/153-midohio-full/active.svg,https://members-assets.iracing.com/public/track-maps/tracks_midohio/153-midohio-full/pitroad.svg,https://members-assets.iracing.com/public/track-maps/tracks_midohio/153-midohio-full/start-finish.svg,https://members-assets.iracing.com/public/track-maps/tracks_midohio/153-midohio-full/turns.svg,13,45,28,69,false,true,40.6906568,-82.6397807,America/New_York
154,Mid-Ohio Sports Car Course,"Lexington, Ohio",USA,Chicane,3.862,,road,tracks\midohio\chicane,https://members-assets.iracing.com/public/track-maps/tracks_midohio/154-midohio-chicane/active.svg,https://members-assets.iracing.com/public/track-maps/tracks_midohio/154-midohio-chicane/pitroad.svg,https://members-assets.iracing.com/public/track-maps/tracks_midohio/154-midohio-chicane/start-finish.svg,https://members-assets.iracing.com/public/track-maps/tracks_midohio/154-midohio-chicane/turns.svg,15,45,28,69,false,true,40.6906568,-82.6397807,America/New_York
155,Mid-Ohio Sports Car Course,"Lexington, Ohio",USA,Short,3.219,,road,tracks\midohio\short,https://members-assets.iracing.com/public/track-maps/tracks_midohio/155-midohio-short/active.svg,https://members-assets.iracing.com/public/track-maps/tracks_midohio/155-midohio-short/pitroad.svg,https://members-assets.iracing.com/public/track-maps/tracks_midohio/155-midohio-short/start-finish.svg,https://members-assets.iracing.com/public/track-maps/tracks_midohio/155-midohio-short/turns.svg,13,45,28,69,false,true,40.6906568,-82.6397807,America/New_York
156,Mid-Ohio Sports Car Course,"Lexington, Ohio",USA,Oval,0.805,,oval,tracks\midohio\oval,https://members-assets.iracing.com/public/track-maps/tracks_midohio/156-midohio-oval/active.svg,https://members-assets.iracing.com/public/track-maps/tracks_midohio/156-midohio-oval/pitroad.svg,https://members-assets.iracing.com/public/track-maps/tracks_midohio/156-midohio-oval/start-finish.svg,https://members-assets.iracing.com/public/track-maps/tracks_midohio/156-midohio-oval/turns.svg,2,30,23,46,false,false,40.6906568,-82.6397807,America/New_York
157,Mid-Ohio Sports Car Course,"Lexington, Ohio",USA,Alt Oval,0.805,,oval,tracks\midohio\altoval,https://members-assets.iracing.com/public/track-maps/tracks_midohio/157-midohio-altoval/active.svg,https://members-assets.iracing.com/public/track-maps/tracks_midohio/157-midohio-altoval/pitroad.svg,https://members-assets.iracing.com/public/track-maps/tracks_midohio/157-midohio-altoval/start-finish.svg,https://members-assets.iracing.com/public/track-maps/tracks_midohio/157-midohio-altoval/turns.svg,4,30,20,39,false,false,40.6906568,-82.6397807,America/New_York
159,Summit Point Raceway,"Summit Point, West Virginia",USA,School,3.187,,road,tracks\summit\summit\raceway\school,https://members-assets.iracing.com/public/track-maps/tracks_summit/159-summit-summit-raceway-school/active.svg,https://members-assets.iracing.com/public/track-maps/tracks_summit/159-summit-summit-raceway-school/pitroad.svg,https://members-assets.iracing.com/public/track-maps/tracks_summit/159-summit-summit-raceway-school/start-finish.svg,https://members-assets.iracing.com/public/track-maps/tracks_summit/159-summit-summit-raceway-school/turns.svg,10,45,28,42,false,true,39.2415229,-77.9778938,America/New_York
161,Thompson Speedway Motorsports Park,"Thompson, Connecticut",USA,Oval,1.006,,oval,tracks\thompson,https://members-assets.iracing.com/public/track-maps/tracks_thompson/161-thompson/active.svg,https://members-assets.iracing.com/public/track-maps/tracks_thompson/161-thompson/pitroad.svg,https://members-assets.iracing.com/public/track-maps/tracks_thompson/161-thompson/start-finish.svg,https://members-assets.iracing.com/public/track-maps/tracks_thompson/161-thompson/turns.svg,4,45,43,64,true,false,41.981931,-71.825473,America/New_York
162,Dover Motor Speedway,"Dover, Delaware",USA,,1.609,,oval,tracks\dover,https://members-assets.iracing.com/public/track-maps/tracks_dover/162-dover/active.svg,https://members-assets.iracing.com/public/track-maps/tracks_dover/162-dover/pitroad.svg,https://members-assets.iracing.com/public/track-maps/tracks_dover/162-dover/start-finish.svg,https://members-assets.iracing.com/public/track-maps/tracks_dover/162-dover/turns.svg,4,35,40,63,false,false,39.1899138,-75.5328525,America/New_York
163,Circuit de Spa-Francorchamps,"Francorchamps, Liège",Belgium,Grand Prix Pits - 2010,7.001,,road,tracks\spa\up,https://members-assets.iracing.com/public/track-maps/tracks_spa/163-spa-up/active.svg,https://members-assets.iracing.com/public/track-maps/tracks_spa/163-spa-up/pitroad.svg,https://members-assets.iracing.com/public/track-maps/tracks_spa/163-spa-up/start-finish.svg,https://members-assets.iracing.com/public/track-maps/tracks_spa/163-spa-up/turns.svg,21,50,42,72,true,true,50.4369118,5.969856,Europe/Brussels
164,Circuit de Spa-Francorchamps,"Francorchamps, Liège",Belgium,Classic Pits - 2010,7.001,,road,tracks\spa\low,https://members-assets.iracing.com/public/track-maps/tracks_spa/164-spa-low/active.svg,https://members-assets.iracing.com/public/track-maps/tracks_spa/164-spa-low/pitroad.svg,https://members-assets.iracing.com/public/track-maps/tracks_spa/164-spa-low/start-finish.svg,https://members-assets.iracing.com/public/track-maps/tracks_spa/164-spa-low/turns.svg,21,37,37,63,true,true,50.4369118,5.969856,Europe/Brussels
165,Circuit de Spa-Francorchamps,"Francorchamps, Liège",Belgium,Endurance - 2010,7.001,,road,tracks\spa\combined,https://members-assets.iracing.com/public/track-maps/tracks_spa/165-spa-combined/active.svg,https://members-assets.iracing.com/public/track-maps/tracks_spa/165-spa-combined/pitroad.svg,https://members-assets.iracing.com/public/track-maps/tracks_spa/165-spa-combined/start-finish.svg,https://members-assets.iracing.com/public/track-maps/tracks_spa/165-spa-combined/turns.svg,21,37,60,90,true,true,50.4369118,5.969856,Europe/Brussels
166,Okayama International Circuit,"Mimasaka, Okayama Prefecture",Japan,Full Course,3.724,,road,tracks\okayama\full,https://members-assets.iracing.com/public/track-maps/tracks_okayama/166-okayama-full/active.svg,https://members-assets.iracing.com/public/track-maps/tracks_okayama/166-okayama-full/pitroad.svg,https://members-assets.iracing.com/public/track-maps/tracks_okayama/166-okayama-full/start-finish.svg,https://members-assets.iracing.com/public/track-maps/tracks_okayama/166-okayama-full/turns.svg,11,37,40,62,false,true,34.9125856,134.2160527,Asia/Tokyo
167,Okayama International Circuit,"Mimasaka, Okayama Prefecture",Japan,Short,2.092,,road,tracks\okayama\short,https://members-assets.iracing.com/public/track-maps/tracks_okayama/167-okayama-short/active.svg,https://members-assets.iracing.com/public/track-maps/tracks_okayama/167-okayama-short/pitroad.svg,https://members-assets.iracing.com/public/track-maps/tracks_okayama/167-okayama-short/start-finish.svg,https://members-assets.iracing.com/public/track-maps/tracks_okayama/167-okayama-short/turns.svg,7,37,40,62,false,true,34.9125856,134.2160527,Asia/Tokyo
168,Suzuka International Racing Course,"Suzuka, Mie Prefecture",Japan,Grand Prix,5.808,suzuka,road,tracks\suzuka\grandprix,https://members-assets.iracing.com/public/track-maps/tracks_suzuka/168-suzuka-grandprix/active.svg,https://members-assets.iracing.com/public/track-maps/tracks_suzuka/168-suzuka-grandprix/pitroad.svg,https://members-assets.iracing.com/public/track-maps/tracks_suzuka/168-suzuka-grandprix/start-finish.svg,https://members-assets.iracing.com/public/track-maps/tracks_suzuka/168-suzuka-grandprix/turns.svg,17,50,60,90,false,true,34.8455935,136.5367582,Asia/Tokyo
169,Iowa Speedway - Oval - 2011,"Newton, Iowa",USA,Oval - 2011,1.379,,oval,tracks\iowa\oval,https://members-assets.iracing.com/public/track-maps/tracks_iowa/169-iowa-oval/active.svg,https://members-assets.iracing.com/public/track-maps/tracks_iowa/169-iowa-oval/pitroad.svg,https://members-assets.iracing.com/public/track-maps/tracks_iowa/169-iowa-oval/start-finish.svg,https://members-assets.iracing.com/public/track-maps/tracks_iowa/169-iowa-oval/turns.svg,4,40,44,66,true,false,41.674667,-93.015162,America/Chicago
170,Iowa Speedway,"Newton, Iowa",USA,Road Course - 2011,2.092,,road,tracks\iowa\road,https://members-assets.iracing.com/public/track-maps/tracks_iowa/170-iowa-road/active.svg,https://members-assets.iracing.com/public/track-maps/tracks_iowa/170-iowa-road/pitroad.svg,https://members-assets.iracing.com/public/track-maps/tracks_iowa/170-iowa-road/start-finish.svg,https://members-assets.iracing.com/public/track-maps/tracks_iowa/170-iowa-road/turns.svg,8,40,44,66,true,true,41.674667,-93.015162,America/Chicago
171,Iowa Speedway,"Newton, Iowa",USA,Legends - 2011,0.322,,oval,tracks\iowa\legends,https://members-assets.iracing.com/public/track-maps/tracks_iowa/171-iowa-legends/active.svg,https://members-assets.iracing.com/public/track-maps/tracks_iowa/171-iowa-legends/pitroad.svg,https://members-assets.iracing.com/public/track-maps/tracks_iowa/171-iowa-legends/start-finish.svg,https://members-assets.iracing.com/public/track-maps/tracks_iowa/171-iowa-legends/turns.svg,4,20,21,31,true,false,41.674667,-93.015162,America/Chicago
172,Iowa Speedway,"Newton, Iowa",USA,Infield Legends - 2011,0.402,,oval,tracks\iowa\inflegends,https://members-assets.iracing.com/public/track-maps/tracks_iowa/172-iowa-inflegends/active.svg,https://members-assets.iracing.com/public/track-maps/tracks_iowa/172-iowa-inflegends/pitroad.svg,https://members-assets.iracing.com/public/track-maps/tracks_iowa/172-iowa-inflegends/start-finish.svg,https://members-assets.iracing.com/public/track-maps/tracks_iowa/172-iowa-inflegends/turns.svg,4,20,24,36,true,false,41.674667,-93.015162,America/Chicago
173,Suzuka International Racing Course,"Suzuka, Mie Prefecture",Japan,Moto,5.821,,road,tracks\suzuka\moto,https://members-assets.iracing.com/public/track-maps/tracks_suzuka/173-suzuka-moto/active.svg,https://members-assets.iracing.com/public/track-maps/tracks_suzuka/173-suzuka-moto/pitroad.svg,https://members-assets.iracing.com/public/track-maps/tracks_suzuka/173-suzuka-moto/start-finish.svg,https://members-assets.iracing.com/public/track-maps/tracks_suzuka/173-suzuka-moto/turns.svg,19,50,60,90,false,true,34.8455935,136.5367582,Asia/Tokyo
174,Suzuka International Racing Course,"Suzuka, Mie Prefecture",Japan,East,2.243,,road,tracks\suzuka\east,https://members-assets.iracing.com/public/track-maps/tracks_suzuka/174-suzuka-east/active.svg,https://members-assets.iracing.com/public/track-maps/tracks_suzuka/174-suzuka-east/pitroad.svg,https://members-assets.iracing.com/public/track-maps/tracks_suzuka/174-suzuka-east/start-finish.svg,https://members-assets.iracing.com/public/track-maps/tracks_suzuka/174-suzuka-east/turns.svg,7,50,60,90,false,true,34.8455935,136.5367582,Asia/Tokyo
175,Suzuka International Racing Course,"Suzuka, Mie Prefecture",Japan,West,3.467,,road,tracks\suzuka\west,https://members-assets.iracing.com/public/track-maps/tracks_suzuka/175-suzuka-west/active.svg,https://members-assets.iracing.com/public/track-maps/tracks_suzuka/175-suzuka-west/pitroad.svg,https://members-assets.iracing.com/public/track-maps/tracks_suzuka/175-suzuka-west/start-finish.svg,https://members-assets.iracing.com/public/track-maps/tracks_suzuka/175-suzuka-west/turns.svg,9,50,13,33,false,true,34.8455935,136.5367582,Asia/Tokyo
176,Suzuka International Racing Course,"Suzuka, Mie Prefecture",Japan,West w/chicane,3.467,,road,tracks\suzuka\westchicane,https://members-assets.iracing.com/public/track-maps/tracks_suzuka/176-suzuka-westchicane/active.svg,https://members-assets.iracing.com/public/track-maps/tracks_suzuka/176-suzuka-westchicane/pitroad.svg,https://members-assets.iracing.com/public/track-maps/tracks_suzuka/176-suzuka-westchicane/start-finish.svg,https://members-assets.iracing.com/public/track-maps/tracks_suzuka/176-suzuka-westchicane/turns.svg,11,50,13,33,false,true,34.8455935,136.5367582,Asia/Tokyo
178,Indianapolis Motor Speedway,"Speedway, Indiana",USA,Open Wheel Oval - 2009,4.023,,oval,tracks\indianapolis\ovalindypit,https://members-assets.iracing.com/public/track-maps/tracks_indianapolis/178-indianapolis-ovalindypit/active.svg,https://members-assets.iracing.com/public/track-maps/tracks_indianapolis/178-indianapolis-ovalindypit/pitroad.svg,https://members-assets.iracing.com/public/track-maps/tracks_indianapolis/178-indianapolis-ovalindypit/start-finish.svg,https://members-assets.iracing.com/public/track-maps/tracks_indianapolis/178-indianapolis-ovalindypit/turns.svg,4,60,48,72,false,false,39.7953542,-86.2374946,America/Indiana/Indianapolis
179,Long Beach Street Circuit,"Long Beach, California",USA,,3.167,,road,tracks\longbeach,https://members-assets.iracing.com/public/track-maps/tracks_longbeach/179-longbeach/active.svg,https://members-assets.iracing.com/public/track-maps/tracks_longbeach/179-longbeach/pitroad.svg,https://members-assets.iracing.com/public/track-maps/tracks_longbeach/179-longbeach/start-finish.svg,https://members-assets.iracing.com/public/track-maps/tracks_longbeach/179-longbeach/turns.svg,11,40,46,75,false,true,33.7643144,-118.1917598,America/Los_Angeles
180,Oulton Park Circuit,"Little Budworth, Cheshire",England,International,4.332,oulton-park,road,tracks\oulton\international,https://members-assets.iracing.com/public/track-maps/tracks_oulton/180-oulton-international/active.svg,https://members-assets.iracing.com/public/track-maps/tracks_oulton/180-oulton-international/pitroad.svg,https://members-assets.iracing.com/public/track-maps/tracks_oulton/180-oulton-international/start-finish.svg,https://members-assets.iracing.com/public/track-maps/tracks_oulton/180-oulton-international/turns.svg,17,30,18,40,false,true,53.1751389,-2.62258,Europe/London
181,Oulton Park Circuit,"Little Budworth, Cheshire",England,Fosters,2.672,,road,tracks\oulton\fosters,https://members-assets.iracing.com/public/track-maps/tracks_oulton/181-oulton-fosters/active.svg,https://members-assets.iracing.com/public/track-maps/tracks_oulton/181-oulton-fosters/pitroad.svg,https://members-assets.iracing.com/public/track-maps/tracks_oulton/181-oulton-fosters/start-finish.svg,https://members-assets.iracing.com/public/track-maps/tracks_oulton/181-oulton-fosters/turns.svg,6,30,18,40,false,true,53.1751389,-2.62258,Europe/London
182,Oulton Park Circuit,"Little Budworth, Cheshire",England,Island,3.637,,road,tracks\oulton\island,https://members-assets.iracing.com/public/track-maps/tracks_oulton/182-oulton-island/active.svg,https://members-assets.iracing.com/public/track-maps/tracks_oulton/182-oulton-island/pitroad.svg,https://members-assets.iracing.com/public/track-maps/tracks_oulton/182-oulton-island/start-finish.svg,https://members-assets.iracing.com/public/track-maps/tracks_oulton/182-oulton-island/turns.svg,7,30,18,40,false,true,53.1751389,-2.62258,Europe/London
183,Oulton Park Circuit,"Little Budworth, Cheshire",England,Intl w/out Hislop,4.332,,road,tracks\oulton\intbrittens,https://members-assets.iracing.com/public/track-maps/tracks_oulton/183-oulton-intbrittens/active.svg,https://members-assets.iracing.com/public/track-maps/tracks_oulton/183-oulton-intbrittens/pitroad.svg,https://members-assets.iracing.com/public/track-maps/tracks_oulton/183-oulton-intbrittens/start-finish.svg,https://members-assets.iracing.com/public/track-maps/tracks_oulton/183-oulton-intbrittens/turns.svg,14,30,18,40,false,true,53.1751389,-2.62258,Europe/London
184,Oulton Park Circuit,"Little Budworth, Cheshire",England,Intl w/out Brittens,4.332,,road,tracks\oulton\inthislop,https://members-assets.iracing.com/public/track-maps/tracks_oulton/184-oulton-inthislop/active.svg,https://members-assets.iracing.com/public/track-maps/tracks_oulton/184-oulton-inthislop/pitroad.svg,https://members-assets.iracing.com/public/track-maps/tracks_oulton/184-oulton-inthislop/start-finish.svg,https://members-assets.iracing.com/public/track-maps/tracks_oulton/184-oulton-inthislop/turns.svg,14,30,18,40,false,true,53.1751389,-2.62258,Europe/London
185,Oulton Park Circuit,"Little Budworth, Cheshire",England,Intl w/no Chicanes,4.332,,road,tracks\oulton\intnochicane,https://members-assets.iracing.com/public/track-maps/tracks_oulton/185-oulton-intnochicane/active.svg,https://members-assets.iracing.com/public/track-maps/tracks_oulton/185-oulton-intnochicane/pitroad.svg,https://members-assets.iracing.com/public/track-maps/tracks_oulton/185-oulton-intnochicane/start-finish.svg,https://members-assets.iracing.com/public/track-maps/tracks_oulton/185-oulton-intnochicane/turns.svg,12,30,18,40,false,true,53.1751389,-2.62258,Europe/London
186,Oulton Park Circuit,"Little Budworth, Cheshire",England,Fosters w/Hislop,2.672,,road,tracks\oulton\fosterswithhislop,https://members-assets.iracing.com/public/track-maps/tracks_oulton/186-oulton-fosterswithhislop/active.svg,https://members-assets.iracing.com/public/track-maps/tracks_oulton/186-oulton-fosterswithhislop/pitroad.svg,https://members-assets.iracing.com/public/track-maps/tracks_oulton/186-oulton-fosterswithhislop/start-finish.svg,https://members-assets.iracing.com/public/track-maps/tracks_oulton/186-oulton-fosterswithhislop/turns.svg,6,30,18,40,false,true,53.1751389,-2.62258,Europe/London
187,Oulton Park Circuit,"Little Budworth, Cheshire",England,Island Historic,3.637,,road,tracks\oulton\islandhistoric,https://members-assets.iracing.com/public/track-maps/tracks_oulton/187-oulton-islandhistoric/active.svg,https://members-assets.iracing.com/public/track-maps/tracks_oulton/187-oulton-islandhistoric/pitroad.svg,https://members-assets.iracing.com/public/track-maps/tracks_oulton/187-oulton-islandhistoric/start-finish.svg,https://members-assets.iracing.com/public/track-maps/tracks_oulton/187-oulton-islandhistoric/turns.svg,7,30,18,40,false,true,53.1751389,-2.62258,Europe/London
188,[Legacy] Kentucky Speedway - 2011,"Sparta, Kentucky",USA,Oval,2.414,,oval,tracks\kentucky\oval,https://members-assets.iracing.com/public/track-maps/tracks_kentucky/188-kentucky-oval/active.svg,https://members-assets.iracing.com/public/track-maps/tracks_kentucky/188-kentucky-oval/pitroad.svg,https://members-assets.iracing.com/public/track-maps/tracks_kentucky/188-kentucky-oval/start-finish.svg,https://members-assets.iracing.com/public/track-maps/tracks_kentucky/188-kentucky-oval/turns.svg,4,45,43,66,true,false,38.7117309,-84.9128033,America/New_York
189,[Legacy] Kentucky Speedway - 2011,"Sparta, Kentucky",USA,Legends,0.402,,oval,tracks\kentucky\legend,https://members-assets.iracing.com/public/track-maps/tracks_kentucky/189-kentucky-legend/active.svg,https://members-assets.iracing.com/public/track-maps/tracks_kentucky/189-kentucky-legend/pitroad.svg,https://members-assets.iracing.com/public/track-maps/tracks_kentucky/189-kentucky-legend/start-finish.svg,https://members-assets.iracing.com/public/track-maps/tracks_kentucky/189-kentucky-legend/turns.svg,4,30,31,46,true,false,38.7117309,-84.9128033,America/New_York
190,New Smyrna Speedway,"New Smyrna Beach, Florida",USA,,0.772,,oval,tracks\newsmyrna,https://members-assets.iracing.com/public/track-maps/tracks_newsmyrna/190-newsmyrna/active.svg,https://members-assets.iracing.com/public/track-maps/tracks_newsmyrna/190-newsmyrna/pitroad.svg,https://members-assets.iracing.com/public/track-maps/tracks_newsmyrna/190-newsmyrna/start-finish.svg,https://members-assets.iracing.com/public/track-maps/tracks_newsmyrna/190-newsmyrna/turns.svg,4,35,28,60,true,false,29.0136715,-81.072015,America/New_York
191,Daytona International Speedway,"Daytona Beach, Florida",USA,Oval,4.023,,oval,tracks\daytona\2011\oval,https://members-assets.iracing.com/public/track-maps/tracks_daytona_2011/191-daytona-2011-oval/active.svg,https://members-assets.iracing.com/public/track-maps/tracks_daytona_2011/191-daytona-2011-oval/pitroad.svg,https://members-assets.iracing.com/public/track-maps/tracks_daytona_2011/191-daytona-2011-oval/start-finish.svg,https://members-assets.iracing.com/public/track-maps/tracks_daytona_2011/191-daytona-2011-oval/turns.svg,4,55,40,64,true,false,29.185169,-81.072722,America/New_York
192,Daytona International Speedway,"Daytona Beach, Florida",USA,Road Course,5.729,daytona,road,tracks\daytona\2011\road,https://members-assets.iracing.com/public/track-maps/tracks_daytona_2011/192-daytona-2011-road/active.svg,https://members-assets.iracing.com/public/track-maps/tracks_daytona_2011/192-daytona-2011-road/pitroad.svg,https://members-assets.iracing.com/public/track-maps/tracks_daytona_2011/192-daytona-2011-road/start-finish.svg,https://members-assets.iracing.com/public/track-maps/tracks_daytona_2011/192-daytona-2011-road/turns.svg,11,55,40,64,true,true,29.185169,-81.072722,America/New_York
193,Daytona International Speedway,"Daytona Beach, Florida",USA,Moto,4.748,,road,tracks\daytona\2011\bike,https://members-assets.iracing.com/public/track-maps/tracks_daytona_2011/193-daytona-2011-bike/active.svg,https://members-assets.iracing.com/public/track-maps/tracks_daytona_2011/193-daytona-2011-bike/pitroad.svg,https://members-assets.iracing.com/public/track-maps/tracks_daytona_2011/193-daytona-2011-bike/start-finish.svg,https://members-assets.iracing.com/public/track-maps/tracks_daytona_2011/193-daytona-2011-bike/turns.svg,12,45,40,64,true,true,29.185169,-81.072722,America/New_York
194,Daytona International Speedway,"Daytona Beach, Florida",USA,Short,1.674,,road,tracks\daytona\2011\short,https://members-assets.iracing.com/public/track-maps/tracks_daytona_2011/194-daytona-2011-short/active.svg,https://members-assets.iracing.com/public/track-maps/tracks_daytona_2011/194-daytona-2011-short/pitroad.svg,https://members-assets.iracing.com/public/track-maps/tracks_daytona_2011/194-daytona-2011-short/start-finish.svg,https://members-assets.iracing.com/public/track-maps/tracks_daytona_2011/194-daytona-2011-short/turns.svg,5,35,21,42,true,true,29.185169,-81.072722,America/New_York
195,Mobility Resort Motegi,"Motegi, Tochigi Prefecture",Japan,Grand Prix,4.801,,road,tracks\twinring\fullrc,https://members-assets.iracing.com/public/track-maps/tracks_twinring/195-twinring-fullrc/active.svg,https://members-assets.iracing.com/public/track-maps/tracks_twinring/195-twinring-fullrc/pitroad.svg,https://members-assets.iracing.com/public/track-maps/tracks_twinring/195-twinring-fullrc/start-finish.svg,https://members-assets.iracing.com/public/track-maps/tracks_twinring/195-twinring-fullrc/turns.svg,14,37,35,63,true,true,36.531954,140.2232026,Asia/Tokyo
196,Mobility Resort Motegi,"Motegi, Tochigi Prefecture",Japan,East,3.399,,road,tracks\twinring\east,https://members-assets.iracing.com/public/track-maps/tracks_twinring/196-twinring-east/active.svg,https://members-assets.iracing.com/public/track-maps/tracks_twinring/196-twinring-east/pitroad.svg,https://members-assets.iracing.com/public/track-maps/tracks_twinring/196-twinring-east/start-finish.svg,https://members-assets.iracing.com/public/track-maps/tracks_twinring/196-twinring-east/turns.svg,11,37,23,46,true,true,36.531954,140.2232026,Asia/Tokyo
197,Mobility Resort Motegi,"Motegi, Tochigi Prefecture",Japan,West,1.399,,road,tracks\twinring\west,https://members-assets.iracing.com/public/track-maps/tracks_twinring/197-twinring-west/active.svg,https://members-assets.iracing.com/public/track-maps/tracks_twinring/197-twinring-west/pitroad.svg,https://members-assets.iracing.com/public/track-maps/tracks_twinring/197-twinring-west/start-finish.svg,https://members-assets.iracing.com/public/track-maps/tracks_twinring/197-twinring-west/turns.svg,6,37,35,63,true,true,36.531954,140.2232026,Asia/Tokyo
198,Mobility Resort Motegi,"Motegi, Tochigi Prefecture",Japan,Oval,2.493,,oval,tracks\twinring\oval,https://members-assets.iracing.com/public/track-maps/tracks_twinring/198-twinring-oval/active.svg,https://members-assets.iracing.com/public/track-maps/tracks_twinring/198-twinring-oval/pitroad.svg,https://members-assets.iracing.com/public/track-maps/tracks_twinring/198-twinring-oval/start-finish.svg,https://members-assets.iracing.com/public/track-maps/tracks_twinring/198-twinring-oval/turns.svg,2,45,43,64,true,false,36.531954,140.2232026,Asia/Tokyo
199,Circuit Zolder,"Heusden-Zolder, Limburg",Belgium,Grand Prix,4.01,zolder,road,tracks\zolder\gp,https://members-assets.iracing.com/public/track-maps/tracks_zolder/199-zolder-gp/active.svg,https://members-assets.iracing.com/public/track-maps/tracks_zolder/199-zolder-gp/pitroad.svg,https://members-assets.iracing.com/public/track-maps/tracks_zolder/199-zolder-gp/start-finish.svg,https://members-assets.iracing.com/public/track-maps/tracks_zolder/199-zolder-gp/turns.svg,10,30,33,63,false,true,50.9904979,5.25579,Europe/Brussels
200,Circuit Zolder,"Heusden-Zolder, Limburg",Belgium,Alternate,4.01,,road,tracks\zolder\alt,https://members-assets.iracing.com/public/track-maps/tracks_zolder/200-zolder-alt/active.svg,https://members-assets.iracing.com/public/track-maps/tracks_zolder/200-zolder-alt/pitroad.svg,https://members-assets.iracing.com/public/track-maps/tracks_zolder/200-zolder-alt/start-finish.svg,https://members-assets.iracing.com/public/track-maps/tracks_zolder/200-zolder-alt/turns.svg,10,30,33,63,false,true,50.9904979,5.25579,Europe/Brussels
201,Langley Speedway,"Hampton, Virginia",USA,,0.636,,oval,tracks\langley,https://members-assets.iracing.com/public/track-maps/tracks_langley/201-langley/active.svg,https://members-assets.iracing.com/public/track-maps/tracks_langley/201-langley/pitroad.svg,https://members-assets.iracing.com/public/track-maps/tracks_langley/201-langley/start-finish.svg,https://members-assets.iracing.com/public/track-maps/tracks_langley/201-langley/turns.svg,4,35,12,60,true,false,37.0866696,-76.3888498,America/New_York
202,Oran Park Raceway,"Narellan, New South Wales",Australia,Grand Prix,2.607,,road,tracks\oran\gp,https://members-assets.iracing.com/public/track-maps/tracks_oran/202-oran-gp/active.svg,https://members-assets.iracing.com/public/track-maps/tracks_oran/202-oran-gp/pitroad.svg,https://members-assets.iracing.com/public/track-maps/tracks_oran/202-oran-gp/start-finish.svg,https://members-assets.iracing.com/public/track-maps/tracks_oran/202-oran-gp/turns.svg,12,31,29,57,false,true,-34.006111,150.733889,Australia/Sydney
203,Rockingham Speedway,"Rockingham, North Carolina",USA,Oval - 2012,1.609,,oval,tracks\rockingham\oval,https://members-assets.iracing.com/public/track-maps/tracks_rockingham/203-rockingham-oval/active.svg,https://members-assets.iracing.com/public/track-maps/tracks_rockingham/203-rockingham-oval/pitroad.svg,https://members-assets.iracing.com/public/track-maps/tracks_rockingham/203-rockingham-oval/start-finish.svg,https://members-assets.iracing.com/public/track-maps/tracks_rockingham/203-rockingham-oval/turns.svg,4,40,45,67,false,false,34.9758768,-79.6130802,America/New_York
204,Rockingham Speedway,"Rockingham, North Carolina",USA,Road Course,2.414,,road,tracks\rockingham\road,https://members-assets.iracing.com/public/track-maps/tracks_rockingham/204-rockingham-road/active.svg,https://members-assets.iracing.com/public/track-maps/tracks_rockingham/204-rockingham-road/pitroad.svg,https://members-assets.iracing.com/public/track-maps/tracks_rockingham/204-rockingham-road/start-finish.svg,https://members-assets.iracing.com/public/track-maps/tracks_rockingham/204-rockingham-road/turns.svg,6,40,45,60,false,true,34.9758768,-79.6130802,America/New_York
205,Rockingham Speedway,"Rockingham, North Carolina",USA,Infield Road Course,0.805,,road,tracks\rockingham\infroad,https://members-assets.iracing.com/public/track-maps/tracks_rockingham/205-rockingham-infroad/active.svg,https://members-assets.iracing.com/public/track-maps/tracks_rockingham/205-rockingham-infroad/pitroad.svg,https://members-assets.iracing.com/public/track-maps/tracks_rockingham/205-rockingham-infroad/start-finish.svg,https://members-assets.iracing.com/public/track-maps/tracks_rockingham/205-rockingham-infroad/turns.svg,6,15,11,60,false,true,34.9758768,-79.6130802,America/New_York
206,Rockingham Speedway,"Rockingham, North Carolina",USA,Short Road Course,0.402,,road,tracks\rockingham\shortroad,https://members-assets.iracing.com/public/track-maps/tracks_rockingham/206-rockingham-shortroad/active.svg,https://members-assets.iracing.com/public/track-maps/tracks_rockingham/206-rockingham-shortroad/pitroad.svg,https://members-assets.iracing.com/public/track-maps/tracks_rockingham/206-rockingham-shortroad/start-finish.svg,https://members-assets.iracing.com/public/track-maps/tracks_rockingham/206-rockingham-shortroad/turns.svg,6,15,11,45,false,true,34.9758768,-79.6130802,America/New_York
207,Oran Park Raceway,"Narellan, New South Wales",Australia,North,1.062,,road,tracks\oran\north,https://members-assets.iracing.com/public/track-maps/tracks_oran/207-oran-north/active.svg,https://members-assets.iracing.com/public/track-maps/tracks_oran/207-oran-north/pitroad.svg,https://members-assets.iracing.com/public/track-maps/tracks_oran/207-oran-north/start-finish.svg,https://members-assets.iracing.com/public/track-maps/tracks_oran/207-oran-north/turns.svg,6,31,13,25,false,true,-34.006111,150.733889,Australia/Sydney
208,Oran Park Raceway,"Narellan, New South Wales",Australia,South,1.96,,road,tracks\oran\south,https://members-assets.iracing.com/public/track-maps/tracks_oran/208-oran-south/active.svg,https://members-assets.iracing.com/public/track-maps/tracks_oran/208-oran-south/pitroad.svg,https://members-assets.iracing.com/public/track-maps/tracks_oran/208-oran-south/start-finish.svg,https://members-assets.iracing.com/public/track-maps/tracks_oran/208-oran-south/turns.svg,7,31,29,57,false,true,-34.006111,150.733889,Australia/Sydney
209,Oran Park Raceway,"Narellan, New South Wales",Australia,North A,1.062,,road,tracks\oran\northa,https://members-assets.iracing.com/public/track-maps/tracks_oran/209-oran-northa/active.svg,https://members-assets.iracing.com/public/track-maps/tracks_oran/209-oran-northa/pitroad.svg,https://members-assets.iracing.com/public/track-maps/tracks_oran/209-oran-northa/start-finish.svg,https://members-assets.iracing.com/public/track-maps/tracks_oran/209-oran-northa/turns.svg,10,31,13,25,false,true,-34.006111,150.733889,Australia/Sydney
210,Oran Park Raceway,"Narellan, New South Wales",Australia,North B,1.062,,road,tracks\oran\northb,https://members-assets.iracing.com/public/track-maps/tracks_oran/210-oran-northb/active.svg,https://members-assets.iracing.com/public/track-maps/tracks_oran/210-oran-northb/pitroad.svg,https://members-assets.iracing.com/public/track-maps/tracks_oran/210-oran-northb/start-finish.svg,https://members-assets.iracing.com/public/track-maps/tracks_oran/210-oran-northb/turns.svg,10,25,13,25,false,true,-34.006111,150.733889,Australia/Sydney
211,Oran Park Raceway,"Narellan, New South Wales",Australia,Moto,2.607,,road,tracks\oran\moto,https://members-assets.iracing.com/public/track-maps/tracks_oran/211-oran-moto/active.svg,https://members-assets.iracing.com/public/track-maps/tracks_oran/211-oran-moto/pitroad.svg,https://members-assets.iracing.com/public/track-maps/tracks_oran/211-oran-moto/start-finish.svg,https://members-assets.iracing.com/public/track-maps/tracks_oran/211-oran-moto/turns.svg,11,31,29,57,false,true,-34.006111,150.733889,Australia/Sydney
212,Autódromo José Carlos Pace,"Interlagos, São Paulo",Brazil,Grand Prix,4.307,interlagos,road,tracks\interlagos\gp,https://members-assets.iracing.com/public/track-maps/tracks_interlagos/212-interlagos-gp/active.svg,https://members-assets.iracing.com/public/track-maps/tracks_interlagos/212-interlagos-gp/pitroad.svg,https://members-assets.iracing.com/public/track-maps/tracks_interlagos/212-interlagos-gp/start-finish.svg,https://members-assets.iracing.com/public/track-maps/tracks_interlagos/212-interlagos-gp/turns.svg,15,50,39,75,false,true,-23.701185,-46.7001484,America/Sao_Paulo
213,Autódromo José Carlos Pace,"Interlagos, São Paulo",Brazil,Moto,4.307,,road,tracks\interlagos\moto,https://members-assets.iracing.com/public/track-maps/tracks_interlagos/213-interlagos-moto/active.svg,https://members-assets.iracing.com/public/track-maps/tracks_interlagos/213-interlagos-moto/pitroad.svg,https://members-assets.iracing.com/public/track-maps/tracks_interlagos/213-interlagos-moto/start-finish.svg,https://members-assets.iracing.com/public/track-maps/tracks_interlagos/213-interlagos-moto/turns.svg,16,50,39,75,false,true,-23.701185,-46.7001484,America/Sao_Paulo
214,Kansas Speedway,"Kansas City, Kansas",USA,Oval,2.414,,oval,tracks\kansas\oval,https://members-assets.iracing.com/public/track-maps/tracks_kansas/214-kansas-oval/active.svg,https://members-assets.iracing.com/public/track-maps/tracks_kansas/214-kansas-oval/pitroad.svg,https://members-assets.iracing.com/public/track-maps/tracks_kansas/214-kansas-oval/start-finish.svg,https://members-assets.iracing.com/public/track-maps/tracks_kansas/214-kansas-oval/turns.svg,4,45,43,64,true,false,39.1154928,-94.8328544,America/Chicago
215,Kansas Speedway,"Kansas City, Kansas",USA,Road Course,3.814,,road,tracks\kansas\full,https://members-assets.iracing.com/public/track-maps/tracks_kansas/215-kansas-full/active.svg,https://members-assets.iracing.com/public/track-maps/tracks_kansas/215-kansas-full/pitroad.svg,https://members-assets.iracing.com/public/track-maps/tracks_kansas/215-kansas-full/start-finish.svg,https://members-assets.iracing.com/public/track-maps/tracks_kansas/215-kansas-full/turns.svg,6,45,43,64,true,true,39.1154928,-94.8328544,America/Chicago
216,Kansas Speedway,"Kansas City, Kansas",USA,Infield Road Course,1.384,,road,tracks\kansas\short,https://members-assets.iracing.com/public/track-maps/tracks_kansas/216-kansas-short/active.svg,https://members-assets.iracing.com/public/track-maps/tracks_kansas/216-kansas-short/pitroad.svg,https://members-assets.iracing.com/public/track-maps/tracks_kansas/216-kansas-short/start-finish.svg,https://members-assets.iracing.com/public/track-maps/tracks_kansas/216-kansas-short/turns.svg,5,45,17,25,true,true,39.1154928,-94.8328544,America/Chicago
217,Irwindale Speedway,"Irwindale, California",USA,Figure Eight,0.531,,road,tracks\irwindale\figureeight,https://members-assets.iracing.com/public/track-maps/tracks_irwindale/217-irwindale-figureeight/active.svg,https://members-assets.iracing.com/public/track-maps/tracks_irwindale/217-irwindale-figureeight/pitroad.svg,https://members-assets.iracing.com/public/track-maps/tracks_irwindale/217-irwindale-figureeight/start-finish.svg,https://members-assets.iracing.com/public/track-maps/tracks_irwindale/217-irwindale-figureeight/turns.svg,4,30,33,49,false,true,34.1104491,-117.9892554,America/Los_Angeles
218,Circuit Gilles Villeneuve,"Montreal, Quebec",Canada,,4.361,montreal,road,tracks\montreal,https://members-assets.iracing.com/public/track-maps/tracks_montreal/218-montreal/active.svg,https://members-assets.iracing.com/public/track-maps/tracks_montreal/218-montreal/pitroad.svg,https://members-assets.iracing.com/public/track-maps/tracks_montreal/218-montreal/start-finish.svg,https://members-assets.iracing.com/public/track-maps/tracks_montreal/218-montreal/turns.svg,13,50,44,66,false,true,45.5032189,-73.5288816,America/Toronto
219,Mount Panorama Circuit,"Bathurst, New South Wales",Australia,,6.214,mount-panorama,road,tracks\bathurst,https://members-assets.iracing.com/public/track-maps/tracks_bathurst/219-bathurst/active.svg,https://members-assets.iracing.com/public/track-maps/tracks_bathurst/219-bathurst/pitroad.svg,https://members-assets.iracing.com/public/track-maps/tracks_bathurst/219-bathurst/start-finish.svg,https://members-assets.iracing.com/public/track-maps/tracks_bathurst/219-bathurst/turns.svg,23,31,22,81,false,true,-33.4394191,149.5557112,Australia/Sydney
220,New Jersey Motorsports Park,"Millville, New Jersey",USA,Thunderbolt,3.621,,road,tracks\newjersey\full,https://members-assets.iracing.com/public/track-maps/tracks_newjersey/220-newjersey-full/active.svg,https://members-assets.iracing.com/public/track-maps/tracks_newjersey/220-newjersey-full/pitroad.svg,https://members-assets.iracing.com/public/track-maps/tracks_newjersey/220-newjersey-full/start-finish.svg,https://members-assets.iracing.com/public/track-maps/tracks_newjersey/220-newjersey-full/turns.svg,14,35,44,66,false,true,39.3589862,-75.0638076,America/New_York
221,New Jersey Motorsports Park,"Millville, New Jersey",USA,Thunderbolt w/both chicanes,3.621,,road,tracks\newjersey\chicane,https://members-assets.iracing.com/public/track-maps/tracks_newjersey/221-newjersey-chicane/active.svg,https://members-assets.iracing.com/public/track-maps/tracks_newjersey/221-newjersey-chicane/pitroad.svg,https://members-assets.iracing.com/public/track-maps/tracks_newjersey/221-newjersey-chicane/start-finish.svg,https://members-assets.iracing.com/public/track-maps/tracks_newjersey/221-newjersey-chicane/turns.svg,18,35,44,66,false,true,39.3589862,-75.0638076,America/New_York
222,New Hampshire Motor Speedway,"Loudon, New Hampshire",USA,Legends,0.402,,oval,tracks\newhampshire\legends,https://members-assets.iracing.com/public/track-maps/tracks_newhampshire/222-newhampshire-legends/active.svg,https://members-assets.iracing.com/public/track-maps/tracks_newhampshire/222-newhampshire-legends/pitroad.svg,https://members-assets.iracing.com/public/track-maps/tracks_newhampshire/222-newhampshire-legends/start-finish.svg,https://members-assets.iracing.com/public/track-maps/tracks_newhampshire/222-newhampshire-legends/turns.svg,4,30,12,18,false,false,43.36268,-71.462767,America/New_York
223,New Jersey Motorsports Park,"Millville, New Jersey",USA,Thunderbolt w/first chicane,3.621,,road,tracks\newjersey\firstchicane,https://members-assets.iracing.com/public/track-maps/tracks_newjersey/223-newjersey-firstchicane/active.svg,https://members-assets.iracing.com/public/track-maps/tracks_newjersey/223-newjersey-firstchicane/pitroad.svg,https://members-assets.iracing.com/public/track-maps/tracks_newjersey/223-newjersey-firstchicane/start-finish.svg,https://members-assets.iracing.com/public/track-maps/tracks_newjersey/223-newjersey-firstchicane/turns.svg,16,35,44,66,false,true,39.3589862,-75.0638076,America/New_York
224,New Jersey Motorsports Park,"Millville, New Jersey",USA,Thunderbolt w/second chicane,3.621,,road,tracks\newjersey\secondchicane,https://members-assets.iracing.com/public/track-maps/tracks_newjersey/224-newjersey-secondchicane/active.svg,https://members-assets.iracing.com/public/track-maps/tracks_newjersey/224-newjersey-secondchicane/pitroad.svg,https://members-assets.iracing.com/public/track-maps/tracks_newjersey/224-newjersey-secondchicane/start-finish.svg,https://members-assets.iracing.com/public/track-maps/tracks_newjersey/224-newjersey-secondchicane/turns.svg,16,35,44,66,false,true,39.3589862,-75.0638076,America/New_York
225,Auto Club Speedway,"Fontana, California",USA,Oval,3.219,,oval,tracks\california\oval,https://members-assets.iracing.com/public/track-maps/tracks_california/225-california-oval/active.svg,https://members-assets.iracing.com/public/track-maps/tracks_california/225-california-oval/pitroad.svg,https://members-assets.iracing.com/public/track-maps/tracks_california/225-california-oval/start-finish.svg,https://members-assets.iracing.com/public/track-maps/tracks_california/225-california-oval/turns.svg,4,55,44,66,true,false,34.0888203,-117.5026942,America/Los_Angeles
226,Auto Club Speedway,"Fontana, California",USA,Competition,4.506,,road,tracks\california\competition,https://members-assets.iracing.com/public/track-maps/tracks_california/226-california-competition/active.svg,https://members-assets.iracing.com/public/track-maps/tracks_california/226-california-competition/pitroad.svg,https://members-assets.iracing.com/public/track-maps/tracks_california/226-california-competition/start-finish.svg,https://members-assets.iracing.com/public/track-maps/tracks_california/226-california-competition/turns.svg,19,35,44,66,false,true,34.0888203,-117.5026942,America/Los_Angeles
227,Auto Club Speedway,"Fontana, California",USA,Moto,3.798,,road,tracks\california\moto,https://members-assets.iracing.com/public/track-maps/tracks_california/227-california-moto/active.svg,https://members-assets.iracing.com/public/track-maps/tracks_california/227-california-moto/pitroad.svg,https://members-assets.iracing.com/public/track-maps/tracks_california/227-california-moto/start-finish.svg,https://members-assets.iracing.com/public/track-maps/tracks_california/227-california-moto/turns.svg,21,35,44,66,false,true,34.0888203,-117.5026942,America/Los_Angeles
228,Auto Club Speedway,"Fontana, California",USA,Interior,2.414,,road,tracks\california\interiora,https://members-assets.iracing.com/public/track-maps/tracks_california/228-california-interiora/active.svg,https://members-assets.iracing.com/public/track-maps/tracks_california/228-california-interiora/pitroad.svg,https://members-assets.iracing.com/public/track-maps/tracks_california/228-california-interiora/start-finish.svg,https://members-assets.iracing.com/public/track-maps/tracks_california/228-california-interiora/turns.svg,17,35,44,66,false,true,34.0888203,-117.5026942,America/Los_Angeles
229,Circuit of the Americas,"Austin, Texas",USA,Grand Prix,5.515,austin,road,tracks\cota\gp,https://members-assets.iracing.com/public/track-maps/tracks_cota/229-cota-gp/active.svg,https://members-assets.iracing.com/public/track-maps/tracks_cota/229-cota-gp/pitroad.svg,https://members-assets.iracing.com/public/track-maps/tracks_cota/229-cota-gp/start-finish.svg,https://members-assets.iracing.com/public/track-maps/tracks_cota/229-cota-gp/turns.svg,16,50,32,90,false,true,30.1345808,-97.6380451,America/Chicago
230,Circuit of the Americas,"Austin, Texas",USA,East,2.414,,road,tracks\cota\east,https://members-assets.iracing.com/public/track-maps/tracks_cota/230-cota-east/active.svg,https://members-assets.iracing.com/public/track-maps/tracks_cota/230-cota-east/pitroad.svg,https://members-assets.iracing.com/public/track-maps/tracks_cota/230-cota-east/start-finish.svg,https://members-assets.iracing.com/public/track-maps/tracks_cota/230-cota-east/turns.svg,6,50,26,39,false,true,30.1345808,-97.6380451,America/Chicago
231,Circuit of the Americas,"Austin, Texas",USA,West,4.184,,road,tracks\cota\west,https://members-assets.iracing.com/public/track-maps/tracks_cota/231-cota-west/active.svg,https://members-assets.iracing.com/public/track-maps/tracks_cota/231-cota-west/pitroad.svg,https://members-assets.iracing.com/public/track-maps/tracks_cota/231-cota-west/start-finish.svg,https://members-assets.iracing.com/public/track-maps/tracks_cota/231-cota-west/turns.svg,16,50,32,90,false,true,30.1345808,-97.6380451,America/Chicago
232,Lucas Oil Indianapolis Raceway Park,"Indianapolis, Indiana",USA,Oval,1.104,,oval,tracks\irp,https://members-assets.iracing.com/public/track-maps/tracks_irp/232-irp/active.svg,https://members-assets.iracing.com/public/track-maps/tracks_irp/232-irp/pitroad.svg,https://members-assets.iracing.com/public/track-maps/tracks_irp/232-irp/start-finish.svg,https://members-assets.iracing.com/public/track-maps/tracks_irp/232-irp/turns.svg,4,40,38,64,true,false,39.812512,-86.340527,America/Indiana/Indianapolis
233,Donington Park Racing Circuit,"Castle Donington, Leicestershire",England,Grand Prix,4.02,donington,road,tracks\donington\gp,https://members-assets.iracing.com/public/track-maps/tracks_donington/233-donington-gp/active.svg,https://members-assets.iracing.com/public/track-maps/tracks_donington/233-donington-gp/pitroad.svg,https://members-assets.iracing.com/public/track-maps/tracks_donington/233-donington-gp/start-finish.svg,https://members-assets.iracing.com/public/track-maps/tracks_donington/233-donington-gp/turns.svg,12,37,20,51,false,true,52.8305468,-1.3810343,Europe/London
234,Donington Park Racing Circuit,"Castle Donington, Leicestershire",England,National,3.149,,road,tracks\donington\national,https://members-assets.iracing.com/public/track-maps/tracks_donington/234-donington-national/active.svg,https://members-assets.iracing.com/public/track-maps/tracks_donington/234-donington-national/pitroad.svg,https://members-assets.iracing.com/public/track-maps/tracks_donington/234-donington-national/start-finish.svg,https://members-assets.iracing.com/public/track-maps/tracks_donington/234-donington-national/turns.svg,10,37,20,51,false,true,52.8305468,-1.3810343,Europe/London
238,World Wide Technology Raceway (Gateway),"Madison, Illinois",USA,Road Course,2.575,,road,tracks\gateway\road,https://members-assets.iracing.com/public/track-maps/tracks_gateway/238-gateway-road/active.svg,https://members-assets.iracing.com/public/track-maps/tracks_gateway/238-gateway-road/pitroad.svg,https://members-assets.iracing.com/public/track-maps/tracks_gateway/238-gateway-road/start-finish.svg,https://members-assets.iracing.com/public/track-maps/tracks_gateway/238-gateway-road/turns.svg,8,45,42,63,true,true,38.6507543,-90.1375489,America/Chicago
239,Autodromo Nazionale Monza,"Monza, Lombardy",Italy,Grand Prix,5.794,monza,road,tracks\monza\full,https://members-assets.iracing.com/public/track-maps/tracks_monza/239-monza-full/active.svg,https://members-assets.iracing.com/public/track-maps/tracks_monza/239-monza-full/pitroad.svg,https://members-assets.iracing.com/public/track-maps/tracks_monza/239-monza-full/start-finish.svg,https://members-assets.iracing.com/public/track-maps/tracks_monza/239-monza-full/turns.svg,11,50,35,69,false,true,45.621799,9.282606,Europe/Rome
240,Autodromo Nazionale Monza,"Monza, Lombardy",Italy,Combined without chicanes,9.999,,road,tracks\monza\historic,https://members-assets.iracing.com/public/track-maps/tracks_monza/240-monza-historic/active.svg,https://members-assets.iracing.com/public/track-maps/tracks_monza/240-monza-historic/pitroad.svg,https://members-assets.iracing.com/public/track-maps/tracks_monza/240-monza-historic/start-finish.svg,https://members-assets.iracing.com/public/track-maps/tracks_monza/240-monza-historic/turns.svg,9,50,35,69,false,true,45.621799,9.282606,Europe/Rome
241,Autodromo Nazionale Monza,"Monza, Lombardy",Italy,Junior,2.404,,road,tracks\monza\junior,https://members-assets.iracing.com/public/track-maps/tracks_monza/241-monza-junior/active.svg,https://members-assets.iracing.com/public/track-maps/tracks_monza/241-monza-junior/pitroad.svg,https://members-assets.iracing.com/public/track-maps/tracks_monza/241-monza-junior/start-finish.svg,https://members-assets.iracing.com/public/track-maps/tracks_monza/241-monza-junior/turns.svg,4,50,35,69,false,true,45.621799,9.282606,Europe/Rome
242,Autodromo Nazionale Monza,"Monza, Lombardy",Italy,GP without chicanes,5.633,,road,tracks\monza\nochicane,https://members-assets.iracing.com/public/track-maps/tracks_monza/242-monza-nochicane/active.svg,https://members-assets.iracing.com/public/track-maps/tracks_monza/242-monza-nochicane/pitroad.svg,https://members-assets.iracing.com/public/track-maps/tracks_monza/242-monza-nochicane/start-finish.svg,https://members-assets.iracing.com/public/track-maps/tracks_monza/242-monza-nochicane/turns.svg,9,50,35,69,false,true,45.621799,9.282606,Europe/Rome
243,Autodromo Nazionale Monza,"Monza, Lombardy",Italy,Oval - Right turning,4.25,,oval,tracks\monza\oval,https://members-assets.iracing.com/public/track-maps/tracks_monza/243-monza-oval/active.svg,https://members-assets.iracing.com/public/track-maps/tracks_monza/243-monza-oval/pitroad.svg,https://members-assets.iracing.com/public/track-maps/tracks_monza/243-monza-oval/start-finish.svg,https://members-assets.iracing.com/public/track-maps/tracks_monza/243-monza-oval/turns.svg,4,50,35,69,false,false,45.621799,9.282606,Europe/Rome
244,Autodromo Nazionale Monza,"Monza, Lombardy",Italy,GP without first chicane,5.633,,road,tracks\monza\gpsecondchicane,https://members-assets.iracing.com/public/track-maps/tracks_monza/244-monza-gpsecondchicane/active.svg,https://members-assets.iracing.com/public/track-maps/tracks_monza/244-monza-gpsecondchicane/pitroad.svg,https://members-assets.iracing.com/public/track-maps/tracks_monza/244-monza-gpsecondchicane/start-finish.svg,https://members-assets.iracing.com/public/track-maps/tracks_monza/244-monza-gpsecondchicane/turns.svg,9,50,35,69,false,true,45.621799,9.282606,Europe/Rome
245,Autodromo Nazionale Monza,"Monza, Lombardy",Italy,Oval - Left turning,4.25,,oval,tracks\monza\ovalleft,https://members-assets.iracing.com/public/track-maps/tracks_monza/245-monza-ovalleft/active.svg,https://members-assets.iracing.com/public/track-maps/tracks_monza/245-monza-ovalleft/pitroad.svg,https://members-assets.iracing.com/public/track-maps/tracks_monza/245-monza-ovalleft/start-finish.svg,https://members-assets.iracing.com/public/track-maps/tracks_monza/245-monza-ovalleft/turns.svg,4,50,35,69,false,false,45.621799,9.282606,Europe/Rome
246,Autodromo Nazionale Monza,"Monza, Lombardy",Italy,Combined without first chicane,9.999,,road,tracks\monza\historicsecondchicane,https://members-assets.iracing.com/public/track-maps/tracks_monza/246-monza-historicsecondchicane/active.svg,https://members-assets.iracing.com/public/track-maps/tracks_monza/246-monza-historicsecondchicane/pitroad.svg,https://members-assets.iracing.com/public/track-maps/tracks_monza/246-monza-historicsecondchicane/start-finish.svg,https://members-assets.iracing.com/public/track-maps/tracks_monza/246-monza-historicsecondchicane/turns.svg,11,50,35,69,false,true,45.621799,9.282606,Europe/Rome
247,Autodromo Nazionale Monza,"Monza, Lombardy",Italy,Combined,9.999,,road,tracks\monza\combinedchicanes,https://members-assets.iracing.com/public/track-maps/tracks_monza/247-monza-combinedchicanes/active.svg,https://members-assets.iracing.com/public/track-maps/tracks_monza/247-monza-combinedchicanes/pitroad.svg,https://members-assets.iracing.com/public/track-maps/tracks_monza/247-monza-combinedchicanes/start-finish.svg,https://members-assets.iracing.com/public/track-maps/tracks_monza/247-monza-combinedchicanes/turns.svg,15,50,35,69,false,true,45.621799,9.282606,Europe/Rome
248,Five Flags Speedway,"Pensacola, Florida",USA,,0.805,,oval,tracks\fiveflags,https://members-assets.iracing.com/public/track-maps/tracks_fiveflags/248-fiveflags/active.svg,https://members-assets.iracing.com/public/track-maps/tracks_fiveflags/248-fiveflags/pitroad.svg,https://members-assets.iracing.com/public/track-maps/tracks_fiveflags/248-fiveflags/start-finish.svg,https://members-assets.iracing.com/public/track-maps/tracks_fiveflags/248-fiveflags/turns.svg,4,35,34,60,true,false,30.503841,-87.310641,America/Chicago
249,Nürburgring Nordschleife,"Nürburg, Rhineland-Palatinate",Germany,Industriefahrten,22.809,nurburgring-nord,road,tracks\nurburgring\nordschleife,https://members-assets.iracing.com/public/track-maps/tracks_nurburgring_nordschleife/249-nurburgring-nordschleife/active.svg,https://members-assets.iracing.com/public/track-maps/tracks_nurburgring_nordschleife/249-nurburgring-nordschleife/pitroad.svg,https://members-assets.iracing.com/public/track-maps/tracks_nurburgring_nordschleife/249-nurburgring-nordschleife/start-finish.svg,https://members-assets.iracing.com/public/track-maps/tracks_nurburgring_nordschleife/249-nurburgring-nordschleife/turns.svg,154,37,19,128,false,true,50.3334443,6.9392429,Europe/Berlin
250,Nürburgring Grand-Prix-Strecke,"Nürburg, Rhineland-Palatinate",Germany,Grand Prix,5.148,nurburgring,road,tracks\nurburgring\gp,https://members-assets.iracing.com/public/track-maps/tracks_nurburgring_gp/250-nurburgring-gp/active.svg,https://members-assets.iracing.com/public/track-maps/tracks_nurburgring_gp/250-nurburgring-gp/pitroad.svg,https://members-assets.iracing.com/public/track-maps/tracks_nurburgring_gp/250-nurburgring-gp/start-finish.svg,https://members-assets.iracing.com/public/track-maps/tracks_nurburgring_gp/250-nurburgring-gp/turns.svg,16,50,38,64,false,true,50.3334443,6.9392429,Europe/Berlin
252,Nürburgring Combined,"Nürburg, Rhineland-Palatinate",Germany,Gesamtstrecke 24h,25.947,nordschleife,road,tracks\nurburgring\combined,https://members-assets.iracing.com/public/track-maps/tracks_nurburgring_combined/252-nurburgring-combined/active.svg,https://members-assets.iracing.com/public/track-maps/tracks_nurburgring_combined/252-nurburgring-combined/pitroad.svg,https://members-assets.iracing.com/public/track-maps/tracks_nurburgring_combined/252-nurburgring-combined/start-finish.svg,https://members-assets.iracing.com/public/track-maps/tracks_nurburgring_combined/252-nurburgring-combined/turns.svg,170,37,38,128,false,true,50.3334443,6.9392429,Europe/Berlin
253,Nürburgring Nordschleife,"Nürburg, Rhineland-Palatinate",Germany,Touristenfahrten,22.809,,road,tracks\nurburgring\nordschleifetourist,https://members-assets.iracing.com/public/track-maps/tracks_nurburgring_nordschleife/253-nurburgring-nordschleifetourist/active.svg,https://members-assets.iracing.com/public/track-maps/tracks_nurburgring_nordschleife/253-nurburgring-nordschleifetourist/pitroad.svg,https://members-assets.iracing.com/public/track-maps/tracks_nurburgring_nordschleife/253-nurburgring-nordschleifetourist/start-finish.svg,https://members-assets.iracing.com/public/track-maps/tracks_nurburgring_nordschleife/253-nurburgring-nordschleifetourist/turns.svg,154,25,2,128,false,true,50.3334443,6.9392429,Europe/Berlin
255,Nürburgring Grand-Prix-Strecke,"Nürburg, Rhineland-Palatinate",Germany,BES/WEC,5.069,,road,tracks\nurburgring\gpnochicane,https://members-assets.iracing.com/public/track-maps/tracks_nurburgring_gp/255-nurburgring-gpnochicane/active.svg,https://members-assets.iracing.com/public/track-maps/tracks_nurburgring_gp/255-nurburgring-gpnochicane/pitroad.svg,https://members-assets.iracing.com/public/track-maps/tracks_nurburgring_gp/255-nurburgring-gpnochicane/start-finish.svg,https://members-assets.iracing.com/public/track-maps/tracks_nurburgring_gp/255-nurburgring-gpnochicane/turns.svg,16,37,38,64,false,true,50.3334443,6.9392429,Europe/Berlin
256,Southern National Motorsports Park,"Lucama, North Carolina",USA,,0.644,,oval,tracks\southernnational,https://members-assets.iracing.com/public/track-maps/tracks_southernnational/256-southernnational/active.svg,https://members-assets.iracing.com/public/track-maps/tracks_southernnational/256-southernnational/pitroad.svg,https://members-assets.iracing.com/public/track-maps/tracks_southernnational/256-southernnational/start-finish.svg,https://members-assets.iracing.com/public/track-maps/tracks_southernnational/256-southernnational/turns.svg,4,35,43,43,true,false,35.6112291,-78.0630003,America/New_York
257,Nürburgring Grand-Prix-Strecke,"Nürburg, Rhineland-Palatinate",Germany,Grand Prix w/out Arena,4.579,,road,tracks\nurburgring\gpshort,https://members-assets.iracing.com/public/track-maps/tracks_nurburgring_gp/257-nurburgring-gpshort/active.svg,https://members-assets.iracing.com/public/track-maps/tracks_nurburgring_gp/257-nurburgring-gpshort/pitroad.svg,https://members-assets.iracing.com/public/track-maps/tracks_nurburgring_gp/257-nurburgring-gpshort/start-finish.svg,https://members-assets.iracing.com/public/track-maps/tracks_nurburgring_gp/257-nurburgring-gpshort/turns.svg,12,37,38,60,false,true,50.3334443,6.9392429,Europe/Berlin
259,Nürburgring Grand-Prix-Strecke,"Nürburg, Rhineland-Palatinate",Germany,Sprintstrecke,3.627,nurburgring-s,road,tracks\nurburgring\sprintchicane,https://members-assets.iracing.com/public/track-maps/tracks_nurburgring_gp/259-nurburgring-sprintchicane/active.svg,https://members-assets.iracing.com/public/track-maps/tracks_nurburgring_gp/259-nurburgring-sprintchicane/pitroad.svg,https://members-assets.iracing.com/public/track-maps/tracks_nurburgring_gp/259-nurburgring-sprintchicane/start-finish.svg,https://members-assets.iracing.com/public/track-maps/tracks_nurburgring_gp/259-nurburgring-sprintchicane/turns.svg,11,37,38,60,false,true,50.3334443,6.9392429,Europe/Berlin
260,Nürburgring Grand-Prix-Strecke,"Nürburg, Rhineland-Palatinate",Germany,Kurzanbindung w/out Arena,3.05,,road,tracks\nurburgring\sprintshort,https://members-assets.iracing.com/public/track-maps/tracks_nurburgring_gp/260-nurburgring-sprintshort/active.svg,https://members-assets.iracing.com/public/track-maps/tracks_nurburgring_gp/260-nurburgring-sprintshort/pitroad.svg,https://members-assets.iracing.com/public/track-maps/tracks_nurburgring_gp/260-nurburgring-sprintshort/start-finish.svg,https://members-assets.iracing.com/public/track-maps/tracks_nurburgring_gp/260-nurburgring-sprintshort/turns.svg,9,37,38,60,false,true,50.3334443,6.9392429,Europe/Berlin
261,Nürburgring Grand-Prix-Strecke,"Nürburg, Rhineland-Palatinate",Germany,Müllenbachschleife,1.5,,road,tracks\nurburgring\mullenbachschleife,https://members-assets.iracing.com/public/track-maps/tracks_nurburgring_gp/261-nurburgring-mullenbachschleife/active.svg,https://members-assets.iracing.com/public/track-maps/tracks_nurburgring_gp/261-nurburgring-mullenbachschleife/pitroad.svg,https://members-assets.iracing.com/public/track-maps/tracks_nurburgring_gp/261-nurburgring-mullenbachschleife/start-finish.svg,https://members-assets.iracing.com/public/track-maps/tracks_nurburgring_gp/261-nurburgring-mullenbachschleife/turns.svg,7,37,21,60,false,true,50.3334443,6.9392429,Europe/Berlin
262,Nürburgring Combined,"Nürburg, Rhineland-Palatinate",Germany,Gesamtstrecke VLN,24.435,,road,tracks\nurburgring\combinedshortb,https://members-assets.iracing.com/public/track-maps/tracks_nurburgring_combined/262-nurburgring-combinedshortb/active.svg,https://members-assets.iracing.com/public/track-maps/tracks_nurburgring_combined/262-nurburgring-combinedshortb/pitroad.svg,https://members-assets.iracing.com/public/track-maps/tracks_nurburgring_combined/262-nurburgring-combinedshortb/start-finish.svg,https://members-assets.iracing.com/public/track-maps/tracks_nurburgring_combined/262-nurburgring-combinedshortb/turns.svg,165,37,38,60,false,true,50.3334443,6.9392429,Europe/Berlin
263,Nürburgring Combined,"Nürburg, Rhineland-Palatinate",Germany,Gesamtstrecke Short w/out Arena,23.865,,road,tracks\nurburgring\combinedshorta,https://members-assets.iracing.com/public/track-maps/tracks_nurburgring_combined/263-nurburgring-combinedshorta/active.svg,https://members-assets.iracing.com/public/track-maps/tracks_nurburgring_combined/263-nurburgring-combinedshorta/pitroad.svg,https://members-assets.iracing.com/public/track-maps/tracks_nurburgring_combined/263-nurburgring-combinedshorta/start-finish.svg,https://members-assets.iracing.com/public/track-maps/tracks_nurburgring_combined/263-nurburgring-combinedshorta/turns.svg,164,37,38,60,false,true,50.3334443,6.9392429,Europe/Berlin
264,Nürburgring Combined,"Nürburg, Rhineland-Palatinate",Germany,Gesamtstrecke Long,25.947,,road,tracks\nurburgring\combinedlong,https://members-assets.iracing.com/public/track-maps/tracks_nurburgring_combined/264-nurburgring-combinedlong/active.svg,https://members-assets.iracing.com/public/track-maps/tracks_nurburgring_combined/264-nurburgring-combinedlong/pitroad.svg,https://members-assets.iracing.com/public/track-maps/tracks_nurburgring_combined/264-nurburgring-combinedlong/start-finish.svg,https://members-assets.iracing.com/public/track-maps/tracks_nurburgring_combined/264-nurburgring-combinedlong/turns.svg,169,37,38,60,false,true,50.3334443,6.9392429,Europe/Berlin
266,Autodromo Internazionale Enzo e Dino Ferrari,"Imola, Emilia-Romagna",Italy,Grand Prix,4.908,imola,road,tracks\imola\gp,https://members-assets.iracing.com/public/track-maps/tracks_imola/266-imola-gp/active.svg,https://members-assets.iracing.com/public/track-maps/tracks_imola/266-imola-gp/pitroad.svg,https://members-assets.iracing.com/public/track-maps/tracks_imola/266-imola-gp/start-finish.svg,https://members-assets.iracing.com/public/track-maps/tracks_imola/266-imola-gp/turns.svg,17,50,37,62,false,true,44.3443574,11.717198,Europe/Rome
267,Autodromo Internazionale Enzo e Dino Ferrari,"Imola, Emilia-Romagna",Italy,Moto,4.936,,road,tracks\imola\moto,https://members-assets.iracing.com/public/track-maps/tracks_imola/267-imola-moto/active.svg,https://members-assets.iracing.com/public/track-maps/tracks_imola/267-imola-moto/pitroad.svg,https://members-assets.iracing.com/public/track-maps/tracks_imola/267-imola-moto/start-finish.svg,https://members-assets.iracing.com/public/track-maps/tracks_imola/267-imola-moto/turns.svg,19,37,37,62,false,true,44.3443574,11.717198,Europe/Rome
268,Circuit des 24 Heures du Mans,"Le Mans, Pays de la Loire",France,24 Heures du Mans,13.63,le-mans,road,tracks\lemans\full,https://members-assets.iracing.com/public/track-maps/tracks_lemans/268-lemans-full/active.svg,https://members-assets.iracing.com/public/track-maps/tracks_lemans/268-lemans-full/pitroad.svg,https://members-assets.iracing.com/public/track-maps/tracks_lemans/268-lemans-full/start-finish.svg,https://members-assets.iracing.com/public/track-maps/tracks_lemans/268-lemans-full/turns.svg,38,37,41,62,true,true,47.9560052,0.2056765,Europe/Paris
269,Circuit des 24 Heures du Mans,"Le Mans, Pays de la Loire",France,Historic,13.564,le-mans-old,road,tracks\lemans\nochicane,https://members-assets.iracing.com/public/track-maps/tracks_lemans/269-lemans-nochicane/active.svg,https://members-assets.iracing.com/public/track-maps/tracks_lemans/269-lemans-nochicane/pitroad.svg,https://members-assets.iracing.com/public/track-maps/tracks_lemans/269-lemans-nochicane/start-finish.svg,https://members-assets.iracing.com/public/track-maps/tracks_lemans/269-lemans-nochicane/turns.svg,32,37,41,62,true,true,47.9560052,0.2056765,Europe/Paris
271,The Bullring,"Las Vegas, Nevada",USA,,0.604,,oval,tracks\bullring,https://members-assets.iracing.com/public/track-maps/tracks_bullring/271-bullring/active.svg,https://members-assets.iracing.com/public/track-maps/tracks_bullring/271-bullring/pitroad.svg,https://members-assets.iracing.com/public/track-maps/tracks_bullring/271-bullring/start-finish.svg,https://members-assets.iracing.com/public/track-maps/tracks_bullring/271-bullring/turns.svg,4,30,31,63,true,false,36.2632543,-115.02155,America/Los_Angeles
273,Eldora Speedway,"Rossburg, Ohio",USA,,0.805,,dirt_oval,tracks\eldora,https://members-assets.iracing.com/public/track-maps/tracks_eldora/273-eldora/active.svg,https://members-assets.iracing.com/public/track-maps/tracks_eldora/273-eldora/pitroad.svg,https://members-assets.iracing.com/public/track-maps/tracks_eldora/273-eldora/start-finish.svg,https://members-assets.iracing.com/public/track-maps/tracks_eldora/273-eldora/turns.svg,4,30,32,63,true,false,40.319015,-84.6363383,America/New_York
274,Williams Grove Speedway,"Mechanicsburg, Pennsylvania",USA,,0.805,,dirt_oval,tracks\williamsgrove,https://members-assets.iracing.com/public/track-maps/tracks_williamsgrove/274-williamsgrove/active.svg,https://members-assets.iracing.com/public/track-maps/tracks_williamsgrove/274-williamsgrove/pitroad.svg,https://members-assets.iracing.com/public/track-maps/tracks_williamsgrove/274-williamsgrove/start-finish.svg,https://members-assets.iracing.com/public/track-maps/tracks_williamsgrove/274-williamsgrove/turns.svg,4,30,22,63,true,false,40.155193,-77.035617,America/New_York
275,USA International Speedway,"Lakeland, Florida",USA,Dirt,1.207,,dirt_oval,tracks\lakeland\dirt,https://members-assets.iracing.com/public/track-maps/tracks_lakeland/275-lakeland-dirt/active.svg,https://members-assets.iracing.com/public/track-maps/tracks_lakeland/275-lakeland-dirt/pitroad.svg,https://members-assets.iracing.com/public/track-maps/tracks_lakeland/275-lakeland-dirt/start-finish.svg,https://members-assets.iracing.com/public/track-maps/tracks_lakeland/275-lakeland-dirt/turns.svg,4,45,30,64,true,false,28.1515,-81.892694,America/New_York
276,Michigan International Speedway,"Brooklyn, Michigan",USA,,3.219,,oval,tracks\michigan\2018,https://members-assets.iracing.com/public/track-maps/tracks_michigan_2018/276-michigan-2018/active.svg,https://members-assets.iracing.com/public/track-maps/tracks_michigan_2018/276-michigan-2018/pitroad.svg,https://members-assets.iracing.com/public/track-maps/tracks_michigan_2018/276-michigan-2018/start-finish.svg,https://members-assets.iracing.com/public/track-maps/tracks_michigan_2018/276-michigan-2018/turns.svg,4,55,43,60,false,false,42.0678836,-84.2470556,America/Detroit
277,Pocono Raceway,"Long Pond, Pennsylvania",USA,,4.023,,oval,tracks\pocono\2016,https://members-assets.iracing.com/public/track-maps/tracks_pocono_2016/277-pocono-2016/active.svg,https://members-assets.iracing.com/public/track-maps/tracks_pocono_2016/277-pocono-2016/pitroad.svg,https://members-assets.iracing.com/public/track-maps/tracks_pocono_2016/277-pocono-2016/start-finish.svg,https://members-assets.iracing.com/public/track-maps/tracks_pocono_2016/277-pocono-2016/turns.svg,3,55,43,60,false,false,41.0543442,-75.513473,America/New_York
279,Volusia Speedway Park,"De Leon Springs, Florida",USA,,0.805,,dirt_oval,tracks\volusia,https://members-assets.iracing.com/public/track-maps/tracks_volusia/279-volusia/active.svg,https://members-assets.iracing.com/public/track-maps/tracks_volusia/279-volusia/pitroad.svg,https://members-assets.iracing.com/public/track-maps/tracks_volusia/279-volusia/start-finish.svg,https://members-assets.iracing.com/public/track-maps/tracks_volusia/279-volusia/turns.svg,4,30,16,60,true,false,29.2150215,-81.3475005,America/New_York
286,Myrtle Beach Speedway,"Myrtle Beach, South Carolina",USA,,0.866,,oval,tracks\myrtlebeach,https://members-assets.iracing.com/public/track-maps/tracks_myrtlebeach/286-myrtlebeach/active.svg,https://members-assets.iracing.com/public/track-maps/tracks_myrtlebeach/286-myrtlebeach/pitroad.svg,https://members-assets.iracing.com/public/track-maps/tracks_myrtlebeach/286-myrtlebeach/start-finish.svg,https://members-assets.iracing.com/public/track-maps/tracks_myrtlebeach/286-myrtlebeach/turns.svg,4,35,42,60,true,false,33.7455794,-78.9546613,America/New_York
287,Bristol Motor Speedway,"Bristol, Tennessee",USA,Dirt - 2021,0.858,,dirt_oval,tracks\bristol\dirt,https://members-assets.iracing.com/public/track-maps/tracks_bristol/287-bristol-dirt/active.svg,https://members-assets.iracing.com/public/track-maps/tracks_bristol/287-bristol-dirt/pitroad.svg,https://members-assets.iracing.com/public/track-maps/tracks_bristol/287-bristol-dirt/start-finish.svg,https://members-assets.iracing.com/public/track-maps/tracks_bristol/287-bristol-dirt/turns.svg,4,35,43,64,true,false,36.515694,-82.2591607,America/New_York
288,Lanier National Speedway,"Braselton, Georgia",USA,Dirt,0.604,,dirt_oval,tracks\lanier\dirt,https://members-assets.iracing.com/public/track-maps/tracks_lanier/288-lanier-dirt/active.svg,https://members-assets.iracing.com/public/track-maps/tracks_lanier/288-lanier-dirt/pitroad.svg,https://members-assets.iracing.com/public/track-maps/tracks_lanier/288-lanier-dirt/start-finish.svg,https://members-assets.iracing.com/public/track-maps/tracks_lanier/288-lanier-dirt/turns.svg,4,30,12,60,true,false,34.153424,-83.8149922,America/New_York
290,Brands Hatch Circuit,"Fawkham, Kent",England,Rallycross,1.947,,dirt_road,tracks\brandshatch\rallycross,https://members-assets.iracing.com/public/track-maps/tracks_brandshatch/290-brandshatch-rallycross/active.svg,https://members-assets.iracing.com/public/track-maps/tracks_brandshatch/290-brandshatch-rallycross/pitroad.svg,https://members-assets.iracing.com/public/track-maps/tracks_brandshatch/290-brandshatch-rallycross/start-finish.svg,https://members-assets.iracing.com/public/track-maps/tracks_brandshatch/290-brandshatch-rallycross/turns.svg,6,,16,16,false,false,51.3581048,0.2536338,Europe/London
293,Daytona Rallycross and Dirt Road,"Daytona Beach, Florida",USA,Rallycross Long,1.384,,dirt_road,tracks\daytona\rallycross\long,https://members-assets.iracing.com/public/track-maps/tracks_daytona/293-daytona-rallycross-long/active.svg,https://members-assets.iracing.com/public/track-maps/tracks_daytona/293-daytona-rallycross-long/pitroad.svg,https://members-assets.iracing.com/public/track-maps/tracks_daytona/293-daytona-rallycross-long/start-finish.svg,https://members-assets.iracing.com/public/track-maps/tracks_daytona/293-daytona-rallycross-long/turns.svg,9,,5,16,false,false,29.185169,-81.072722,America/New_York
295,Iowa Speedway,"Newton, Iowa",USA,Rallycross - 2017,1.062,,dirt_road,tracks\iowa\rallycross,https://members-assets.iracing.com/public/track-maps/tracks_iowa/295-iowa-rallycross/active.svg,https://members-assets.iracing.com/public/track-maps/tracks_iowa/295-iowa-rallycross/pitroad.svg,https://members-assets.iracing.com/public/track-maps/tracks_iowa/295-iowa-rallycross/start-finish.svg,https://members-assets.iracing.com/public/track-maps/tracks_iowa/295-iowa-rallycross/turns.svg,8,,8,16,true,false,41.674667,-93.015162,America/Chicago
296,Daytona Rallycross and Dirt Road,"Daytona Beach, Florida",USA,Rallycross Short,1.143,,dirt_road,tracks\daytona\rallycross\short,https://members-assets.iracing.com/public/track-maps/tracks_daytona/296-daytona-rallycross-short/active.svg,https://members-assets.iracing.com/public/track-maps/tracks_daytona/296-daytona-rallycross-short/pitroad.svg,https://members-assets.iracing.com/public/track-maps/tracks_daytona/296-daytona-rallycross-short/start-finish.svg,https://members-assets.iracing.com/public/track-maps/tracks_daytona/296-daytona-rallycross-short/turns.svg,8,,5,16,false,false,29.185169,-81.072722,America/New_York
297,Snetterton Circuit,"Snetterton, Norfolk",England,300,4.796,snetterton,road,tracks\snetterton\300,https://members-assets.iracing.com/public/track-maps/tracks_snetterton/297-snetterton-300/active.svg,https://members-assets.iracing.com/public/track-maps/tracks_snetterton/297-snetterton-300/pitroad.svg,https://members-assets.iracing.com/public/track-maps/tracks_snetterton/297-snetterton-300/start-finish.svg,https://members-assets.iracing.com/public/track-maps/tracks_snetterton/297-snetterton-300/turns.svg,13,34,20,60,false,true,52.4636482,0.943612,Europe/London
298,Snetterton Circuit,"Snetterton, Norfolk",England,200,3.219,,road,tracks\snetterton\200,https://members-assets.iracing.com/public/track-maps/tracks_snetterton/298-snetterton-200/active.svg,https://members-assets.iracing.com/public/track-maps/tracks_snetterton/298-snetterton-200/pitroad.svg,https://members-assets.iracing.com/public/track-maps/tracks_snetterton/298-snetterton-200/start-finish.svg,https://members-assets.iracing.com/public/track-maps/tracks_snetterton/298-snetterton-200/turns.svg,8,34,20,60,false,true,52.4636482,0.943612,Europe/London
299,Snetterton Circuit,"Snetterton, Norfolk",England,100,1.577,,road,tracks\snetterton\100,https://members-assets.iracing.com/public/track-maps/tracks_snetterton/299-snetterton-100/active.svg,https://members-assets.iracing.com/public/track-maps/tracks_snetterton/299-snetterton-100/pitroad.svg,https://members-assets.iracing.com/public/track-maps/tracks_snetterton/299-snetterton-100/start-finish.svg,https://members-assets.iracing.com/public/track-maps/tracks_snetterton/299-snetterton-100/turns.svg,6,34,21,60,false,true,52.4636482,0.943612,Europe/London
303,Limaland Motorsports Park,"Lima, Ohio",USA,,0.402,,dirt_oval,tracks\limaland,https://members-assets.iracing.com/public/track-maps/tracks_limaland/303-limaland/active.svg,https://members-assets.iracing.com/public/track-maps/tracks_limaland/303-limaland/pitroad.svg,https://members-assets.iracing.com/public/track-maps/tracks_limaland/303-limaland/start-finish.svg,https://members-assets.iracing.com/public/track-maps/tracks_limaland/303-limaland/turns.svg,4,30,9,43,true,false,40.759639,-84.194174,America/New_York
304,Lucas Oil Indianapolis Raceway Park,"Indianapolis, Indiana",USA,Rallycross,1.271,,dirt_road,tracks\irp\rallycross,https://members-assets.iracing.com/public/track-maps/tracks_irp/304-irp-rallycross/active.svg,https://members-assets.iracing.com/public/track-maps/tracks_irp/304-irp-rallycross/pitroad.svg,https://members-assets.iracing.com/public/track-maps/tracks_irp/304-irp-rallycross/start-finish.svg,https://members-assets.iracing.com/public/track-maps/tracks_irp/304-irp-rallycross/turns.svg,5,,7,16,false,false,39.812512,-86.340527,America/Indiana/Indianapolis
305,Knoxville Raceway,"Knoxville, Iowa",USA,,0.805,,dirt_oval,tracks\knoxville,https://members-assets.iracing.com/public/track-maps/tracks_knoxville/305-knoxville/active.svg,https://members-assets.iracing.com/public/track-maps/tracks_knoxville/305-knoxville/pitroad.svg,https://members-assets.iracing.com/public/track-maps/tracks_knoxville/305-knoxville/start-finish.svg,https://members-assets.iracing.com/public/track-maps/tracks_knoxville/305-knoxville/turns.svg,4,30,7,60,true,false,41.3265101,-93.1140141,America/Chicago
306,[Legacy] Phoenix Raceway - 2008,"Avondale, Arizona",USA,Rallycross,1.223,,dirt_road,tracks\phoenix\rallycross,https://members-assets.iracing.com/public/track-maps/tracks_phoenix/306-phoenix-rallycross/active.svg,https://members-assets.iracing.com/public/track-maps/tracks_phoenix/306-phoenix-rallycross/pitroad.svg,https://members-assets.iracing.com/public/track-maps/tracks_phoenix/306-phoenix-rallycross/start-finish.svg,https://members-assets.iracing.com/public/track-maps/tracks_phoenix/306-phoenix-rallycross/turns.svg,9,,8,16,false,false,33.37487,-112.313415,America/Phoenix
312,Sonoma Raceway,"Sonoma, California",USA,Rallycross,1.497,,dirt_road,tracks\sonoma\rallycross,https://members-assets.iracing.com/public/track-maps/tracks_sonoma/312-sonoma-rallycross/active.svg,https://members-assets.iracing.com/public/track-maps/tracks_sonoma/312-sonoma-rallycross/pitroad.svg,https://members-assets.iracing.com/public/track-maps/tracks_sonoma/312-sonoma-rallycross/start-finish.svg,https://members-assets.iracing.com/public/track-maps/tracks_sonoma/312-sonoma-rallycross/turns.svg,5,,5,16,false,false,38.1608659,-122.4568882,America/Los_Angeles
314,The Dirt Track at Charlotte,"Concord, North Carolina",USA,,0.644,,dirt_oval,tracks\charlottedirt,https://members-assets.iracing.com/public/track-maps/tracks_charlottedirt/314-charlottedirt/active.svg,https://members-assets.iracing.com/public/track-maps/tracks_charlottedirt/314-charlottedirt/pitroad.svg,https://members-assets.iracing.com/public/track-maps/tracks_charlottedirt/314-charlottedirt/start-finish.svg,https://members-assets.iracing.com/public/track-maps/tracks_charlottedirt/314-charlottedirt/turns.svg,4,30,4,63,true,false,35.3580208,-80.6874523,America/New_York
319,Detroit Grand Prix at Belle Isle,"Detroit, Michigan",USA,Belle Isle,3.782,,road,tracks\belleisle,https://members-assets.iracing.com/public/track-maps/tracks_belleisle/319-belleisle/active.svg,https://members-assets.iracing.com/public/track-maps/tracks_belleisle/319-belleisle/pitroad.svg,https://members-assets.iracing.com/public/track-maps/tracks_belleisle/319-belleisle/start-finish.svg,https://members-assets.iracing.com/public/track-maps/tracks_belleisle/319-belleisle/turns.svg,14,40,24,60,false,true,42.335007,-83.001598,America/Detroit
320,Kokomo Speedway,"Kokomo, Indiana",USA,Tires in,0.402,,dirt_oval,tracks\kokomo,https://members-assets.iracing.com/public/track-maps/tracks_kokomo/320-kokomo/active.svg,https://members-assets.iracing.com/public/track-maps/tracks_kokomo/320-kokomo/pitroad.svg,https://members-assets.iracing.com/public/track-maps/tracks_kokomo/320-kokomo/start-finish.svg,https://members-assets.iracing.com/public/track-maps/tracks_kokomo/320-kokomo/turns.svg,4,15,4,63,true,false,40.5111901,-86.1455678,America/Indiana/Indianapolis
322,EchoPark Speedway (Atlanta),"Hampton, Georgia",USA,Rallycross Short,1.094,,dirt_road,tracks\atlanta\rallycross\short,https://members-assets.iracing.com/public/track-maps/tracks_atlanta/322-atlanta-rallycross-short/active.svg,https://members-assets.iracing.com/public/track-maps/tracks_atlanta/322-atlanta-rallycross-short/pitroad.svg,https://members-assets.iracing.com/public/track-maps/tracks_atlanta/322-atlanta-rallycross-short/start-finish.svg,https://members-assets.iracing.com/public/track-maps/tracks_atlanta/322-atlanta-rallycross-short/turns.svg,8,,4,16,false,false,33.3859794,-84.3184714,America/New_York
323,EchoPark Speedway (Atlanta),"Hampton, Georgia",USA,Rallycross Long,1.561,,dirt_road,tracks\atlanta\rallycross\long,https://members-assets.iracing.com/public/track-maps/tracks_atlanta/323-atlanta-rallycross-long/active.svg,https://members-assets.iracing.com/public/track-maps/tracks_atlanta/323-atlanta-rallycross-long/pitroad.svg,https://members-assets.iracing.com/public/track-maps/tracks_atlanta/323-atlanta-rallycross-long/start-finish.svg,https://members-assets.iracing.com/public/track-maps/tracks_atlanta/323-atlanta-rallycross-long/turns.svg,8,,4,16,false,false,33.3859794,-84.3184714,America/New_York
324,Tsukuba Circuit,"Shimotsuma, Ibaraki Prefecture",Japan,2000 Full,2.045,,road,tracks\tsukuba\2kfull,https://members-assets.iracing.com/public/track-maps/tracks_tsukuba/324-tsukuba-2kfull/active.svg,https://members-assets.iracing.com/public/track-maps/tracks_tsukuba/324-tsukuba-2kfull/pitroad.svg,https://members-assets.iracing.com/public/track-maps/tracks_tsukuba/324-tsukuba-2kfull/start-finish.svg,https://members-assets.iracing.com/public/track-maps/tracks_tsukuba/324-tsukuba-2kfull/turns.svg,12,37,32,60,false,true,36.1527975,139.9180586,Asia/Tokyo
325,Tsukuba Circuit,"Shimotsuma, Ibaraki Prefecture",Japan,2000 Moto,2.071,,road,tracks\tsukuba\2kchicane,https://members-assets.iracing.com/public/track-maps/tracks_tsukuba/325-tsukuba-2kchicane/active.svg,https://members-assets.iracing.com/public/track-maps/tracks_tsukuba/325-tsukuba-2kchicane/pitroad.svg,https://members-assets.iracing.com/public/track-maps/tracks_tsukuba/325-tsukuba-2kchicane/start-finish.svg,https://members-assets.iracing.com/public/track-maps/tracks_tsukuba/325-tsukuba-2kchicane/turns.svg,14,37,32,60,false,true,36.1527975,139.9180586,Asia/Tokyo
326,Tsukuba Circuit,"Shimotsuma, Ibaraki Prefecture",Japan,2000 Short,1.609,,road,tracks\tsukuba\2kshort,https://members-assets.iracing.com/public/track-maps/tracks_tsukuba/326-tsukuba-2kshort/active.svg,https://members-assets.iracing.com/public/track-maps/tracks_tsukuba/326-tsukuba-2kshort/pitroad.svg,https://members-assets.iracing.com/public/track-maps/tracks_tsukuba/326-tsukuba-2kshort/start-finish.svg,https://members-assets.iracing.com/public/track-maps/tracks_tsukuba/326-tsukuba-2kshort/turns.svg,6,37,32,60,false,true,36.1527975,139.9180586,Asia/Tokyo
327,Tsukuba Circuit,"Shimotsuma, Ibaraki Prefecture",Japan,1000 Full,0.999,,road,tracks\tsukuba\1kfull,https://members-assets.iracing.com/public/track-maps/tracks_tsukuba/327-tsukuba-1kfull/active.svg,https://members-assets.iracing.com/public/track-maps/tracks_tsukuba/327-tsukuba-1kfull/pitroad.svg,https://members-assets.iracing.com/public/track-maps/tracks_tsukuba/327-tsukuba-1kfull/start-finish.svg,https://members-assets.iracing.com/public/track-maps/tracks_tsukuba/327-tsukuba-1kfull/turns.svg,10,30,10,60,false,true,36.1527975,139.9180586,Asia/Tokyo
328,Tsukuba Circuit,"Shimotsuma, Ibaraki Prefecture",Japan,1000 Outer,0.805,,road,tracks\tsukuba\1kouter,https://members-assets.iracing.com/public/track-maps/tracks_tsukuba/328-tsukuba-1kouter/active.svg,https://members-assets.iracing.com/public/track-maps/tracks_tsukuba/328-tsukuba-1kouter/pitroad.svg,https://members-assets.iracing.com/public/track-maps/tracks_tsukuba/328-tsukuba-1kouter/start-finish.svg,https://members-assets.iracing.com/public/track-maps/tracks_tsukuba/328-tsukuba-1kouter/turns.svg,4,30,10,60,false,true,36.1527975,139.9180586,Asia/Tokyo
329,Tsukuba Circuit,"Shimotsuma, Ibaraki Prefecture",Japan,1000 Chicane,1.006,,road,tracks\tsukuba\1kchicane,https://members-assets.iracing.com/public/track-maps/tracks_tsukuba/329-tsukuba-1kchicane/active.svg,https://members-assets.iracing.com/public/track-maps/tracks_tsukuba/329-tsukuba-1kchicane/pitroad.svg,https://members-assets.iracing.com/public/track-maps/tracks_tsukuba/329-tsukuba-1kchicane/start-finish.svg,https://members-assets.iracing.com/public/track-maps/tracks_tsukuba/329-tsukuba-1kchicane/turns.svg,13,30,10,60,false,true,36.1527975,139.9180586,Asia/Tokyo
331,Chili Bowl,"Tulsa, Oklahoma",USA,,0.402,,dirt_oval,tracks\chilibowl,https://members-assets.iracing.com/public/track-maps/tracks_chilibowl/331-chilibowl/active.svg,https://members-assets.iracing.com/public/track-maps/tracks_chilibowl/331-chilibowl/pitroad.svg,https://members-assets.iracing.com/public/track-maps/tracks_chilibowl/331-chilibowl/start-finish.svg,https://members-assets.iracing.com/public/track-maps/tracks_chilibowl/331-chilibowl/turns.svg,4,20,4,40,false,false,36.133274,-95.943721,America/Chicago
332,Wild West Motorsports Park,"Sparks, Nevada",USA,,2.414,,dirt_road,tracks\wildwest\full,https://members-assets.iracing.com/public/track-maps/tracks_wildwest/332-wildwest-full/active.svg,https://members-assets.iracing.com/public/track-maps/tracks_wildwest/332-wildwest-full/pitroad.svg,https://members-assets.iracing.com/public/track-maps/tracks_wildwest/332-wildwest-full/start-finish.svg,https://members-assets.iracing.com/public/track-maps/tracks_wildwest/332-wildwest-full/turns.svg,4,25,9,40,false,false,39.510394,-119.663776,America/Los_Angeles
333,Tsukuba Circuit,"Shimotsuma, Ibaraki Prefecture",Japan,1000 Full Reverse,0.999,,road,tracks\tsukuba\1kfullreverse,https://members-assets.iracing.com/public/track-maps/tracks_tsukuba/333-tsukuba-1kfullreverse/active.svg,https://members-assets.iracing.com/public/track-maps/tracks_tsukuba/333-tsukuba-1kfullreverse/pitroad.svg,https://members-assets.iracing.com/public/track-maps/tracks_tsukuba/333-tsukuba-1kfullreverse/start-finish.svg,https://members-assets.iracing.com/public/track-maps/tracks_tsukuba/333-tsukuba-1kfullreverse/turns.svg,10,30,11,60,false,true,36.1527975,139.9180586,Asia/Tokyo
334,Firebird Motorsports Park,"Chandler, Arizona",USA,,2.414,,dirt_road,tracks\wildhorse,https://members-assets.iracing.com/public/track-maps/tracks_wildhorse/334-wildhorse/active.svg,https://members-assets.iracing.com/public/track-maps/tracks_wildhorse/334-wildhorse/pitroad.svg,https://members-assets.iracing.com/public/track-maps/tracks_wildhorse/334-wildhorse/start-finish.svg,https://members-assets.iracing.com/public/track-maps/tracks_wildhorse/334-wildhorse/turns.svg,5,30,16,40,false,false,33.268889,-111.966111,America/Phoenix
341,Silverstone Circuit,"Towcester, Northamptonshire",England,Grand Prix,5.892,silverstone,road,tracks\silverstone\2019\gp,https://members-assets.iracing.com/public/track-maps/tracks_silverstone_2019/341-silverstone-2019-gp/active.svg,https://members-assets.iracing.com/public/track-maps/tracks_silverstone_2019/341-silverstone-2019-gp/pitroad.svg,https://members-assets.iracing.com/public/track-maps/tracks_silverstone_2019/341-silverstone-2019-gp/start-finish.svg,https://members-assets.iracing.com/public/track-maps/tracks_silverstone_2019/341-silverstone-2019-gp/turns.svg,18,37,41,60,false,true,52.0733006,-1.0168574,Europe/London
342,Silverstone Circuit,"Towcester, Northamptonshire",England,International,2.979,silverstone-s2,road,tracks\silverstone\2019\international,https://members-assets.iracing.com/public/track-maps/tracks_silverstone_2019/342-silverstone-2019-international/active.svg,https://members-assets.iracing.com/public/track-maps/tracks_silverstone_2019/342-silverstone-2019-international/pitroad.svg,https://members-assets.iracing.com/public/track-maps/tracks_silverstone_2019/342-silverstone-2019-international/start-finish.svg,https://members-assets.iracing.com/public/track-maps/tracks_silverstone_2019/342-silverstone-2019-international/turns.svg,9,34,41,60,false,true,52.0733006,-1.0168574,Europe/London
343,Silverstone Circuit,"Towcester, Northamptonshire",England,National,2.639,silverstone-s,road,tracks\silverstone\2019\national,https://members-assets.iracing.com/public/track-maps/tracks_silverstone_2019/343-silverstone-2019-national/active.svg,https://members-assets.iracing.com/public/track-maps/tracks_silverstone_2019/343-silverstone-2019-national/pitroad.svg,https://members-assets.iracing.com/public/track-maps/tracks_silverstone_2019/343-silverstone-2019-national/start-finish.svg,https://members-assets.iracing.com/public/track-maps/tracks_silverstone_2019/343-silverstone-2019-national/turns.svg,6,37,29,60,false,true,52.0733006,-1.0168574,Europe/London
344,Fairbury Speedway,"Fairbury, Illinois",USA,,0.402,,dirt_oval,tracks\fairbury,https://members-assets.iracing.com/public/track-maps/tracks_fairbury/344-fairbury/active.svg,https://members-assets.iracing.com/public/track-maps/tracks_fairbury/344-fairbury/pitroad.svg,https://members-assets.iracing.com/public/track-maps/tracks_fairbury/344-fairbury/start-finish.svg,https://members-assets.iracing.com/public/track-maps/tracks_fairbury/344-fairbury/turns.svg,4,30,5,60,true,false,40.740155,-88.514774,America/Chicago
345,Circuit de Barcelona Catalunya,"Montmeló, Catalonia",Spain,Grand Prix,4.654,catalunya,road,tracks\barcelona\gp,https://members-assets.iracing.com/public/track-maps/tracks_barcelona/345-barcelona-gp/active.svg,https://members-assets.iracing.com/public/track-maps/tracks_barcelona/345-barcelona-gp/pitroad.svg,https://members-assets.iracing.com/public/track-maps/tracks_barcelona/345-barcelona-gp/start-finish.svg,https://members-assets.iracing.com/public/track-maps/tracks_barcelona/345-barcelona-gp/turns.svg,16,50,40,60,true,true,41.568749,2.257138,Europe/Madrid
346,Circuit de Barcelona Catalunya,"Montmeló, Catalonia",Spain,National,2.977,,road,tracks\barcelona\national,https://members-assets.iracing.com/public/track-maps/tracks_barcelona/346-barcelona-national/active.svg,https://members-assets.iracing.com/public/track-maps/tracks_barcelona/346-barcelona-national/pitroad.svg,https://members-assets.iracing.com/public/track-maps/tracks_barcelona/346-barcelona-national/start-finish.svg,https://members-assets.iracing.com/public/track-maps/tracks_barcelona/346-barcelona-national/turns.svg,11,50,40,60,true,true,41.568749,2.257138,Europe/Madrid
347,Circuit de Barcelona Catalunya,"Montmeló, Catalonia",Spain,Club,1.703,,road,tracks\barcelona\club,https://members-assets.iracing.com/public/track-maps/tracks_barcelona/347-barcelona-club/active.svg,https://members-assets.iracing.com/public/track-maps/tracks_barcelona/347-barcelona-club/pitroad.svg,https://members-assets.iracing.com/public/track-maps/tracks_barcelona/347-barcelona-club/start-finish.svg,https://members-assets.iracing.com/public/track-maps/tracks_barcelona/347-barcelona-club/turns.svg,6,30,12,60,true,true,41.568749,2.257138,Europe/Madrid
348,Circuit de Barcelona Catalunya,"Montmeló, Catalonia",Spain,Moto,4.653,,road,tracks\barcelona\moto,https://members-assets.iracing.com/public/track-maps/tracks_barcelona/348-barcelona-moto/active.svg,https://members-assets.iracing.com/public/track-maps/tracks_barcelona/348-barcelona-moto/pitroad.svg,https://members-assets.iracing.com/public/track-maps/tracks_barcelona/348-barcelona-moto/start-finish.svg,https://members-assets.iracing.com/public/track-maps/tracks_barcelona/348-barcelona-moto/turns.svg,11,40,40,60,true,true,41.568749,2.257138,Europe/Madrid
349,Circuit de Barcelona Catalunya,"Montmeló, Catalonia",Spain,Historic,4.727,,road,tracks\barcelona\historic,https://members-assets.iracing.com/public/track-maps/tracks_barcelona/349-barcelona-historic/active.svg,https://members-assets.iracing.com/public/track-maps/tracks_barcelona/349-barcelona-historic/pitroad.svg,https://members-assets.iracing.com/public/track-maps/tracks_barcelona/349-barcelona-historic/start-finish.svg,https://members-assets.iracing.com/public/track-maps/tracks_barcelona/349-barcelona-historic/turns.svg,13,50,40,60,true,true,41.568749,2.257138,Europe/Madrid
351,Lernerville Speedway,"Sarver, Pennsylvania",USA,,0.644,,dirt_oval,tracks\lernerville,https://members-assets.iracing.com/public/track-maps/tracks_lernerville/351-lernerville/active.svg,https://members-assets.iracing.com/public/track-maps/tracks_lernerville/351-lernerville/pitroad.svg,https://members-assets.iracing.com/public/track-maps/tracks_lernerville/351-lernerville/start-finish.svg,https://members-assets.iracing.com/public/track-maps/tracks_lernerville/351-lernerville/turns.svg,4,30,5,63,true,false,40.738633,-79.759479,America/New_York
352,Lime Rock Park,"Lakeville, Connecticut",USA,Classic,2.462,lime-rock,road,tracks\limerock\2019\classic,https://members-assets.iracing.com/public/track-maps/tracks_limerock_2019/352-limerock-2019-classic/active.svg,https://members-assets.iracing.com/public/track-maps/tracks_limerock_2019/352-limerock-2019-classic/pitroad.svg,https://members-assets.iracing.com/public/track-maps/tracks_limerock_2019/352-limerock-2019-classic/start-finish.svg,https://members-assets.iracing.com/public/track-maps/tracks_limerock_2019/352-limerock-2019-classic/turns.svg,7,,35,63,false,true,41.9282105,-73.3839642,America/New_York
353,Lime Rock Park,"Lakeville, Connecticut",USA,Grand Prix,2.462,,road,tracks\limerock\2019\gp,https://members-assets.iracing.com/public/track-maps/tracks_limerock_2019/353-limerock-2019-gp/active.svg,https://members-assets.iracing.com/public/track-maps/tracks_limerock_2019/353-limerock-2019-gp/pitroad.svg,https://members-assets.iracing.com/public/track-maps/tracks_limerock_2019/353-limerock-2019-gp/start-finish.svg,https://members-assets.iracing.com/public/track-maps/tracks_limerock_2019/353-limerock-2019-gp/turns.svg,9,,35,63,false,true,41.9282105,-73.3839642,America/New_York
354,Lime Rock Park,"Lakeville, Connecticut",USA,Chicanes,2.462,,road,tracks\limerock\2019\chicanes,https://members-assets.iracing.com/public/track-maps/tracks_limerock_2019/354-limerock-2019-chicanes/active.svg,https://members-assets.iracing.com/public/track-maps/tracks_limerock_2019/354-limerock-2019-chicanes/pitroad.svg,https://members-assets.iracing.com/public/track-maps/tracks_limerock_2019/354-limerock-2019-chicanes/start-finish.svg,https://members-assets.iracing.com/public/track-maps/tracks_limerock_2019/354-limerock-2019-chicanes/turns.svg,11,,35,63,false,true,41.9282105,-73.3839642,America/New_York
355,Lime Rock Park,"Lakeville, Connecticut",USA,West Bend Chicane,2.462,,road,tracks\limerock\2019\chicanewestb,https://members-assets.iracing.com/public/track-maps/tracks_limerock_2019/355-limerock-2019-chicanewestb/active.svg,https://members-assets.iracing.com/public/track-maps/tracks_limerock_2019/355-limerock-2019-chicanewestb/pitroad.svg,https://members-assets.iracing.com/public/track-maps/tracks_limerock_2019/355-limerock-2019-chicanewestb/start-finish.svg,https://members-assets.iracing.com/public/track-maps/tracks_limerock_2019/355-limerock-2019-chicanewestb/turns.svg,7,,35,63,false,true,41.9282105,-73.3839642,America/New_York
357,Texas Motor Speedway,"Fort Worth, Texas",USA,Oval,2.414,,oval,tracks\texas\2020\oval,https://members-assets.iracing.com/public/track-maps/tracks_texas_2020/357-texas-2020-oval/active.svg,https://members-assets.iracing.com/public/track-maps/tracks_texas_2020/357-texas-2020-oval/pitroad.svg,https://members-assets.iracing.com/public/track-maps/tracks_texas_2020/357-texas-2020-oval/start-finish.svg,https://members-assets.iracing.com/public/track-maps/tracks_texas_2020/357-texas-2020-oval/turns.svg,4,45,42,63,true,false,33.0373257,-97.2843123,America/Chicago
358,Lånkebanen (Hell RX),"Hell, Trøndelag",Norway,Hell Rallycross,1.019,,dirt_road,tracks\lankebanen\hellrx,https://members-assets.iracing.com/public/track-maps/tracks_lankebanen/358-lankebanen-hellrx/active.svg,https://members-assets.iracing.com/public/track-maps/tracks_lankebanen/358-lankebanen-hellrx/pitroad.svg,https://members-assets.iracing.com/public/track-maps/tracks_lankebanen/358-lankebanen-hellrx/start-finish.svg,https://members-assets.iracing.com/public/track-maps/tracks_lankebanen/358-lankebanen-hellrx/turns.svg,7,,6,15,false,false,63.405094,10.920655,Europe/Oslo
359,Lånkebanen (Hell RX),"Hell, Trøndelag",Norway,Club,1.032,,dirt_road,tracks\lankebanen\club,https://members-assets.iracing.com/public/track-maps/tracks_lankebanen/359-lankebanen-club/active.svg,https://members-assets.iracing.com/public/track-maps/tracks_lankebanen/359-lankebanen-club/pitroad.svg,https://members-assets.iracing.com/public/track-maps/tracks_lankebanen/359-lankebanen-club/start-finish.svg,https://members-assets.iracing.com/public/track-maps/tracks_lankebanen/359-lankebanen-club/turns.svg,9,45,6,15,false,false,63.405094,10.920655,Europe/Oslo
360,Lånkebanen (Hell RX),"Hell, Trøndelag",Norway,Rallycross Short,1.081,,dirt_road,tracks\lankebanen\rallyshort,https://members-assets.iracing.com/public/track-maps/tracks_lankebanen/360-lankebanen-rallyshort/active.svg,https://members-assets.iracing.com/public/track-maps/tracks_lankebanen/360-lankebanen-rallyshort/pitroad.svg,https://members-assets.iracing.com/public/track-maps/tracks_lankebanen/360-lankebanen-rallyshort/start-finish.svg,https://members-assets.iracing.com/public/track-maps/tracks_lankebanen/360-lankebanen-rallyshort/turns.svg,8,45,6,15,false,false,63.405094,10.920655,Europe/Oslo
361,Lånkebanen (Hell RX),"Hell, Trøndelag",Norway,Road Short,0.737,,road,tracks\lankebanen\road\roadshort,https://members-assets.iracing.com/public/track-maps/tracks_lankebanen/361-lankebanen-road-roadshort/active.svg,https://members-assets.iracing.com/public/track-maps/tracks_lankebanen/361-lankebanen-road-roadshort/pitroad.svg,https://members-assets.iracing.com/public/track-maps/tracks_lankebanen/361-lankebanen-road-roadshort/start-finish.svg,https://members-assets.iracing.com/public/track-maps/tracks_lankebanen/361-lankebanen-road-roadshort/turns.svg,8,20,6,15,false,true,63.405094,10.920655,Europe/Oslo
362,Homestead Miami Speedway,"Homestead, Florida",USA,Open Wheel Oval,2.414,,oval,tracks\homestead\ovalindy,https://members-assets.iracing.com/public/track-maps/tracks_homestead/362-homestead-ovalindy/active.svg,https://members-assets.iracing.com/public/track-maps/tracks_homestead/362-homestead-ovalindy/pitroad.svg,https://members-assets.iracing.com/public/track-maps/tracks_homestead/362-homestead-ovalindy/start-finish.svg,https://members-assets.iracing.com/public/track-maps/tracks_homestead/362-homestead-ovalindy/turns.svg,4,50,43,64,true,false,25.4517775,-80.4110895,America/New_York
363,Lånkebanen (Hell RX),"Hell, Trøndelag",Norway,Road Long,1.019,,road,tracks\lankebanen\road\roadlong,https://members-assets.iracing.com/public/track-maps/tracks_lankebanen/363-lankebanen-road-roadlong/active.svg,https://members-assets.iracing.com/public/track-maps/tracks_lankebanen/363-lankebanen-road-roadlong/pitroad.svg,https://members-assets.iracing.com/public/track-maps/tracks_lankebanen/363-lankebanen-road-roadlong/start-finish.svg,https://members-assets.iracing.com/public/track-maps/tracks_lankebanen/363-lankebanen-road-roadlong/turns.svg,6,20,6,15,false,true,63.405094,10.920655,Europe/Oslo
364,Texas Motor Speedway,"Fort Worth, Texas",USA,Legends Oval,0.386,,oval,tracks\texas\2020\legendsoval,https://members-assets.iracing.com/public/track-maps/tracks_texas_2020/364-texas-2020-legendsoval/active.svg,https://members-assets.iracing.com/public/track-maps/tracks_texas_2020/364-texas-2020-legendsoval/pitroad.svg,https://members-assets.iracing.com/public/track-maps/tracks_texas_2020/364-texas-2020-legendsoval/start-finish.svg,https://members-assets.iracing.com/public/track-maps/tracks_texas_2020/364-texas-2020-legendsoval/turns.svg,2,30,18,43,true,false,33.0373257,-97.2843123,America/Chicago
365,Bristol Motor Speedway,"Bristol, Tennessee",USA,Single Pit Roads,0.858,,oval,tracks\bristol\fullpit,https://members-assets.iracing.com/public/track-maps/tracks_bristol/365-bristol-fullpit/active.svg,https://members-assets.iracing.com/public/track-maps/tracks_bristol/365-bristol-fullpit/pitroad.svg,https://members-assets.iracing.com/public/track-maps/tracks_bristol/365-bristol-fullpit/start-finish.svg,https://members-assets.iracing.com/public/track-maps/tracks_bristol/365-bristol-fullpit/turns.svg,4,35,43,64,true,false,36.515694,-82.2591607,America/New_York
366,North Wilkesboro Speedway,"North Wilkesboro, North Carolina",USA,Oval - 1987,1.006,,oval,tracks\northwilkesboro,https://members-assets.iracing.com/public/track-maps/tracks_northwilkesboro/366-northwilkesboro/active.svg,https://members-assets.iracing.com/public/track-maps/tracks_northwilkesboro/366-northwilkesboro/pitroad.svg,https://members-assets.iracing.com/public/track-maps/tracks_northwilkesboro/366-northwilkesboro/start-finish.svg,https://members-assets.iracing.com/public/track-maps/tracks_northwilkesboro/366-northwilkesboro/turns.svg,4,35,33,60,false,false,36.143073,-81.072278,America/New_York
371,Kentucky Speedway,"Sparta, Kentucky",USA,Oval,2.414,,oval,tracks\kentucky\2020\oval,https://members-assets.iracing.com/public/track-maps/tracks_kentucky_2020/371-kentucky-2020-oval/active.svg,https://members-assets.iracing.com/public/track-maps/tracks_kentucky_2020/371-kentucky-2020-oval/pitroad.svg,https://members-assets.iracing.com/public/track-maps/tracks_kentucky_2020/371-kentucky-2020-oval/start-finish.svg,https://members-assets.iracing.com/public/track-maps/tracks_kentucky_2020/371-kentucky-2020-oval/turns.svg,4,45,43,66,true,false,38.7117309,-84.9128033,America/New_York
373,Weedsport Speedway,"Weedsport, New York",USA,,0.604,,dirt_oval,tracks\weedsport,https://members-assets.iracing.com/public/track-maps/tracks_weedsport/373-weedsport/active.svg,https://members-assets.iracing.com/public/track-maps/tracks_weedsport/373-weedsport/pitroad.svg,https://members-assets.iracing.com/public/track-maps/tracks_weedsport/373-weedsport/start-finish.svg,https://members-assets.iracing.com/public/track-maps/tracks_weedsport/373-weedsport/turns.svg,4,20,9,60,true,false,43.059556,-76.546906,America/New_York
374,Nashville Fairgrounds Speedway,"Nashville, Tennessee",USA,Oval,0.959,,oval,tracks\nashville\oval,https://members-assets.iracing.com/public/track-maps/tracks_nashville/374-nashville-oval/active.svg,https://members-assets.iracing.com/public/track-maps/tracks_nashville/374-nashville-oval/pitroad.svg,https://members-assets.iracing.com/public/track-maps/tracks_nashville/374-nashville-oval/start-finish.svg,https://members-assets.iracing.com/public/track-maps/tracks_nashville/374-nashville-oval/turns.svg,4,35,35,60,true,false,36.130862,-86.763039,America/Chicago
380,Nashville Fairgrounds Speedway,"Nashville, Tennessee",USA,Mini,0.402,,oval,tracks\nashville\mini,https://members-assets.iracing.com/public/track-maps/tracks_nashville/380-nashville-mini/active.svg,https://members-assets.iracing.com/public/track-maps/tracks_nashville/380-nashville-mini/pitroad.svg,https://members-assets.iracing.com/public/track-maps/tracks_nashville/380-nashville-mini/start-finish.svg,https://members-assets.iracing.com/public/track-maps/tracks_nashville/380-nashville-mini/turns.svg,4,26,9,60,true,false,36.130862,-86.763039,America/Chicago
381,Daytona International Speedway,"Daytona Beach, Florida",USA,NASCAR Road,5.729,,road,tracks\daytona\2011\roadnascar2020,https://members-assets.iracing.com/public/track-maps/tracks_daytona_2011/381-daytona-2011-roadnascar2020/active.svg,https://members-assets.iracing.com/public/track-maps/tracks_daytona_2011/381-daytona-2011-roadnascar2020/pitroad.svg,https://members-assets.iracing.com/public/track-maps/tracks_daytona_2011/381-daytona-2011-roadnascar2020/start-finish.svg,https://members-assets.iracing.com/public/track-maps/tracks_daytona_2011/381-daytona-2011-roadnascar2020/turns.svg,11,55,40,64,true,true,29.185169,-81.072722,America/New_York
382,Crandon International Raceway,"Crandon, Wisconsin",USA,Full,1.609,,dirt_road,tracks\crandon\full,https://members-assets.iracing.com/public/track-maps/tracks_crandon/382-crandon-full/active.svg,https://members-assets.iracing.com/public/track-maps/tracks_crandon/382-crandon-full/pitroad.svg,https://members-assets.iracing.com/public/track-maps/tracks_crandon/382-crandon-full/start-finish.svg,https://members-assets.iracing.com/public/track-maps/tracks_crandon/382-crandon-full/turns.svg,8,30,13,60,false,false,45.57413,-88.93946,America/Chicago
383,Crandon International Raceway,"Crandon, Wisconsin",USA,Short,1.609,,dirt_road,tracks\crandon\short,https://members-assets.iracing.com/public/track-maps/tracks_crandon/383-crandon-short/active.svg,https://members-assets.iracing.com/public/track-maps/tracks_crandon/383-crandon-short/pitroad.svg,https://members-assets.iracing.com/public/track-maps/tracks_crandon/383-crandon-short/start-finish.svg,https://members-assets.iracing.com/public/track-maps/tracks_crandon/383-crandon-short/turns.svg,4,30,13,60,false,false,45.57413,-88.93946,America/Chicago
384,iRacing Superspeedway,"Chelmsford, Massachusetts",USA,,4.828,,oval,tracks\iracingss,https://members-assets.iracing.com/public/track-maps/tracks_iracingss/384-iracingss/active.svg,https://members-assets.iracing.com/public/track-maps/tracks_iracingss/384-iracingss/pitroad.svg,https://members-assets.iracing.com/public/track-maps/tracks_iracingss/384-iracingss/start-finish.svg,https://members-assets.iracing.com/public/track-maps/tracks_iracingss/384-iracingss/turns.svg,4,65,60,60,false,false,42.601541,-71.327313,America/New_York
386,Circuit de Barcelona Catalunya,"Montmeló, Catalonia",Spain,Rallycross,1.11,,dirt_road,tracks\barcelona\rallycross,https://members-assets.iracing.com/public/track-maps/tracks_barcelona/386-barcelona-rallycross/active.svg,https://members-assets.iracing.com/public/track-maps/tracks_barcelona/386-barcelona-rallycross/pitroad.svg,https://members-assets.iracing.com/public/track-maps/tracks_barcelona/386-barcelona-rallycross/start-finish.svg,https://members-assets.iracing.com/public/track-maps/tracks_barcelona/386-barcelona-rallycross/turns.svg,9,,10,16,false,false,41.568749,2.257138,Europe/Madrid
387,Cedar Lake Speedway,"New Richmond, Wisconsin",USA,,0.604,,dirt_oval,tracks\cedarlake,https://members-assets.iracing.com/public/track-maps/tracks_cedarlake/387-cedarlake/active.svg,https://members-assets.iracing.com/public/track-maps/tracks_cedarlake/387-cedarlake/pitroad.svg,https://members-assets.iracing.com/public/track-maps/tracks_cedarlake/387-cedarlake/start-finish.svg,https://members-assets.iracing.com/public/track-maps/tracks_cedarlake/387-cedarlake/turns.svg,4,30,11,43,true,false,45.190514,-92.589252,America/Chicago
388,Irwindale Speedway,"Irwindale, California",USA,Figure Eight Jump,0.531,,road,tracks\irwindale\figureeightjump,https://members-assets.iracing.com/public/track-maps/tracks_irwindale/388-irwindale-figureeightjump/active.svg,https://members-assets.iracing.com/public/track-maps/tracks_irwindale/388-irwindale-figureeightjump/pitroad.svg,https://members-assets.iracing.com/public/track-maps/tracks_irwindale/388-irwindale-figureeightjump/start-finish.svg,https://members-assets.iracing.com/public/track-maps/tracks_irwindale/388-irwindale-figureeightjump/turns.svg,4,30,27,27,false,true,34.1104491,-117.9892554,America/Los_Angeles
390,Hockenheimring Baden-Württemberg,"Hockenheim, Baden-Württemberg",Germany,Grand Prix,4.571,hockenheim,road,tracks\hockenheim\gp,https://members-assets.iracing.com/public/track-maps/tracks_hockenheim/390-hockenheim-gp/active.svg,https://members-assets.iracing.com/public/track-maps/tracks_hockenheim/390-hockenheim-gp/pitroad.svg,https://members-assets.iracing.com/public/track-maps/tracks_hockenheim/390-hockenheim-gp/start-finish.svg,https://members-assets.iracing.com/public/track-maps/tracks_hockenheim/390-hockenheim-gp/turns.svg,16,50,32,60,false,true,49.330028,8.570892,Europe/Berlin
391,Hockenheimring Baden-Württemberg,"Hockenheim, Baden-Württemberg",Germany,National A,3.685,,road,tracks\hockenheim\nationala,https://members-assets.iracing.com/public/track-maps/tracks_hockenheim/391-hockenheim-nationala/active.svg,https://members-assets.iracing.com/public/track-maps/tracks_hockenheim/391-hockenheim-nationala/pitroad.svg,https://members-assets.iracing.com/public/track-maps/tracks_hockenheim/391-hockenheim-nationala/start-finish.svg,https://members-assets.iracing.com/public/track-maps/tracks_hockenheim/391-hockenheim-nationala/turns.svg,15,31,32,60,false,true,49.330028,8.570892,Europe/Berlin
392,Hockenheimring Baden-Württemberg,"Hockenheim, Baden-Württemberg",Germany,National B,3.685,,road,tracks\hockenheim\nationalb,https://members-assets.iracing.com/public/track-maps/tracks_hockenheim/392-hockenheim-nationalb/active.svg,https://members-assets.iracing.com/public/track-maps/tracks_hockenheim/392-hockenheim-nationalb/pitroad.svg,https://members-assets.iracing.com/public/track-maps/tracks_hockenheim/392-hockenheim-nationalb/start-finish.svg,https://members-assets.iracing.com/public/track-maps/tracks_hockenheim/392-hockenheim-nationalb/turns.svg,16,31,32,60,false,true,49.330028,8.570892,Europe/Berlin
393,Hockenheimring Baden-Württemberg,"Hockenheim, Baden-Württemberg",Germany,Short A,2.639,,road,tracks\hockenheim\shorta,https://members-assets.iracing.com/public/track-maps/tracks_hockenheim/393-hockenheim-shorta/active.svg,https://members-assets.iracing.com/public/track-maps/tracks_hockenheim/393-hockenheim-shorta/pitroad.svg,https://members-assets.iracing.com/public/track-maps/tracks_hockenheim/393-hockenheim-shorta/start-finish.svg,https://members-assets.iracing.com/public/track-maps/tracks_hockenheim/393-hockenheim-shorta/turns.svg,13,31,32,60,false,true,49.330028,8.570892,Europe/Berlin
394,Hockenheimring Baden-Württemberg,"Hockenheim, Baden-Württemberg",Germany,Short B,2.607,,road,tracks\hockenheim\shortb,https://members-assets.iracing.com/public/track-maps/tracks_hockenheim/394-hockenheim-shortb/active.svg,https://members-assets.iracing.com/public/track-maps/tracks_hockenheim/394-hockenheim-shortb/pitroad.svg,https://members-assets.iracing.com/public/track-maps/tracks_hockenheim/394-hockenheim-shortb/start-finish.svg,https://members-assets.iracing.com/public/track-maps/tracks_hockenheim/394-hockenheim-shortb/turns.svg,14,31,32,60,false,true,49.330028,8.570892,Europe/Berlin
395,Hockenheimring Baden-Württemberg,"Hockenheim, Baden-Württemberg",Germany,Outer,4.377,,road,tracks\hockenheim\outer,https://members-assets.iracing.com/public/track-maps/tracks_hockenheim/395-hockenheim-outer/active.svg,https://members-assets.iracing.com/public/track-maps/tracks_hockenheim/395-hockenheim-outer/pitroad.svg,https://members-assets.iracing.com/public/track-maps/tracks_hockenheim/395-hockenheim-outer/start-finish.svg,https://members-assets.iracing.com/public/track-maps/tracks_hockenheim/395-hockenheim-outer/turns.svg,12,50,32,60,false,true,49.330028,8.570892,Europe/Berlin
396,Bark River International Raceway,"Bark River, Michigan",USA,,2.414,,dirt_road,tracks\barkriver,https://members-assets.iracing.com/public/track-maps/tracks_barkriver/396-barkriver/active.svg,https://members-assets.iracing.com/public/track-maps/tracks_barkriver/396-barkriver/pitroad.svg,https://members-assets.iracing.com/public/track-maps/tracks_barkriver/396-barkriver/start-finish.svg,https://members-assets.iracing.com/public/track-maps/tracks_barkriver/396-barkriver/turns.svg,11,30,11,60,false,false,45.693396,-87.30658,America/Detroit
398,Mount Washington Hillclimb,"Jackson, New Hampshire",USA,Hillclimb,12.231,,road,tracks\mtwashington\climb,https://members-assets.iracing.com/public/track-maps/tracks_mtwashington/398-mtwashington-climb/active.svg,https://members-assets.iracing.com/public/track-maps/tracks_mtwashington/398-mtwashington-climb/pitroad.svg,https://members-assets.iracing.com/public/track-maps/tracks_mtwashington/398-mtwashington-climb/start-finish.svg,https://members-assets.iracing.com/public/track-maps/tracks_mtwashington/398-mtwashington-climb/turns.svg,138,,1,60,false,false,44.289474,-71.225102,America/New_York
399,Mount Washington Hillclimb,"Jackson, New Hampshire",USA,Descent,11.909,,road,tracks\mtwashington\reverse,https://members-assets.iracing.com/public/track-maps/tracks_mtwashington/399-mtwashington-reverse/active.svg,https://members-assets.iracing.com/public/track-maps/tracks_mtwashington/399-mtwashington-reverse/pitroad.svg,https://members-assets.iracing.com/public/track-maps/tracks_mtwashington/399-mtwashington-reverse/start-finish.svg,https://members-assets.iracing.com/public/track-maps/tracks_mtwashington/399-mtwashington-reverse/turns.svg,138,,1,60,false,false,44.289474,-71.225102,America/New_York
400,Nashville Superspeedway,"Lebanon, Tennessee",USA,,2.145,,oval,tracks\nashvilless,https://members-assets.iracing.com/public/track-maps/tracks_nashvilless/400-nashvilless/active.svg,https://members-assets.iracing.com/public/track-maps/tracks_nashvilless/400-nashvilless/pitroad.svg,https://members-assets.iracing.com/public/track-maps/tracks_nashvilless/400-nashvilless/start-finish.svg,https://members-assets.iracing.com/public/track-maps/tracks_nashvilless/400-nashvilless/turns.svg,4,45,44,60,true,false,36.046652,-86.412149,America/Chicago
403,Red Bull Ring,"Spielberg, Styria",Austria,Grand Prix,4.318,spielberg,road,tracks\spielberg\gp,https://members-assets.iracing.com/public/track-maps/tracks_spielberg/403-spielberg-gp/active.svg,https://members-assets.iracing.com/public/track-maps/tracks_spielberg/403-spielberg-gp/pitroad.svg,https://members-assets.iracing.com/public/track-maps/tracks_spielberg/403-spielberg-gp/start-finish.svg,https://members-assets.iracing.com/public/track-maps/tracks_spielberg/403-spielberg-gp/turns.svg,9,50,32,60,false,true,47.2203417,14.7654865,Europe/Vienna
404,Red Bull Ring,"Spielberg, Styria",Austria,National,2.34,,road,tracks\spielberg\national,https://members-assets.iracing.com/public/track-maps/tracks_spielberg/404-spielberg-national/active.svg,https://members-assets.iracing.com/public/track-maps/tracks_spielberg/404-spielberg-national/pitroad.svg,https://members-assets.iracing.com/public/track-maps/tracks_spielberg/404-spielberg-national/start-finish.svg,https://members-assets.iracing.com/public/track-maps/tracks_spielberg/404-spielberg-national/turns.svg,6,37,32,60,false,true,47.2203417,14.7654865,Europe/Vienna
405,Chicago Street Course,"Chicago, Illinois",USA,Prototype,3.444,,road,tracks\chicago,https://members-assets.iracing.com/public/track-maps/tracks_chicago/405-chicago/active.svg,https://members-assets.iracing.com/public/track-maps/tracks_chicago/405-chicago/pitroad.svg,https://members-assets.iracing.com/public/track-maps/tracks_chicago/405-chicago/start-finish.svg,https://members-assets.iracing.com/public/track-maps/tracks_chicago/405-chicago/turns.svg,12,45,40,40,false,true,41.8733468,-87.620581,America/Chicago
407,Red Bull Ring,"Spielberg, Styria",Austria,North,1.835,,road,tracks\spielberg\north,https://members-assets.iracing.com/public/track-maps/tracks_spielberg/407-spielberg-north/active.svg,https://members-assets.iracing.com/public/track-maps/tracks_spielberg/407-spielberg-north/pitroad.svg,https://members-assets.iracing.com/public/track-maps/tracks_spielberg/407-spielberg-north/start-finish.svg,https://members-assets.iracing.com/public/track-maps/tracks_spielberg/407-spielberg-north/turns.svg,5,37,27,60,false,true,47.2203417,14.7654865,Europe/Vienna
413,Hungaroring,"Mogyoród, Pest",Hungary,,4.381,,road,tracks\hungaroring,https://members-assets.iracing.com/public/track-maps/tracks_hungaroring/413-hungaroring/active.svg,https://members-assets.iracing.com/public/track-maps/tracks_hungaroring/413-hungaroring/pitroad.svg,https://members-assets.iracing.com/public/track-maps/tracks_hungaroring/413-hungaroring/start-finish.svg,https://members-assets.iracing.com/public/track-maps/tracks_hungaroring/413-hungaroring/turns.svg,14,50,36,60,false,true,47.58186,19.25057,Europe/Budapest
414,Hickory Motor Speedway,"Hickory, North Carolina",USA,,0.584,,oval,tracks\hickory,https://members-assets.iracing.com/public/track-maps/tracks_hickory/414-hickory/active.svg,https://members-assets.iracing.com/public/track-maps/tracks_hickory/414-hickory/pitroad.svg,https://members-assets.iracing.com/public/track-maps/tracks_hickory/414-hickory/start-finish.svg,https://members-assets.iracing.com/public/track-maps/tracks_hickory/414-hickory/turns.svg,4,35,16,60,true,false,35.69582,-81.26916,America/New_York
418,Phoenix Raceway,"Avondale, Arizona",USA,Oval,1.609,,oval,tracks\phoenix\2021\oval,https://members-assets.iracing.com/public/track-maps/tracks_phoenix_2021/418-phoenix-2021-oval/active.svg,https://members-assets.iracing.com/public/track-maps/tracks_phoenix_2021/418-phoenix-2021-oval/pitroad.svg,https://members-assets.iracing.com/public/track-maps/tracks_phoenix_2021/418-phoenix-2021-oval/start-finish.svg,https://members-assets.iracing.com/public/track-maps/tracks_phoenix_2021/418-phoenix-2021-oval/turns.svg,4,45,40,60,true,false,33.37487,-112.313415,America/Phoenix
419,Phoenix Raceway,"Avondale, Arizona",USA,Oval w/open dogleg,1.609,,oval,tracks\phoenix\2021\ovalopen,https://members-assets.iracing.com/public/track-maps/tracks_phoenix_2021/419-phoenix-2021-ovalopen/active.svg,https://members-assets.iracing.com/public/track-maps/tracks_phoenix_2021/419-phoenix-2021-ovalopen/pitroad.svg,https://members-assets.iracing.com/public/track-maps/tracks_phoenix_2021/419-phoenix-2021-ovalopen/start-finish.svg,https://members-assets.iracing.com/public/track-maps/tracks_phoenix_2021/419-phoenix-2021-ovalopen/turns.svg,4,45,40,60,true,false,33.37487,-112.313415,America/Phoenix
423,Knockhill Racing Circuit,"Dunfermline, Fife",Scotland,International,2.028,,road,tracks\knockhill\international,https://members-assets.iracing.com/public/track-maps/tracks_knockhill/423-knockhill-international/active.svg,https://members-assets.iracing.com/public/track-maps/tracks_knockhill/423-knockhill-international/pitroad.svg,https://members-assets.iracing.com/public/track-maps/tracks_knockhill/423-knockhill-international/start-finish.svg,https://members-assets.iracing.com/public/track-maps/tracks_knockhill/423-knockhill-international/turns.svg,9,37,18,60,false,true,56.131522,-3.509043,Europe/London
424,Knockhill Racing Circuit,"Dunfermline, Fife",Scotland,International Reverse,2.028,,road,tracks\knockhill\internationalrev,https://members-assets.iracing.com/public/track-maps/tracks_knockhill/424-knockhill-internationalrev/active.svg,https://members-assets.iracing.com/public/track-maps/tracks_knockhill/424-knockhill-internationalrev/pitroad.svg,https://members-assets.iracing.com/public/track-maps/tracks_knockhill/424-knockhill-internationalrev/start-finish.svg,https://members-assets.iracing.com/public/track-maps/tracks_knockhill/424-knockhill-internationalrev/turns.svg,9,37,18,60,false,true,56.131522,-3.509043,Europe/London
425,Knockhill Racing Circuit,"Dunfermline, Fife",Scotland,National,1.802,,road,tracks\knockhill\national,https://members-assets.iracing.com/public/track-maps/tracks_knockhill/425-knockhill-national/active.svg,https://members-assets.iracing.com/public/track-maps/tracks_knockhill/425-knockhill-national/pitroad.svg,https://members-assets.iracing.com/public/track-maps/tracks_knockhill/425-knockhill-national/start-finish.svg,https://members-assets.iracing.com/public/track-maps/tracks_knockhill/425-knockhill-national/turns.svg,10,37,17,60,false,true,56.131522,-3.509043,Europe/London
426,Knockhill Racing Circuit,"Dunfermline, Fife",Scotland,National Reverse,1.802,,road,tracks\knockhill\nationalrev,https://members-assets.iracing.com/public/track-maps/tracks_knockhill/426-knockhill-nationalrev/active.svg,https://members-assets.iracing.com/public/track-maps/tracks_knockhill/426-knockhill-nationalrev/pitroad.svg,https://members-assets.iracing.com/public/track-maps/tracks_knockhill/426-knockhill-nationalrev/start-finish.svg,https://members-assets.iracing.com/public/track-maps/tracks_knockhill/426-knockhill-nationalrev/turns.svg,10,37,18,60,false,true,56.131522,-3.509043,Europe/London
427,Knockhill Racing Circuit,"Dunfermline, Fife",Scotland,Rallycross,1.384,,dirt_road,tracks\knockhill\rallycross,https://members-assets.iracing.com/public/track-maps/tracks_knockhill/427-knockhill-rallycross/active.svg,https://members-assets.iracing.com/public/track-maps/tracks_knockhill/427-knockhill-rallycross/pitroad.svg,https://members-assets.iracing.com/public/track-maps/tracks_knockhill/427-knockhill-rallycross/start-finish.svg,https://members-assets.iracing.com/public/track-maps/tracks_knockhill/427-knockhill-rallycross/turns.svg,6,37,16,16,false,false,56.131522,-3.509043,Europe/London
428,Hockenheimring Baden-Württemberg,"Hockenheim, Baden-Württemberg",Germany,Porsche Experience Center - East,1.69,,road,tracks\hockenheim\pec\peceast,https://members-assets.iracing.com/public/track-maps/tracks_hockenheim/428-hockenheim-pec-peceast/active.svg,https://members-assets.iracing.com/public/track-maps/tracks_hockenheim/428-hockenheim-pec-peceast/pitroad.svg,https://members-assets.iracing.com/public/track-maps/tracks_hockenheim/428-hockenheim-pec-peceast/start-finish.svg,https://members-assets.iracing.com/public/track-maps/tracks_hockenheim/428-hockenheim-pec-peceast/turns.svg,10,31,11,30,false,true,49.330028,8.570892,Europe/Berlin
429,Hockenheimring Baden-Württemberg,"Hockenheim, Baden-Württemberg",Germany,Porsche Experience Center - Outer,1.465,,road,tracks\hockenheim\pec\pecouter,https://members-assets.iracing.com/public/track-maps/tracks_hockenheim/429-hockenheim-pec-pecouter/active.svg,https://members-assets.iracing.com/public/track-maps/tracks_hockenheim/429-hockenheim-pec-pecouter/pitroad.svg,https://members-assets.iracing.com/public/track-maps/tracks_hockenheim/429-hockenheim-pec-pecouter/start-finish.svg,https://members-assets.iracing.com/public/track-maps/tracks_hockenheim/429-hockenheim-pec-pecouter/turns.svg,8,31,15,30,false,true,49.330028,8.570892,Europe/Berlin
430,Hockenheimring Baden-Württemberg,"Hockenheim, Baden-Württemberg",Germany,Porsche Experience Center - West,0.982,,road,tracks\hockenheim\pec\pecwest,https://members-assets.iracing.com/public/track-maps/tracks_hockenheim/430-hockenheim-pec-pecwest/active.svg,https://members-assets.iracing.com/public/track-maps/tracks_hockenheim/430-hockenheim-pec-pecwest/pitroad.svg,https://members-assets.iracing.com/public/track-maps/tracks_hockenheim/430-hockenheim-pec-pecwest/start-finish.svg,https://members-assets.iracing.com/public/track-maps/tracks_hockenheim/430-hockenheim-pec-pecwest/turns.svg,7,31,7,30,false,true,49.330028,8.570892,Europe/Berlin
431,Hockenheimring Baden-Württemberg,"Hockenheim, Baden-Württemberg",Germany,Porsche Experience Center - Handling,2.623,,road,tracks\hockenheim\pec\pechandling,https://members-assets.iracing.com/public/track-maps/tracks_hockenheim/431-hockenheim-pec-pechandling/active.svg,https://members-assets.iracing.com/public/track-maps/tracks_hockenheim/431-hockenheim-pec-pechandling/pitroad.svg,https://members-assets.iracing.com/public/track-maps/tracks_hockenheim/431-hockenheim-pec-pechandling/start-finish.svg,https://members-assets.iracing.com/public/track-maps/tracks_hockenheim/431-hockenheim-pec-pechandling/turns.svg,21,31,6,6,false,true,49.330028,8.570892,Europe/Berlin
432,Watkins Glen International,"Watkins Glen, New York",USA,Classic,3.895,,road,tracks\watkinsglen\2021\classic,https://members-assets.iracing.com/public/track-maps/tracks_watkinsglen/432-watkinsglen-2021-classic/active.svg,https://members-assets.iracing.com/public/track-maps/tracks_watkinsglen/432-watkinsglen-2021-classic/pitroad.svg,https://members-assets.iracing.com/public/track-maps/tracks_watkinsglen/432-watkinsglen-2021-classic/start-finish.svg,https://members-assets.iracing.com/public/track-maps/tracks_watkinsglen/432-watkinsglen-2021-classic/turns.svg,7,40,43,60,false,true,42.3382811,-76.9285517,America/New_York
433,Watkins Glen International,"Watkins Glen, New York",USA,Cup,3.943,watkins-glen-s,road,tracks\watkinsglen\2021\cupcircuit,https://members-assets.iracing.com/public/track-maps/tracks_watkinsglen/433-watkinsglen-2021-cupcircuit/active.svg,https://members-assets.iracing.com/public/track-maps/tracks_watkinsglen/433-watkinsglen-2021-cupcircuit/pitroad.svg,https://members-assets.iracing.com/public/track-maps/tracks_watkinsglen/433-watkinsglen-2021-cupcircuit/start-finish.svg,https://members-assets.iracing.com/public/track-maps/tracks_watkinsglen/433-watkinsglen-2021-cupcircuit/turns.svg,8,40,43,60,false,true,42.3382811,-76.9285517,America/New_York
434,Watkins Glen International,"Watkins Glen, New York",USA,Boot,5.552,watkins-glen,road,tracks\watkinsglen\2021\fullcourse,https://members-assets.iracing.com/public/track-maps/tracks_watkinsglen/434-watkinsglen-2021-fullcourse/active.svg,https://members-assets.iracing.com/public/track-maps/tracks_watkinsglen/434-watkinsglen-2021-fullcourse/pitroad.svg,https://members-assets.iracing.com/public/track-maps/tracks_watkinsglen/434-watkinsglen-2021-fullcourse/start-finish.svg,https://members-assets.iracing.com/public/track-maps/tracks_watkinsglen/434-watkinsglen-2021-fullcourse/turns.svg,12,40,43,60,false,true,42.3382811,-76.9285517,America/New_York
435,Watkins Glen International,"Watkins Glen, New York",USA,Classic Boot,5.435,,road,tracks\watkinsglen\2021\fullnoloop,https://members-assets.iracing.com/public/track-maps/tracks_watkinsglen/435-watkinsglen-2021-fullnoloop/active.svg,https://members-assets.iracing.com/public/track-maps/tracks_watkinsglen/435-watkinsglen-2021-fullnoloop/pitroad.svg,https://members-assets.iracing.com/public/track-maps/tracks_watkinsglen/435-watkinsglen-2021-fullnoloop/start-finish.svg,https://members-assets.iracing.com/public/track-maps/tracks_watkinsglen/435-watkinsglen-2021-fullnoloop/turns.svg,11,40,43,60,false,true,42.3382811,-76.9285517,America/New_York
436,Knockhill Racing Circuit,"Dunfermline, Fife",Scotland,Tri-Oval,0.37,,oval,tracks\knockhill\trioval,https://members-assets.iracing.com/public/track-maps/tracks_knockhill/436-knockhill-trioval/active.svg,https://members-assets.iracing.com/public/track-maps/tracks_knockhill/436-knockhill-trioval/pitroad.svg,https://members-assets.iracing.com/public/track-maps/tracks_knockhill/436-knockhill-trioval/start-finish.svg,https://members-assets.iracing.com/public/track-maps/tracks_knockhill/436-knockhill-trioval/turns.svg,3,37,18,20,false,false,56.131522,-3.509043,Europe/London
437,LA Coliseum Raceway,"Los Angeles, California",USA,,0.402,,oval,tracks\lacoliseum,https://members-assets.iracing.com/public/track-maps/tracks_lacoliseum/437-lacoliseum/active.svg,https://members-assets.iracing.com/public/track-maps/tracks_lacoliseum/437-lacoliseum/pitroad.svg,https://members-assets.iracing.com/public/track-maps/tracks_lacoliseum/437-lacoliseum/start-finish.svg,https://members-assets.iracing.com/public/track-maps/tracks_lacoliseum/437-lacoliseum/turns.svg,4,20,13,60,true,false,34.014257,-118.287875,America/Los_Angeles
438,Federated Auto Parts Raceway at I-55,"Pevely, Missouri",USA,,0.531,,dirt_oval,tracks\pevely,https://members-assets.iracing.com/public/track-maps/tracks_pevely/438-pevely/active.svg,https://members-assets.iracing.com/public/track-maps/tracks_pevely/438-pevely/pitroad.svg,https://members-assets.iracing.com/public/track-maps/tracks_pevely/438-pevely/start-finish.svg,https://members-assets.iracing.com/public/track-maps/tracks_pevely/438-pevely/turns.svg,4,,29,60,true,false,38.26962792575186,-90.40161239958172,America/Chicago
439,Winton Motor Raceway,"Winton, Victoria",Australia,National Circuit,2.993,,road,tracks\winton\national,https://members-assets.iracing.com/public/track-maps/tracks_winton/439-winton-national/active.svg,https://members-assets.iracing.com/public/track-maps/tracks_winton/439-winton-national/pitroad.svg,https://members-assets.iracing.com/public/track-maps/tracks_winton/439-winton-national/start-finish.svg,https://members-assets.iracing.com/public/track-maps/tracks_winton/439-winton-national/turns.svg,12,,30,60,false,true,-36.51993,146.08764,Australia/Melbourne
440,Winton Motor Raceway,"Winton, Victoria",Australia,Club Circuit,2.028,,road,tracks\winton\club,https://members-assets.iracing.com/public/track-maps/tracks_winton/440-winton-club/active.svg,https://members-assets.iracing.com/public/track-maps/tracks_winton/440-winton-club/pitroad.svg,https://members-assets.iracing.com/public/track-maps/tracks_winton/440-winton-club/start-finish.svg,https://members-assets.iracing.com/public/track-maps/tracks_winton/440-winton-club/turns.svg,10,,10,60,false,true,-36.51993,146.08764,Australia/Melbourne
442,Bristol Motor Speedway,"Bristol, Tennessee",USA,Dirt,0.858,,dirt_oval,tracks\bristol\dirt\2022,https://members-assets.iracing.com/public/track-maps/tracks_bristol/442-bristol-dirt-2022/active.svg,https://members-assets.iracing.com/public/track-maps/tracks_bristol/442-bristol-dirt-2022/pitroad.svg,https://members-assets.iracing.com/public/track-maps/tracks_bristol/442-bristol-dirt-2022/start-finish.svg,https://members-assets.iracing.com/public/track-maps/tracks_bristol/442-bristol-dirt-2022/turns.svg,4,35,43,60,true,false,36.515694,-82.2591607,America/New_York
443,Sandown International Motor Raceway,"Melbourne, Victoria",Australia,,3.103,,road,tracks\sandown,https://members-assets.iracing.com/public/track-maps/tracks_sandown/443-sandown/active.svg,https://members-assets.iracing.com/public/track-maps/tracks_sandown/443-sandown/pitroad.svg,https://members-assets.iracing.com/public/track-maps/tracks_sandown/443-sandown/start-finish.svg,https://members-assets.iracing.com/public/track-maps/tracks_sandown/443-sandown/turns.svg,13,35,20,60,false,true,-37.9508,145.1672,Australia/Melbourne
444,Fuji International Speedway,"Oyama, Shizuoka Prefecture",Japan,Grand Prix,4.56,fuji,road,tracks\fuji\gp,https://members-assets.iracing.com/public/track-maps/tracks_fuji/444-fuji-gp/active.svg,https://members-assets.iracing.com/public/track-maps/tracks_fuji/444-fuji-gp/pitroad.svg,https://members-assets.iracing.com/public/track-maps/tracks_fuji/444-fuji-gp/start-finish.svg,https://members-assets.iracing.com/public/track-maps/tracks_fuji/444-fuji-gp/turns.svg,16,35,27,60,false,true,35.3717,138.9267,Asia/Tokyo
445,Fuji International Speedway,"Oyama, Shizuoka Prefecture",Japan,No Chicane,4.49,,road,tracks\fuji\nochicane,https://members-assets.iracing.com/public/track-maps/tracks_fuji/445-fuji-nochicane/active.svg,https://members-assets.iracing.com/public/track-maps/tracks_fuji/445-fuji-nochicane/pitroad.svg,https://members-assets.iracing.com/public/track-maps/tracks_fuji/445-fuji-nochicane/start-finish.svg,https://members-assets.iracing.com/public/track-maps/tracks_fuji/445-fuji-nochicane/turns.svg,16,35,27,60,false,true,35.3717,138.9267,Asia/Tokyo
446,Port Royal Speedway,"Port Royal, Pennsylvania",USA,,0.805,,dirt_oval,tracks\portroyal,https://members-assets.iracing.com/public/track-maps/tracks_portroyal/446-portroyal/active.svg,https://members-assets.iracing.com/public/track-maps/tracks_portroyal/446-portroyal/pitroad.svg,https://members-assets.iracing.com/public/track-maps/tracks_portroyal/446-portroyal/start-finish.svg,https://members-assets.iracing.com/public/track-maps/tracks_portroyal/446-portroyal/turns.svg,4,30,25,60,true,false,40.5358,-77.3895,America/New_York
447,EchoPark Speedway (Atlanta),"Hampton, Georgia",USA,Oval,2.478,,oval,tracks\atlanta\2022\oval,https://members-assets.iracing.com/public/track-maps/tracks_atlanta/447-atlanta-2022-oval/active.svg,https://members-assets.iracing.com/public/track-maps/tracks_atlanta/447-atlanta-2022-oval/pitroad.svg,https://members-assets.iracing.com/public/track-maps/tracks_atlanta/447-atlanta-2022-oval/start-finish.svg,https://members-assets.iracing.com/public/track-maps/tracks_atlanta/447-atlanta-2022-oval/turns.svg,4,45,40,60,true,false,33.3859794,-84.3184714,America/New_York
448,Indianapolis Motor Speedway,"Speedway, Indiana",USA,Road Course,3.925,indianapolis,road,tracks\indianapolis\2022\road,https://members-assets.iracing.com/public/track-maps/tracks_indianapolis/448-indianapolis-2022-road/active.svg,https://members-assets.iracing.com/public/track-maps/tracks_indianapolis/448-indianapolis-2022-road/pitroad.svg,https://members-assets.iracing.com/public/track-maps/tracks_indianapolis/448-indianapolis-2022-road/start-finish.svg,https://members-assets.iracing.com/public/track-maps/tracks_indianapolis/448-indianapolis-2022-road/turns.svg,14,40,40,60,false,true,39.7953542,-86.2374946,America/Indiana/Indianapolis
449,Motorsport Arena Oschersleben,"Oschersleben, Saxony-Anhalt",Germany,Grand Prix,3.695,,road,tracks\oschersleben\gp,https://members-assets.iracing.com/public/track-maps/tracks_oschersleben/449-oschersleben-gp/active.svg,https://members-assets.iracing.com/public/track-maps/tracks_oschersleben/449-oschersleben-gp/pitroad.svg,https://members-assets.iracing.com/public/track-maps/tracks_oschersleben/449-oschersleben-gp/start-finish.svg,https://members-assets.iracing.com/public/track-maps/tracks_oschersleben/449-oschersleben-gp/turns.svg,14,37,30,60,false,true,52.0266,11.2783,Europe/Berlin
451,Rudskogen Motorsenter,"Rakkestad, Østfold",Norway,,3.254,,road,tracks\rudskogen,https://members-assets.iracing.com/public/track-maps/tracks_rudskogen/451-rudskogen/active.svg,https://members-assets.iracing.com/public/track-maps/tracks_rudskogen/451-rudskogen/pitroad.svg,https://members-assets.iracing.com/public/track-maps/tracks_rudskogen/451-rudskogen/start-finish.svg,https://members-assets.iracing.com/public/track-maps/tracks_rudskogen/451-rudskogen/turns.svg,14,31,23,60,false,true,59.3666,11.2616,Europe/Oslo
452,Lucas Oil Speedway,"Wheatland, Missouri",USA,Dirt Oval,0.604,,dirt_oval,tracks\wheatland,https://members-assets.iracing.com/public/track-maps/tracks_wheatland/452-wheatland/active.svg,https://members-assets.iracing.com/public/track-maps/tracks_wheatland/452-wheatland/pitroad.svg,https://members-assets.iracing.com/public/track-maps/tracks_wheatland/452-wheatland/start-finish.svg,https://members-assets.iracing.com/public/track-maps/tracks_wheatland/452-wheatland/turns.svg,4,20,9,60,true,false,37.9404,-93.3977,America/Chicago
453,Indianapolis Motor Speedway,"Speedway, Indiana",USA,Open Wheel Oval,4.023,indianapolis-oval,oval,tracks\indianapolis\2022\oval,https://members-assets.iracing.com/public/track-maps/tracks_indianapolis/453-indianapolis-2022-oval/active.svg,https://members-assets.iracing.com/public/track-maps/tracks_indianapolis/453-indianapolis-2022-oval/pitroad.svg,https://members-assets.iracing.com/public/track-maps/tracks_indianapolis/453-indianapolis-2022-oval/start-finish.svg,https://members-assets.iracing.com/public/track-maps/tracks_indianapolis/453-indianapolis-2022-oval/turns.svg,4,60,38,82,false,false,39.4754,-86.1358,America/Indiana/Indianapolis
454,Motorsport Arena Oschersleben,"Oschersleben, Saxony-Anhalt",Germany,Alternate,3.668,,road,tracks\oschersleben\alt,https://members-assets.iracing.com/public/track-maps/tracks_oschersleben/454-oschersleben-alt/active.svg,https://members-assets.iracing.com/public/track-maps/tracks_oschersleben/454-oschersleben-alt/pitroad.svg,https://members-assets.iracing.com/public/track-maps/tracks_oschersleben/454-oschersleben-alt/start-finish.svg,https://members-assets.iracing.com/public/track-maps/tracks_oschersleben/454-oschersleben-alt/turns.svg,14,37,30,60,false,true,52.0266,11.2783,Europe/Berlin
455,Motorsport Arena Oschersleben,"Oschersleben, Saxony-Anhalt",Germany,B Course,2.391,,road,tracks\oschersleben\bcourse,https://members-assets.iracing.com/public/track-maps/tracks_oschersleben/455-oschersleben-bcourse/active.svg,https://members-assets.iracing.com/public/track-maps/tracks_oschersleben/455-oschersleben-bcourse/pitroad.svg,https://members-assets.iracing.com/public/track-maps/tracks_oschersleben/455-oschersleben-bcourse/start-finish.svg,https://members-assets.iracing.com/public/track-maps/tracks_oschersleben/455-oschersleben-bcourse/turns.svg,8,37,30,60,false,true,52.0266,11.2783,Europe/Berlin
456,Motorsport Arena Oschersleben,"Oschersleben, Saxony-Anhalt",Germany,C Course,1.07,,road,tracks\oschersleben\ccourse,https://members-assets.iracing.com/public/track-maps/tracks_oschersleben/456-oschersleben-ccourse/active.svg,https://members-assets.iracing.com/public/track-maps/tracks_oschersleben/456-oschersleben-ccourse/pitroad.svg,https://members-assets.iracing.com/public/track-maps/tracks_oschersleben/456-oschersleben-ccourse/start-finish.svg,https://members-assets.iracing.com/public/track-maps/tracks_oschersleben/456-oschersleben-ccourse/turns.svg,6,37,12,60,false,true,52.0266,11.2783,Europe/Berlin
462,Lincoln Speedway,"Abbottstown, Pennsylvania",USA,,0.604,,dirt_oval,tracks\lincoln,https://members-assets.iracing.com/public/track-maps/tracks_lincoln/462-lincoln/active.svg,https://members-assets.iracing.com/public/track-maps/tracks_lincoln/462-lincoln/pitroad.svg,https://members-assets.iracing.com/public/track-maps/tracks_lincoln/462-lincoln/start-finish.svg,https://members-assets.iracing.com/public/track-maps/tracks_lincoln/462-lincoln/turns.svg,4,25,4,60,true,false,39.869954,-76.993998,America/Chicago
463,Circuit de Nevers Magny-Cours,"Magny-Cours, Bourgogne-Franche-Comté",France,Grand Prix,4.411,,road,tracks\magnycours\gp,https://members-assets.iracing.com/public/track-maps/tracks_magnycours/463-magnycours-gp/active.svg,https://members-assets.iracing.com/public/track-maps/tracks_magnycours/463-magnycours-gp/pitroad.svg,https://members-assets.iracing.com/public/track-maps/tracks_magnycours/463-magnycours-gp/start-finish.svg,https://members-assets.iracing.com/public/track-maps/tracks_magnycours/463-magnycours-gp/turns.svg,17,37,23,60,false,true,46.8634579,3.163344,Europe/Paris
465,Virginia International Raceway,"Alton, Virginia",USA,Full Course,5.263,vir,road,tracks\virginia\2022\full,https://members-assets.iracing.com/public/track-maps/tracks_virginia/465-virginia-2022-full/active.svg,https://members-assets.iracing.com/public/track-maps/tracks_virginia/465-virginia-2022-full/pitroad.svg,https://members-assets.iracing.com/public/track-maps/tracks_virginia/465-virginia-2022-full/start-finish.svg,https://members-assets.iracing.com/public/track-maps/tracks_virginia/465-virginia-2022-full/turns.svg,20,37,27,60,false,true,36.560008,-79.2048,America/New_York
466,Virginia International Raceway,"Alton, Virginia",USA,Grand Course,6.55,,road,tracks\virginia\2022\grand,https://members-assets.iracing.com/public/track-maps/tracks_virginia/466-virginia-2022-grand/active.svg,https://members-assets.iracing.com/public/track-maps/tracks_virginia/466-virginia-2022-grand/pitroad.svg,https://members-assets.iracing.com/public/track-maps/tracks_virginia/466-virginia-2022-grand/start-finish.svg,https://members-assets.iracing.com/public/track-maps/tracks_virginia/466-virginia-2022-grand/turns.svg,26,37,27,60,false,true,36.560008,-79.2048,America/New_York
467,Virginia International Raceway,"Alton, Virginia",USA,North Course,3.621,vir-n,road,tracks\virginia\2022\north,https://members-assets.iracing.com/public/track-maps/tracks_virginia/467-virginia-2022-north/active.svg,https://members-assets.iracing.com/public/track-maps/tracks_virginia/467-virginia-2022-north/pitroad.svg,https://members-assets.iracing.com/public/track-maps/tracks_virginia/467-virginia-2022-north/start-finish.svg,https://members-assets.iracing.com/public/track-maps/tracks_virginia/467-virginia-2022-north/turns.svg,20,37,27,60,false,true,36.560008,-79.2048,America/New_York
468,Virginia International Raceway,"Alton, Virginia",USA,South Course,2.655,vir-s,road,tracks\virginia\2022\south,https://members-assets.iracing.com/public/track-maps/tracks_virginia/468-virginia-2022-south/active.svg,https://members-assets.iracing.com/public/track-maps/tracks_virginia/468-virginia-2022-south/pitroad.svg,https://members-assets.iracing.com/public/track-maps/tracks_virginia/468-virginia-2022-south/start-finish.svg,https://members-assets.iracing.com/public/track-maps/tracks_virginia/468-virginia-2022-south/turns.svg,8,37,12,60,false,true,36.560008,-79.2048,America/New_York
469,Virginia International Raceway,"Alton, Virginia",USA,Patriot Course,1.77,,road,tracks\virginia\2022\patriot,https://members-assets.iracing.com/public/track-maps/tracks_virginia/469-virginia-2022-patriot/active.svg,https://members-assets.iracing.com/public/track-maps/tracks_virginia/469-virginia-2022-patriot/pitroad.svg,https://members-assets.iracing.com/public/track-maps/tracks_virginia/469-virginia-2022-patriot/start-finish.svg,https://members-assets.iracing.com/public/track-maps/tracks_virginia/469-virginia-2022-patriot/turns.svg,11,37,4,60,false,true,36.560008,-79.2048,America/New_York
470,Daytona Rallycross and Dirt Road,"Daytona Beach, Florida",USA,Dirt Road Long,1.384,,dirt_road,tracks\daytona\rallycross\long\nojoker,https://members-assets.iracing.com/public/track-maps/tracks_daytona/470-daytona-rallycross-long-nojoker/active.svg,https://members-assets.iracing.com/public/track-maps/tracks_daytona/470-daytona-rallycross-long-nojoker/pitroad.svg,https://members-assets.iracing.com/public/track-maps/tracks_daytona/470-daytona-rallycross-long-nojoker/start-finish.svg,https://members-assets.iracing.com/public/track-maps/tracks_daytona/470-daytona-rallycross-long-nojoker/turns.svg,9,,5,16,false,false,29.185169,-81.072722,America/New_York
471,Daytona Rallycross and Dirt Road,"Daytona Beach, Florida",USA,Dirt Road Short,1.143,,dirt_road,tracks\daytona\rallycross\short\nojoker,https://members-assets.iracing.com/public/track-maps/tracks_daytona/471-daytona-rallycross-short-nojoker/active.svg,https://members-assets.iracing.com/public/track-maps/tracks_daytona/471-daytona-rallycross-short-nojoker/pitroad.svg,https://members-assets.iracing.com/public/track-maps/tracks_daytona/471-daytona-rallycross-short-nojoker/start-finish.svg,https://members-assets.iracing.com/public/track-maps/tracks_daytona/471-daytona-rallycross-short-nojoker/turns.svg,8,,5,16,false,false,29.185169,-81.072722,America/New_York
472,[Legacy] Phoenix Raceway - 2008,"Avondale, Arizona",USA,Dirt Road,1.223,,dirt_road,tracks\phoenix\rallycross\nojoker,https://members-assets.iracing.com/public/track-maps/tracks_phoenix/472-phoenix-rallycross-nojoker/active.svg,https://members-assets.iracing.com/public/track-maps/tracks_phoenix/472-phoenix-rallycross-nojoker/pitroad.svg,https://members-assets.iracing.com/public/track-maps/tracks_phoenix/472-phoenix-rallycross-nojoker/start-finish.svg,https://members-assets.iracing.com/public/track-maps/tracks_phoenix/472-phoenix-rallycross-nojoker/turns.svg,9,,8,16,false,false,33.37487,-112.313415,America/Phoenix
473,Circuito de Jerez - Ángel Nieto,"Jerez de la Frontera, Andalusia",Spain,Grand Prix,4.427,,road,tracks\jerez\gp,https://members-assets.iracing.com/public/track-maps/tracks_jerez/473-jerez-gp/active.svg,https://members-assets.iracing.com/public/track-maps/tracks_jerez/473-jerez-gp/pitroad.svg,https://members-assets.iracing.com/public/track-maps/tracks_jerez/473-jerez-gp/start-finish.svg,https://members-assets.iracing.com/public/track-maps/tracks_jerez/473-jerez-gp/turns.svg,15,,24,60,false,true,36.708333,-6.034167,Europe/Madrid
474,Circuito de Jerez - Ángel Nieto,"Jerez de la Frontera, Andalusia",Spain,Moto,4.422,,road,tracks\jerez\moto,https://members-assets.iracing.com/public/track-maps/tracks_jerez/474-jerez-moto/active.svg,https://members-assets.iracing.com/public/track-maps/tracks_jerez/474-jerez-moto/pitroad.svg,https://members-assets.iracing.com/public/track-maps/tracks_jerez/474-jerez-moto/start-finish.svg,https://members-assets.iracing.com/public/track-maps/tracks_jerez/474-jerez-moto/turns.svg,13,,24,60,false,true,36.708333,-6.034167,Europe/Madrid
475,MotorLand Aragón,"Alcañiz, Aragón",Spain,Grand Prix,5.345,,road,tracks\aragon\gp,https://members-assets.iracing.com/public/track-maps/tracks_aragon/475-aragon-gp/active.svg,https://members-assets.iracing.com/public/track-maps/tracks_aragon/475-aragon-gp/pitroad.svg,https://members-assets.iracing.com/public/track-maps/tracks_aragon/475-aragon-gp/start-finish.svg,https://members-assets.iracing.com/public/track-maps/tracks_aragon/475-aragon-gp/turns.svg,18,37,20,60,false,true,41.078306,-0.197806,Europe/Madrid
476,MotorLand Aragón,"Alcañiz, Aragón",Spain,National,2.646,,road,tracks\aragon\national,https://members-assets.iracing.com/public/track-maps/tracks_aragon/476-aragon-national/active.svg,https://members-assets.iracing.com/public/track-maps/tracks_aragon/476-aragon-national/pitroad.svg,https://members-assets.iracing.com/public/track-maps/tracks_aragon/476-aragon-national/start-finish.svg,https://members-assets.iracing.com/public/track-maps/tracks_aragon/476-aragon-national/turns.svg,13,37,20,60,false,true,41.078306,-0.197806,Europe/Madrid
477,MotorLand Aragón,"Alcañiz, Aragón",Spain,West,2.746,,road,tracks\aragon\west,https://members-assets.iracing.com/public/track-maps/tracks_aragon/477-aragon-west/active.svg,https://members-assets.iracing.com/public/track-maps/tracks_aragon/477-aragon-west/pitroad.svg,https://members-assets.iracing.com/public/track-maps/tracks_aragon/477-aragon-west/start-finish.svg,https://members-assets.iracing.com/public/track-maps/tracks_aragon/477-aragon-west/turns.svg,10,37,12,60,false,true,41.078306,-0.197806,Europe/Madrid
478,MotorLand Aragón,"Alcañiz, Aragón",Spain,Motorcycle Grand Prix,5.077,,road,tracks\aragon\moto,https://members-assets.iracing.com/public/track-maps/tracks_aragon/478-aragon-moto/active.svg,https://members-assets.iracing.com/public/track-maps/tracks_aragon/478-aragon-moto/pitroad.svg,https://members-assets.iracing.com/public/track-maps/tracks_aragon/478-aragon-moto/start-finish.svg,https://members-assets.iracing.com/public/track-maps/tracks_aragon/478-aragon-moto/turns.svg,16,37,20,60,false,true,41.078306,-0.197806,Europe/Madrid
479,MotorLand Aragón,"Alcañiz, Aragón",Spain,Motorcycle National,2.379,,road,tracks\aragon\nationalmoto,https://members-assets.iracing.com/public/track-maps/tracks_aragon/479-aragon-nationalmoto/active.svg,https://members-assets.iracing.com/public/track-maps/tracks_aragon/479-aragon-nationalmoto/pitroad.svg,https://members-assets.iracing.com/public/track-maps/tracks_aragon/479-aragon-nationalmoto/start-finish.svg,https://members-assets.iracing.com/public/track-maps/tracks_aragon/479-aragon-nationalmoto/turns.svg,12,37,20,60,false,true,41.078306,-0.197806,Europe/Madrid
480,MotorLand Aragón,"Alcañiz, Aragón",Spain,Outer,4.989,,road,tracks\aragon\outer,https://members-assets.iracing.com/public/track-maps/tracks_aragon/480-aragon-outer/active.svg,https://members-assets.iracing.com/public/track-maps/tracks_aragon/480-aragon-outer/pitroad.svg,https://members-assets.iracing.com/public/track-maps/tracks_aragon/480-aragon-outer/start-finish.svg,https://members-assets.iracing.com/public/track-maps/tracks_aragon/480-aragon-outer/turns.svg,13,37,20,60,false,true,41.078306,-0.197806,Europe/Madrid
481,Willow Springs International Raceway,"Rosamond, California",USA,Big Willow,4.023,,road,tracks\willow\international,https://members-assets.iracing.com/public/track-maps/tracks_willow/481-willow-international/active.svg,https://members-assets.iracing.com/public/track-maps/tracks_willow/481-willow-international/pitroad.svg,https://members-assets.iracing.com/public/track-maps/tracks_willow/481-willow-international/start-finish.svg,https://members-assets.iracing.com/public/track-maps/tracks_willow/481-willow-international/turns.svg,9,,33,60,false,true,34.87,-118.2644,America/Los_Angeles
482,MotorLand Aragón,"Alcañiz, Aragón",Spain,Touring Car,5.345,,road,tracks\aragon\tc,https://members-assets.iracing.com/public/track-maps/tracks_aragon/482-aragon-tc/active.svg,https://members-assets.iracing.com/public/track-maps/tracks_aragon/482-aragon-tc/pitroad.svg,https://members-assets.iracing.com/public/track-maps/tracks_aragon/482-aragon-tc/start-finish.svg,https://members-assets.iracing.com/public/track-maps/tracks_aragon/482-aragon-tc/turns.svg,18,37,20,60,false,true,41.078306,-0.197806,Europe/Madrid
483,Chicago Street Course,"Chicago, Illinois",USA,2023 Cup,3.444,,road,tracks\chicago\2023,https://members-assets.iracing.com/public/track-maps/tracks_chicago/483-chicago-2023/active.svg,https://members-assets.iracing.com/public/track-maps/tracks_chicago/483-chicago-2023/pitroad.svg,https://members-assets.iracing.com/public/track-maps/tracks_chicago/483-chicago-2023/start-finish.svg,https://members-assets.iracing.com/public/track-maps/tracks_chicago/483-chicago-2023/turns.svg,12,45,40,40,false,true,41.8733468,-87.620581,America/Chicago
485,Circuit Zandvoort,"Zandvoort, North Holland",Netherlands,Grand Prix,4.258,zandvoort,road,tracks\zandvoort\2023\gp,https://members-assets.iracing.com/public/track-maps/tracks_zandvoort/485-zandvoort-2023-gp/active.svg,https://members-assets.iracing.com/public/track-maps/tracks_zandvoort/485-zandvoort-2023-gp/pitroad.svg,https://members-assets.iracing.com/public/track-maps/tracks_zandvoort/485-zandvoort-2023-gp/start-finish.svg,https://members-assets.iracing.com/public/track-maps/tracks_zandvoort/485-zandvoort-2023-gp/turns.svg,14,37,14,60,false,true,52.3877081,4.5420188,Europe/Amsterdam
486,Circuit Zandvoort,"Zandvoort, North Holland",Netherlands,Grand Prix w/chicane,4.319,,road,tracks\zandvoort\2023\gpchicane,https://members-assets.iracing.com/public/track-maps/tracks_zandvoort/486-zandvoort-2023-gpchicane/active.svg,https://members-assets.iracing.com/public/track-maps/tracks_zandvoort/486-zandvoort-2023-gpchicane/pitroad.svg,https://members-assets.iracing.com/public/track-maps/tracks_zandvoort/486-zandvoort-2023-gpchicane/start-finish.svg,https://members-assets.iracing.com/public/track-maps/tracks_zandvoort/486-zandvoort-2023-gpchicane/turns.svg,14,37,14,60,false,true,52.3877081,4.5420188,Europe/Amsterdam
487,Circuit Zandvoort,"Zandvoort, North Holland",Netherlands,Nationaal,2.897,,road,tracks\zandvoort\2023\nationaal,https://members-assets.iracing.com/public/track-maps/tracks_zandvoort/487-zandvoort-2023-nationaal/active.svg,https://members-assets.iracing.com/public/track-maps/tracks_zandvoort/487-zandvoort-2023-nationaal/pitroad.svg,https://members-assets.iracing.com/public/track-maps/tracks_zandvoort/487-zandvoort-2023-nationaal/start-finish.svg,https://members-assets.iracing.com/public/track-maps/tracks_zandvoort/487-zandvoort-2023-nationaal/turns.svg,8,37,14,60,false,true,52.3877081,4.5420188,Europe/Amsterdam
488,Circuit Zandvoort,"Zandvoort, North Holland",Netherlands,Oostelijk,1.448,,road,tracks\zandvoort\2023\oostelijk,https://members-assets.iracing.com/public/track-maps/tracks_zandvoort/488-zandvoort-2023-oostelijk/active.svg,https://members-assets.iracing.com/public/track-maps/tracks_zandvoort/488-zandvoort-2023-oostelijk/pitroad.svg,https://members-assets.iracing.com/public/track-maps/tracks_zandvoort/488-zandvoort-2023-oostelijk/start-finish.svg,https://members-assets.iracing.com/public/track-maps/tracks_zandvoort/488-zandvoort-2023-oostelijk/turns.svg,6,37,3,60,false,true,52.3877081,4.5420188,Europe/Amsterdam
489,Circuit de Lédenon,"Lédenon, Occitanie",France,,3.151,,road,tracks\ledenon,https://members-assets.iracing.com/public/track-maps/tracks_ledenon/489-ledenon/active.svg,https://members-assets.iracing.com/public/track-maps/tracks_ledenon/489-ledenon/pitroad.svg,https://members-assets.iracing.com/public/track-maps/tracks_ledenon/489-ledenon/start-finish.svg,https://members-assets.iracing.com/public/track-maps/tracks_ledenon/489-ledenon/turns.svg,13,37,15,60,false,true,43.92318,4.504173,Europe/Paris
493,Kevin Harvick's Kern Raceway,"Bakersfield, CA",USA,Asphalt Track,0.805,,oval,tracks\kern\oval,https://members-assets.iracing.com/public/track-maps/tracks_kern/493-kern-oval/active.svg,https://members-assets.iracing.com/public/track-maps/tracks_kern/493-kern-oval/pitroad.svg,https://members-assets.iracing.com/public/track-maps/tracks_kern/493-kern-oval/start-finish.svg,https://members-assets.iracing.com/public/track-maps/tracks_kern/493-kern-oval/turns.svg,4,35,21,60,true,false,35.292757,-119.257161,America/Los_Angeles
494,Kevin Harvick's Kern Raceway,"Bakersfield, CA",USA,Dirt Track,0.531,,dirt_oval,tracks\kern\dirt,https://members-assets.iracing.com/public/track-maps/tracks_kern/494-kern-dirt/active.svg,https://members-assets.iracing.com/public/track-maps/tracks_kern/494-kern-dirt/pitroad.svg,https://members-assets.iracing.com/public/track-maps/tracks_kern/494-kern-dirt/start-finish.svg,https://members-assets.iracing.com/public/track-maps/tracks_kern/494-kern-dirt/turns.svg,4,35,16,60,true,false,35.292757,-119.257161,America/Los_Angeles
496,Kevin Harvick's Kern Raceway,"Bakersfield, CA",USA,Legends,0.354,,oval,tracks\kern\legends,https://members-assets.iracing.com/public/track-maps/tracks_kern/496-kern-legends/active.svg,https://members-assets.iracing.com/public/track-maps/tracks_kern/496-kern-legends/pitroad.svg,https://members-assets.iracing.com/public/track-maps/tracks_kern/496-kern-legends/start-finish.svg,https://members-assets.iracing.com/public/track-maps/tracks_kern/496-kern-legends/turns.svg,4,30,12,60,true,false,35.292757,-119.257161,America/Los_Angeles
497,Kevin Harvick's Kern Raceway,"Bakersfield, CA",USA,Dirt Mini Oval,0.225,,dirt_oval,tracks\kern\dirtmini,https://members-assets.iracing.com/public/track-maps/tracks_kern/497-kern-dirtmini/active.svg,https://members-assets.iracing.com/public/track-maps/tracks_kern/497-kern-dirtmini/pitroad.svg,https://members-assets.iracing.com/public/track-maps/tracks_kern/497-kern-dirtmini/start-finish.svg,https://members-assets.iracing.com/public/track-maps/tracks_kern/497-kern-dirtmini/turns.svg,4,25,17,30,true,false,35.292757,-119.257161,America/Los_Angeles
498,Autodromo Internazionale del Mugello,"Scarperia e San Piero, Tuscany",Italy,Grand Prix,5.245,mugello,road,tracks\mugello\gp,https://members-assets.iracing.com/public/track-maps/tracks_mugello/498-mugello-gp/active.svg,https://members-assets.iracing.com/public/track-maps/tracks_mugello/498-mugello-gp/pitroad.svg,https://members-assets.iracing.com/public/track-maps/tracks_mugello/498-mugello-gp/start-finish.svg,https://members-assets.iracing.com/public/track-maps/tracks_mugello/498-mugello-gp/turns.svg,15,37,20,60,false,true,43.997595,11.371478,Europe/Rome
499,Autodromo Internazionale del Mugello,"Scarperia e San Piero, Tuscany",Italy,Short,2.279,,road,tracks\mugello\short,https://members-assets.iracing.com/public/track-maps/tracks_mugello/499-mugello-short/active.svg,https://members-assets.iracing.com/public/track-maps/tracks_mugello/499-mugello-short/pitroad.svg,https://members-assets.iracing.com/public/track-maps/tracks_mugello/499-mugello-short/start-finish.svg,https://members-assets.iracing.com/public/track-maps/tracks_mugello/499-mugello-short/turns.svg,7,37,20,60,false,true,43.997595,11.371478,Europe/Rome
500,Slinger Speedway,"Slinger, WI",USA,Oval,0.402,,oval,tracks\slinger\oval,https://members-assets.iracing.com/public/track-maps/tracks_slinger/500-slinger-oval/active.svg,https://members-assets.iracing.com/public/track-maps/tracks_slinger/500-slinger-oval/pitroad.svg,https://members-assets.iracing.com/public/track-maps/tracks_slinger/500-slinger-oval/start-finish.svg,https://members-assets.iracing.com/public/track-maps/tracks_slinger/500-slinger-oval/turns.svg,4,30,20,60,true,false,43.340579,-88.277329,America/Chicago
501,Misano World Circuit Marco Simoncelli,"Misano Adriatico, Emilia-Romagna",Italy,Grand Prix,4.2,misano,road,tracks\misano\gp,https://members-assets.iracing.com/public/track-maps/tracks_misano/501-misano-gp/active.svg,https://members-assets.iracing.com/public/track-maps/tracks_misano/501-misano-gp/pitroad.svg,https://members-assets.iracing.com/public/track-maps/tracks_misano/501-misano-gp/start-finish.svg,https://members-assets.iracing.com/public/track-maps/tracks_misano/501-misano-gp/turns.svg,16,37,23,60,false,true,43.962099,12.684142,Europe/Rome
502,Misano World Circuit Marco Simoncelli,"Misano Adriatico, Emilia-Romagna",Italy,Grand Prix - 2007,4.179,,road,tracks\misano\gp2007,https://members-assets.iracing.com/public/track-maps/tracks_misano/502-misano-gp2007/active.svg,https://members-assets.iracing.com/public/track-maps/tracks_misano/502-misano-gp2007/pitroad.svg,https://members-assets.iracing.com/public/track-maps/tracks_misano/502-misano-gp2007/start-finish.svg,https://members-assets.iracing.com/public/track-maps/tracks_misano/502-misano-gp2007/turns.svg,15,37,23,60,false,true,43.962099,12.684142,Europe/Rome
503,Misano World Circuit Marco Simoncelli,"Misano Adriatico, Emilia-Romagna",Italy,Grand Prix - Historic Reverse,3.219,,road,tracks\misano\historicgp,https://members-assets.iracing.com/public/track-maps/tracks_misano/503-misano-historicgp/active.svg,https://members-assets.iracing.com/public/track-maps/tracks_misano/503-misano-historicgp/pitroad.svg,https://members-assets.iracing.com/public/track-maps/tracks_misano/503-misano-historicgp/start-finish.svg,https://members-assets.iracing.com/public/track-maps/tracks_misano/503-misano-historicgp/turns.svg,11,37,23,60,false,true,43.962099,12.684142,Europe/Rome
504,Misano World Circuit Marco Simoncelli,"Misano Adriatico, Emilia-Romagna",Italy,Club,0.998,,road,tracks\misano\club,https://members-assets.iracing.com/public/track-maps/tracks_misano/504-misano-club/active.svg,https://members-assets.iracing.com/public/track-maps/tracks_misano/504-misano-club/pitroad.svg,https://members-assets.iracing.com/public/track-maps/tracks_misano/504-misano-club/start-finish.svg,https://members-assets.iracing.com/public/track-maps/tracks_misano/504-misano-club/turns.svg,8,37,8,60,false,true,43.962099,12.684142,Europe/Rome
505,Misano World Circuit Marco Simoncelli,"Misano Adriatico, Emilia-Romagna",Italy,Truck,4.02,,road,tracks\misano\truck,https://members-assets.iracing.com/public/track-maps/tracks_misano/505-misano-truck/active.svg,https://members-assets.iracing.com/public/track-maps/tracks_misano/505-misano-truck/pitroad.svg,https://members-assets.iracing.com/public/track-maps/tracks_misano/505-misano-truck/start-finish.svg,https://members-assets.iracing.com/public/track-maps/tracks_misano/505-misano-truck/turns.svg,16,37,23,60,false,true,43.962099,12.684142,Europe/Rome
506,Slinger Speedway,"Slinger, WI",USA,Figure 8,0.451,,road,tracks\slinger\figure8,https://members-assets.iracing.com/public/track-maps/tracks_slinger/506-slinger-figure8/active.svg,https://members-assets.iracing.com/public/track-maps/tracks_slinger/506-slinger-figure8/pitroad.svg,https://members-assets.iracing.com/public/track-maps/tracks_slinger/506-slinger-figure8/start-finish.svg,https://members-assets.iracing.com/public/track-maps/tracks_slinger/506-slinger-figure8/turns.svg,4,30,20,50,true,true,43.340579,-88.277329,America/Chicago
508,Lime Rock Park,"Lakeville, Connecticut",USA,School,2.462,,road,tracks\limerock\2019\school,https://members-assets.iracing.com/public/track-maps/tracks_limerock_2019/508-limerock-2019-school/active.svg,https://members-assets.iracing.com/public/track-maps/tracks_limerock_2019/508-limerock-2019-school/pitroad.svg,https://members-assets.iracing.com/public/track-maps/tracks_limerock_2019/508-limerock-2019-school/start-finish.svg,https://members-assets.iracing.com/public/track-maps/tracks_limerock_2019/508-limerock-2019-school/turns.svg,7,,35,63,false,true,41.9282105,-73.3839642,America/New_York
509,Algarve International Circuit,Portimão,Portugal,Grand Prix,4.591,,road,tracks\algarve\gp,https://members-assets.iracing.com/public/track-maps/tracks_algarve/509-algarve-gp/active.svg,https://members-assets.iracing.com/public/track-maps/tracks_algarve/509-algarve-gp/pitroad.svg,https://members-assets.iracing.com/public/track-maps/tracks_algarve/509-algarve-gp/start-finish.svg,https://members-assets.iracing.com/public/track-maps/tracks_algarve/509-algarve-gp/turns.svg,15,37,22,60,false,true,37.2322667,-8.6300625,Europe/Lisbon
510,Algarve International Circuit,Portimão,Portugal,Grand Prix - Chicanes,4.685,,road,tracks\algarve\gpchicane,https://members-assets.iracing.com/public/track-maps/tracks_algarve/510-algarve-gpchicane/active.svg,https://members-assets.iracing.com/public/track-maps/tracks_algarve/510-algarve-gpchicane/pitroad.svg,https://members-assets.iracing.com/public/track-maps/tracks_algarve/510-algarve-gpchicane/start-finish.svg,https://members-assets.iracing.com/public/track-maps/tracks_algarve/510-algarve-gpchicane/turns.svg,16,37,22,60,false,true,37.2322667,-8.6300625,Europe/Lisbon
511,Algarve International Circuit,Portimão,Portugal,Moto,4.591,,road,tracks\algarve\moto,https://members-assets.iracing.com/public/track-maps/tracks_algarve/511-algarve-moto/active.svg,https://members-assets.iracing.com/public/track-maps/tracks_algarve/511-algarve-moto/pitroad.svg,https://members-assets.iracing.com/public/track-maps/tracks_algarve/511-algarve-moto/start-finish.svg,https://members-assets.iracing.com/public/track-maps/tracks_algarve/511-algarve-moto/turns.svg,15,37,22,60,false,true,37.2322667,-8.6300625,Europe/Lisbon
512,Algarve International Circuit,Portimão,Portugal,Moto - Chicanes,4.591,,road,tracks\algarve\motochicane,https://members-assets.iracing.com/public/track-maps/tracks_algarve/512-algarve-motochicane/active.svg,https://members-assets.iracing.com/public/track-maps/tracks_algarve/512-algarve-motochicane/pitroad.svg,https://members-assets.iracing.com/public/track-maps/tracks_algarve/512-algarve-motochicane/start-finish.svg,https://members-assets.iracing.com/public/track-maps/tracks_algarve/512-algarve-motochicane/turns.svg,15,37,22,60,false,true,37.2322667,-8.6300625,Europe/Lisbon
513,Millbridge Speedway,"Salisbury, NC",USA,,0.402,,dirt_oval,tracks\millbridge,https://members-assets.iracing.com/public/track-maps/tracks_millbridge/513-millbridge/active.svg,https://members-assets.iracing.com/public/track-maps/tracks_millbridge/513-millbridge/pitroad.svg,https://members-assets.iracing.com/public/track-maps/tracks_millbridge/513-millbridge/start-finish.svg,https://members-assets.iracing.com/public/track-maps/tracks_millbridge/513-millbridge/turns.svg,4,30,6,60,true,false,35.6529521,-80.6078801,America/New_York
514,Kokomo Speedway,"Kokomo, Indiana",USA,Tires out,0.402,,dirt_oval,tracks\kokomo\tiresout,https://members-assets.iracing.com/public/track-maps/tracks_kokomo/514-kokomo-tiresout/active.svg,https://members-assets.iracing.com/public/track-maps/tracks_kokomo/514-kokomo-tiresout/pitroad.svg,https://members-assets.iracing.com/public/track-maps/tracks_kokomo/514-kokomo-tiresout/start-finish.svg,https://members-assets.iracing.com/public/track-maps/tracks_kokomo/514-kokomo-tiresout/turns.svg,4,15,4,63,true,false,40.5111901,-86.1455678,America/Indiana/Indianapolis
515,Circuito de Navarra,Navarra,Spain,Speed Circuit,3.927,,road,tracks\navarra\speedlong,https://members-assets.iracing.com/public/track-maps/tracks_navarra/515-navarra-speedlong/active.svg,https://members-assets.iracing.com/public/track-maps/tracks_navarra/515-navarra-speedlong/pitroad.svg,https://members-assets.iracing.com/public/track-maps/tracks_navarra/515-navarra-speedlong/start-finish.svg,https://members-assets.iracing.com/public/track-maps/tracks_navarra/515-navarra-speedlong/turns.svg,15,37,16,60,false,true,42.559206,-2.168074,Europe/Madrid
516,Circuito de Navarra,Navarra,Spain,Speed Circuit - Medium,2.672,,road,tracks\navarra\speedmedium,https://members-assets.iracing.com/public/track-maps/tracks_navarra/516-navarra-speedmedium/active.svg,https://members-assets.iracing.com/public/track-maps/tracks_navarra/516-navarra-speedmedium/pitroad.svg,https://members-assets.iracing.com/public/track-maps/tracks_navarra/516-navarra-speedmedium/start-finish.svg,https://members-assets.iracing.com/public/track-maps/tracks_navarra/516-navarra-speedmedium/turns.svg,8,37,16,60,false,true,42.559206,-2.168074,Europe/Madrid
517,Circuito de Navarra,Navarra,Spain,Speed Circuit - Short,1.333,,road,tracks\navarra\speedshort,https://members-assets.iracing.com/public/track-maps/tracks_navarra/517-navarra-speedshort/active.svg,https://members-assets.iracing.com/public/track-maps/tracks_navarra/517-navarra-speedshort/pitroad.svg,https://members-assets.iracing.com/public/track-maps/tracks_navarra/517-navarra-speedshort/start-finish.svg,https://members-assets.iracing.com/public/track-maps/tracks_navarra/517-navarra-speedshort/turns.svg,5,37,5,60,false,true,42.559206,-2.168074,Europe/Madrid
518,Oswego Speedway,"Oswego, NY",USA,Oval,1.006,,oval,tracks\oswego\oval,https://members-assets.iracing.com/public/track-maps/tracks_oswego/518-oswego-oval/active.svg,https://members-assets.iracing.com/public/track-maps/tracks_oswego/518-oswego-oval/pitroad.svg,https://members-assets.iracing.com/public/track-maps/tracks_oswego/518-oswego-oval/start-finish.svg,https://members-assets.iracing.com/public/track-maps/tracks_oswego/518-oswego-oval/turns.svg,4,30,17,60,true,false,43.45784,-76.481946,America/New_York
519,Oswego Speedway,"Oswego, NY",USA,Mini Oval,0.604,,oval,tracks\oswego\mini,https://members-assets.iracing.com/public/track-maps/tracks_oswego/519-oswego-mini/active.svg,https://members-assets.iracing.com/public/track-maps/tracks_oswego/519-oswego-mini/pitroad.svg,https://members-assets.iracing.com/public/track-maps/tracks_oswego/519-oswego-mini/start-finish.svg,https://members-assets.iracing.com/public/track-maps/tracks_oswego/519-oswego-mini/turns.svg,4,30,17,60,true,false,43.45784,-76.481946,America/New_York
520,Oswego Speedway,"Oswego, NY",USA,Dirt,1.006,,dirt_oval,tracks\oswego\dirt,https://members-assets.iracing.com/public/track-maps/tracks_oswego/520-oswego-dirt/active.svg,https://members-assets.iracing.com/public/track-maps/tracks_oswego/520-oswego-dirt/pitroad.svg,https://members-assets.iracing.com/public/track-maps/tracks_oswego/520-oswego-dirt/start-finish.svg,https://members-assets.iracing.com/public/track-maps/tracks_oswego/520-oswego-dirt/turns.svg,4,30,17,60,true,false,43.45784,-76.481946,America/New_York
521,Sachsenring,Oberlungwitz,Germany,,3.637,,road,tracks\sachsenring,https://members-assets.iracing.com/public/track-maps/tracks_sachsenring/521-sachsenring/active.svg,https://members-assets.iracing.com/public/track-maps/tracks_sachsenring/521-sachsenring/pitroad.svg,https://members-assets.iracing.com/public/track-maps/tracks_sachsenring/521-sachsenring/start-finish.svg,https://members-assets.iracing.com/public/track-maps/tracks_sachsenring/521-sachsenring/turns.svg,13,31,19,60,false,true,50.79177,12.688051,Europe/Berlin
522,Indianapolis Motor Speedway,"Speedway, Indiana",USA,NASCAR Oval,4.023,,oval,tracks\indianapolis\2022\ovalnascar,https://members-assets.iracing.com/public/track-maps/tracks_indianapolis/522-indianapolis-2022-ovalnascar/active.svg,https://members-assets.iracing.com/public/track-maps/tracks_indianapolis/522-indianapolis-2022-ovalnascar/pitroad.svg,https://members-assets.iracing.com/public/track-maps/tracks_indianapolis/522-indianapolis-2022-ovalnascar/start-finish.svg,https://members-assets.iracing.com/public/track-maps/tracks_indianapolis/522-indianapolis-2022-ovalnascar/turns.svg,4,55,43,82,false,false,39.4754,-86.1358,America/Indiana/Indianapolis
523,Circuit de Spa-Francorchamps,"Francorchamps, Liège",Belgium,Grand Prix Pits,7.001,spa,road,tracks\spa\2024\up,https://members-assets.iracing.com/public/track-maps/tracks_spa/523-spa-2024-up/active.svg,https://members-assets.iracing.com/public/track-maps/tracks_spa/523-spa-2024-up/pitroad.svg,https://members-assets.iracing.com/public/track-maps/tracks_spa/523-spa-2024-up/start-finish.svg,https://members-assets.iracing.com/public/track-maps/tracks_spa/523-spa-2024-up/turns.svg,21,45,25,60,true,true,50.4369118,5.969856,Europe/Brussels
524,Circuit de Spa-Francorchamps,"Francorchamps, Liège",Belgium,Classic Pits,7.001,,road,tracks\spa\2024\low,https://members-assets.iracing.com/public/track-maps/tracks_spa/524-spa-2024-low/active.svg,https://members-assets.iracing.com/public/track-maps/tracks_spa/524-spa-2024-low/pitroad.svg,https://members-assets.iracing.com/public/track-maps/tracks_spa/524-spa-2024-low/start-finish.svg,https://members-assets.iracing.com/public/track-maps/tracks_spa/524-spa-2024-low/turns.svg,21,45,35,60,true,true,50.4369118,5.969856,Europe/Brussels
525,Circuit de Spa-Francorchamps,"Francorchamps, Liège",Belgium,Endurance,7.001,,road,tracks\spa\2024\combined,https://members-assets.iracing.com/public/track-maps/tracks_spa/525-spa-2024-combined/active.svg,https://members-assets.iracing.com/public/track-maps/tracks_spa/525-spa-2024-combined/pitroad.svg,https://members-assets.iracing.com/public/track-maps/tracks_spa/525-spa-2024-combined/start-finish.svg,https://members-assets.iracing.com/public/track-maps/tracks_spa/525-spa-2024-combined/turns.svg,21,45,60,60,true,true,50.4369118,5.969856,Europe/Brussels
526,Circuit de Spa-Francorchamps,"Francorchamps, Liège",Belgium,Bike,7.001,,road,tracks\spa\2024\bike,https://members-assets.iracing.com/public/track-maps/tracks_spa/526-spa-2024-bike/active.svg,https://members-assets.iracing.com/public/track-maps/tracks_spa/526-spa-2024-bike/pitroad.svg,https://members-assets.iracing.com/public/track-maps/tracks_spa/526-spa-2024-bike/start-finish.svg,https://members-assets.iracing.com/public/track-maps/tracks_spa/526-spa-2024-bike/turns.svg,21,45,25,60,true,true,50.4369118,5.969856,Europe/Brussels
527,Cadwell Park Circuit,"Louth, Lincolnshire",England,Full,3.492,,road,tracks\cadwell\full,https://members-assets.iracing.com/public/track-maps/tracks_cadwell/527-cadwell-full/active.svg,https://members-assets.iracing.com/public/track-maps/tracks_cadwell/527-cadwell-full/pitroad.svg,https://members-assets.iracing.com/public/track-maps/tracks_cadwell/527-cadwell-full/start-finish.svg,https://members-assets.iracing.com/public/track-maps/tracks_cadwell/527-cadwell-full/turns.svg,18,31,6,60,false,true,53.310274,-0.059399,Europe/London
528,Cadwell Park Circuit,"Louth, Lincolnshire",England,Club,2.366,,road,tracks\cadwell\club,https://members-assets.iracing.com/public/track-maps/tracks_cadwell/528-cadwell-club/active.svg,https://members-assets.iracing.com/public/track-maps/tracks_cadwell/528-cadwell-club/pitroad.svg,https://members-assets.iracing.com/public/track-maps/tracks_cadwell/528-cadwell-club/start-finish.svg,https://members-assets.iracing.com/public/track-maps/tracks_cadwell/528-cadwell-club/turns.svg,9,31,4,60,false,true,53.310274,-0.059399,Europe/London
529,Cadwell Park Circuit,"Louth, Lincolnshire",England,Moto,3.508,,road,tracks\cadwell\moto,https://members-assets.iracing.com/public/track-maps/tracks_cadwell/529-cadwell-moto/active.svg,https://members-assets.iracing.com/public/track-maps/tracks_cadwell/529-cadwell-moto/pitroad.svg,https://members-assets.iracing.com/public/track-maps/tracks_cadwell/529-cadwell-moto/start-finish.svg,https://members-assets.iracing.com/public/track-maps/tracks_cadwell/529-cadwell-moto/turns.svg,19,31,6,60,false,true,53.310274,-0.059399,Europe/London
530,Cadwell Park Circuit,"Louth, Lincolnshire",England,Woodlands,1.368,,road,tracks\cadwell\woodlands,https://members-assets.iracing.com/public/track-maps/tracks_cadwell/530-cadwell-woodlands/active.svg,https://members-assets.iracing.com/public/track-maps/tracks_cadwell/530-cadwell-woodlands/pitroad.svg,https://members-assets.iracing.com/public/track-maps/tracks_cadwell/530-cadwell-woodlands/start-finish.svg,https://members-assets.iracing.com/public/track-maps/tracks_cadwell/530-cadwell-woodlands/turns.svg,9,31,6,60,false,true,53.310274,-0.059399,Europe/London
531,Huset's Speedway,"Brandon, South Dakota",USA,,0.604,,dirt_oval,tracks\husets,https://members-assets.iracing.com/public/track-maps/tracks_husets/531-husets/active.svg,https://members-assets.iracing.com/public/track-maps/tracks_husets/531-husets/pitroad.svg,https://members-assets.iracing.com/public/track-maps/tracks_husets/531-husets/start-finish.svg,https://members-assets.iracing.com/public/track-maps/tracks_husets/531-husets/turns.svg,4,45,14,60,true,false,43.570801,-96.583907,America/Chicago
532,Thruxton Circuit,"Hampshire, England",United Kingdom,,3.792,,road,tracks\thruxton,https://members-assets.iracing.com/public/track-maps/tracks_thruxton/532-thruxton/active.svg,https://members-assets.iracing.com/public/track-maps/tracks_thruxton/532-thruxton/pitroad.svg,https://members-assets.iracing.com/public/track-maps/tracks_thruxton/532-thruxton/start-finish.svg,https://members-assets.iracing.com/public/track-maps/tracks_thruxton/532-thruxton/turns.svg,12,50,13,60,false,true,51.20766,-1.608988,Europe/London
533,Miami International Autodrome,"Miami, Florida",USA,Marina Loop,3.927,,road,tracks\miami\marinaloop,https://members-assets.iracing.com/public/track-maps/tracks_miami/533-miami-marinaloop/active.svg,https://members-assets.iracing.com/public/track-maps/tracks_miami/533-miami-marinaloop/pitroad.svg,https://members-assets.iracing.com/public/track-maps/tracks_miami/533-miami-marinaloop/start-finish.svg,https://members-assets.iracing.com/public/track-maps/tracks_miami/533-miami-marinaloop/turns.svg,17,37,25,60,false,true,25.959107,-80.23741,America/New_York
534,Miami International Autodrome,"Miami, Florida",USA,MIA Loop,2.301,,road,tracks\miami\mialoop,https://members-assets.iracing.com/public/track-maps/tracks_miami/534-miami-mialoop/active.svg,https://members-assets.iracing.com/public/track-maps/tracks_miami/534-miami-mialoop/pitroad.svg,https://members-assets.iracing.com/public/track-maps/tracks_miami/534-miami-mialoop/start-finish.svg,https://members-assets.iracing.com/public/track-maps/tracks_miami/534-miami-mialoop/turns.svg,17,37,25,60,false,true,25.959107,-80.23741,America/New_York
535,Miami International Autodrome,"Miami, Florida",USA,Extended MIA Loop,2.816,,road,tracks\miami\extendedmialoop,https://members-assets.iracing.com/public/track-maps/tracks_miami/535-miami-extendedmialoop/active.svg,https://members-assets.iracing.com/public/track-maps/tracks_miami/535-miami-extendedmialoop/pitroad.svg,https://members-assets.iracing.com/public/track-maps/tracks_miami/535-miami-extendedmialoop/start-finish.svg,https://members-assets.iracing.com/public/track-maps/tracks_miami/535-miami-extendedmialoop/turns.svg,17,37,25,60,false,true,25.959107,-80.23741,America/New_York
536,Portland International Raceway,"Portland, Oregon",USA,Full Circuit,3.166,,road,tracks\portland\full,https://members-assets.iracing.com/public/track-maps/tracks_portland/536-portland-full/active.svg,https://members-assets.iracing.com/public/track-maps/tracks_portland/536-portland-full/pitroad.svg,https://members-assets.iracing.com/public/track-maps/tracks_portland/536-portland-full/start-finish.svg,https://members-assets.iracing.com/public/track-maps/tracks_portland/536-portland-full/turns.svg,12,50,38,60,false,true,45.595031,-122.694497,America/Los_Angeles
537,Portland International Raceway,"Portland, Oregon",USA,No Chicane,3.112,,road,tracks\portland\nochicane,https://members-assets.iracing.com/public/track-maps/tracks_portland/537-portland-nochicane/active.svg,https://members-assets.iracing.com/public/track-maps/tracks_portland/537-portland-nochicane/pitroad.svg,https://members-assets.iracing.com/public/track-maps/tracks_portland/537-portland-nochicane/start-finish.svg,https://members-assets.iracing.com/public/track-maps/tracks_portland/537-portland-nochicane/turns.svg,9,50,38,60,false,true,45.595031,-122.694497,America/Los_Angeles
538,Miami International Autodrome,"Miami, Florida",USA,Extended Marina Loop,4.506,,road,tracks\miami\exmarinaloop,https://members-assets.iracing.com/public/track-maps/tracks_miami/538-miami-exmarinaloop/active.svg,https://members-assets.iracing.com/public/track-maps/tracks_miami/538-miami-exmarinaloop/pitroad.svg,https://members-assets.iracing.com/public/track-maps/tracks_miami/538-miami-exmarinaloop/start-finish.svg,https://members-assets.iracing.com/public/track-maps/tracks_miami/538-miami-exmarinaloop/turns.svg,19,50,25,60,false,true,25.959107,-80.23741,America/New_York
539,Miami International Autodrome,"Miami, Florida",USA,Grand Prix,5.407,,road,tracks\miami\gp,https://members-assets.iracing.com/public/track-maps/tracks_miami/539-miami-gp/active.svg,https://members-assets.iracing.com/public/track-maps/tracks_miami/539-miami-gp/pitroad.svg,https://members-assets.iracing.com/public/track-maps/tracks_miami/539-miami-gp/start-finish.svg,https://members-assets.iracing.com/public/track-maps/tracks_miami/539-miami-gp/turns.svg,17,37,25,60,false,true,25.959107,-80.23741,America/New_York
540,Shell V-Power Motorsport Park at The Bend,Tailem Bend,Australia,GT Circuit,7.77,,road,tracks\thebend\gt,https://members-assets.iracing.com/public/track-maps/tracks_thebend/540-thebend-gt/active.svg,https://members-assets.iracing.com/public/track-maps/tracks_thebend/540-thebend-gt/pitroad.svg,https://members-assets.iracing.com/public/track-maps/tracks_thebend/540-thebend-gt/start-finish.svg,https://members-assets.iracing.com/public/track-maps/tracks_thebend/540-thebend-gt/turns.svg,35,25,37,60,false,true,-35.308313,139.511143,Australia/Adelaide
541,Shell V-Power Motorsport Park at The Bend,Tailem Bend,Australia,International Circuit,4.95,,road,tracks\thebend\international,https://members-assets.iracing.com/public/track-maps/tracks_thebend/541-thebend-international/active.svg,https://members-assets.iracing.com/public/track-maps/tracks_thebend/541-thebend-international/pitroad.svg,https://members-assets.iracing.com/public/track-maps/tracks_thebend/541-thebend-international/start-finish.svg,https://members-assets.iracing.com/public/track-maps/tracks_thebend/541-thebend-international/turns.svg,18,25,37,60,false,true,-35.308313,139.511143,Australia/Adelaide
542,Shell V-Power Motorsport Park at The Bend,Tailem Bend,Australia,East Circuit,3.93,,road,tracks\thebend\east,https://members-assets.iracing.com/public/track-maps/tracks_thebend/542-thebend-east/active.svg,https://members-assets.iracing.com/public/track-maps/tracks_thebend/542-thebend-east/pitroad.svg,https://members-assets.iracing.com/public/track-maps/tracks_thebend/542-thebend-east/start-finish.svg,https://members-assets.iracing.com/public/track-maps/tracks_thebend/542-thebend-east/turns.svg,22,25,10,60,false,true,-35.308313,139.511143,Australia/Adelaide
543,Shell V-Power Motorsport Park at The Bend,Tailem Bend,Australia,West Circuit,3.41,,road,tracks\thebend\west,https://members-assets.iracing.com/public/track-maps/tracks_thebend/543-thebend-west/active.svg,https://members-assets.iracing.com/public/track-maps/tracks_thebend/543-thebend-west/pitroad.svg,https://members-assets.iracing.com/public/track-maps/tracks_thebend/543-thebend-west/start-finish.svg,https://members-assets.iracing.com/public/track-maps/tracks_thebend/543-thebend-west/turns.svg,12,25,37,60,false,true,-35.308313,139.511143,Australia/Adelaide
544,Shell V-Power Motorsport Park at The Bend,Tailem Bend,Australia,West Plus Circuit,3.653,,road,tracks\thebend\westplus,https://members-assets.iracing.com/public/track-maps/tracks_thebend/544-thebend-westplus/active.svg,https://members-assets.iracing.com/public/track-maps/tracks_thebend/544-thebend-westplus/pitroad.svg,https://members-assets.iracing.com/public/track-maps/tracks_thebend/544-thebend-westplus/start-finish.svg,https://members-assets.iracing.com/public/track-maps/tracks_thebend/544-thebend-westplus/turns.svg,17,25,37,60,false,true,-35.308313,139.511143,Australia/Adelaide
545,Shell V-Power Motorsport Park at The Bend,Tailem Bend,Australia,Sprint Circuit,2.768,,road,tracks\thebend\sprint,https://members-assets.iracing.com/public/track-maps/tracks_thebend/545-thebend-sprint/active.svg,https://members-assets.iracing.com/public/track-maps/tracks_thebend/545-thebend-sprint/pitroad.svg,https://members-assets.iracing.com/public/track-maps/tracks_thebend/545-thebend-sprint/start-finish.svg,https://members-assets.iracing.com/public/track-maps/tracks_thebend/545-thebend-sprint/turns.svg,11,25,37,60,false,true,-35.308313,139.511143,Australia/Adelaide
546,Shell V-Power Motorsport Park at The Bend,Tailem Bend,Australia,South West Circuit,1.819,,road,tracks\thebend\southwest,https://members-assets.iracing.com/public/track-maps/tracks_thebend/546-thebend-southwest/active.svg,https://members-assets.iracing.com/public/track-maps/tracks_thebend/546-thebend-southwest/pitroad.svg,https://members-assets.iracing.com/public/track-maps/tracks_thebend/546-thebend-southwest/start-finish.svg,https://members-assets.iracing.com/public/track-maps/tracks_thebend/546-thebend-southwest/turns.svg,7,25,37,60,false,true,-35.308313,139.511143,Australia/Adelaide
550,Charlotte Motor Speedway,"Concord, North Carolina",USA,Legends Road Course 2025,2.012,,road,tracks\charlotte\2025\legendsrc2025,https://members-assets.iracing.com/public/track-maps/tracks_charlotte/550-charlotte-2025-legendsrc2025/active.svg,https://members-assets.iracing.com/public/track-maps/tracks_charlotte/550-charlotte-2025-legendsrc2025/pitroad.svg,https://members-assets.iracing.com/public/track-maps/tracks_charlotte/550-charlotte-2025-legendsrc2025/start-finish.svg,https://members-assets.iracing.com/public/track-maps/tracks_charlotte/550-charlotte-2025-legendsrc2025/turns.svg,11,25,13,60,true,true,35.3511641,-80.6912655,America/New_York
551,Charlotte Motor Speedway,"Concord, North Carolina",USA,Infield Road Course Long,2.414,,road,tracks\charlotte\2025\legendsrclong,https://members-assets.iracing.com/public/track-maps/tracks_charlotte/551-charlotte-2025-legendsrclong/active.svg,https://members-assets.iracing.com/public/track-maps/tracks_charlotte/551-charlotte-2025-legendsrclong/pitroad.svg,https://members-assets.iracing.com/public/track-maps/tracks_charlotte/551-charlotte-2025-legendsrclong/start-finish.svg,https://members-assets.iracing.com/public/track-maps/tracks_charlotte/551-charlotte-2025-legendsrclong/turns.svg,13,25,12,60,true,true,35.3511641,-80.6912655,America/New_York
552,Charlotte Motor Speedway,"Concord, North Carolina",USA,Infield Road Course,1.159,,road,tracks\charlotte\2025\legendsrcshort,https://members-assets.iracing.com/public/track-maps/tracks_charlotte/552-charlotte-2025-legendsrcshort/active.svg,https://members-assets.iracing.com/public/track-maps/tracks_charlotte/552-charlotte-2025-legendsrcshort/pitroad.svg,https://members-assets.iracing.com/public/track-maps/tracks_charlotte/552-charlotte-2025-legendsrcshort/start-finish.svg,https://members-assets.iracing.com/public/track-maps/tracks_charlotte/552-charlotte-2025-legendsrcshort/turns.svg,8,30,21,60,true,true,35.3511641,-80.6912655,America/New_York
553,Charlotte Motor Speedway,"Concord, North Carolina",USA,Roval 2019,3.669,,road,tracks\charlotte\2025\roval2019,https://members-assets.iracing.com/public/track-maps/tracks_charlotte/553-charlotte-2025-roval2019/active.svg,https://members-assets.iracing.com/public/track-maps/tracks_charlotte/553-charlotte-2025-roval2019/pitroad.svg,https://members-assets.iracing.com/public/track-maps/tracks_charlotte/553-charlotte-2025-roval2019/start-finish.svg,https://members-assets.iracing.com/public/track-maps/tracks_charlotte/553-charlotte-2025-roval2019/turns.svg,17,40,42,60,true,true,35.3511641,-80.6912655,America/New_York
554,Charlotte Motor Speedway,"Concord, North Carolina",USA,Roval 2025,3.669,,road,tracks\charlotte\2025\roval2025,https://members-assets.iracing.com/public/track-maps/tracks_charlotte/554-charlotte-2025-roval2025/active.svg,https://members-assets.iracing.com/public/track-maps/tracks_charlotte/554-charlotte-2025-roval2025/pitroad.svg,https://members-assets.iracing.com/public/track-maps/tracks_charlotte/554-charlotte-2025-roval2025/start-finish.svg,https://members-assets.iracing.com/public/track-maps/tracks_charlotte/554-charlotte-2025-roval2025/turns.svg,17,40,42,60,true,true,35.3511641,-80.6912655,America/New_York
555,Charlotte Motor Speedway,"Concord, North Carolina",USA,Roval No Chicanes,3.621,,road,tracks\charlotte\2025\rovalnochicanes,https://members-assets.iracing.com/public/track-maps/tracks_charlotte/555-charlotte-2025-rovalnochicanes/active.svg,https://members-assets.iracing.com/public/track-maps/tracks_charlotte/555-charlotte-2025-rovalnochicanes/pitroad.svg,https://members-assets.iracing.com/public/track-maps/tracks_charlotte/555-charlotte-2025-rovalnochicanes/start-finish.svg,https://members-assets.iracing.com/public/track-maps/tracks_charlotte/555-charlotte-2025-rovalnochicanes/turns.svg,17,40,42,60,true,true,35.3511641,-80.6912655,America/New_York
556,Charlotte Motor Speedway,"Concord, North Carolina",USA,Oval,2.414,,oval,tracks\charlotte\2025\oval,https://members-assets.iracing.com/public/track-maps/tracks_charlotte/556-charlotte-2025-oval/active.svg,https://members-assets.iracing.com/public/track-maps/tracks_charlotte/556-charlotte-2025-oval/pitroad.svg,https://members-assets.iracing.com/public/track-maps/tracks_charlotte/556-charlotte-2025-oval/start-finish.svg,https://members-assets.iracing.com/public/track-maps/tracks_charlotte/556-charlotte-2025-oval/turns.svg,4,45,43,60,true,false,35.3511641,-80.6912655,America/New_York
557,Charlotte Motor Speedway,"Concord, North Carolina",USA,Legends Oval,0.402,,oval,tracks\charlotte\2025\legendsoval,https://members-assets.iracing.com/public/track-maps/tracks_charlotte/557-charlotte-2025-legendsoval/active.svg,https://members-assets.iracing.com/public/track-maps/tracks_charlotte/557-charlotte-2025-legendsoval/pitroad.svg,https://members-assets.iracing.com/public/track-maps/tracks_charlotte/557-charlotte-2025-legendsoval/start-finish.svg,https://members-assets.iracing.com/public/track-maps/tracks_charlotte/557-charlotte-2025-legendsoval/turns.svg,4,30,32,60,true,false,35.3511641,-80.6912655,America/New_York
558,Charlotte Motor Speedway,"Concord, North Carolina",USA,Rallyx,1.336,,dirt_road,tracks\charlotte\2025\rallycrosslong,https://members-assets.iracing.com/public/track-maps/tracks_charlotte/558-charlotte-2025-rallycrosslong/active.svg,https://members-assets.iracing.com/public/track-maps/tracks_charlotte/558-charlotte-2025-rallycrosslong/pitroad.svg,https://members-assets.iracing.com/public/track-maps/tracks_charlotte/558-charlotte-2025-rallycrosslong/start-finish.svg,https://members-assets.iracing.com/public/track-maps/tracks_charlotte/558-charlotte-2025-rallycrosslong/turns.svg,7,40,16,16,false,false,35.3511641,-80.6912655,America/New_York
559,Iowa Speedway,"Newton, Iowa",USA,Oval,1.379,,oval,tracks\iowa\2025\oval,https://members-assets.iracing.com/public/track-maps/tracks_iowa/559-iowa-2025-oval/active.svg,https://members-assets.iracing.com/public/track-maps/tracks_iowa/559-iowa-2025-oval/pitroad.svg,https://members-assets.iracing.com/public/track-maps/tracks_iowa/559-iowa-2025-oval/start-finish.svg,https://members-assets.iracing.com/public/track-maps/tracks_iowa/559-iowa-2025-oval/turns.svg,4,40,43,60,true,false,41.674667,-93.015162,America/Chicago
560,World Wide Technology Raceway (Gateway),"Madison, Illinois",USA,Oval,2.012,,oval,tracks\gateway\2025\oval,https://members-assets.iracing.com/public/track-maps/tracks_gateway/560-gateway-2025-oval/active.svg,https://members-assets.iracing.com/public/track-maps/tracks_gateway/560-gateway-2025-oval/pitroad.svg,https://members-assets.iracing.com/public/track-maps/tracks_gateway/560-gateway-2025-oval/start-finish.svg,https://members-assets.iracing.com/public/track-maps/tracks_gateway/560-gateway-2025-oval/turns.svg,5,45,42,60,true,false,38.6507543,-90.1375489,America/Chicago
561,Richmond Raceway,"Richmond, Virginia",USA,,1.207,,oval,tracks\richmond\2025,https://members-assets.iracing.com/public/track-maps/tracks_richmond/561-richmond-2025/active.svg,https://members-assets.iracing.com/public/track-maps/tracks_richmond/561-richmond-2025/pitroad.svg,https://members-assets.iracing.com/public/track-maps/tracks_richmond/561-richmond-2025/start-finish.svg,https://members-assets.iracing.com/public/track-maps/tracks_richmond/561-richmond-2025/turns.svg,4,40,40,64,true,false,37.592392,-77.421653,America/New_York
562,North Wilkesboro Speedway,"North Wilkesboro, North Carolina",USA,Oval,1.006,,oval,tracks\northwilkesboro\2025,https://members-assets.iracing.com/public/track-maps/tracks_northwilkesboro/562-northwilkesboro-2025/active.svg,https://members-assets.iracing.com/public/track-maps/tracks_northwilkesboro/562-northwilkesboro-2025/pitroad.svg,https://members-assets.iracing.com/public/track-maps/tracks_northwilkesboro/562-northwilkesboro-2025/start-finish.svg,https://members-assets.iracing.com/public/track-maps/tracks_northwilkesboro/562-northwilkesboro-2025/turns.svg,4,35,39,60,true,false,36.143073,-81.072278,America/New_York
563,Sonoma Raceway,"Sonoma, California",USA,Indycar 2005-2007,3.573,,road,tracks\sonoma\2025\irl05,https://members-assets.iracing.com/public/track-maps/tracks_sonoma/563-sonoma-2025-irl05/active.svg,https://members-assets.iracing.com/public/track-maps/tracks_sonoma/563-sonoma-2025-irl05/pitroad.svg,https://members-assets.iracing.com/public/track-maps/tracks_sonoma/563-sonoma-2025-irl05/start-finish.svg,https://members-assets.iracing.com/public/track-maps/tracks_sonoma/563-sonoma-2025-irl05/turns.svg,12,40,43,60,false,true,38.1616,-122.4548,America/Los_Angeles
564,Sonoma Raceway,"Sonoma, California",USA,Indycar 2008-2011,3.701,,road,tracks\sonoma\2025\irl08,https://members-assets.iracing.com/public/track-maps/tracks_sonoma/564-sonoma-2025-irl08/active.svg,https://members-assets.iracing.com/public/track-maps/tracks_sonoma/564-sonoma-2025-irl08/pitroad.svg,https://members-assets.iracing.com/public/track-maps/tracks_sonoma/564-sonoma-2025-irl08/start-finish.svg,https://members-assets.iracing.com/public/track-maps/tracks_sonoma/564-sonoma-2025-irl08/turns.svg,12,40,43,60,false,true,38.1616,-122.4548,America/Los_Angeles
565,Sonoma Raceway,"Sonoma, California",USA,Indycar 2012-2018,3.838,,road,tracks\sonoma\2025\irl12,https://members-assets.iracing.com/public/track-maps/tracks_sonoma/565-sonoma-2025-irl12/active.svg,https://members-assets.iracing.com/public/track-maps/tracks_sonoma/565-sonoma-2025-irl12/pitroad.svg,https://members-assets.iracing.com/public/track-maps/tracks_sonoma/565-sonoma-2025-irl12/start-finish.svg,https://members-assets.iracing.com/public/track-maps/tracks_sonoma/565-sonoma-2025-irl12/turns.svg,12,40,43,60,false,true,38.1616,-122.4548,America/Los_Angeles
566,Sonoma Raceway,"Sonoma, California",USA,Cup Long,4.072,,road,tracks\sonoma\2025\nascarlong,https://members-assets.iracing.com/public/track-maps/tracks_sonoma/566-sonoma-2025-nascarlong/active.svg,https://members-assets.iracing.com/public/track-maps/tracks_sonoma/566-sonoma-2025-nascarlong/pitroad.svg,https://members-assets.iracing.com/public/track-maps/tracks_sonoma/566-sonoma-2025-nascarlong/start-finish.svg,https://members-assets.iracing.com/public/track-maps/tracks_sonoma/566-sonoma-2025-nascarlong/turns.svg,12,40,43,60,false,true,38.1616,-122.4548,America/Los_Angeles
567,Sonoma Raceway,"Sonoma, California",USA,Cup Short,3.203,,road,tracks\sonoma\2025\nascarshort,https://members-assets.iracing.com/public/track-maps/tracks_sonoma/567-sonoma-2025-nascarshort/active.svg,https://members-assets.iracing.com/public/track-maps/tracks_sonoma/567-sonoma-2025-nascarshort/pitroad.svg,https://members-assets.iracing.com/public/track-maps/tracks_sonoma/567-sonoma-2025-nascarshort/start-finish.svg,https://members-assets.iracing.com/public/track-maps/tracks_sonoma/567-sonoma-2025-nascarshort/turns.svg,10,40,43,60,false,true,38.1616,-122.4548,America/Los_Angeles
568,Sonoma Raceway,"Sonoma, California",USA,Oval,0.29,,oval,tracks\sonoma\2025\oval,https://members-assets.iracing.com/public/track-maps/tracks_sonoma/568-sonoma-2025-oval/active.svg,https://members-assets.iracing.com/public/track-maps/tracks_sonoma/568-sonoma-2025-oval/pitroad.svg,https://members-assets.iracing.com/public/track-maps/tracks_sonoma/568-sonoma-2025-oval/start-finish.svg,https://members-assets.iracing.com/public/track-maps/tracks_sonoma/568-sonoma-2025-oval/turns.svg,2,20,8,32,false,false,38.1616,-122.4548,America/Los_Angeles
569,Sonoma Raceway,"Sonoma, California",USA,Short,3.524,,road,tracks\sonoma\2025\short,https://members-assets.iracing.com/public/track-maps/tracks_sonoma/569-sonoma-2025-short/active.svg,https://members-assets.iracing.com/public/track-maps/tracks_sonoma/569-sonoma-2025-short/pitroad.svg,https://members-assets.iracing.com/public/track-maps/tracks_sonoma/569-sonoma-2025-short/start-finish.svg,https://members-assets.iracing.com/public/track-maps/tracks_sonoma/569-sonoma-2025-short/turns.svg,12,40,43,60,false,true,38.1616,-122.4548,America/Los_Angeles
570,Sonoma Raceway,"Sonoma, California",USA,Sportscar,4.072,,road,tracks\sonoma\2025\sportscar,https://members-assets.iracing.com/public/track-maps/tracks_sonoma/570-sonoma-2025-sportscar/active.svg,https://members-assets.iracing.com/public/track-maps/tracks_sonoma/570-sonoma-2025-sportscar/pitroad.svg,https://members-assets.iracing.com/public/track-maps/tracks_sonoma/570-sonoma-2025-sportscar/start-finish.svg,https://members-assets.iracing.com/public/track-maps/tracks_sonoma/570-sonoma-2025-sportscar/turns.svg,12,40,43,60,false,true,38.1616,-122.4548,America/Los_Angeles
571,Sonoma Raceway,"Sonoma, California",USA,Sportscar Alt,4.056,,road,tracks\sonoma\2025\sportscaralt,https://members-assets.iracing.com/public/track-maps/tracks_sonoma/571-sonoma-2025-sportscaralt/active.svg,https://members-assets.iracing.com/public/track-maps/tracks_sonoma/571-sonoma-2025-sportscaralt/pitroad.svg,https://members-assets.iracing.com/public/track-maps/tracks_sonoma/571-sonoma-2025-sportscaralt/start-finish.svg,https://members-assets.iracing.com/public/track-maps/tracks_sonoma/571-sonoma-2025-sportscaralt/turns.svg,12,40,43,60,false,true,38.1616,-122.4548,America/Los_Angeles
572,Autódromo Hermanos Rodríguez,Mexico City,Mexico,Grand Prix,4.303,,road,tracks\mexicocity\gp,https://members-assets.iracing.com/public/track-maps/tracks_mexicocity/572-mexicocity-gp/active.svg,https://members-assets.iracing.com/public/track-maps/tracks_mexicocity/572-mexicocity-gp/pitroad.svg,https://members-assets.iracing.com/public/track-maps/tracks_mexicocity/572-mexicocity-gp/start-finish.svg,https://members-assets.iracing.com/public/track-maps/tracks_mexicocity/572-mexicocity-gp/turns.svg,17,50,22,60,false,true,19.406111,-99.0925,America/Mexico_City
573,Autódromo Hermanos Rodríguez,Mexico City,Mexico,Grand Prix Historic,4.257,,road,tracks\mexicocity\gphistoric,https://members-assets.iracing.com/public/track-maps/tracks_mexicocity/573-mexicocity-gphistoric/active.svg,https://members-assets.iracing.com/public/track-maps/tracks_mexicocity/573-mexicocity-gphistoric/pitroad.svg,https://members-assets.iracing.com/public/track-maps/tracks_mexicocity/573-mexicocity-gphistoric/start-finish.svg,https://members-assets.iracing.com/public/track-maps/tracks_mexicocity/573-mexicocity-gphistoric/turns.svg,12,50,22,60,false,true,19.406111,-99.0925,America/Mexico_City
574,Autódromo Hermanos Rodríguez,Mexico City,Mexico,National,3.909,,road,tracks\mexicocity\national,https://members-assets.iracing.com/public/track-maps/tracks_mexicocity/574-mexicocity-national/active.svg,https://members-assets.iracing.com/public/track-maps/tracks_mexicocity/574-mexicocity-national/pitroad.svg,https://members-assets.iracing.com/public/track-maps/tracks_mexicocity/574-mexicocity-national/start-finish.svg,https://members-assets.iracing.com/public/track-maps/tracks_mexicocity/574-mexicocity-national/turns.svg,15,40,40,60,false,true,19.406111,-99.0925,America/Mexico_City
575,Autódromo Hermanos Rodríguez,Mexico City,Mexico,National Historic,3.862,,road,tracks\mexicocity\nationalhistoric,https://members-assets.iracing.com/public/track-maps/tracks_mexicocity/575-mexicocity-nationalhistoric/active.svg,https://members-assets.iracing.com/public/track-maps/tracks_mexicocity/575-mexicocity-nationalhistoric/pitroad.svg,https://members-assets.iracing.com/public/track-maps/tracks_mexicocity/575-mexicocity-nationalhistoric/start-finish.svg,https://members-assets.iracing.com/public/track-maps/tracks_mexicocity/575-mexicocity-nationalhistoric/turns.svg,10,40,22,60,false,true,19.406111,-99.0925,America/Mexico_City
576,Autódromo Hermanos Rodríguez,Mexico City,Mexico,EV Circuit,2.63,,road,tracks\mexicocity\ev,https://members-assets.iracing.com/public/track-maps/tracks_mexicocity/576-mexicocity-ev/active.svg,https://members-assets.iracing.com/public/track-maps/tracks_mexicocity/576-mexicocity-ev/pitroad.svg,https://members-assets.iracing.com/public/track-maps/tracks_mexicocity/576-mexicocity-ev/start-finish.svg,https://members-assets.iracing.com/public/track-maps/tracks_mexicocity/576-mexicocity-ev/turns.svg,19,31,22,60,false,true,19.406111,-99.0925,America/Mexico_City
577,Autódromo Hermanos Rodríguez,Mexico City,Mexico,Oval,1.609,,oval,tracks\mexicocity\oval,https://members-assets.iracing.com/public/track-maps/tracks_mexicocity/577-mexicocity-oval/active.svg,https://members-assets.iracing.com/public/track-maps/tracks_mexicocity/577-mexicocity-oval/pitroad.svg,https://members-assets.iracing.com/public/track-maps/tracks_mexicocity/577-mexicocity-oval/start-finish.svg,https://members-assets.iracing.com/public/track-maps/tracks_mexicocity/577-mexicocity-oval/turns.svg,4,40,32,60,false,false,19.406111,-99.0925,America/Mexico_City
578,Autódromo Hermanos Rodríguez,Mexico City,Mexico,Oval Stadium,1.664,,road,tracks\mexicocity\ovalstadium,https://members-assets.iracing.com/public/track-maps/tracks_mexicocity/578-mexicocity-ovalstadium/active.svg,https://members-assets.iracing.com/public/track-maps/tracks_mexicocity/578-mexicocity-ovalstadium/pitroad.svg,https://members-assets.iracing.com/public/track-maps/tracks_mexicocity/578-mexicocity-ovalstadium/start-finish.svg,https://members-assets.iracing.com/public/track-maps/tracks_mexicocity/578-mexicocity-ovalstadium/turns.svg,8,40,32,60,false,true,19.406111,-99.0925,America/Mexico_City
579,Circuit of the Americas,"Austin, Texas",USA,NASCAR West,3.862,,road,tracks\cota\nascarwest,https://members-assets.iracing.com/public/track-maps/tracks_cota/579-cota-nascarwest/active.svg,https://members-assets.iracing.com/public/track-maps/tracks_cota/579-cota-nascarwest/pitroad.svg,https://members-assets.iracing.com/public/track-maps/tracks_cota/579-cota-nascarwest/start-finish.svg,https://members-assets.iracing.com/public/track-maps/tracks_cota/579-cota-nascarwest/turns.svg,15,40,40,60,false,true,30.1345808,-97.6380451,America/Chicago
580,Adelaide Street Circuit,Adelaide,Australia,,3.238,,road,tracks\adelaide,https://members-assets.iracing.com/public/track-maps/tracks_adelaide/580-adelaide/active.svg,https://members-assets.iracing.com/public/track-maps/tracks_adelaide/580-adelaide/pitroad.svg,https://members-assets.iracing.com/public/track-maps/tracks_adelaide/580-adelaide/start-finish.svg,https://members-assets.iracing.com/public/track-maps/tracks_adelaide/580-adelaide/turns.svg,14,25,18,60,false,true,-34.930183,138.620315,Australia/Adelaide
581,Lucas Oil Speedway,"Wheatland, Missouri",USA,Dirt Road,1.835,,dirt_road,tracks\wheatland\road,https://members-assets.iracing.com/public/track-maps/tracks_wheatland/581-wheatland-road/active.svg,https://members-assets.iracing.com/public/track-maps/tracks_wheatland/581-wheatland-road/pitroad.svg,https://members-assets.iracing.com/public/track-maps/tracks_wheatland/581-wheatland-road/start-finish.svg,https://members-assets.iracing.com/public/track-maps/tracks_wheatland/581-wheatland-road/turns.svg,9,25,10,40,false,false,37.9404,-93.3977,America/Chicago
582,Winton Motor Raceway,"Winton, Victoria",Australia,Rallycross,1.159,,dirt_road,tracks\winton\rallycross,https://members-assets.iracing.com/public/track-maps/tracks_winton/582-winton-rallycross/active.svg,https://members-assets.iracing.com/public/track-maps/tracks_winton/582-winton-rallycross/pitroad.svg,https://members-assets.iracing.com/public/track-maps/tracks_winton/582-winton-rallycross/start-finish.svg,https://members-assets.iracing.com/public/track-maps/tracks_winton/582-winton-rallycross/turns.svg,9,,8,16,false,false,-36.51993,146.08764,Australia/Melbourne
583,Rockingham Speedway,"Rockingham, North Carolina",USA,Oval,1.513,,oval,tracks\rockingham\2025\oval,https://members-assets.iracing.com/public/track-maps/tracks_rockingham/583-rockingham-2025-oval/active.svg,https://members-assets.iracing.com/public/track-maps/tracks_rockingham/583-rockingham-2025-oval/pitroad.svg,https://members-assets.iracing.com/public/track-maps/tracks_rockingham/583-rockingham-2025-oval/start-finish.svg,https://members-assets.iracing.com/public/track-maps/tracks_rockingham/583-rockingham-2025-oval/turns.svg,4,40,43,60,false,false,34.9758768,-79.6130802,America/New_York
584,St. Petersburg Grand Prix,"St. Petersburg, Florida",USA,Grand Prix,2.91,,road,tracks\stpete,https://members-assets.iracing.com/public/track-maps/tracks_stpete/584-stpete/active.svg,https://members-assets.iracing.com/public/track-maps/tracks_stpete/584-stpete/pitroad.svg,https://members-assets.iracing.com/public/track-maps/tracks_stpete/584-stpete/start-finish.svg,https://members-assets.iracing.com/public/track-maps/tracks_stpete/584-stpete/turns.svg,14,,28,60,false,true,27.765,-82.626944,America/New_York
585,Barber Motorsports Park,"Leeds, Alabama",USA,,3.83,,road,tracks\barber\2026,https://members-assets.iracing.com/public/track-maps/tracks_barber/585-barber-2026/active.svg,https://members-assets.iracing.com/public/track-maps/tracks_barber/585-barber-2026/pitroad.svg,https://members-assets.iracing.com/public/track-maps/tracks_barber/585-barber-2026/start-finish.svg,https://members-assets.iracing.com/public/track-maps/tracks_barber/585-barber-2026/turns.svg,16,45,26,60,false,true,33.5318079,-86.6211086,America/Chicago
586,WeatherTech Raceway at Laguna Seca,"Monterey, California",USA,2026,3.602,laguna-seca,road,tracks\lagunaseca\2026,https://members-assets.iracing.com/public/track-maps/tracks_lagunaseca/586-lagunaseca-2026/active.svg,https://members-assets.iracing.com/public/track-maps/tracks_lagunaseca/586-lagunaseca-2026/pitroad.svg,https://members-assets.iracing.com/public/track-maps/tracks_lagunaseca/586-lagunaseca-2026/start-finish.svg,https://members-assets.iracing.com/public/track-maps/tracks_lagunaseca/586-lagunaseca-2026/turns.svg,11,35,26,62,false,true,36.5842902,-121.7556574,America/Los_Angeles
587,Charlotte Motor Speedway,"Concord, North Carolina",USA,Dirt Road,1.368,,dirt_road,tracks\charlotte\2025\rallycrosslong\nojoker,https://members-assets.iracing.com/public/track-maps/tracks_charlotte/587-charlotte-2025-rallycrosslong-nojoker/active.svg,https://members-assets.iracing.com/public/track-maps/tracks_charlotte/587-charlotte-2025-rallycrosslong-nojoker/pitroad.svg,https://members-assets.iracing.com/public/track-maps/tracks_charlotte/587-charlotte-2025-rallycrosslong-nojoker/start-finish.svg,https://members-assets.iracing.com/public/track-maps/tracks_charlotte/587-charlotte-2025-rallycrosslong-nojoker/turns.svg,7,40,16,16,true,false,35.3511641,-80.6912655,America/New_York
589,Qualcomm Circuit (Naval Base Coronado),"San Diego, California",USA,,5.472,,road,tracks\coronado,https://members-assets.iracing.com/public/track-maps/tracks_coronado/589-coronado/active.svg,https://members-assets.iracing.com/public/track-maps/tracks_coronado/589-coronado/pitroad.svg,https://members-assets.iracing.com/public/track-maps/tracks_coronado/589-coronado/start-finish.svg,https://members-assets.iracing.com/public/track-maps/tracks_coronado/589-coronado/turns.svg,16,35,40,60,false,true,32.703767,-117.192979,America/Los_Angeles
