x,z
-158.02117919921875,149.09521484375
-158.01707458496094,149.09527587890625
-157.9573211669922,149.0962371826172
-157.80699157714844,149.0986328125
-157.38035583496094,149.10546875
-156.30050659179688,149.122802734375
-153.82315063476562,149.16262817382812
-148.5884246826172,149.2468719482422
-138.38113403320312,149.411376953125
-136.3286895751953,149.44485473632812
-134.5419158935547,149.4741668701172
-132.75328063964844,149.5036163330078
-130.96275329589844,149.53321838378906
-129.17034912109375,149.56292724609375
-127.37611389160156,149.59266662597656
-125.58000946044922,149.62237548828125
-123.7818374633789,149.6520538330078
-121.98184204101562,149.68173217773438
-120.18025970458984,149.7114715576172
-118.3768310546875,149.74127197265625
-116.57147979736328,149.77110290527344
-114.76415252685547,149.80096435546875
-112.95499420166016,149.83078002929688
-111.14405822753906,149.86050415039062
-109.33126068115234,149.8900604248047
-107.51663970947266,149.91937255859375
-105.70018768310547,149.9484100341797
-103.88191986083984,149.97714233398438
-102.06179809570312,150.0055694580078
-100.23973846435547,150.0337371826172
-98.41575622558594,150.0616455078125
-96.59004974365234,150.08932495117188
-94.76266479492188,150.1167449951172
-92.93330383300781,150.14385986328125
-91.10208892822266,150.1707000732422
-89.26915740966797,150.1973114013672
-87.4344482421875,150.2237548828125
-85.59774780273438,150.25009155273438
-83.75912475585938,150.27638244628906
-81.91879272460938,150.30262756347656
-80.07664489746094,150.32879638671875
-78.23263549804688,150.3548583984375
-76.38684844970703,150.3808135986328
-74.53932189941406,150.40667724609375
-72.6900634765625,150.4324951171875
-70.8389892578125,150.45826721191406
-68.98603820800781,150.4839630126953
-67.13127899169922,150.50955200195312
-65.27476501464844,150.5350341796875
-63.41645812988281,150.5603790283203
-61.55638885498047,150.58558654785156
-59.6944580078125,150.6106719970703
-57.83074188232422,150.63565063476562
-55.96528625488281,150.66058349609375
-54.098018646240234,150.6855010986328
-52.228939056396484,150.71041870117188
-50.35801696777344,150.73532104492188
-48.485382080078125,150.76016235351562
-46.61100769042969,150.78488159179688
-44.73487854003906,150.8094024658203
-42.85695266723633,150.83370971679688
-40.97724151611328,150.85772705078125
-39.09575271606445,150.8813934326172
-37.212379455566406,150.9047393798828
-35.32722091674805,150.927734375
-33.4402961730957,150.9503631591797
-31.5516300201416,150.9725341796875
-29.661266326904297,150.99417114257812
-27.769031524658203,151.01524353027344
-25.875057220458984,151.03570556640625
-23.97939682006836,151.05560302734375
-22.0820369720459,151.07493591308594
-20.182985305786133,151.0937957763672
-18.282184600830078,151.1122589111328
-16.379661560058594,151.13037109375
-14.475526809692383,151.14820861816406
-12.569571495056152,151.16587829589844
-10.66180419921875,151.18344116210938
-8.752371788024902,151.20094299316406
-6.841020584106445,151.21836853027344
-4.9278764724731445,151.2357940673828
-3.0131165981292725,151.2532196044922
-1.0965211391448975,151.27064514160156
0.821867823600769,151.28810119628906
2.741943836212158,151.30560302734375
4.663729190826416,151.3231658935547
6.587164402008057,151.34078979492188
8.51217269897461,151.35850524902344
10.438841819763184,151.3763885498047
12.367244720458984,151.3944549560547
14.29736614227295,151.41270446777344
16.229089736938477,151.43109130859375
18.162456512451172,151.44956970214844
20.097620010375977,151.4680938720703
22.034547805786133,151.4866943359375
23.973207473754883,151.50538635253906
25.913631439208984,151.52418518066406
27.855695724487305,151.54307556152344
29.799528121948242,151.56204223632812
31.745014190673828,151.5811004638672
33.69208908081055,151.6002197265625
35.64079666137695,151.61936950683594
37.591156005859375,151.63851928710938
39.54334259033203,151.65762329101562
41.49721908569336,151.67665100097656
43.45261001586914,151.69558715820312
45.409603118896484,151.71438598632812
47.36827087402344,151.7330322265625
49.32875061035156,151.7515411376953
51.29081726074219,151.76988220214844
53.254451751708984,151.78799438476562
55.2198371887207,151.8058624267578
57.18682861328125,151.82351684570312
59.155399322509766,151.8409423828125
61.12565231323242,151.858154296875
63.09751510620117,151.87513732910156
65.07096862792969,151.89190673828125
67.0461196899414,151.90841674804688
69.02301788330078,151.9246826171875
71.00162506103516,151.9407958984375
72.98165130615234,151.95675659179688
74.9632797241211,151.97262573242188
76.94658660888672,151.98837280273438
78.9315185546875,152.0039825439453
80.91806030273438,152.01942443847656
82.90611267089844,152.0345916748047
84.8957290649414,152.0494384765625
86.88689422607422,152.06394958496094
88.87959289550781,152.078125
90.87390899658203,152.0919952392578
92.86986541748047,152.10557556152344
94.86743927001953,152.118896484375
96.8666763305664,152.1320037841797
98.86756134033203,152.14492797851562
100.8699951171875,152.1575927734375
102.87398529052734,152.169921875
104.8796615600586,152.1818389892578
106.8869857788086,152.19332885742188
108.89567565917969,152.20428466796875
110.90583801269531,152.21461486816406
112.91766357421875,152.2242889404297
114.9311752319336,152.23341369628906
116.9462661743164,152.24203491210938
118.96290588378906,152.25010681152344
120.98111724853516,152.257568359375
123.00086212158203,152.26434326171875
125.02214050292969,152.2703094482422
127.0448989868164,152.275390625
129.069091796875,152.27957153320312
131.09410095214844,152.28282165527344
133.11773681640625,152.28509521484375
135.13722229003906,152.28643798828125
137.15011596679688,152.28689575195312
139.15451049804688,152.2865753173828
141.1485595703125,152.28558349609375
143.13075256347656,152.2840118408203
145.09986877441406,152.2819061279297
147.05609130859375,152.27935791015625
148.9998321533203,152.27635192871094
150.9311981201172,152.27285766601562
152.8496551513672,152.26881408691406
154.75453186035156,152.26414489746094
156.64605712890625,152.25881958007812
158.52508544921875,152.25294494628906
160.39283752441406,152.24647521972656
162.2493133544922,152.239501953125
164.0933380126953,152.23207092285156
165.92575073242188,152.22433471679688
167.7465057373047,152.21624755859375
169.5550994873047,152.20758056640625
171.35025024414062,152.19818115234375
173.13197326660156,152.18788146972656
174.90077209472656,152.17649841308594
176.65736389160156,152.16380310058594
178.40257263183594,152.14923095703125
180.13433837890625,152.13294982910156
181.85250854492188,152.11505126953125
183.55787658691406,152.09564208984375
185.2520751953125,152.0745391845703
186.93545532226562,152.0518035888672
188.60862731933594,152.02696228027344
190.27085876464844,151.99957275390625
191.9205780029297,151.9698486328125
193.55812072753906,151.93768310546875
195.18438720703125,151.9027099609375
196.79885864257812,151.8654022216797
198.40184020996094,151.82554626464844
199.99510192871094,151.78228759765625
201.57752990722656,151.73626708984375
203.14817810058594,151.68734741210938
204.70684814453125,151.63577270507812
206.2530517578125,151.5817108154297
207.78712463378906,151.52450561523438
209.3089141845703,151.4646453857422
210.82017517089844,151.40158081054688
212.32150268554688,151.3350830078125
214.25750732421875,151.24522399902344
216.17660522460938,151.15086364746094
218.2247314453125,151.04324340820312
220.10614013671875,150.9381561279297
221.96820068359375,150.8269805908203
223.95237731933594,150.7001190185547
225.7767791748047,150.57614135742188
227.58517456054688,150.44696044921875
229.51478576660156,150.30252075195312
231.2887725830078,150.1635284423828
233.0448455810547,150.0196533203125
234.91835021972656,149.85594177246094
236.6403045654297,149.69577026367188
238.34510803222656,149.52830505371094
240.16148376464844,149.34043884277344
241.830078125,149.1591033935547
243.48101806640625,148.9700927734375
245.2392120361328,148.7574462890625
246.8544158935547,148.55152893066406
248.45358276367188,148.33763122558594
250.15902709960938,148.0982666015625
251.7267303466797,147.8684539794922
253.28050231933594,147.63084411621094
254.93812561035156,147.3666534423828
256.4631042480469,147.11195373535156
257.9739074707031,146.847412109375
259.5843200683594,146.55030822753906
261.06494140625,146.26210021972656
262.9815368652344,145.8690948486328
264.764892578125,145.4837188720703
266.3084716796875,145.13441467285156
268.05206298828125,144.72064208984375
269.5604248046875,144.34628295898438
271.2671203613281,143.90374755859375
272.7469482421875,143.5023956298828
274.4229431152344,143.02651977539062
275.8751525878906,142.59413146972656
277.5185852050781,142.0821990966797
279.24578857421875,141.51856994628906
280.9528503417969,140.9356231689453
282.5404357910156,140.3690185546875
284.2067565917969,139.7474365234375
285.8525695800781,139.10389709472656
287.3832092285156,138.47592163085938
288.9900207519531,137.78465270996094
290.576904296875,137.0700225830078
292.0527648925781,136.3780517578125
293.60162353515625,135.62310791015625
295.1289978027344,134.8475341796875
296.5457763671875,134.0980987548828
298.0294494628906,133.2806396484375
299.49163818359375,132.44088745117188
300.8489990234375,131.63047790527344
302.2712707519531,130.7477569580078
303.672607421875,129.84234619140625
304.97161865234375,128.96913146972656
306.330322265625,128.01922607421875
307.6676940917969,127.04792785644531
308.9078674316406,126.11579895019531
310.2060852050781,125.10733032226562
311.48309326171875,124.07965850830078
312.664306640625,123.09324645996094
313.89788818359375,122.02308654785156
315.11083984375,120.92811584472656
316.2353210449219,119.87444305419922
317.4143371582031,118.7301254272461
318.57904052734375,117.56136322021484
319.66265869140625,116.44025421142578
320.800048828125,115.22688293457031
321.92266845703125,113.99070739746094
322.9658203125,112.80691528320312
324.0604553222656,111.52900695800781
325.1416931152344,110.2313461303711
326.1465759277344,108.99198150634766
327.20074462890625,107.65542602539062
328.23876953125,106.2976303100586
329.1991882324219,105.0001449584961
330.2009582519531,103.60003662109375
331.1823425292969,102.17830657958984
332.0876770019531,100.8215103149414
333.0313415527344,99.3609390258789
333.95672607421875,97.8816146850586
334.8106384277344,96.4722900390625
335.69970703125,94.95588684082031
336.5718994140625,93.42071533203125
337.3787841796875,91.96015930175781
338.2206726074219,90.39300537109375
339.04425048828125,88.80834197998047
339.80230712890625,87.2989730834961
340.5915832519531,85.676025390625
341.3661193847656,84.03520965576172
342.0823669433594,82.47589874267578
342.6983337402344,81.09832763671875
343.38909912109375,79.50750732421875
343.9815979003906,78.10038757324219
344.6454162597656,76.47539520263672
345.2152099609375,75.0401611328125
345.8550109863281,73.38519287109375
346.4057922363281,71.92394256591797
347.0251159667969,70.23859405517578
347.5580749511719,68.75062561035156
348.15606689453125,67.03511810302734
348.66961669921875,65.52115631103516
349.2447509765625,63.77606964111328
349.73724365234375,62.2363166809082
350.185302734375,60.79582214355469
350.6243896484375,59.34539794921875
351.08660888671875,57.77259826660156
351.50506591796875,56.30235290527344
351.913330078125,54.82225036621094
352.34197998046875,53.21732711791992
352.7303771972656,51.71811294555664
353.1103515625,50.210594177246094
353.5102233886719,48.57795715332031
353.87274169921875,47.05280303955078
354.25360107421875,45.39960479736328
354.5981750488281,43.85504150390625
354.9595031738281,42.18205261230469
355.3095703125,40.49918746948242
355.64715576171875,38.807064056396484
355.94927978515625,37.22694396972656
356.26251220703125,35.51552200317383
356.56365966796875,33.79482650756836
356.83380126953125,32.18902587890625
357.114990234375,30.451879501342773
357.38568115234375,28.70728874206543
357.6449279785156,26.953773498535156
357.89117431640625,25.191120147705078
358.1068420410156,23.546798706054688
358.3235778808594,21.768213272094727
358.5234375,19.981983184814453
358.69415283203125,18.31661033630371
358.8624267578125,16.515851974487305
359.0157470703125,14.707290649414062
359.15576171875,12.890446662902832
359.2845764160156,11.066011428833008
359.4034118652344,9.235219955444336
359.5111999511719,7.399326801300049
359.6053161621094,5.559566020965576
359.68402099609375,3.7169861793518066
359.7467041015625,1.8697565793991089
359.79266357421875,0.01793782413005829
359.8223571777344,-1.8392260074615479
359.8380126953125,-3.702303647994995
359.84259033203125,-5.571162223815918
359.8385925292969,-7.31079626083374
359.8247985839844,-9.188433647155762
359.7980651855469,-11.07144546508789
359.75482177734375,-12.960667610168457
359.6929016113281,-14.85529613494873
359.6116638183594,-16.754575729370117
359.51165771484375,-18.658164978027344
359.394775390625,-20.56585693359375
359.27337646484375,-22.341201782226562
359.162353515625,-23.846736907958984
359.022216796875,-25.63010025024414
358.8961486816406,-27.142335891723633
358.7251892089844,-29.07132911682129
358.5416259765625,-31.00545883178711
358.3449401855469,-32.94438934326172
358.1344299316406,-34.887916564941406
357.9262390136719,-36.69660568237305
357.7405090332031,-38.22990417480469
357.49139404296875,-40.18484878540039
357.2283020019531,-42.14368438720703
356.9517517089844,-44.10652542114258
356.662353515625,-46.07324981689453
356.3821105957031,-47.902915954589844
356.135986328125,-49.45366668701172
355.8105163574219,-51.430625915527344
355.47174072265625,-53.411163330078125
355.1206970214844,-55.39554214477539
354.75885009765625,-57.38401794433594
354.3871765136719,-59.3765983581543
354.0333557128906,-61.23061752319336
353.7274169921875,-62.80217742919922
353.3297424316406,-64.80620574951172
352.9238586425781,-66.81477355957031
352.5405578613281,-68.68399810791016
352.2123107910156,-70.2690658569336
351.81988525390625,-72.14600372314453
351.3919372558594,-74.17189025878906
350.9895324707031,-76.05772399902344
350.5506591796875,-78.0931396484375
350.1383056640625,-79.98774719238281
349.6891784667969,-82.03276824951172
349.267578125,-83.93602752685547
348.9401550292969,-85.40291595458984
348.60992431640625,-86.87226867675781
348.2768859863281,-88.34407806396484
347.9073486328125,-89.96591186523438
347.5687561035156,-91.44292449951172
347.2278747558594,-92.9224853515625
346.8849182128906,-94.40467071533203
346.5401916503906,-95.88954162597656
346.1592102050781,-97.52600860595703
345.8114318847656,-99.0165786743164
345.4625244140625,-100.50994110107422
345.1126708984375,-102.00609588623047
344.7620544433594,-103.50508117675781
344.4109191894531,-105.00702667236328
344.0242919921875,-106.66258239746094
343.67266845703125,-108.17073059082031
343.3210754394531,-109.681884765625
342.96966552734375,-111.196044921875
342.6185607910156,-112.71324920654297
342.2680358886719,-114.23355102539062
341.9185485839844,-115.75698852539062
341.5705871582031,-117.28368377685547
341.19012451171875,-118.96694946289062
340.8468322753906,-120.500732421875
340.50634765625,-122.03791809082031
340.1689758300781,-123.57854461669922
339.8350830078125,-125.12266540527344
339.5050048828125,-126.67030334472656
339.1790771484375,-128.22152709960938
338.825439453125,-129.9320831298828
338.5082702636719,-131.49099731445312
338.1949462890625,-133.0533905029297
337.8853454589844,-134.619140625
337.5492248535156,-136.34535217285156
337.2178039550781,-138.07571411132812
336.9208679199219,-139.65234375
336.62872314453125,-141.2322998046875
336.3133239746094,-142.9744415283203
336.03228759765625,-144.56210327148438
335.7566223144531,-146.15328979492188
335.4598388671875,-147.9075469970703
335.1965637207031,-149.505859375
334.94036865234375,-151.1077423095703
334.6922302246094,-152.7133026123047
334.4294738769531,-154.48361206054688
334.2001037597656,-156.0967559814453
333.97991943359375,-157.7134246826172
333.7685852050781,-159.33348083496094
333.5657043457031,-160.95681762695312
333.35186767578125,-162.74603271484375
333.1654968261719,-164.37583923339844
332.9863586425781,-166.00875854492188
332.81427001953125,-167.64466857910156
332.6494445800781,-169.28347778320312
332.4769287109375,-171.08956909179688
332.32861328125,-172.7345428466797
332.1886901855469,-174.38235473632812
332.0572204589844,-176.0329132080078
331.93402099609375,-177.68612670898438
331.8188171386719,-179.3419647216797
331.71160888671875,-181.00018310546875
331.61260986328125,-182.66075134277344
331.5229187011719,-184.3238525390625
331.443359375,-185.9898223876953
331.3736877441406,-187.65879821777344
331.3128662109375,-189.329345703125
331.25958251953125,-190.99847412109375
331.2127380371094,-192.66383361816406
331.1716003417969,-194.3236083984375
331.1357727050781,-195.97608947753906
331.10467529296875,-197.6191864013672
331.077880859375,-199.25189208984375
331.05419921875,-200.87255859375
331.0323791503906,-202.47991943359375
331.01171875,-204.07432556152344
330.99212646484375,-205.65562438964844
330.97393798828125,-207.2234344482422
330.9573059082031,-208.77877807617188
330.9422912597656,-210.3221435546875
330.92889404296875,-211.8544921875
330.917236328125,-213.37657165527344
330.90704345703125,-214.8878631591797
330.8979797363281,-216.38800048828125
330.8880310058594,-218.32257080078125
330.87835693359375,-220.3825225830078
330.8697204589844,-222.2743682861328
330.8612976074219,-224.1475372314453
330.8529357910156,-226.139892578125
330.8467712402344,-227.96624755859375
330.8427429199219,-229.90863037109375
330.8421325683594,-231.82833862304688
330.8448486328125,-233.59213256835938
330.8511047363281,-235.4713897705078
330.8603210449219,-237.32884216308594
330.87066650390625,-239.03375244140625
330.8821716308594,-240.7193145751953
330.8959655761719,-242.51220703125
330.9101867675781,-244.15573120117188
330.9255065917969,-245.77810668945312
330.9422912597656,-247.5012969970703
330.9569091796875,-249.0789794921875
330.969482421875,-250.63522338867188
330.9797668457031,-252.2881317138672
330.9849548339844,-253.80477905273438
330.9861755371094,-255.7589569091797
330.9804382324219,-257.5687561035156
330.9703369140625,-259.12908935546875
330.9525146484375,-260.8849182128906
330.9311218261719,-262.3981018066406
330.8985595703125,-264.10369873046875
330.8543395996094,-265.885498046875
330.79901123046875,-267.6380920410156
330.73675537109375,-269.2602233886719
330.65966796875,-270.9539794921875
330.5694885253906,-272.62103271484375
330.47210693359375,-274.1676025390625
330.355224609375,-275.7865295410156
330.222412109375,-277.382568359375
330.0458984375,-279.2301025390625
329.84661865234375,-281.045166015625
329.6229553222656,-282.8293762207031
329.3741455078125,-284.58319091796875
329.1004333496094,-286.30462646484375
328.7976379394531,-287.9966125488281
328.4613952636719,-289.662841796875
328.0891418457031,-291.3051452636719
327.67950439453125,-292.9246826171875
327.2335205078125,-294.5209655761719
326.7530212402344,-296.0917053222656
326.2384033203125,-297.6335754394531
325.6903381347656,-299.14361572265625
325.10968017578125,-300.6210021972656
324.4969482421875,-302.06634521484375
323.85369873046875,-303.479248046875
323.1815490722656,-304.85968017578125
322.48175048828125,-306.20751953125
321.7562255859375,-307.52362060546875
320.9671630859375,-308.8701171875
320.0691223144531,-310.3001403808594
319.2177429199219,-311.5647277832031
318.20880126953125,-312.9632873535156
317.163330078125,-314.31365966796875
316.12646484375,-315.5601501464844
315.0058288574219,-316.8095397949219
313.894287109375,-317.95745849609375
312.6976623535156,-319.1042175292969
311.5173645019531,-320.1576843261719
310.2478942871094,-321.21533203125
308.9912109375,-322.1904296875
307.6919860839844,-323.1280517578125
306.2893371582031,-324.0672912597656
304.90472412109375,-324.9309387207031
303.485595703125,-325.75958251953125
301.97186279296875,-326.588623046875
300.48773193359375,-327.346923828125
298.9715881347656,-328.06640625
297.5645446777344,-328.68670654296875
296.0042419433594,-329.32940673828125
294.3462829589844,-329.9647216796875
292.73602294921875,-330.541259765625
291.03631591796875,-331.1075439453125
289.5931701660156,-331.552734375
288.0475158691406,-331.9955139160156
286.5513916015625,-332.39459228515625
284.9577941894531,-332.7917175292969
283.41717529296875,-333.1513977050781
281.7725524902344,-333.512939453125
280.1014709472656,-333.8587951660156
278.48638916015625,-334.1754150390625
276.76446533203125,-334.4964904785156
275.0994873046875,-334.792724609375
273.3252868652344,-335.09625244140625
271.52484130859375,-335.3983459472656
269.7861328125,-335.69244384765625
268.2044982910156,-335.9702453613281
266.61090087890625,-336.26629638671875
265.09661865234375,-336.5660095214844
263.57513427734375,-336.88800048828125
261.9588317871094,-337.255126953125
260.4298095703125,-337.6282043457031
258.81048583984375,-338.05194091796875
257.2821350097656,-338.4797058105469
255.6671142578125,-338.96417236328125
254.14804077148438,-339.4538879394531
252.63510131835938,-339.9734802246094
251.12567138671875,-340.5235900878906
249.61936950683594,-341.10150146484375
248.11602783203125,-341.7031555175781
246.52626037597656,-342.36285400390625
245.02566528320312,-343.0059814453125
243.52560424804688,-343.6693115234375
242.02655029296875,-344.35498046875
240.5282745361328,-345.0667419433594
239.03211975097656,-345.8063049316406
237.6258544921875,-346.5277404785156
236.13363647460938,-347.3197021484375
234.64462280273438,-348.1361083984375
233.24720764160156,-348.9272766113281
231.7668914794922,-349.7933044433594
230.29136657714844,-350.6860656738281
228.9075927734375,-351.5505676269531
227.44371032714844,-352.4947204589844
225.9869384765625,-353.4653015136719
224.62115478515625,-354.40167236328125
223.17343139648438,-355.41876220703125
221.72650146484375,-356.4572448730469
220.3630828857422,-357.4524841308594
218.9093780517578,-358.5262451171875
217.45120239257812,-359.6081237792969
216.07894897460938,-360.6221618652344
214.62515258789062,-361.6874694824219
213.1814422607422,-362.7350158691406
211.8352508544922,-363.7007141113281
210.41839599609375,-364.70281982421875
209.01422119140625,-365.6781311035156
207.70416259765625,-366.5704345703125
206.32418823242188,-367.49078369140625
204.95509338378906,-368.3829345703125
203.67611694335938,-369.1979064941406
202.32843017578125,-370.0378723144531
200.99134826660156,-370.8514099121094
199.42835998535156,-371.7749328613281
197.87413024902344,-372.6626892089844
196.32505798339844,-373.514404296875
194.78009033203125,-374.3286437988281
193.23663330078125,-375.1042175292969
191.693115234375,-375.84075927734375
190.1464080810547,-376.5380859375
188.5919952392578,-377.1960754394531
187.0283660888672,-377.81396484375
185.45608520507812,-378.3904113769531
183.87599182128906,-378.9246826171875
182.28907775878906,-379.41656494140625
180.61668395996094,-379.8869323730469
178.85923767089844,-380.3282775878906
177.177734375,-380.7010498046875
175.49366760253906,-381.0279235839844
173.8082733154297,-381.3095703125
172.0425262451172,-381.55535888671875
170.3584747314453,-381.7417297363281
168.5987548828125,-381.8854675292969
166.8482208251953,-381.97613525390625
165.1875457763672,-382.0143737792969
163.5379638671875,-382.006103515625
161.82278442382812,-381.9479675292969
160.19839477539062,-381.843505859375
158.50997924804688,-381.681884765625
156.91140747070312,-381.4797058105469
155.32699584960938,-381.2312316894531
153.75831604003906,-380.9370422363281
152.2074737548828,-380.5956726074219
150.67567443847656,-380.2074890136719
149.16268920898438,-379.7746276855469
147.66685485839844,-379.2984313964844
145.9728546142578,-378.7015075683594
144.50010681152344,-378.1322937011719
143.03346252441406,-377.5192565917969
141.5727081298828,-376.8623046875
140.12051391601562,-376.16217041015625
138.68138122558594,-375.41754150390625
137.32684326171875,-374.66705322265625
135.92381286621094,-373.8357849121094
134.54490661621094,-372.9610290527344
133.25656127929688,-372.09136962890625
131.9894561767578,-371.192138671875
130.6781463623047,-370.2195739746094
129.4464569091797,-369.26824951171875
128.16757202148438,-368.2332763671875
126.90538787841797,-367.15350341796875
125.71930694580078,-366.0884094238281
124.54535675048828,-364.99102783203125
123.32108306884766,-363.80694580078125
122.16006469726562,-362.6509704589844
120.9451675415039,-361.4076232910156
119.90713500976562,-360.3172912597656
118.76031494140625,-359.0776062011719
117.56692504882812,-357.7432556152344
116.43990325927734,-356.4395446777344
115.4318618774414,-355.2391052246094
114.31804656982422,-353.8764343261719
113.37699127197266,-352.69464111328125
112.44168090820312,-351.49102783203125
111.51256561279297,-350.265380859375
110.53610229492188,-348.9440002441406
109.62033081054688,-347.6746520996094
108.71099853515625,-346.3840026855469
107.80638122558594,-345.07330322265625
106.9049301147461,-343.74261474609375
106.006103515625,-342.393798828125
105.10971069335938,-341.0267639160156
104.21764373779297,-339.6398010253906
103.28074645996094,-338.14825439453125
102.40461730957031,-336.7158508300781
101.5367431640625,-335.2608642578125
100.6762924194336,-333.7846374511719
99.82160949707031,-332.2886657714844
98.9718017578125,-330.77392578125
98.12557983398438,-329.2409362792969
97.28417205810547,-327.6907958984375
96.45137023925781,-326.1277770996094
95.62831115722656,-324.5544128417969
94.81194305419922,-322.96771240234375
94.00006866455078,-321.36651611328125
93.19062805175781,-319.7503356933594
92.42964935302734,-318.2156066894531
91.76313781738281,-316.86236572265625
90.99957275390625,-315.3045349121094
90.3294906616211,-313.9322814941406
89.56047821044922,-312.3533630371094
88.88414764404297,-310.96295166015625
88.10566711425781,-309.3646240234375
87.41807556152344,-307.9585876464844
86.62368774414062,-306.34423828125
85.92047119140625,-304.9256286621094
85.10775756835938,-303.30157470703125
84.38721466064453,-301.8784484863281
83.54845428466797,-300.2435607910156
82.801025390625,-298.8074645996094
82.09593963623047,-297.4710998535156
81.38001251220703,-296.1324462890625
80.59686279296875,-294.6882019042969
79.85883331298828,-293.3443908691406
79.11113739013672,-291.9976501464844
78.29595184326172,-290.5437316894531
77.53016662597656,-289.1902770996094
76.7560043334961,-287.8333740234375
75.91291046142578,-286.3681335449219
75.1211929321289,-285.0041809082031
74.320556640625,-283.6374206542969
73.44771575927734,-282.16302490234375
72.62673950195312,-280.79217529296875
71.79515838623047,-279.4200439453125
70.88731384277344,-277.941162109375
70.03268432617188,-276.56683349609375
69.166748046875,-275.1917724609375
68.22148132324219,-273.71038818359375
67.33184814453125,-272.33441162109375
66.43069458007812,-270.95806884765625
65.447265625,-269.47576904296875
64.52180480957031,-268.09967041015625
63.58415985107422,-266.7240295410156
62.56071472167969,-265.24346923828125
61.59771728515625,-263.86956787109375
60.622825622558594,-262.4963684082031
59.55997848510742,-261.0182189941406
58.561317443847656,-259.6464538574219
57.551414489746094,-258.27557373046875
56.451175689697266,-256.80072021484375
55.41861343383789,-255.43458557128906
54.37589645385742,-254.0727081298828
53.24211502075195,-252.61175537109375
52.179019927978516,-251.25967407226562
51.1055908203125,-249.9107666015625
49.93799591064453,-248.46124267578125
48.842933654785156,-247.1178436279297
47.737091064453125,-245.77699279785156
46.533748626708984,-244.33604431152344
45.40455627441406,-243.0010528564453
44.26396942138672,-241.66920471191406
43.02310562133789,-240.2384490966797
41.8592529296875,-238.91310119628906
40.68423080444336,-237.59088134765625
39.406211853027344,-236.17095947265625
38.20747375488281,-234.8562469482422
36.9970817565918,-233.54541015625
35.68051528930664,-232.13839721679688
34.445743560791016,-230.8362579345703
33.19915008544922,-229.538330078125
31.843860626220703,-228.1451416015625
30.573650360107422,-226.85577392578125
29.292388916015625,-225.570068359375
27.90113067626953,-224.18861389160156
26.599864959716797,-222.90818786621094
25.29001235961914,-221.6304931640625
23.8684024810791,-220.25830078125
22.536537170410156,-218.9876708984375
21.19298553466797,-217.7219696044922
19.73264503479004,-216.36520385742188
18.363737106323242,-215.11166381835938
17.19583511352539,-214.0559844970703
16.01912498474121,-213.00479125976562
14.833630561828613,-211.95826721191406
13.312216758728027,-210.63302612304688
11.776874542236328,-209.31521606445312
10.228260040283203,-208.0039520263672
8.667105674743652,-206.69888305664062
7.093672275543213,-205.3997039794922
5.621580600738525,-204.19830322265625
4.367918491363525,-203.18540954589844
2.7618870735168457,-201.90115356445312
1.143946647644043,-200.62269592285156
-0.48615339398384094,-199.3504180908203
-2.1285300254821777,-198.08470153808594
-3.7833282947540283,-196.8256072998047
-5.450352668762207,-195.5735626220703
-7.1301069259643555,-194.32919311523438
-8.822742462158203,-193.0926055908203
-10.039335250854492,-192.2140350341797
-11.384820938110352,-191.2517547607422
-12.614222526550293,-190.38052368164062
-13.97310733795166,-189.42575073242188
-15.338817596435547,-188.47494506835938
-16.586347579956055,-187.6141357421875
-17.965463638305664,-186.67124938964844
-19.351606369018555,-185.73265075683594
-20.61772346496582,-184.88290405273438
-22.01691246032715,-183.95191955566406
-23.294614791870117,-183.1089630126953
-24.706424713134766,-182.18560791015625
-25.995763778686523,-181.34991455078125
-27.42062759399414,-180.43508911132812
-28.722108840942383,-179.60777282714844
-30.160459518432617,-178.70228576660156
-31.474050521850586,-177.8832244873047
-32.925331115722656,-176.98680114746094
-34.25048065185547,-176.17616271972656
-35.71491622924805,-175.28936767578125
-37.052398681640625,-174.48782348632812
-38.53043746948242,-173.6114501953125
-39.88024139404297,-172.81959533691406
-41.371700286865234,-171.95411682128906
-42.87018585205078,-171.0945587158203
-44.238502502441406,-170.31822204589844
-45.75022506713867,-169.4695281982422
-47.130367279052734,-168.70262145996094
-48.65470886230469,-167.86431884765625
-50.04631423950195,-167.107177734375
-51.58367919921875,-166.2801055908203
-53.12788391113281,-165.45912170410156
-54.537601470947266,-164.71804809570312
-56.09456253051758,-163.9086151123047
-57.658138275146484,-163.10523986816406
-59.08526611328125,-162.38018798828125
-60.66139221191406,-161.5884246826172
-62.24394607543945,-160.80262756347656
-63.6881217956543,-160.09329223632812
-65.28263854980469,-159.31849670410156
-66.88328552246094,-158.5496368408203
-68.49031066894531,-157.7873077392578
-70.10394287109375,-157.03199768066406
-71.72427368164062,-156.2840118408203
-73.35112762451172,-155.5433349609375
-74.83562469482422,-154.87628173828125
-76.47463989257812,-154.149169921875
-78.11971282958984,-153.42913818359375
-79.77110290527344,-152.71641540527344
-81.27796173095703,-152.07513427734375
-82.9417953491211,-151.3773651123047
-84.61219024658203,-150.68812561035156
-86.28922271728516,-150.0077362060547
-87.97296142578125,-149.33648681640625
-89.66332244873047,-148.67437744140625
-91.3602523803711,-148.021240234375
-93.0634994506836,-147.3767852783203
-94.6172103881836,-146.79818725585938
-96.33206939697266,-146.16928100585938
-98.05276489257812,-145.54779052734375
-99.7790298461914,-144.93348693847656
-101.51081085205078,-144.3263397216797
-103.24817657470703,-143.72633361816406
-104.99091339111328,-143.13333129882812
-106.7388687133789,-142.54685974121094
-108.33232879638672,-142.01907348632812
-110.08975219726562,-141.4444122314453
-111.85221862792969,-140.87646484375
-113.61996459960938,-140.31585693359375
-115.2318344116211,-139.8129119873047
-117.1718978881836,-139.2184295654297
-118.95594787597656,-138.68240356445312
-120.74541473388672,-138.1550750732422
-122.54014587402344,-137.636474609375
-124.17625427246094,-137.17291259765625
-125.98107147216797,-136.67201232910156
-127.79136657714844,-136.18067932128906
-129.60693359375,-135.69851684570312
-131.42750549316406,-135.22486877441406
-133.2528076171875,-134.75914001464844
-135.08258056640625,-134.3015899658203
-136.91722106933594,-133.85238647460938
-138.75682067871094,-133.41184997558594
-140.6012725830078,-132.9795684814453
-142.28207397460938,-132.59324645996094
-144.13502502441406,-132.1751708984375
-145.9922332763672,-131.76446533203125
-147.85385131835938,-131.3615264892578
-149.55015563964844,-131.0021514892578
-151.4203338623047,-130.614501953125
-153.29481506347656,-130.23500061035156
-155.00259399414062,-129.8974609375
-156.88534545898438,-129.53494262695312
-158.6007537841797,-129.21353149414062
-160.4918212890625,-128.868896484375
-162.3870849609375,-128.533203125
-164.11366271972656,-128.23536682128906
-166.01666259765625,-127.91499328613281
-167.92343139648438,-127.60142517089844
-169.6600341796875,-127.32168579101562
-171.57363891601562,-127.0193099975586
-173.4906768798828,-126.72245025634766
-175.2364044189453,-126.45816040039062
-177.16041564941406,-126.17465209960938
-178.91293334960938,-125.92415618896484
-180.84413146972656,-125.656982421875
-182.77783203125,-125.39888763427734
-184.53744506835938,-125.17241668701172
-186.47474670410156,-124.93218994140625
-188.41322326660156,-124.70064544677734
-190.17698669433594,-124.49664306640625
-192.11923217773438,-124.27848052978516
-194.06394958496094,-124.065673828125
-195.83399963378906,-123.87577056884766
-197.60595703125,-123.68869018554688
-199.55734252929688,-123.48625183105469
-201.33364868164062,-123.30552673339844
-203.11231994628906,-123.12799072265625
-205.07138061523438,-122.93637084960938
-207.03297424316406,-122.74905395507812
-208.99713134765625,-122.56681060791016
-210.78500366210938,-122.4062728881836
-212.75418090820312,-122.23580932617188
-214.54666137695312,-122.08645629882812
-216.3413848876953,-121.9421157836914
-218.31809997558594,-121.78849792480469
-220.11732482910156,-121.65312194824219
-222.09890747070312,-121.50875091552734
-224.08309936523438,-121.3690185546875
-225.88909912109375,-121.24607849121094
-227.8780517578125,-121.11542510986328
-229.68846130371094,-121.00078582763672
-231.5009765625,-120.88995361328125
-233.49703979492188,-120.77238464355469
-235.31382751464844,-120.6694107055664
-237.31472778320312,-120.5603256225586
-239.13587951660156,-120.46473693847656
-240.95901489257812,-120.37246704101562
-242.966796875,-120.27465057373047
-244.79409790039062,-120.18904113769531
-246.6233673095703,-120.1064682006836
-248.6378631591797,-120.01891326904297
-250.4713134765625,-119.9420166015625
-252.3066864013672,-119.86743927001953
-254.1439971923828,-119.7950439453125
-256.167236328125,-119.71778106689453
-258.0085144042969,-119.64962768554688
-259.8516845703125,-119.58328247070312
-261.69683837890625,-119.51854705810547
-263.72869873046875,-119.44903564453125
-265.5777893066406,-119.38739013671875
-267.4288024902344,-119.3272705078125
-269.2817077636719,-119.26863861083984
-271.1365051269531,-119.21151733398438
-273.178955078125,-119.15039825439453
-275.03765869140625,-119.09646606445312
-276.8982238769531,-119.04408264160156
-278.7607116699219,-118.99325561523438
-280.625,-118.94398498535156
-282.4911193847656,-118.89633178710938
-284.3590087890625,-118.85041809082031
-286.41583251953125,-118.80192565917969
-288.28765869140625,-118.75955200195312
-290.16131591796875,-118.71863555908203
-292.03680419921875,-118.67902374267578
-293.91412353515625,-118.64055633544922
-295.7932434082031,-118.60316467285156
-297.8623352050781,-118.5633316040039
-299.7452697753906,-118.52830505371094
-301.6300354003906,-118.49443817138672
-303.5166015625,-118.46176147460938
-305.4049987792969,-118.43033599853516
-307.29522705078125,-118.40019989013672
-309.18719482421875,-118.37144470214844
-311.08099365234375,-118.34415435791016
-312.9765930175781,-118.31840515136719
-314.8739929199219,-118.294189453125
-316.773193359375,-118.27153778076172
-318.6741638183594,-118.25048065185547
-320.576904296875,-118.23104095458984
-322.4814758300781,-118.21321105957031
-324.3878173828125,-118.19696044921875
-326.2959289550781,-118.18222045898438
-328.205810546875,-118.1688461303711
-330.1174621582031,-118.15666198730469
-332.0308532714844,-118.1454849243164
-333.946044921875,-118.13516998291016
-335.86297607421875,-118.12560272216797
-337.7817077636719,-118.1166763305664
-339.7021789550781,-118.10829162597656
-341.6244201660156,-118.10035705566406
-343.54840087890625,-118.09284210205078
-345.4740905761719,-118.08572387695312
-347.40155029296875,-118.07897186279297
-349.3308410644531,-118.07250213623047
-351.2618408203125,-118.06623840332031
-353.1946105957031,-118.06007385253906
-355.1291198730469,-118.05394744873047
-357.06536865234375,-118.04781341552734
-359.00335693359375,-118.04163360595703
-360.94305419921875,-118.03543853759766
-362.884521484375,-118.02923583984375
-364.82769775390625,-118.02306365966797
-366.7725830078125,-118.01690673828125
-368.7192077636719,-118.0107650756836
-370.6675109863281,-118.00460815429688
-372.61749267578125,-117.99839782714844
-374.56915283203125,-117.99211883544922
-376.5225830078125,-117.98572540283203
-378.4777526855469,-117.97920227050781
-380.4345703125,-117.97249603271484
-382.3930969238281,-117.96554565429688
-384.3533020019531,-117.95829772949219
-386.3152160644531,-117.95072174072266
-388.2787780761719,-117.94281005859375
-390.2440490722656,-117.93453216552734
-392.2109680175781,-117.9258804321289
-394.1795959472656,-117.9168472290039
-396.1499328613281,-117.90743255615234
-398.12188720703125,-117.89762115478516
-400.0954895019531,-117.88740539550781
-402.07073974609375,-117.87676239013672
-404.04766845703125,-117.86566925048828
-406.0262451171875,-117.85415649414062
-408.00640869140625,-117.84225463867188
-409.9879150390625,-117.83001708984375
-411.9695739746094,-117.81752014160156
-413.94866943359375,-117.80486297607422
-415.92242431640625,-117.79210662841797
-417.88848876953125,-117.77928924560547
-419.8436584472656,-117.7665023803711
-421.7864685058594,-117.75382232666016
-423.71612548828125,-117.74134063720703
-425.6329345703125,-117.72905731201172
-427.5372314453125,-117.71685791015625
-429.42840576171875,-117.70480346679688
-431.30682373046875,-117.69296264648438
-433.172607421875,-117.68128204345703
-435.0251770019531,-117.669677734375
-436.8641357421875,-117.6580581665039
-438.6876220703125,-117.64641571044922
-440.4971008300781,-117.63472747802734
-442.2937927246094,-117.62303161621094
-444.07928466796875,-117.611328125
-445.8545837402344,-117.59957122802734
-447.61968994140625,-117.5876235961914
-449.3741760253906,-117.5755386352539
-451.1176452636719,-117.56327056884766
-452.8490295410156,-117.55082702636719
-454.5664367675781,-117.5382308959961
-456.2698669433594,-117.52542114257812
-457.9591369628906,-117.51233673095703
-459.63409423828125,-117.49895477294922
-461.2949523925781,-117.48536682128906
-462.9427185058594,-117.47154235839844
-464.5785827636719,-117.45751953125
-466.2037658691406,-117.44340515136719
-467.8184509277344,-117.4292221069336
-469.4208984375,-117.41502380371094
-471.0096130371094,-117.40092468261719
-472.5855712890625,-117.38695526123047
-474.147705078125,-117.3729476928711
-475.6959533691406,-117.35873413085938
-477.2303161621094,-117.34432983398438
-478.7510681152344,-117.32972717285156
-480.25830078125,-117.31490325927734
-482.19854736328125,-117.29521179199219
-484.26361083984375,-117.27342987060547
-486.1583251953125,-117.25247192382812
-488.0325927734375,-117.23088073730469
-490.0293273925781,-117.20704650878906
-491.8627624511719,-117.18476867675781
-493.6777648925781,-117.1628646850586
-495.6109924316406,-117.13980102539062
-497.3872375488281,-117.11876678466797
-499.1440734863281,-117.0980453491211
-501.010986328125,-117.07546997070312
-502.722412109375,-117.05363464355469
-504.4129638671875,-117.03081512451172
-506.2125244140625,-117.00540161132812
-507.8631896972656,-116.98152160644531
-509.4945983886719,-116.95797729492188
-511.230224609375,-116.93317413330078
-512.8228759765625,-116.91075134277344
-514.3978271484375,-116.888671875
-516.0742797851562,-116.86491394042969
-517.6122436523438,-116.84284210205078
-519.133056640625,-116.82115936279297
-520.7506713867188,-116.79911804199219
-522.5751342773438,-116.77644348144531
-524.151123046875,-116.75862884521484
-525.92919921875,-116.74015808105469
-527.46533203125,-116.7253189086914
-529.1964111328125,-116.71018981933594
-531.0060424804688,-116.69679260253906
-532.78515625,-116.68666076660156
-534.4302978515625,-116.6800537109375
-536.142578125,-116.67568969726562
-537.8228149414062,-116.67424011230469
-539.375732421875,-116.67436218261719
-540.9974975585938,-116.67581939697266
-542.5908203125,-116.67925262451172
-544.4298706054688,-116.68626403808594
-546.230712890625,-116.69705200195312
-547.9917602539062,-116.71159362792969
-549.7117919921875,-116.73063659667969
-551.3945922851562,-116.75501251220703
-553.0448608398438,-116.78483581542969
-554.6649169921875,-116.81966400146484
-556.2560424804688,-116.86003875732422
-557.8203125,-116.90655517578125
-559.3587036132812,-116.95901489257812
-560.8690185546875,-117.01676940917969
-562.5668334960938,-117.09019470214844
-564.21826171875,-117.17529296875
-565.8921508789062,-117.28273010253906
-567.4520874023438,-117.40937805175781
-568.9705200195312,-117.56471252441406
-570.51416015625,-117.76305389404297
-572.1387329101562,-118.0215835571289
-573.7805786132812,-118.34319305419922
-575.3814086914062,-118.72175598144531
-576.88623046875,-119.14376068115234
-578.4130249023438,-119.64633178710938
-579.9039916992188,-120.21601104736328
-581.3035278320312,-120.82648468017578
-582.718505859375,-121.52009582519531
-584.0908203125,-122.27368927001953
-585.5594482421875,-123.1784439086914
-586.9581298828125,-124.14839172363281
-588.28173828125,-125.17340087890625
-589.5233764648438,-126.2477798461914
-590.6810913085938,-127.37413787841797
-591.7850341796875,-128.60060119628906
-592.7910766601562,-129.88807678222656
-593.6982421875,-131.2316436767578
-594.5086669921875,-132.6297149658203
-595.2286987304688,-134.08248901367188
-595.8389282226562,-135.53436279296875
-596.3818969726562,-137.07354736328125
-596.8246459960938,-138.59384155273438
-597.1907958984375,-140.1926727294922
-597.4592895507812,-141.8173370361328
-597.6321411132812,-143.468017578125
-597.7145385742188,-145.14398193359375
-597.7158203125,-146.6778564453125
-597.6483764648438,-148.22698974609375
-597.5134887695312,-149.78952026367188
-597.3145751953125,-151.36839294433594
-597.0499267578125,-152.96119689941406
-596.7249145507812,-154.56588745117188
-596.3375854492188,-156.1898193359375
-595.888427734375,-157.83462524414062
-595.3855590820312,-159.5015106201172
-594.9153442382812,-160.9503631591797
-594.38916015625,-162.48089599609375
-593.8270874023438,-164.03416442871094
-593.2301635742188,-165.61178588867188
-592.6263427734375,-167.15077209472656
-591.9712524414062,-168.7811279296875
-591.405029296875,-170.1743927001953
-590.74267578125,-171.79525756835938
-590.15087890625,-173.23779296875
-589.5478515625,-174.70303344726562
-588.9337158203125,-176.19155883789062
-588.3084716796875,-177.70315551757812
-587.6719970703125,-179.23760986328125
-587.0549926757812,-180.72019958496094
-586.3961791992188,-182.2981414794922
-585.7591552734375,-183.82061767578125
-585.1783447265625,-185.20809936523438
-584.5234985351562,-186.76974487304688
-583.8250732421875,-188.4319305419922
-583.1156005859375,-190.1160125732422
-582.39599609375,-191.8207550048828
-581.8065185546875,-193.2169952392578
-581.1056518554688,-194.87960815429688
-580.5037231445312,-196.30946350097656
-579.8594970703125,-197.8397979736328
-579.2434692382812,-199.30044555664062
-578.6195678710938,-200.7751922607422
-578.0252075195312,-202.1750946044922
-577.3477783203125,-203.7635498046875
-576.6982421875,-205.27694702148438
-575.9986572265625,-206.89305114746094
-575.3260498046875,-208.43115234375
-574.6412963867188,-209.9802703857422
-573.9437866210938,-211.5404052734375
-573.2329711914062,-213.11087036132812
-572.5086059570312,-214.6906280517578
-571.7265014648438,-216.37355041503906
-570.9730834960938,-217.97232055664062
-570.2049560546875,-219.57969665527344
-569.3744506835938,-221.291015625
-568.572998046875,-222.91505432128906
-567.9000244140625,-224.25729370117188
-567.166015625,-225.6988067626953
-566.4706420898438,-227.0441131591797
-565.766357421875,-228.38912963867188
-565.0540161132812,-229.73301696777344
-564.2806396484375,-231.17445373535156
-563.5486450195312,-232.5227508544922
-562.8062744140625,-233.87449645996094
-562.0534057617188,-235.22927856445312
-561.2890014648438,-236.58660888671875
-560.5117797851562,-237.94639587402344
-559.720703125,-239.30831909179688
-558.9158935546875,-240.67201232910156
-558.0980834960938,-242.03773498535156
-557.2683715820312,-243.40567016601562
-556.3668823242188,-244.8730926513672
-555.5128784179688,-246.2435302734375
-554.5830078125,-247.7137908935547
-553.70068359375,-249.0880584716797
-552.8043212890625,-250.46282958984375
-551.8287353515625,-251.93600463867188
-550.9031982421875,-253.31130981445312
-549.9639282226562,-254.687255859375
-549.011474609375,-256.0642395019531
-547.9773559570312,-257.54052734375
-546.99951171875,-258.9190673828125
-546.0086669921875,-260.2976379394531
-545.00439453125,-261.6766052246094
-543.9140625,-263.1545715332031
-542.8834838867188,-264.53387451171875
-541.7654418945312,-266.0111999511719
-540.7083129882812,-267.3893127441406
-539.6372680664062,-268.7662353515625
-538.551513671875,-270.14154052734375
-537.4510498046875,-271.51483154296875
-536.2556762695312,-272.98345947265625
-535.1254272460938,-274.3516845703125
-533.9813842773438,-275.71759033203125
-532.82373046875,-277.0810852050781
-531.5679931640625,-278.5392150878906
-530.3814086914062,-279.8972473144531
-529.094482421875,-281.34808349609375
-527.7922973632812,-282.7916564941406
-526.475341796875,-284.22637939453125
-525.23388671875,-285.5565490722656
-523.8896484375,-286.97430419921875
-522.530517578125,-288.385009765625
-521.2481689453125,-289.6956787109375
-519.8591918945312,-291.0935974121094
-518.454345703125,-292.4847717285156
-517.1289672851562,-293.7774353027344
-515.6943359375,-295.15625
-514.3421020507812,-296.4373779296875
-512.8790893554688,-297.8038635253906
-511.401123046875,-299.1630859375
-510.00701904296875,-300.4241943359375
-508.496826171875,-301.7667541503906
-506.9698791503906,-303.1000671386719
-505.5300598144531,-304.3358459472656
-504.0760803222656,-305.5630798339844
-502.50213623046875,-306.8681335449219
-501.33709716796875,-307.8184814453125
-500.1629943847656,-308.7630615234375
-498.6556396484375,-309.9567565917969
-497.4613342285156,-310.8883361816406
-496.2585754394531,-311.8145446777344
-494.71624755859375,-312.9862365722656
-493.49560546875,-313.9013366699219
-491.9306640625,-315.05908203125
-490.69189453125,-315.9631042480469
-489.445068359375,-316.8620300292969
-487.8464050292969,-317.9980773925781
-486.5810546875,-318.8841857910156
-485.3075256347656,-319.7644958496094
-484.0260314941406,-320.638916015625
-482.7366943359375,-321.50762939453125
-481.0845031738281,-322.6053771972656
-479.7774963378906,-323.4607849121094
-478.462158203125,-324.3089904785156
-476.77471923828125,-325.3766784667969
-475.4383850097656,-326.20648193359375
-474.093505859375,-327.02911376953125
-472.37115478515625,-328.0675048828125
-471.01055908203125,-328.8773193359375
-469.6437072753906,-329.6820373535156
-468.2701416015625,-330.4818420410156
-466.8893127441406,-331.27655029296875
-465.5008850097656,-332.065185546875
-464.1044921875,-332.84710693359375
-462.69989013671875,-333.62164306640625
-461.2875061035156,-334.3887634277344
-459.4788818359375,-335.35455322265625
-458.04962158203125,-336.10552978515625
-456.22027587890625,-337.05194091796875
-454.7750244140625,-337.7881774902344
-452.9254150390625,-338.7155456542969
-451.46417236328125,-339.43670654296875
-449.9959411621094,-340.15155029296875
-448.5211486816406,-340.860107421875
-447.0398864746094,-341.5622863769531
-445.5518493652344,-342.25775146484375
-443.6478576660156,-343.1328125
-442.1439514160156,-343.8121032714844
-440.63323974609375,-344.48443603515625
-439.2540283203125,-345.0894470214844
-437.7308349609375,-345.7481384277344
-436.2007141113281,-346.39984130859375
-434.66412353515625,-347.0446472167969
-433.1212463378906,-347.6827697753906
-431.57220458984375,-348.3145751953125
-430.01715087890625,-348.9404296875
-428.456298828125,-349.5606689453125
-426.88983154296875,-350.17559814453125
-425.31781005859375,-350.7851867675781
-423.7401428222656,-351.3893737792969
-422.1568603515625,-351.9881286621094
-420.5679626464844,-352.58148193359375
-418.9736328125,-353.169677734375
-417.3739318847656,-353.7529602050781
-415.7690124511719,-354.33148193359375
-414.158935546875,-354.9053649902344
-412.543701171875,-355.4746398925781
-411.0708923339844,-355.9881286621094
-409.4459228515625,-356.548583984375
-407.8158874511719,-357.1045227050781
-406.180908203125,-357.6562194824219
-404.54107666015625,-358.2040100097656
-402.89654541015625,-358.7481384277344
-401.2474060058594,-359.2889709472656
-399.5937194824219,-359.8269958496094
-398.086669921875,-360.3139343261719
-396.42486572265625,-360.84765625
-394.7590026855469,-361.3797302246094
-393.0892333984375,-361.91064453125
-391.56805419921875,-362.3925476074219
-389.8912658691406,-362.9222412109375
-388.2109375,-363.4520263671875
-386.5271911621094,-363.9822692871094
-384.84027099609375,-364.51336669921875
-383.3039855957031,-364.9972229003906
-381.6112060546875,-365.5308532714844
-379.91558837890625,-366.0663146972656
-378.21722412109375,-366.6040954589844
-376.6710510253906,-367.0954284667969
-374.968017578125,-367.6391296386719
-373.2628479003906,-368.1867980957031
-371.5557556152344,-368.7389831542969
-370.0024719238281,-369.24530029296875
-368.29248046875,-369.80755615234375
-366.5812683105469,-370.3758850097656
-364.86920166015625,-370.9509582519531
-363.1566162109375,-371.5334777832031
-361.44366455078125,-372.1241455078125
-359.7305908203125,-372.72320556640625
-358.1732177734375,-373.27532958984375
-356.4600830078125,-373.8908386230469
-354.7469787597656,-374.51483154296875
-353.0338439941406,-375.1470947265625
-351.32061767578125,-375.7873840332031
-349.6073303222656,-376.4355163574219
-347.8939208984375,-377.09124755859375
-346.3360595703125,-377.69378662109375
-344.6224365234375,-378.36370849609375
-342.9089050292969,-379.0411071777344
-341.1954040527344,-379.7261962890625
-339.48211669921875,-380.4189453125
-337.7691955566406,-381.1195373535156
-336.2125549316406,-381.7637634277344
-334.5010986328125,-382.48089599609375
-332.79083251953125,-383.2074890136719
-331.08203125,-383.9438171386719
-329.3748474121094,-384.6901550292969
-327.66943359375,-385.4466247558594
-326.12091064453125,-386.1434326171875
-324.4198303222656,-386.92034912109375
-322.8755798339844,-387.636474609375
-321.1794738769531,-388.43499755859375
-319.63995361328125,-389.17059326171875
-317.9491882324219,-389.9903259277344
-316.26116943359375,-390.8209228515625
-314.7289123535156,-391.585205078125
-313.0458068847656,-392.435546875
-311.3652038574219,-393.2957763671875
-309.6869812011719,-394.16571044921875
-308.1632995605469,-394.9649658203125
-306.4894104003906,-395.8532409667969
-304.81805419921875,-396.7512512207031
-303.14984130859375,-397.659423828125
-301.6361999511719,-398.4944152832031
-299.97454833984375,-399.4234924316406
-298.3165588378906,-400.3635559082031
-296.8125305175781,-401.2276916503906
-295.16192626953125,-402.1882629394531
-293.5159912109375,-403.1586608886719
-292.0239562988281,-404.0489807128906
-290.3875732421875,-405.03692626953125
-288.7567443847656,-406.0335693359375
-287.13067626953125,-407.0393981933594
-285.5091857910156,-408.0547180175781
-283.8923645019531,-409.07977294921875
-282.4269104003906,-410.02044677734375
-280.82000732421875,-411.0655517578125
-279.3641052246094,-412.0254821777344
-277.7685546875,-413.09271240234375
-276.1792297363281,-414.1719665527344
-274.7394714355469,-415.1631164550781
-273.1603088378906,-416.26287841796875
-271.72808837890625,-417.27008056640625
-270.1558837890625,-418.3851318359375
-268.7292785644531,-419.4050598144531
-267.1628723144531,-420.5340881347656
-265.7419128417969,-421.5674743652344
-264.3239440917969,-422.6078186035156
-262.7679138183594,-423.76043701171875
-261.3567199707031,-424.8153991699219
-259.808837890625,-425.9840087890625
-258.4062194824219,-427.0545959472656
-256.8691711425781,-428.2422790527344
-255.4775390625,-429.33160400390625
-253.9532012939453,-430.5404968261719
-252.5730438232422,-431.6488342285156
-251.19802856445312,-432.7655944824219
-249.82794189453125,-433.8904113769531
-248.4626007080078,-435.02313232421875
-247.10174560546875,-436.1636047363281
-245.609375,-437.4263610839844
-244.25611877441406,-438.5809631347656
-242.90576171875,-439.7410888671875
-241.55841064453125,-440.90667724609375
-240.2144317626953,-442.07830810546875
-238.7405242919922,-443.3752746582031
-237.40505981445312,-444.56219482421875
-236.07411193847656,-445.7565002441406
-234.74765014648438,-446.95794677734375
-233.4254913330078,-448.1663818359375
-232.10751342773438,-449.381591796875
-230.79351806640625,-450.6033020019531
-229.48324584960938,-451.8312683105469
-228.1764373779297,-453.0651550292969
-226.87286376953125,-454.3047790527344
-225.57232666015625,-455.5499267578125
-224.2748565673828,-456.80072021484375
-222.98065185546875,-458.05731201171875
-221.6900177001953,-459.3199768066406
-220.4031982421875,-460.58880615234375
-219.120361328125,-461.8638916015625
-217.84149169921875,-463.14520263671875
-216.5665283203125,-464.4326171875
-215.2952117919922,-465.7259826660156
-214.02737426757812,-467.02508544921875
-212.76278686523438,-468.3297119140625
-211.5011444091797,-469.63958740234375
-210.241943359375,-470.9543762207031
-208.98455810546875,-472.2734680175781
-207.7283935546875,-473.5962829589844
-206.47291564941406,-474.92230224609375
-205.2176513671875,-476.2510986328125
-203.96218872070312,-477.5823059082031
-202.70626831054688,-478.9156188964844
-201.44960021972656,-480.2508239746094
-200.1920166015625,-481.5876159667969
-198.9333038330078,-482.92584228515625
-197.6732940673828,-484.26531982421875
-196.411865234375,-485.60589599609375
-195.14898681640625,-486.9476623535156
-193.88473510742188,-488.29058837890625
-192.61924743652344,-489.63470458984375
-191.3525390625,-490.9801330566406
-190.0846405029297,-492.32684326171875
-188.8155059814453,-493.6748352050781
-187.54498291015625,-495.0240173339844
-186.27301025390625,-496.374267578125
-184.99949645996094,-497.7254943847656
-183.7243194580078,-499.07781982421875
-182.44752502441406,-500.43121337890625
-181.1692352294922,-501.78570556640625
-179.88943481445312,-503.14117431640625
-178.60797119140625,-504.4975891113281
-177.32469177246094,-505.8545227050781
-176.0391082763672,-507.2117614746094
-174.75094604492188,-508.5690002441406
-173.4601287841797,-509.9259948730469
-172.1666717529297,-511.28277587890625
-170.87063598632812,-512.6394653320312
-169.57212829589844,-513.9962768554688
-168.27125549316406,-515.3532104492188
-166.96812438964844,-516.71044921875
-165.66290283203125,-518.0681762695312
-164.35589599609375,-519.4264526367188
-163.04798889160156,-520.78466796875
-161.74148559570312,-522.1406860351562
-160.43829345703125,-523.4924926757812
-159.13980102539062,-524.8386840820312
-157.84730529785156,-526.1780395507812
-156.56178283691406,-527.509521484375
-155.2835693359375,-528.8328247070312
-154.0133514404297,-530.1471557617188
-152.75144958496094,-531.4522094726562
-151.49781799316406,-532.748046875
-150.25283813476562,-534.0341796875
-149.01649475097656,-535.310546875
-147.78871154785156,-536.5773315429688
-146.56919860839844,-537.8348388671875
-145.35711669921875,-539.0838012695312
-144.1531982421875,-540.323974609375
-142.95777893066406,-541.5553588867188
-141.77114868164062,-542.7775268554688
-140.5934600830078,-543.9901733398438
-139.42471313476562,-545.1931762695312
-138.2649688720703,-546.3862915039062
-137.1132049560547,-547.5702514648438
-135.97030639648438,-548.7445068359375
-134.83689880371094,-549.9087524414062
-133.71295166015625,-551.0630493164062
-132.59837341308594,-552.207275390625
-131.49298095703125,-553.3414916992188
-130.39657592773438,-554.4658203125
-129.3089599609375,-555.5804443359375
-128.22994995117188,-556.6856079101562
-127.15926361083984,-557.781494140625
-126.09659576416016,-558.8680419921875
-125.04158020019531,-559.9454345703125
-123.68085479736328,-561.3323974609375
-122.22825622558594,-562.809326171875
-120.89087677001953,-564.1656494140625
-119.56503295898438,-565.50732421875
-118.1500015258789,-566.93603515625
-116.84806823730469,-568.2473754882812
-115.55717468261719,-569.5442504882812
-114.17986297607422,-570.9246215820312
-112.91393280029297,-572.1907348632812
-111.6609115600586,-573.4419555664062
-110.32622528076172,-574.7733154296875
-109.0999984741211,-575.9954223632812
-107.88701629638672,-577.2035522460938
-106.5968017578125,-578.4884033203125
-105.41068267822266,-579.6693115234375
-104.23954010009766,-580.8361206054688
-102.99627685546875,-582.0767822265625
-101.85894775390625,-583.2144165039062
-100.73795318603516,-584.3386840820312
-99.54791259765625,-585.5347290039062
-98.45767211914062,-586.6312866210938
-97.38091278076172,-587.714111328125
-96.23577117919922,-588.8655395507812
-94.94547271728516,-590.1643676757812
-93.83197784423828,-591.286865234375
-92.57650756835938,-592.55322265625
-91.49237823486328,-593.6458129882812
-90.26998901367188,-594.8755493164062
-88.99091339111328,-596.1587524414062
-87.73257446289062,-597.4171142578125
-86.56629180908203,-598.57861328125
-85.34784698486328,-599.7868041992188
-84.14854431152344,-600.9696044921875
-83.03834533691406,-602.06005859375
-81.8788833618164,-603.1942749023438
-80.73876190185547,-604.3055419921875
-79.42536926269531,-605.5802612304688
-78.1364974975586,-606.8228149414062
-76.86791229248047,-608.0349731445312
-75.6171875,-609.21826171875
-74.38322448730469,-610.3727416992188
-73.16503143310547,-611.49755859375
-71.96116638183594,-612.5907592773438
-70.77033996582031,-613.6510009765625
-69.59020233154297,-614.6778564453125
-68.4183578491211,-615.6702270507812
-67.25342559814453,-616.6259155273438
-65.91902160644531,-617.6776123046875
-64.58563995361328,-618.6788330078125
-63.189002990722656,-619.6725463867188
-61.839942932128906,-620.5756225585938
-60.47542953491211,-621.4295043945312
-59.03398513793945,-622.265380859375
-57.63468551635742,-623.01318359375
-56.21839141845703,-623.7099609375
-54.72346878051758,-624.378662109375
-53.2765998840332,-624.9632568359375
-51.81718444824219,-625.4887084960938
-50.28361511230469,-625.9745483398438
-48.67720031738281,-626.4129638671875
-47.12907791137695,-626.769775390625
-45.513153076171875,-627.0782470703125
-43.89652633666992,-627.323486328125
-42.282127380371094,-627.5052490234375
-40.67259216308594,-627.621337890625
-39.070308685302734,-627.670166015625
-37.47789001464844,-627.6515502929688
-35.89809799194336,-627.5655517578125
-34.26995849609375,-627.4017944335938
-32.716590881347656,-627.1726684570312
-31.17190170288086,-626.8753051757812
-29.636220932006836,-626.5142822265625
-28.04933738708496,-626.0764770507812
-26.535343170166016,-625.5971069335938
-24.975122451782227,-625.0382690429688
-23.492719650268555,-624.4407348632812
-22.02996063232422,-623.7841186523438
-20.642114639282227,-623.098876953125
-19.156450271606445,-622.296630859375
-17.747892379760742,-621.466796875
-16.35713768005371,-620.5812377929688
-14.98122787475586,-619.6393432617188
-13.673128128051758,-618.6859741210938
-12.481006622314453,-617.7740478515625
-11.29372787475586,-616.8282470703125
-10.05836296081543,-615.80419921875
-8.882240295410156,-614.788330078125
-7.71364688873291,-613.7333984375
-6.556381702423096,-612.6386108398438
-5.412102699279785,-611.50439453125
-4.330328464508057,-610.3859252929688
-3.2563154697418213,-609.2329711914062
-2.187516689300537,-608.0462036132812
-1.1231657266616821,-606.8265380859375
-0.06449814140796661,-605.5755004882812
1.0389176607131958,-604.2326049804688
2.088076114654541,-602.9183349609375
3.0865859985351562,-601.6371459960938
4.136711597442627,-600.260986328125
5.039865970611572,-599.0584716796875
6.051278114318848,-597.6993408203125
6.972967624664307,-596.4564208984375
8.06588077545166,-594.989501953125
9.183090209960938,-593.5114135742188
10.108447074890137,-592.3102416992188
11.054430961608887,-591.1071166992188
12.07955265045166,-589.832763671875
13.07026481628418,-588.630126953125
14.143774032592773,-587.3587646484375
15.243746757507324,-586.090576171875
16.308015823364258,-584.8973388671875
17.460105895996094,-583.64306640625
18.56871223449707,-582.4703369140625
19.761682510375977,-581.2410278320312
20.975923538208008,-580.020263671875
22.14262580871582,-578.8733520507812
23.39990234375,-577.6652221679688
24.609525680541992,-576.53076171875
25.841936111450195,-575.4041748046875
27.097537994384766,-574.2870483398438
28.452512741088867,-573.1162719726562
29.83383560180664,-571.95947265625
31.1626033782959,-570.8796997070312
32.514686584472656,-569.8115844726562
33.8900260925293,-568.7557373046875
35.12260055541992,-567.835205078125
36.54117965698242,-566.8056030273438
37.982643127441406,-565.7914428710938
39.44646453857422,-564.7940673828125
40.93183135986328,-563.8146362304688
42.438045501708984,-562.8539428710938
43.964134216308594,-561.912353515625
45.509971618652344,-560.9895629882812
47.07533264160156,-560.0848999023438
48.66058349609375,-559.1974487304688
49.98129653930664,-558.4797973632812
51.50732421875,-557.6747436523438
52.85675811767578,-556.9840087890625
54.512237548828125,-556.1629028320312
56.08687973022461,-555.4080810546875
57.47776412963867,-554.7621459960938
59.08220672607422,-554.0408935546875
60.498836517333984,-553.424560546875
62.13193893432617,-552.7371826171875
63.57259750366211,-552.150634765625
65.23204040527344,-551.4974365234375
66.69544982910156,-550.941162109375
68.48686218261719,-550.28515625
70.18769836425781,-549.687255859375
72.01081085205078,-549.072998046875
73.74146270751953,-548.5159301757812
75.26713562011719,-548.0463256835938
77.02334594726562,-547.5308837890625
78.5705795288086,-547.0985717773438
80.35022735595703,-546.6251831054688
81.91690826416016,-546.2277221679688
83.37954711914062,-545.8719482421875
84.84961700439453,-545.5288696289062
86.44084930419922,-545.17431640625
87.9256362915039,-544.85986328125
89.41674041748047,-544.5604248046875
91.02902221679688,-544.25537109375
92.53180694580078,-543.9884643554688
94.03983306884766,-543.7371215820312
95.66967010498047,-543.4835815429688
97.18879699707031,-543.2640991210938
98.71403503417969,-543.0599365234375
100.36393737792969,-542.8573608398438
101.90287780761719,-542.6852416992188
103.44816589355469,-542.528564453125
105.11907196044922,-542.3770751953125
106.67675018310547,-542.252685546875
108.24003601074219,-542.144775390625
109.92958068847656,-542.04736328125
111.50409698486328,-541.9744262695312
113.0839614868164,-541.9179077148438
114.7909164428711,-541.8749389648438
116.38054656982422,-541.8507690429688
117.97451782226562,-541.8411865234375
119.69588470458984,-541.8466796875
121.298095703125,-541.8671264648438
122.90326690673828,-541.9030151367188
124.63349914550781,-541.9603881835938
126.2412109375,-542.0314331054688
127.85044860839844,-542.119873046875
129.58546447753906,-542.2343139648438
131.1988983154297,-542.3578491210938
132.81520080566406,-542.4974975585938
134.5598602294922,-542.6650390625
136.18385314941406,-542.8359985351562
137.8114776611328,-543.021484375
139.5680389404297,-543.2373657226562
141.20217895507812,-543.4529418945312
142.8391571044922,-543.6830444335938
144.60504150390625,-543.947021484375
146.24728393554688,-544.2070922851562
147.89183044433594,-544.4814453125
149.66522216796875,-544.7929077148438
151.31382751464844,-545.0970458984375
152.96405029296875,-545.415771484375
154.74276733398438,-545.7755737304688
156.39576721191406,-546.1250610351562
158.0501251220703,-546.4891967773438
159.83306884765625,-546.897705078125
161.48980712890625,-547.292724609375
163.1474609375,-547.703369140625
164.9333038330078,-548.1632690429688
166.5919647216797,-548.6064453125
168.2510986328125,-549.0646362304688
170.03855895996094,-549.5741577148438
171.698974609375,-550.0621337890625
173.4878387451172,-550.6038818359375
175.14947509765625,-551.1223754882812
176.8115234375,-551.6555786132812
178.4740447998047,-552.202880859375
180.26522827148438,-552.8073120117188
181.9293670654297,-553.3818359375
183.72265625,-554.014404296875
185.38877868652344,-554.614501953125
187.0557861328125,-555.2269897460938
188.72348022460938,-555.8519287109375
190.5200653076172,-556.5390014648438
192.18907165527344,-557.1898193359375
193.8588409423828,-557.8524169921875
195.65798950195312,-558.5784301757812
197.3295440673828,-559.263916015625
199.00198364257812,-559.9603271484375
200.80410766601562,-560.7225952148438
202.47862243652344,-561.4415283203125
204.15455627441406,-562.1704711914062
205.9617919921875,-562.9652099609375
207.64295959472656,-563.7102661132812
209.3280792236328,-564.4599609375
211.14825439453125,-565.2698974609375
212.8442840576172,-566.0220947265625
214.54660034179688,-566.7723999023438
216.38763427734375,-567.5768432617188
218.1047821044922,-568.3194580078125
219.8295440673828,-569.0572509765625
221.6956787109375,-569.8460083007812
223.43658447265625,-570.5729370117188
225.18528747558594,-571.2946166992188
227.07701110839844,-572.0664672851562
228.84127807617188,-572.7783813476562
230.61282348632812,-573.4854736328125
232.52894592285156,-574.2408447265625
234.3162078857422,-574.9356689453125
236.11143493652344,-575.623046875
238.0539093017578,-576.3538208007812
239.86636352539062,-577.0222778320312
241.6874237060547,-577.679931640625
243.65830993652344,-578.3757934570312
245.49708557128906,-579.010986328125
247.3433074951172,-579.6365356445312
248.76837158203125,-580.1112670898438
250.19784545898438,-580.5801391601562
251.63206481933594,-581.0425415039062
253.07142639160156,-581.4976196289062
254.51626586914062,-581.94482421875
255.96656799316406,-582.3840942382812
257.4220886230469,-582.8150634765625
259.0287170410156,-583.2794799804688
260.9351806640625,-583.8148803710938
262.4074401855469,-584.216796875
263.8844299316406,-584.6100463867188
265.36639404296875,-584.9949340820312
266.85345458984375,-585.3717651367188
268.3453674316406,-585.7410278320312
269.8417663574219,-586.1032104492188
271.3424377441406,-586.4586791992188
272.8472595214844,-586.8075561523438
274.35614013671875,-587.1495361328125
275.86920166015625,-587.4843139648438
277.3864440917969,-587.811767578125
278.90618896484375,-588.131591796875
280.426025390625,-588.4439697265625
281.9439392089844,-588.7490844726562
283.4582214355469,-589.0474243164062
284.96697998046875,-589.33935546875
286.468505859375,-589.625
287.961181640625,-589.905029296875
289.4438171386719,-590.1796264648438
291.3557434082031,-590.5285034179688
293.2510986328125,-590.867919921875
295.2754821777344,-591.2213745117188
297.1383361816406,-591.5380859375
298.9877014160156,-591.843505859375
300.96380615234375,-592.1607666015625
302.7847595214844,-592.445068359375
304.59136962890625,-592.7196655273438
306.5190734863281,-593.0048217773438
308.29229736328125,-593.2594604492188
310.0498962402344,-593.5036010742188
311.92144775390625,-593.7560424804688
313.6407775878906,-593.9804077148438
315.3423767089844,-594.1957397460938
317.1562805175781,-594.4172973632812
318.8225402832031,-594.6146240234375
320.4717712402344,-594.8035278320312
322.2292175292969,-594.9986572265625
323.8452453613281,-595.172607421875
325.44537353515625,-595.3408203125
327.150634765625,-595.5157470703125
328.7179260253906,-595.672119140625
330.2709045410156,-595.8217163085938
331.925048828125,-595.9750366210938
333.4464416503906,-596.10791015625
334.95111083984375,-596.2318115234375
336.55230712890625,-596.3553466796875
338.35888671875,-596.4845581054688
339.9183349609375,-596.5879516601562
341.676513671875,-596.6954956054688
343.1974792480469,-596.7785034179688
344.91131591796875,-596.8614501953125
346.7047119140625,-596.9349365234375
348.4682922363281,-596.9931030273438
350.1005554199219,-597.0336303710938
351.8051452636719,-597.0625610351562
353.48052978515625,-597.0791015625
355.0305480957031,-597.0848388671875
356.6526184082031,-597.08056640625
358.2481689453125,-597.0661010742188
360.0934143066406,-597.0342407226562
361.9065246582031,-596.983642578125
363.6890563964844,-596.9109497070312
365.4430847167969,-596.8128051757812
367.1726379394531,-596.6864013671875
368.882080078125,-596.5303344726562
370.5758972167969,-596.3411254882812
372.2557373046875,-596.1156005859375
373.9221496582031,-595.8515014648438
375.57452392578125,-595.5487060546875
377.212158203125,-595.2088012695312
378.83563232421875,-594.83447265625
380.4441223144531,-594.425048828125
382.035400390625,-593.9779052734375
383.60675048828125,-593.49072265625
385.1544189453125,-592.9632568359375
386.6778259277344,-592.3988037109375
388.17877197265625,-591.799560546875
389.65924072265625,-591.1688232421875
391.1192626953125,-590.5088500976562
392.55706787109375,-589.81787109375
393.97052001953125,-589.0929565429688
395.35736083984375,-588.3326416015625
396.71636962890625,-587.5369262695312
398.0465087890625,-586.7066650390625
399.3465270996094,-585.8423461914062
400.6164855957031,-584.9457397460938
401.85601806640625,-584.01708984375
403.0669250488281,-583.0567626953125
404.2524719238281,-582.0635986328125
405.41510009765625,-581.0366821289062
406.556396484375,-579.9774169921875
407.67431640625,-578.8860473632812
408.7629089355469,-577.7607421875
409.8189392089844,-576.5994873046875
410.83966064453125,-575.40087890625
411.8247375488281,-574.166748046875
412.7764587402344,-572.898681640625
413.6983947753906,-571.5986938476562
414.5921630859375,-570.2684936523438
415.456787109375,-568.9086303710938
416.2912902832031,-567.51904296875
417.09588623046875,-566.1007080078125
417.8724670410156,-564.6549682617188
418.6580505371094,-563.1099243164062
419.4134826660156,-561.5380859375
420.1059875488281,-560.0147094726562
420.8049011230469,-558.3887329101562
421.44403076171875,-556.8164672851562
422.05743408203125,-555.2236938476562
422.67083740234375,-553.5283203125
423.2277526855469,-551.88916015625
423.7594909667969,-550.2245483398438
424.2678527832031,-548.5369262695312
424.70458984375,-547.000244140625
425.09783935546875,-545.5323486328125
425.4721374511719,-544.0470581054688
425.8283386230469,-542.543701171875
426.2254943847656,-540.750732421875
426.54620361328125,-539.2073974609375
426.85235595703125,-537.6478271484375
427.1438903808594,-536.0726318359375
427.4201965332031,-534.4815673828125
427.6806945800781,-532.8746948242188
427.9252014160156,-531.2529907226562
428.1544494628906,-529.6170043945312
428.3692626953125,-527.9667358398438
428.57037353515625,-526.3020629882812
428.75701904296875,-524.622314453125
428.9365234375,-522.8280029296875
429.08697509765625,-521.1227416992188
429.2209777832031,-519.4114990234375
429.34271240234375,-517.6901245117188
429.45440673828125,-515.9566650390625
429.5568542480469,-514.2102661132812
429.65545654296875,-512.3465576171875
429.7383728027344,-510.57293701171875
429.8095397949219,-508.7864685058594
429.8639221191406,-507.0936584472656
429.90673828125,-505.2833557128906
429.9303894042969,-503.7831115722656
429.9447937011719,-502.0577697753906
429.9473571777344,-500.538818359375
429.939208984375,-498.6825256347656
429.9200744628906,-496.8138427734375
429.8931579589844,-495.04400634765625
429.8631286621094,-493.4861145019531
429.81884765625,-491.5828857421875
429.76611328125,-489.6672058105469
429.70831298828125,-487.85308837890625
429.6517028808594,-486.2569885253906
429.57550048828125,-484.3085021972656
429.49041748046875,-482.3495178222656
429.4189453125,-480.8428649902344
429.3354187011719,-479.2116394042969
429.24578857421875,-477.5723876953125
429.1575927734375,-476.04296875
429.05780029296875,-474.3883056640625
428.961669921875,-472.8444519042969
428.85540771484375,-471.1739196777344
428.7552490234375,-469.61541748046875
428.6543273925781,-468.0498962402344
428.54534912109375,-466.35614013671875
428.44427490234375,-464.776123046875
428.3359680175781,-463.0668029785156
428.2363586425781,-461.4722900390625
428.1302795410156,-459.7474060058594
428.0256042480469,-458.0144958496094
427.92962646484375,-456.3978576660156
427.82745361328125,-454.64886474609375
427.73358154296875,-453.0174560546875
427.63348388671875,-451.25274658203125
427.5413513183594,-449.60693359375
427.4430847167969,-447.8268737792969
427.3528747558594,-446.1669006347656
427.2567138671875,-444.3716735839844
427.1615295410156,-442.5686340332031
427.0738525390625,-440.8874816894531
426.980224609375,-439.0696105957031
426.89404296875,-437.3747863769531
426.8021240234375,-435.5423583984375
426.7176513671875,-433.8340759277344
426.6276550292969,-431.98712158203125
426.5386047363281,-430.1326599121094
426.45672607421875,-428.40399169921875
426.3755798339844,-426.66900634765625
426.2890319824219,-424.7935791015625
426.2033996582031,-422.9116516113281
426.118896484375,-421.02557373046875
426.035400390625,-419.1358947753906
425.9528503417969,-417.2438659667969
425.8711242675781,-415.34771728515625
425.7960205078125,-413.5824890136719
425.7160949707031,-411.6762390136719
425.6429138183594,-409.9009094238281
425.581787109375,-408.39453125
425.505126953125,-406.4718017578125
425.4351501464844,-404.6807556152344
425.376953125,-403.1610107421875
425.3042297363281,-401.2211608886719
425.23291015625,-399.2750549316406
425.1677551269531,-397.4623718261719
425.1131591796875,-395.9243469238281
425.0489501953125,-394.10174560546875
424.9947814941406,-392.55535888671875
424.9259948730469,-390.5816955566406
424.857421875,-388.601806640625
424.7891540527344,-386.6158142089844
424.7211608886719,-384.6235656738281
424.6535339355469,-382.62518310546875
424.5863037109375,-380.6206359863281
424.51959228515625,-378.6099853515625
424.4581298828125,-376.7374572753906
424.39251708984375,-374.71502685546875
424.3320007324219,-372.83154296875
424.2670593261719,-370.79736328125
424.2068786621094,-368.9030456542969
424.1418762207031,-366.8570861816406
424.0812683105469,-364.95184326171875
424.0298156738281,-363.33563232421875
423.9688415527344,-361.4207458496094
423.9171142578125,-359.79632568359375
423.8558349609375,-357.871826171875
423.78955078125,-355.79345703125
423.72760009765625,-353.858154296875
423.6603698730469,-351.7682189941406
423.59735107421875,-349.8222961425781
423.5484619140625,-348.3219909667969
423.4991760253906,-346.8186950683594
423.44940185546875,-345.31243896484375
423.3990478515625,-343.8031921386719
423.34808349609375,-342.291015625
423.29644775390625,-340.77587890625
423.2442321777344,-339.2578125
423.19146728515625,-337.73675537109375
423.1382141113281,-336.2127685546875
423.0845642089844,-334.6858215332031
423.0304870605469,-333.1558837890625
422.97601318359375,-331.6229248046875
422.921142578125,-330.0870666503906
422.8658752441406,-328.5484313964844
422.8101501464844,-327.007080078125
422.7540283203125,-325.4630126953125
422.6976318359375,-323.9158630371094
422.64093017578125,-322.3654479980469
422.5841369628906,-320.8119201660156
422.5273132324219,-319.2554626464844
422.4704895019531,-317.6961364746094
422.4137268066406,-316.1339111328125
422.35699462890625,-314.5687255859375
422.30029296875,-313.0006103515625
422.24359130859375,-311.4295654296875
422.1868896484375,-309.8556823730469
422.13018798828125,-308.2789001464844
422.0734558105469,-306.69921875
422.01666259765625,-305.11669921875
421.9597473144531,-303.5312194824219
421.9026794433594,-301.9428405761719
421.84539794921875,-300.35162353515625
421.7879333496094,-298.75762939453125
421.7303161621094,-297.16082763671875
421.67254638671875,-295.5611877441406
421.61468505859375,-293.958740234375
421.55682373046875,-292.35345458984375
421.49896240234375,-290.7453918457031
421.441162109375,-289.1344909667969
421.38336181640625,-287.52081298828125
421.3255920410156,-285.9044189453125
421.26776123046875,-284.2851867675781
421.20977783203125,-282.6632080078125
421.15155029296875,-281.03851318359375
421.093017578125,-279.41107177734375
421.0341491699219,-277.7808837890625
420.9750061035156,-276.1479797363281
420.91571044921875,-274.5123291015625
420.85626220703125,-272.87396240234375
420.7967224121094,-271.23284912109375
420.7370910644531,-269.5890197753906
420.6772766113281,-267.9425048828125
420.6172790527344,-266.29327392578125
420.5570983886719,-264.641357421875
420.4967346191406,-262.9867858886719
420.4361877441406,-261.32940673828125
420.3755798339844,-259.6693420410156
420.3149108886719,-258.0068054199219
420.2544250488281,-256.341796875
420.1941223144531,-254.674072265625
420.1341857910156,-253.00360107421875
420.07464599609375,-251.33053588867188
420.01556396484375,-249.65492248535156
419.9569396972656,-247.97671508789062
419.898681640625,-246.29603576660156
419.8406677246094,-244.6127166748047
419.7828369140625,-242.9266815185547
419.7253112792969,-241.2379913330078
419.66815185546875,-239.5467529296875
419.6116027832031,-237.85302734375
419.5561218261719,-236.15687561035156
419.5024108886719,-234.4582061767578
419.4513854980469,-232.7569122314453
419.4039611816406,-231.0531005859375
419.3607482910156,-229.34681701660156
419.3223876953125,-227.63812255859375
419.28961181640625,-225.92723083496094
419.26324462890625,-224.21421813964844
419.243896484375,-222.4990692138672
419.23236083984375,-220.7819366455078
419.2292175292969,-219.06283569335938
419.2347106933594,-217.3417205810547
419.24871826171875,-215.6187286376953
419.2708740234375,-213.8938751220703
419.3005676269531,-212.16714477539062
419.3371276855469,-210.43850708007812
419.37994384765625,-208.70791625976562
419.4287109375,-206.97560119628906
419.48358154296875,-205.2416534423828
419.5454406738281,-203.50631713867188
419.61572265625,-201.7700958251953
419.6958312988281,-200.03358459472656
419.7865295410156,-198.29742431640625
419.8882141113281,-196.56228637695312
420.00091552734375,-194.8284912109375
420.1242370605469,-193.09616088867188
420.25738525390625,-191.36532592773438
420.3995056152344,-189.63595581054688
420.5496826171875,-187.907958984375
420.7070007324219,-186.18130493164062
420.8705139160156,-184.45606994628906
421.0397033691406,-182.73243713378906
421.21478271484375,-181.0106658935547
421.3966369628906,-179.29110717773438
421.58599853515625,-177.57408142089844
421.7834167480469,-175.85983276367188
421.9894104003906,-174.14849853515625
422.20477294921875,-172.4403076171875
422.4302673339844,-170.7355499267578
422.6661682128906,-169.03428649902344
422.9127197265625,-167.33656311035156
423.16998291015625,-165.6424102783203
423.4378967285156,-163.9518585205078
423.7166748046875,-162.2649688720703
424.0066223144531,-160.58192443847656
424.3081970214844,-158.90298461914062
424.6218566894531,-157.22837829589844
424.94775390625,-155.55819702148438
425.2857971191406,-153.8924102783203
425.6355285644531,-152.23086547851562
425.9964904785156,-150.5732879638672
426.3680114746094,-148.9193115234375
426.74920654296875,-147.2683563232422
427.1391906738281,-145.61985778808594
427.53729248046875,-143.9733428955078
427.94293212890625,-142.32830810546875
428.3555603027344,-140.68421936035156
428.7749328613281,-139.04067993164062
429.2010803222656,-137.39749145507812
429.6343078613281,-135.75457763671875
430.0751953125,-134.11196899414062
430.52423095703125,-132.46986389160156
430.9815979003906,-130.82815551757812
431.4472961425781,-129.1868133544922
431.9211120605469,-127.54571533203125
432.40301513671875,-125.90479278564453
432.8929443359375,-124.26399993896484
433.3907775878906,-122.62319946289062
433.8962707519531,-120.98236083984375
434.40911865234375,-119.341552734375
434.9291687011719,-117.70084381103516
435.4565124511719,-116.06028747558594
435.9911804199219,-114.41996002197266
436.5331726074219,-112.78003692626953
437.0826110839844,-111.14080047607422
437.6398010253906,-109.50263977050781
438.2052307128906,-107.86611938476562
438.7793273925781,-106.23180389404297
439.3623352050781,-104.60013580322266
439.954345703125,-102.971435546875
440.555419921875,-101.34587860107422
441.1656494140625,-99.72361755371094
441.7850341796875,-98.104736328125
442.4136047363281,-96.48931121826172
443.0514221191406,-94.87738800048828
443.698486328125,-93.26898193359375
444.3547668457031,-91.66397094726562
445.0199890136719,-90.06229400634766
445.6939697265625,-88.46390533447266
446.3766784667969,-86.86882019042969
447.06805419921875,-85.27706146240234
447.7680969238281,-83.68855285644531
448.4767150878906,-82.10326385498047
449.19342041015625,-80.52104949951172
449.9178466796875,-78.94187927246094
450.64959716796875,-77.36603546142578
451.388427734375,-75.79395294189453
452.13427734375,-74.22589874267578
452.8870544433594,-72.66200256347656
453.646728515625,-71.1024169921875
454.4134826660156,-69.54734802246094
455.1873779296875,-67.99696350097656
455.9683532714844,-66.45136260986328
456.7563171386719,-64.9105453491211
457.5511169433594,-63.37455749511719
458.3529357910156,-61.84362030029297
459.1619873046875,-60.31790542602539
459.9784240722656,-58.7975959777832
460.80224609375,-57.282718658447266
461.6334533691406,-55.77336502075195
462.4720458984375,-54.269676208496094
463.318359375,-52.77202606201172
464.17279052734375,-51.28084182739258
465.0356140136719,-49.79637908935547
465.90673828125,-48.31863021850586
466.7855529785156,-46.84718322753906
467.67156982421875,-45.38176727294922
468.5643310546875,-43.922237396240234
469.4638671875,-42.468692779541016
470.3701477050781,-41.021141052246094
471.283203125,-39.57967758178711
472.20318603515625,-38.144561767578125
473.13031005859375,-36.716064453125
474.06475830078125,-35.29444122314453
475.006591796875,-33.87979507446289
475.9557189941406,-32.47206497192383
476.9119567871094,-31.071157455444336
477.8749084472656,-29.67677116394043
478.8442077636719,-28.288619995117188
479.8198547363281,-26.906808853149414
480.8020935058594,-25.531631469726562
481.7911376953125,-24.163341522216797
482.78717041015625,-22.802000045776367
483.7900695800781,-21.447402954101562
484.79998779296875,-20.099512100219727
485.81719970703125,-18.758394241333008
486.84210205078125,-17.423885345458984
487.87469482421875,-16.0958251953125
488.9148864746094,-14.774033546447754
489.962646484375,-13.458395004272461
491.01788330078125,-12.148822784423828
492.0806579589844,-10.845346450805664
493.1511535644531,-9.54806900024414
494.2295227050781,-8.257156372070312
495.31573486328125,-6.972646713256836
496.40972900390625,-5.694490432739258
497.51123046875,-4.422525882720947
498.6201477050781,-3.156585454940796
499.7362060546875,-1.8965166807174683
500.8592834472656,-0.6421843767166138
501.98919677734375,0.6065272688865662
503.1258544921875,1.8497058153152466
504.2689208984375,3.0873591899871826
505.41790771484375,4.318912506103516
506.5716247558594,5.5432233810424805
507.7283630371094,6.7591142654418945
508.88641357421875,7.9658050537109375
510.0445251464844,9.162821769714355
511.20172119140625,10.349589347839355
512.3568725585938,11.52568244934082
513.5094604492188,12.690657615661621
514.658935546875,13.84421443939209
515.8046875,14.985940933227539
516.9458618164062,16.11567497253418
518.0831298828125,17.233638763427734
519.2156982421875,18.33968162536621
520.3435668945312,19.434368133544922
521.4669189453125,20.51787757873535
522.5853881835938,21.59015464782715
523.6988525390625,22.651718139648438
524.8060302734375,23.702796936035156
525.9066772460938,24.743892669677734
527.0005493164062,25.775468826293945
528.4129028320312,27.103084564208984
529.9197387695312,28.515071868896484
531.3052368164062,29.809772491455078
532.6793823242188,31.090099334716797
534.1412963867188,32.44974136352539
535.4818725585938,33.695533752441406
536.8056640625,34.92582702636719
538.2123413085938,36.23404312133789
539.5010986328125,37.4337043762207
540.7735595703125,38.61941146850586
542.126708984375,39.88125991821289
543.36865234375,41.039939880371094
544.5979614257812,42.186668395996094
545.8141479492188,43.320838928222656
547.1102905273438,44.529754638671875
548.3016357421875,45.641883850097656
549.5712280273438,46.828582763671875
550.73779296875,47.92056655883789
551.892822265625,49.00337219238281
553.1240844726562,50.1595573425293
554.2561645507812,51.224464416503906
555.3778686523438,52.28114318847656
556.4894409179688,53.32968521118164
557.6749877929688,54.44960403442383
558.7646484375,55.48085403442383
559.925048828125,56.581764221191406
561.2345581054688,57.82844924926758
562.3646240234375,58.908897399902344
563.6378784179688,60.13325500488281
564.7347412109375,61.19579315185547
565.9685668945312,62.4024658203125
567.2567749023438,63.67665100097656
568.5213012695312,64.94601440429688
569.68994140625,66.14066314697266
570.9081420898438,67.41211700439453
572.1018676757812,68.68806457519531
573.2034912109375,69.89469146728516
574.3505249023438,71.183349609375
575.4725952148438,72.47943115234375
576.5049438476562,73.70616912841797
577.5750732421875,75.01695251464844
578.5565185546875,76.25753021240234
579.571533203125,77.58386993408203
580.5579833984375,78.91927337646484
581.5164184570312,80.26533508300781
582.3935546875,81.54318237304688
583.2991333007812,82.9129638671875
584.1769409179688,84.2948989868164
584.9768676757812,85.60614776611328
585.7977294921875,87.0097427368164
586.5425415039062,88.3399887084961
587.30419921875,89.76339721679688
588.0354614257812,91.19696044921875
588.7357788085938,92.64025115966797
589.3668212890625,94.00694274902344
590.0073852539062,95.46728515625
590.6183471679688,96.93525695800781
591.2673950195312,98.58399200439453
591.8179321289062,100.06562042236328
592.33837890625,101.55284881591797
592.826171875,103.0453872680664
593.3575439453125,104.80747985839844
593.8215942382812,106.48676300048828
594.2059936523438,107.99268341064453
594.5635986328125,109.50121307373047
594.89453125,111.01229095458984
595.246826171875,112.79354858398438
595.5413208007812,114.48970031738281
595.7708129882812,116.010498046875
595.9683227539062,117.53366088867188
596.1348876953125,119.057861328125
596.2930908203125,120.85014343261719
596.4061889648438,122.5504379272461
596.4778442382812,124.06909942626953
596.5223999023438,125.58496856689453
596.5404052734375,127.09805297851562
596.5272827148438,128.8756103515625
596.48046875,130.56346130371094
596.409423828125,132.07293701171875
596.31103515625,133.58123779296875
596.1849365234375,135.08802795410156
596.0014038085938,136.85784912109375
595.792236328125,138.53533935546875
595.576904296875,140.03306579589844
595.3349609375,141.5274200439453
595.06689453125,143.01841735839844
594.7176513671875,144.76922607421875
594.3515625,146.42926025390625
593.9935302734375,147.91322326660156
593.6055297851562,149.39710998535156
593.1124267578125,151.14364624023438
592.5834350585938,152.89315795898438
592.0210571289062,154.64674377441406
591.5167846679688,156.14175415039062
590.8917846679688,157.9053192138672
590.3670043945312,159.31924438476562
589.7861328125,160.82476806640625
589.2186889648438,162.2454833984375
588.5941772460938,163.75877380371094
587.9471435546875,165.275390625
587.278076171875,166.7954864501953
586.6301879882812,168.23020935058594
585.925048828125,169.76058959960938
585.2020263671875,171.29759216308594
584.50341796875,172.7499237060547
583.7411499023438,174.29861450195312
583.0059814453125,175.7610626220703
582.207275390625,177.32049560546875
581.3919067382812,178.8857421875
580.5611572265625,180.45753479003906
579.7670288085938,181.94386291503906
578.9129638671875,183.5319366455078
578.0518798828125,185.13121032714844
577.2386474609375,186.6485137939453
576.5279541015625,187.98704528808594
575.7196655273438,189.53036499023438
575.0180053710938,190.89334106445312
574.224365234375,192.46575927734375
573.5382080078125,193.8548583984375
572.76416015625,195.4576873779297
572.0960693359375,196.87368774414062
571.3435668945312,198.5074462890625
570.6950073242188,199.9507293701172
569.9652099609375,201.6159210205078
569.2039184570312,203.4033660888672
568.4576416015625,205.20965576171875
567.8975830078125,206.60369873046875
567.3473510742188,208.0084228515625
566.7659301757812,209.5332489013672
566.2366943359375,210.96046447753906
565.7178955078125,212.3982696533203
565.1707763671875,213.95828247070312
564.6732788085938,215.4175567626953
564.18603515625,216.8870086669922
563.7093505859375,218.36656188964844
563.20849609375,219.97142028808594
562.7552490234375,221.4723358154297
562.2799682617188,223.0997772216797
561.8504638671875,224.62071228027344
561.4321899414062,226.1508331298828
560.9945678710938,227.8088836669922
560.6004638671875,229.35804748535156
560.2185668945312,230.91641235351562
559.849365234375,232.4837188720703
559.4664306640625,234.18124389648438
559.1248779296875,235.7664031982422
558.7725219726562,237.483154296875
558.4592895507812,239.0859832763672
558.1589965820312,240.69711303710938
557.8491821289062,242.4406280517578
557.5739135742188,244.06736755371094
557.3108520507812,245.70162963867188
557.060546875,247.3434295654297
556.8057250976562,249.11988830566406
556.5828857421875,250.7769775390625
556.357421875,252.56906127929688
556.1615600585938,254.23995971679688
555.9799194335938,255.9166259765625
555.8023681640625,257.7254638671875
555.6553955078125,259.4018249511719
555.524169921875,261.0704650878906
555.40673828125,262.7288818359375
555.292724609375,264.5008544921875
555.1954345703125,266.130615234375
555.1032104492188,267.7424621582031
555.0072631835938,269.4580993652344
554.919921875,271.030517578125
554.8273315429688,272.70111083984375
554.7426147460938,274.22998046875
554.6585693359375,275.7359619140625
554.5672607421875,277.33184814453125
554.4588012695312,279.1247863769531
554.3350219726562,280.9966125488281
554.2005004882812,282.8393249511719
554.0618286132812,284.5504455566406
553.9031982421875,286.3402404785156
553.7314453125,288.1005554199219
553.5565795898438,289.7310485839844
553.3555297851562,291.43878173828125
553.15185546875,293.0236511230469
552.91796875,294.68695068359375
552.6646728515625,296.3316650390625
552.3905029296875,297.95916748046875
552.1109619140625,299.4764099121094
551.7898559570312,301.073486328125
551.4429931640625,302.65618896484375
551.0922241210938,304.1337890625
550.6943359375,305.6926574707031
550.2965087890625,307.1494445800781
549.8494873046875,308.6860046386719
549.3782348632812,310.2100524902344
548.8828125,311.7196350097656
548.2684936523438,313.4750671386719
547.652587890625,315.1219787597656
547.0760498046875,316.5778503417969
546.4778442382812,318.0160827636719
545.8603515625,319.435546875
545.1104125976562,321.07879638671875
544.3744506835938,322.61126708984375
543.6959838867188,323.9577941894531
542.8734741210938,325.5127868652344
542.0244140625,327.035888671875
541.1493530273438,328.52716064453125
540.2484741210938,329.987060546875
539.3216552734375,331.4145812988281
538.3682861328125,332.8091125488281
537.3873901367188,334.1707763671875
536.3779296875,335.50067138671875
535.3400268554688,336.7986755371094
534.2734375,338.063232421875
533.1788330078125,339.29376220703125
532.0568237304688,340.4903564453125
530.9077758789062,341.65472412109375
529.730712890625,342.789794921875
528.5244140625,343.897216796875
527.287841796875,344.9776916503906
526.0197143554688,346.03173828125
524.7198486328125,347.05999755859375
523.3890380859375,348.0636291503906
522.0280151367188,349.04364013671875
520.6375122070312,350.0001220703125
519.2175903320312,350.93328857421875
517.7682495117188,351.8423156738281
516.2899169921875,352.7264404296875
514.7835083007812,353.58404541015625
513.2498779296875,354.41448974609375
511.6894836425781,355.2187805175781
510.3421936035156,355.88226318359375
508.9760437011719,356.52667236328125
507.3454895019531,357.2600402832031
505.77386474609375,357.932373046875
504.3493347167969,358.513916015625
502.9075622558594,359.07647705078125
501.4483642578125,359.61944580078125
499.70977783203125,360.2328186035156
498.0361022949219,360.79052734375
496.5208435058594,361.2699890136719
494.9895324707031,361.73040771484375
493.44293212890625,362.1708068847656
491.97235107421875,362.5672912597656
490.39385986328125,362.968994140625
488.80029296875,363.3495178222656
487.2868347167969,363.6874694824219
485.6642150878906,364.0251770019531
484.12445068359375,364.323974609375
482.47637939453125,364.6223449707031
480.8157958984375,364.90228271484375
479.1423645019531,365.16424560546875
477.5556945800781,365.3941345214844
475.8575439453125,365.61895751953125
474.14703369140625,365.8218078613281
472.52606201171875,365.992431640625
470.7918395996094,366.1532287597656
469.1479187011719,366.28729248046875
467.3883361816406,366.4127502441406
465.6143493652344,366.5215148925781
463.8255310058594,366.6142272949219
462.1289367675781,366.6876525878906
460.3124694824219,366.7517395019531
458.4812316894531,366.8034362792969
456.7452697753906,366.84246826171875
455.217041015625,366.87060546875
453.45947265625,366.8965148925781
451.9119873046875,366.9136657714844
450.13311767578125,366.9262390136719
448.5677185058594,366.93048095703125
446.767822265625,366.9266662597656
444.8433837890625,366.9118957519531
443.0213928222656,366.88818359375
441.41864013671875,366.8592529296875
439.57708740234375,366.8166809082031
437.9569091796875,366.7706298828125
436.44525146484375,366.72064208984375
434.8096618652344,366.6593933105469
433.2837219238281,366.5959777832031
431.7508850097656,366.5264892578125
430.0924377441406,366.4450378417969
428.54547119140625,366.3636169433594
426.99188232421875,366.2765808105469
425.4315490722656,366.1846923828125
423.7436218261719,366.0801086425781
422.1691589355469,365.978515625
420.4656982421875,365.86541748046875
418.8764953613281,365.7578125
417.2806396484375,365.64837646484375
415.5542907714844,365.5293273925781
413.9439392089844,365.41864013671875
412.3267517089844,365.3086853027344
410.7027587890625,365.2001647949219
408.94598388671875,365.0856018066406
407.307373046875,364.9819641113281
405.5350036621094,364.87359619140625
403.882080078125,364.7760925292969
402.2222900390625,364.6816101074219
400.42724609375,364.5832214355469
398.7533874511719,364.49493408203125
397.0726623535156,364.4095458984375
395.3853454589844,364.3270568847656
393.5608215332031,364.2414855957031
391.8597412109375,364.1651611328125
390.02044677734375,364.08642578125
388.3056945800781,364.0165710449219
386.58453369140625,363.9499816894531
384.7237243652344,363.8819885253906
382.9891662597656,363.8223571777344
381.2482604980469,363.7659912109375
379.5015869140625,363.7126159667969
377.6166076660156,363.658447265625
375.8630676269531,363.6109924316406
373.9722595214844,363.562744140625
372.2131652832031,363.5204162597656
370.449951171875,363.4804992675781
368.5458984375,363.4403076171875
366.77264404296875,363.4056091308594
364.9942932128906,363.3734436035156
363.2105407714844,363.3438720703125
361.697021484375,363.3210144042969
359.90338134765625,363.2965393066406
358.1044006347656,363.27484130859375
356.1609802246094,363.2543029785156
354.35089111328125,363.2377014160156
352.5355529785156,363.223388671875
350.7149353027344,363.2113952636719
349.17022705078125,363.2030334472656
347.3397216796875,363.1951904296875
345.5039978027344,363.189453125
343.66302490234375,363.18572998046875
341.6745300292969,363.18389892578125
339.8226013183594,363.18414306640625
337.96539306640625,363.1860046386719
336.38983154296875,363.1888122558594
334.5229797363281,363.19342041015625
332.65087890625,363.19927978515625
330.6289367675781,363.206787109375
328.7459716796875,363.21484375
326.85784912109375,363.223876953125
324.96453857421875,363.2339782714844
323.3583984375,363.2433776855469
321.4554443359375,363.2554626464844
319.54736328125,363.26861572265625
317.4866638183594,363.28387451171875
315.5678405761719,363.2989807128906
313.6438903808594,363.3149719238281
311.7147521972656,363.3317565917969
310.0783996582031,363.3465881347656
308.13983154296875,363.3648681640625
306.1961975097656,363.3840026855469
304.0973205566406,363.4055480957031
302.14312744140625,363.42633056640625
300.63641357421875,363.4427490234375
299.126708984375,363.45953369140625
297.6140441894531,363.47662353515625
296.098388671875,363.49395751953125
294.5797424316406,363.51153564453125
293.0581359863281,363.5292663574219
291.5335693359375,363.5470886230469
290.00604248046875,363.5649719238281
288.4754943847656,363.5829162597656
286.9420166015625,363.6008605957031
285.4056091308594,363.61883544921875
283.8663330078125,363.6368408203125
282.3241271972656,363.65484619140625
280.7789611816406,363.6728820800781
279.2308654785156,363.6909484863281
277.6798400878906,363.7091064453125
276.12591552734375,363.7273864746094
274.5691223144531,363.74578857421875
273.0093994140625,363.7643737792969
271.44683837890625,363.78314208984375
269.8813781738281,363.8021240234375
268.3130187988281,363.82135009765625
266.7417907714844,363.84075927734375
265.167724609375,363.86041259765625
263.5908203125,363.8802185058594
262.0110168457031,363.90020751953125
260.4283752441406,363.9203186035156
258.8429260253906,363.9405212402344
257.2546691894531,363.96075439453125
255.66357421875,363.9809875488281
254.0696563720703,364.00115966796875
252.47296142578125,364.02130126953125
250.87344360351562,364.0413818359375
249.2711639404297,364.0614318847656
247.66610717773438,364.08135986328125
246.05824279785156,364.1011962890625
244.44761657714844,364.12091064453125
242.83424377441406,364.1405334472656
241.2180938720703,364.1600341796875
239.5991973876953,364.179443359375
237.97750854492188,364.1986999511719
236.35313415527344,364.2177734375
234.72607421875,364.2366638183594
233.09619140625,364.2552795410156
231.46356201171875,364.273681640625
229.8282012939453,364.29180908203125
228.190185546875,364.30963134765625
226.5495147705078,364.3270568847656
224.90611267089844,364.3440246582031
223.26004028320312,364.3603820800781
221.6112823486328,364.3760986328125
219.95986938476562,364.39111328125
218.3057861328125,364.4053955078125
216.64906311035156,364.4189147949219
214.98973083496094,364.43170166015625
213.3277587890625,364.44378662109375
211.6631317138672,364.4552001953125
209.99586486816406,364.4659729003906
208.3259735107422,364.47613525390625
206.6534881591797,364.4856262207031
204.9783935546875,364.49444580078125
203.3006591796875,364.5025634765625
201.6203155517578,364.5099792480469
199.9374237060547,364.5167236328125
198.2519073486328,364.5228576660156
196.56373596191406,364.52838134765625
194.8730926513672,364.5333251953125
193.179931640625,364.5376892089844
191.484130859375,364.5413513183594
189.78578186035156,364.5443115234375
188.08494567871094,364.5466003417969
186.38157653808594,364.5481872558594
184.67567443847656,364.5491638183594
182.9672393798828,364.5495300292969
181.2563018798828,364.5493469238281
179.54287719726562,364.5486755371094
177.82693481445312,364.5475158691406
176.10853576660156,364.5459289550781
174.38766479492188,364.5439758300781
172.66432189941406,364.5416564941406
170.93850708007812,364.5390319824219
169.21029663085938,364.5361633300781
167.4796600341797,364.5330505371094
165.74658203125,364.5296630859375
164.01107788085938,364.52606201171875
162.2731475830078,364.522216796875
160.53280639648438,364.51812744140625
158.79005432128906,364.5138854980469
157.044921875,364.50946044921875
155.29737854003906,364.5049133300781
153.5474395751953,364.500244140625
151.7952117919922,364.4954528808594
150.0405731201172,364.4905700683594
148.28350830078125,364.4856262207031
146.52423095703125,364.4806823730469
144.76364135742188,364.4757995605469
143.00210571289062,364.47113037109375
141.23973083496094,364.4666748046875
139.47683715820312,364.46246337890625
137.71363830566406,364.4584655761719
135.94915771484375,364.4547424316406
134.1832733154297,364.4512634277344
132.41580200195312,364.4481201171875
130.646728515625,364.4453125
128.87591552734375,364.44281005859375
127.10324096679688,364.440673828125
125.32865905761719,364.4388427734375
123.55217742919922,364.43731689453125
121.77379608154297,364.43603515625
119.99352264404297,364.4350280761719
118.2113265991211,364.4342041015625
116.42723083496094,364.43359375
114.64124298095703,364.4331359863281
112.8533935546875,364.432861328125
111.06362915039062,364.4327392578125
109.27194213867188,364.43267822265625
107.47838592529297,364.4327087402344
105.68297576904297,364.4327697753906
103.88568878173828,364.432861328125
102.08656311035156,364.4330139160156
100.28556823730469,364.4331970214844
98.482666015625,364.43341064453125
96.6778793334961,364.4337158203125
94.8712158203125,364.4341125488281
93.06270599365234,364.4346923828125
91.25233459472656,364.4355163574219
89.44007873535156,364.4365539550781
87.62596130371094,364.43780517578125
85.80999755859375,364.439208984375
83.99217224121094,364.44073486328125
82.17247009277344,364.4423828125
80.35088348388672,364.44415283203125
78.52747344970703,364.4460144042969
76.70225524902344,364.4479675292969
74.87519836425781,364.4499206542969
73.04631042480469,364.4518737792969
71.215576171875,364.4538269042969
69.38297271728516,364.45574951171875
67.54850006103516,364.4576110839844
65.71215057373047,364.45941162109375
63.874000549316406,364.4610595703125
62.03401184082031,364.4625549316406
60.192169189453125,364.4638366699219
58.348533630371094,364.46484375
56.50307083129883,364.46551513671875
54.65580368041992,364.4658508300781
52.806732177734375,364.46588134765625
50.95581817626953,364.46563720703125
49.10307312011719,364.4652099609375
47.24851608276367,364.46466064453125
45.39216613769531,364.4640197753906
43.533958435058594,364.4632873535156
41.67390060424805,364.46246337890625
39.81203079223633,364.4615783691406
37.94835662841797,364.4605712890625
36.08289337158203,364.45953369140625
34.215675354003906,364.45843505859375
32.34666442871094,364.45733642578125
30.475860595703125,364.456298828125
28.60326385498047,364.45526123046875
26.72885513305664,364.45428466796875
24.85267448425293,364.4533386230469
22.974668502807617,364.452392578125
21.0948429107666,364.45147705078125
19.213237762451172,364.4506530761719
17.329877853393555,364.4498596191406
15.444723129272461,364.4491271972656
13.557756423950195,364.4484558105469
11.6690092086792,364.4478759765625
9.778523445129395,364.4473876953125
7.8862080574035645,364.4470520019531
5.992117404937744,364.4468688964844
4.096260070800781,364.4468078613281
2.1986310482025146,364.4468994140625
0.2992447018623352,364.4470520019531
-1.6018755435943604,364.4472961425781
-3.5048139095306396,364.4476318359375
-5.4095611572265625,364.44805908203125
-7.316053867340088,364.44854736328125
-9.22429370880127,364.4490966796875
-11.13428020477295,364.44976806640625
-13.046026229858398,364.4505920410156
-14.959515571594238,364.4516296386719
-16.87474250793457,364.452880859375
-18.791669845581055,364.4543762207031
-20.710371017456055,364.4561462402344
-22.63083267211914,364.4582214355469
-24.552997589111328,364.46063232421875
-26.47690200805664,364.4633483886719
-28.40250587463379,364.4664001464844
-30.3298397064209,364.4698181152344
-32.2589225769043,364.47357177734375
-34.18975067138672,364.4775390625
-36.122314453125,364.481689453125
-38.056640625,364.48602294921875
-39.9926872253418,364.4904479980469
-41.93049240112305,364.4949645996094
-43.87002944946289,364.49957275390625
-45.8112907409668,364.5042419433594
-47.75429916381836,364.5089416503906
-49.69902038574219,364.5136413574219
-51.645423889160156,364.51837158203125
-53.59349060058594,364.5230712890625
-55.54328155517578,364.52783203125
-57.49474334716797,364.5326232910156
-59.447898864746094,364.53741455078125
-61.40277862548828,364.5421447753906
-63.35938262939453,364.54681396484375
-65.31770324707031,364.5513610839844
-67.2776870727539,364.5557556152344
-69.23936462402344,364.5600280761719
-71.20274353027344,364.5641174316406
-73.16780090332031,364.568115234375
-75.13451385498047,364.5719909667969
-77.1029281616211,364.57574462890625
-79.07295989990234,364.5794372558594
-81.04461669921875,364.5830078125
-83.01789093017578,364.5865173339844
-84.99283599853516,364.5899658203125
-86.96939849853516,364.5934143066406
-88.9476089477539,364.5970153808594
-90.92747497558594,364.60076904296875
-92.90896606445312,364.6046447753906
-94.89213562011719,364.6086730957031
-96.8769760131836,364.6128845214844
-98.86344909667969,364.6171875
-100.85160827636719,364.62164306640625
-102.84137725830078,364.626220703125
-104.83279418945312,364.63092041015625
-106.82586669921875,364.63568115234375
-108.820556640625,364.64044189453125
-110.81686401367188,364.6451721191406
-112.8147964477539,364.6498718261719
-114.81436157226562,364.6544189453125
-116.81550598144531,364.6587829589844
-118.81822967529297,364.6629638671875
-120.82257843017578,364.6669006347656
-122.8284912109375,364.67059326171875
-124.83596801757812,364.67401123046875
-126.8450698852539,364.67718505859375
-128.85577392578125,364.6800842285156
-130.86805725097656,364.6827697753906
-132.8819122314453,364.68524169921875
-134.8973388671875,364.68756103515625
-136.91436767578125,364.6897888183594
-138.93295288085938,364.69195556640625
-140.95315551757812,364.6941833496094
-142.97491455078125,364.696533203125
-144.99822998046875,364.6990051269531
-147.02317810058594,364.70166015625
-149.04965209960938,364.7043762207031
-151.07762145996094,364.7071838378906
-153.107177734375,364.7100830078125
-155.13824462890625,364.7131652832031
-157.1708526611328,364.7164306640625
-159.20504760742188,364.7198791503906
-161.24081420898438,364.7235107421875
-163.27821350097656,364.7272644042969
-165.3169708251953,364.73114013671875
-167.35733032226562,364.73504638671875
-169.3992919921875,364.73895263671875
-171.44268798828125,364.7427978515625
-173.48770141601562,364.74664306640625
-175.53428649902344,364.75042724609375
-177.58236694335938,364.7542724609375
-179.6319122314453,364.7581481933594
-181.68296813964844,364.7620544433594
-183.73558044433594,364.7658996582031
-185.7897491455078,364.7696838378906
-187.845458984375,364.7733459472656
-189.90272521972656,364.7770080566406
-191.96148681640625,364.7806396484375
-194.02166748046875,364.7842712402344
-196.08338928222656,364.78790283203125
-198.14651489257812,364.79156494140625
-200.21109008789062,364.7951965332031
-202.2771759033203,364.7988586425781
-204.34478759765625,364.8026123046875
-206.41383361816406,364.8065490722656
-208.48434448242188,364.8106689453125
-210.55630493164062,364.8150634765625
-212.62979125976562,364.8197326660156
-214.7047882080078,364.8247375488281
-216.78125,364.8299865722656
-218.8591766357422,364.83551025390625
-220.93856811523438,364.84136962890625
-223.0194091796875,364.8475341796875
-225.1016082763672,364.85406494140625
-227.18524169921875,364.86083984375
-229.27035522460938,364.8678283691406
-231.35696411132812,364.8748779296875
-233.44505310058594,364.88201904296875
-235.53456115722656,364.8893127441406
-237.6253662109375,364.8967590332031
-239.7177734375,364.9043273925781
-241.8115997314453,364.9119873046875
-243.9067840576172,364.9197692871094
-246.0033721923828,364.92767333984375
-248.10140991210938,364.93560791015625
-250.20086669921875,364.9436340332031
-252.30162048339844,364.95159912109375
-254.4038543701172,364.9593811035156
-256.5075378417969,364.9668884277344
-258.6126708984375,364.9739990234375
-260.7191467285156,364.980712890625
-262.8270263671875,364.9869689941406
-264.93634033203125,364.9927062988281
-267.0469970703125,364.9979553222656
-269.1590576171875,365.0025939941406
-271.27252197265625,365.00665283203125
-273.3873291015625,365.0099792480469
-275.50347900390625,365.01251220703125
-277.62091064453125,365.01416015625
-279.73974609375,365.0148010253906
-281.85992431640625,365.0144348144531
-283.9814758300781,365.0130920410156
-286.1044006347656,365.0106506347656
-288.2287292480469,365.0071716308594
-290.3544006347656,365.0025634765625
-292.48138427734375,364.996826171875
-294.60955810546875,364.9898986816406
-296.73834228515625,364.9816589355469
-298.8664855957031,364.9720764160156
-300.9930114746094,364.9612121582031
-303.11639404296875,364.9491882324219
-305.2345886230469,364.9361572265625
-307.3455810546875,364.9222412109375
-309.4474792480469,364.907470703125
-311.5390930175781,364.8919372558594
-313.6195373535156,364.875732421875
-315.68817138671875,364.85888671875
-317.74493408203125,364.8414001464844
-319.7894287109375,364.8231201171875
-321.8217468261719,364.8035583496094
-323.8414001464844,364.7825622558594
-325.8487243652344,364.7597961425781
-327.84307861328125,364.7351989746094
-329.8245849609375,364.70806884765625
-331.79345703125,364.6781005859375
-333.7496643066406,364.6454162597656
-335.69403076171875,364.60955810546875
-337.6270446777344,364.571044921875
-339.5492248535156,364.53021240234375
-341.4610290527344,364.486572265625
-343.3634338378906,364.4396667480469
-345.2555236816406,364.3898620605469
-347.1378479003906,364.3361511230469
-349.01019287109375,364.27850341796875
-350.8718566894531,364.21661376953125
-352.72442626953125,364.14892578125
-354.5662841796875,364.0765075683594
-356.3983154296875,363.9988708496094
-358.22088623046875,363.9156494140625
-360.03314208984375,363.8271179199219
-361.8363037109375,363.7326354980469
-363.6297302246094,363.6326599121094
-365.41314697265625,363.5280456542969
-367.1876525878906,363.4175109863281
-368.952392578125,363.3017883300781
-370.7074279785156,363.1814270019531
-372.45361328125,363.05523681640625
-374.189697265625,362.92437744140625
-375.9163513183594,362.788330078125
-377.6337890625,362.6464538574219
-379.342529296875,362.4986267089844
-381.04193115234375,362.3453369140625
-382.73291015625,362.1855163574219
-384.4142150878906,362.0201416015625
-386.0867614746094,361.8480224609375
-387.74945068359375,361.6701965332031
-389.4029846191406,361.4862976074219
-391.0479431152344,361.29583740234375
-392.68328857421875,361.0998840332031
-394.309814453125,360.8970031738281
-395.9265441894531,360.68707275390625
-397.5332336425781,360.470703125
-399.13134765625,360.2471008300781
-400.720703125,360.0184020996094
-402.30145263671875,359.78509521484375
-403.8739929199219,359.54669189453125
-405.4376220703125,359.30255126953125
-406.9916076660156,359.05291748046875
-408.5361633300781,358.7970275878906
-410.0711975097656,358.5348815917969
-411.5975646972656,358.2662048339844
-413.114501953125,357.99237060546875
-414.6222839355469,357.71337890625
-416.12164306640625,357.4287414550781
-417.61199951171875,357.13970947265625
-419.0932312011719,356.8463134765625
-420.56536865234375,356.5479736328125
-422.4646301269531,356.1537170410156
-424.4922180175781,355.71905517578125
-426.3582763671875,355.3053894042969
-428.208251953125,354.88128662109375
-430.18255615234375,354.4124755859375
-432.0002136230469,353.9652099609375
-433.80242919921875,353.507568359375
-435.5906066894531,353.03924560546875
-437.0933532714844,352.635009765625
-438.8575134277344,352.14849853515625
-440.6092529296875,351.6526794433594
-442.48065185546875,351.1075744628906
-444.20166015625,350.59051513671875
-445.9058532714844,350.06060791015625
-447.5928039550781,349.5187683105469
-449.39190673828125,348.9231262207031
-451.0484619140625,348.3586120605469
-452.8159484863281,347.74078369140625
-454.44244384765625,347.1564636230469
-456.0531921386719,346.56390380859375
-457.7707824707031,345.91455078125
-459.34814453125,345.3019714355469
-460.9096984863281,344.6778259277344
-462.45501708984375,344.04486083984375
-464.1036376953125,343.3540344238281
-465.6214599609375,342.70458984375
-467.2403869628906,341.99798583984375
-468.7282409667969,341.3329772949219
-470.1990966796875,340.6601257324219
-471.7644348144531,339.9251708984375
-473.2003479003906,339.2343444824219
-474.61944580078125,338.5351257324219
-476.0216369628906,337.82781982421875
-477.51361083984375,337.0577392578125
-478.88275146484375,336.3363342285156
-480.3409423828125,335.5533142089844
-481.6798095703125,334.8207702636719
-483.0039978027344,334.080810546875
-484.4112243652344,333.2768859863281
-485.9946594238281,332.34820556640625
-487.35882568359375,331.5264587402344
-488.8940734863281,330.5772705078125
-490.2174377441406,329.7383728027344
-491.707763671875,328.7713623046875
-492.9924011230469,327.91851806640625
-494.4384460449219,326.9371337890625
-495.684814453125,326.0711669921875
-497.08685302734375,325.074462890625
-498.54998779296875,324.0054931640625
-499.90020751953125,322.9905090332031
-501.3053283691406,321.90185546875
-502.68084716796875,320.80084228515625
-503.94952392578125,319.7532043457031
-505.2724609375,318.6276550292969
-506.5711975097656,317.4887390136719
-507.77203369140625,316.4035339355469
-509.02386474609375,315.2342224121094
-510.25048828125,314.047607421875
-511.45306396484375,312.8453063964844
-512.5643920898438,311.7016296386719
-513.7227172851562,310.4752502441406
-514.7886352539062,309.3097229003906
-515.8927001953125,308.05731201171875
-516.9668579101562,306.78955078125
-518.0128784179688,305.50726318359375
-518.97265625,304.2881164550781
-519.9656372070312,302.9808044433594
-520.93017578125,301.6615905761719
-521.811279296875,300.4084777832031
-522.7190551757812,299.0642395019531
-523.5471801757812,297.7876281738281
-524.3982543945312,296.4197082519531
-525.21923828125,295.0410461425781
-526.010009765625,293.6527099609375
-526.9021606445312,292.0090026855469
-527.712646484375,290.439208984375
-528.4089965820312,289.0294189453125
-529.0775756835938,287.6156921386719
-529.716796875,286.19842529296875
-530.4287719726562,284.52545166015625
-531.0654296875,282.9303894042969
-531.6050415039062,281.4994201660156
-532.1175537109375,280.0658264160156
-532.6838989257812,278.3767395019531
-533.1307983398438,276.9388732910156
-533.6106567382812,275.2444763183594
-534.0374145507812,273.54681396484375
-534.3941040039062,271.93115234375
-534.72265625,270.22833251953125
-535.0230712890625,268.4396057128906
-535.2581787109375,266.82171630859375
-535.46875,265.11993408203125
-535.6383666992188,263.4205627441406
-535.77001953125,261.63909912109375
-535.8463134765625,260.0273742675781
-535.885009765625,258.24163818359375
-535.8805541992188,256.5343322753906
-535.8408813476562,254.9054718017578
-535.7572631835938,253.09959411621094
-535.6350708007812,251.3824462890625
-535.4788818359375,249.7586212158203
-535.2705078125,248.05844116210938
-535.0078125,246.27993774414062
-534.7185668945312,244.5893096923828
-534.3930053710938,242.9014129638672
-534.0287475585938,241.21575927734375
-533.625,239.53274536132812
-533.1834716796875,237.85243225097656
-532.70703125,236.1745147705078
-532.1962890625,234.4989471435547
-531.6484985351562,232.82618713378906
-531.0610961914062,231.15538024902344
-530.4652099609375,229.5688018798828
-529.9007568359375,228.1488037109375
-529.272705078125,226.64373779296875
-528.654052734375,225.22064208984375
-527.975341796875,223.71205139160156
-527.2733764648438,222.2008056640625
-526.5481567382812,220.68606567382812
-525.7987670898438,219.16798400878906
-524.97900390625,217.5634765625
-524.1722412109375,216.0439453125
-523.2885131835938,214.4419403076172
-522.4215698242188,212.92623901367188
-521.4779663085938,211.32785034179688
-520.5067138671875,209.72918701171875
-519.5608520507812,208.21446228027344
-518.58740234375,206.70167541503906
-517.7534790039062,205.44342041015625
-516.8988647460938,204.18788146972656
-515.8472900390625,202.68601989746094
-514.829345703125,201.27137756347656
-513.7259521484375,199.77554321289062
-512.597412109375,198.2810821533203
-511.4432067871094,196.79013061523438
-510.26123046875,195.3045654296875
-509.0501403808594,193.82501220703125
-507.81134033203125,192.3529052734375
-506.8293762207031,191.21527099609375
-505.830810546875,190.08453369140625
-504.8147888183594,188.96023559570312
-503.7816162109375,187.84210205078125
-502.7315673828125,186.72996520996094
-501.66461181640625,185.6241455078125
-500.5809020996094,184.5250244140625
-499.4808349609375,183.43255615234375
-498.3647766113281,182.34716796875
-496.9884033203125,181.0400390625
-495.8367614746094,179.97445678710938
-494.4992370605469,178.76950073242188
-493.3103942871094,177.72520446777344
-491.8456115722656,176.4693145751953
-490.6244812011719,175.44520568847656
-489.123779296875,174.2130126953125
-487.6924133300781,173.06448364257812
-486.4241638183594,172.0718994140625
-485.1394958496094,171.09461975097656
-483.93048095703125,170.20223999023438
-482.6111145019531,169.2575225830078
-481.3714294433594,168.39479064941406
-480.02362060546875,167.48004150390625
-478.7632141113281,166.64297485351562
-477.3981018066406,165.75416564941406
-476.0248718261719,164.87852478027344
-474.640869140625,164.01754760742188
-473.3439636230469,163.23374938964844
-471.93438720703125,162.40728759765625
-470.5124816894531,161.59837341308594
-469.079345703125,160.80584716796875
-467.63592529296875,160.02847290039062
-466.2864685058594,159.3194122314453
-464.8235168457031,158.56881713867188
-463.3507995605469,157.83067321777344
-461.8677062988281,157.1044921875
-460.4801330566406,156.4409942626953
-458.9737854003906,155.73818969726562
-457.5641174316406,155.09619140625
-456.0345458984375,154.41580200195312
-454.6036376953125,153.79421997070312
-453.0511474609375,153.13629150390625
-451.5987243652344,152.5369110107422
-450.0228576660156,151.9048614501953
-448.54827880859375,151.33131408691406
-447.0626220703125,150.77101135253906
-445.4503479003906,150.18209838867188
-443.94281005859375,149.64854431152344
-442.426513671875,149.12771606445312
-440.7841491699219,148.58102416992188
-439.2501525878906,148.08665466308594
-437.707275390625,147.6051788330078
-436.0359802246094,147.10116577148438
-434.47576904296875,146.64720153808594
-432.7877197265625,146.17410278320312
-431.2137145996094,145.75
-429.51239013671875,145.30950927734375
-427.92633056640625,144.91436767578125
-426.334228515625,144.5320281982422
-424.6123046875,144.13450622558594
-423.00555419921875,143.7787322998047
-421.26605224609375,143.4094696044922
-419.642333984375,143.07884216308594
-418.0111389160156,142.7594451904297
-416.24652099609375,142.4272918701172
-414.600830078125,142.13014221191406
-412.8209228515625,141.82269287109375
-411.16094970703125,141.54959106445312
-409.4942321777344,141.28897094726562
-407.6918640136719,141.0224609375
-406.0115051269531,140.7880401611328
-404.3250732421875,140.56565856933594
-402.50244140625,140.33932495117188
-400.80438232421875,140.1421661376953
-399.1004638671875,139.95755004882812
-397.2586669921875,139.77330017089844
-395.5423889160156,139.61553955078125
-393.8199462890625,139.47067260742188
-391.9587097167969,139.32952880859375
-390.22454833984375,139.21194458007812
-388.4842224121094,139.1068878173828
-386.6036682128906,139.00621032714844
-384.8516540527344,138.92430114746094
-383.093505859375,138.8536834716797
-381.1933898925781,138.7905731201172
-379.4234619140625,138.74398803710938
-377.64825439453125,138.70852661132812
-375.7308654785156,138.682861328125
-373.945068359375,138.6700897216797
-372.1540832519531,138.6674041748047
-370.2200012207031,138.67556762695312
-368.41912841796875,138.69354248046875
-366.613037109375,138.72128295898438
-364.6624755859375,138.76150512695312
-362.8463439941406,138.80836486816406
-361.0255126953125,138.86489868164062
-359.0592346191406,138.9368133544922
-357.2286071777344,139.0137176513672
-355.39324951171875,139.09991455078125
-353.4114074707031,139.20262145996094
-351.5662841796875,139.306640625
-349.7162780761719,139.41836547851562
-347.718505859375,139.54617309570312
-345.858642578125,139.6710662841797
-343.9938659667969,139.80120849609375
-341.9798889160156,139.94635009765625
-340.1048583984375,140.08502197265625
-338.22491455078125,140.22705078125
-336.1944885253906,140.38327026367188
-334.30377197265625,140.53082275390625
-332.4081726074219,140.6804656982422
-330.3612976074219,140.84393310546875
-328.45526123046875,140.9977569580078
-326.5440368652344,141.15333557128906
-324.480224609375,141.3224639892578
-322.55853271484375,141.4806671142578
-320.6318054199219,141.63966369628906
-318.5511779785156,141.8114776611328
-316.6138610839844,141.97137451171875
-314.6714172363281,142.13156127929688
-313.1736755371094,142.25497436523438
-311.6729736328125,142.37852478027344
-310.16943359375,142.5021514892578
-308.66290283203125,142.6258087158203
-307.1532897949219,142.7493896484375
-305.6406555175781,142.87278747558594
-304.125,142.99588012695312
-302.6062927246094,143.1185302734375
-301.084716796875,143.24063110351562
-299.5601501464844,143.36212158203125
-298.03253173828125,143.48300170898438
-296.5018310546875,143.60333251953125
-294.96820068359375,143.72311401367188
-293.4316101074219,143.84237670898438
-291.89190673828125,143.96116638183594
-290.34930419921875,144.07948303222656
-288.8039855957031,144.1970977783203
-287.2557678222656,144.31369018554688
-285.704345703125,144.42904663085938
-284.14990234375,144.54287719726562
-282.5924987792969,144.65504455566406
-281.0320739746094,144.7655029296875
-279.46868896484375,144.87432861328125
-277.9022521972656,144.9817352294922
-276.3327331542969,145.08795166015625
-274.7603759765625,145.19317626953125
-273.1852722167969,145.29736328125
-271.60748291015625,145.400390625
-270.0266418457031,145.50228881835938
-268.4426574707031,145.6031494140625
-266.85565185546875,145.70309448242188
-265.26580810546875,145.80206298828125
-263.6734313964844,145.89979553222656
-262.07818603515625,145.99603271484375
-260.47979736328125,146.0906219482422
-258.8785400390625,146.1834259033203
-257.2745666503906,146.274169921875
-255.66778564453125,146.36257934570312
-254.05821228027344,146.44845581054688
-252.44570922851562,146.53192138671875
-250.8302001953125,146.61329650878906
-249.21189880371094,146.69284057617188
-247.591064453125,146.7706298828125
-245.9674530029297,146.84661865234375
-244.34095764160156,146.92076110839844
-242.7115020751953,146.99317932128906
-241.07925415039062,147.0638427734375
-239.44444274902344,147.132568359375
-237.8068389892578,147.19918823242188
-236.1664276123047,147.2636260986328
-234.52330017089844,147.32589721679688
-232.87742614746094,147.3861541748047
-231.22882080078125,147.44447326660156
-229.5774688720703,147.50099182128906
-227.92347717285156,147.5557403564453
-226.26683044433594,147.60873413085938
-224.60752868652344,147.6599884033203
-222.94557189941406,147.7095184326172
-221.28085327148438,147.75743103027344
-219.61346435546875,147.80384826660156
-217.94346618652344,147.8488311767578
-216.27081298828125,147.89248657226562
-214.59548950195312,147.93495178222656
-212.91758728027344,147.97630310058594
-211.23719787597656,148.01661682128906
-209.5541534423828,148.05593872070312
-207.8683319091797,148.09445190429688
-206.17996215820312,148.13232421875
-204.4890594482422,148.16981506347656
-202.7955322265625,148.20706176757812
-201.09957885742188,148.24417114257812
-199.40115356445312,148.28115844726562
-197.70013427734375,148.3180694580078
-195.99652099609375,148.35488891601562
-194.2904052734375,148.39157104492188
-192.5817413330078,148.42813110351562
-190.87059020996094,148.4645538330078
-189.15695190429688,148.50082397460938
-187.44088745117188,148.5368194580078
-185.72238159179688,148.5723876953125
-184.0013427734375,148.60739135742188
-181.11007690429688,148.66299438476562
-173.3194580078125,148.80615234375
-167.4484405517578,148.91282653808594
-164.6552734375,148.96322631835938
-163.4466552734375,148.9849090576172
-162.9839324951172,148.99317932128906
-162.83323669433594,148.99586486816406
-162.79371643066406,148.99655151367188
-162.7848358154297,148.99671936035156