x,z
2459.19091796875,6293.072265625
2459.1884765625,6293.07470703125
2459.15380859375,6293.10986328125
2459.0732421875,6293.1923828125
2458.860595703125,6293.40869140625
2458.35791015625,6293.9208984375
2457.271484375,6295.02783203125
2455.089599609375,6297.25048828125
2450.966552734375,6301.45166015625
2445.005859375,6307.5244140625
2443.90625,6308.64501953125
2442.80615234375,6309.76611328125
2441.705078125,6310.8876953125
2440.603271484375,6312.0107421875
2439.50048828125,6313.1337890625
2438.39697265625,6314.25830078125
2437.29248046875,6315.38330078125
2436.187255859375,6316.50927734375
2435.081298828125,6317.6357421875
2433.974365234375,6318.76318359375
2432.86669921875,6319.89111328125
2431.75830078125,6321.02001953125
2430.649169921875,6322.1494140625
2429.5390625,6323.27978515625
2428.427978515625,6324.41064453125
2427.316162109375,6325.54248046875
2426.20361328125,6326.6748046875
2425.090087890625,6327.80810546875
2423.975830078125,6328.9423828125
2422.860595703125,6330.0771484375
2421.744873046875,6331.21240234375
2420.628173828125,6332.3486328125
2419.5107421875,6333.48583984375
2418.392578125,6334.6240234375
2417.311279296875,6335.724609375
2416.19189453125,6336.8642578125
2415.07177734375,6338.0048828125
2413.951171875,6339.14599609375
2412.829833984375,6340.28857421875
2411.7080078125,6341.43212890625
2410.585205078125,6342.576171875
2409.424560546875,6343.75927734375
2408.337646484375,6344.8671875
2407.212646484375,6346.01318359375
2406.086181640625,6347.15966796875
2404.958740234375,6348.306640625
2403.82958984375,6349.45361328125
2402.698974609375,6350.6005859375
2401.56640625,6351.74658203125
2400.431640625,6352.892578125
2399.294677734375,6354.037109375
2398.1552734375,6355.1806640625
2397.0126953125,6356.32275390625
2395.867431640625,6357.4638671875
2394.718994140625,6358.60302734375
2393.567138671875,6359.74072265625
2392.412353515625,6360.8759765625
2391.25390625,6362.009765625
2390.09228515625,6363.14111328125
2388.92724609375,6364.2705078125
2387.758544921875,6365.39794921875
2386.5859375,6366.5224609375
2385.40966796875,6367.64404296875
2384.229248046875,6368.7626953125
2383.044677734375,6369.87841796875
2381.85595703125,6370.99072265625
2380.662841796875,6372.10009765625
2379.505615234375,6373.16943359375
2378.3046875,6374.27294921875
2377.099853515625,6375.37353515625
2375.891357421875,6376.47216796875
2374.679443359375,6377.56787109375
2373.4638671875,6378.662109375
2372.245361328125,6379.75341796875
2371.0234375,6380.84326171875
2369.798583984375,6381.9306640625
2368.570556640625,6383.01611328125
2367.33935546875,6384.099609375
2366.105224609375,6385.181640625
2364.867919921875,6386.26123046875
2363.6279296875,6387.33935546875
2362.384765625,6388.41455078125
2361.138671875,6389.48779296875
2359.88916015625,6390.55908203125
2358.637451171875,6391.62744140625
2357.385009765625,6392.69287109375
2356.13330078125,6393.75341796875
2354.884033203125,6394.80859375
2353.638916015625,6395.857421875
2352.399169921875,6396.8994140625
2351.165771484375,6397.93310546875
2349.9384765625,6398.958984375
2348.716796875,6399.9775390625
2347.500732421875,6400.990234375
2346.290283203125,6401.9970703125
2345.086181640625,6402.99755859375
2343.848876953125,6404.02392578125
2342.302734375,6405.30322265625
2341.12109375,6406.2783203125
2339.94580078125,6407.24560546875
2338.77685546875,6408.2060546875
2337.26611328125,6409.4443359375
2335.72705078125,6410.703125
2334.198974609375,6411.94970703125
2332.682373046875,6413.1826171875
2331.17724609375,6414.40185546875
2329.68359375,6415.60791015625
2328.2021484375,6416.80078125
2326.732666015625,6417.9814453125
2325.274169921875,6419.14990234375
2323.825927734375,6420.30810546875
2322.388427734375,6421.45556640625
2320.961669921875,6422.59326171875
2319.545654296875,6423.7216796875
2318.139892578125,6424.84033203125
2316.744140625,6425.9482421875
2315.358642578125,6427.04443359375
2313.983154296875,6428.12939453125
2312.617919921875,6429.20166015625
2311.2626953125,6430.26171875
2309.91796875,6431.31005859375
2308.583740234375,6432.345703125
2307.260009765625,6433.369140625
2305.947021484375,6434.3798828125
2304.64501953125,6435.37841796875
2303.38623046875,6436.33935546875
2302.10595703125,6437.31298828125
2300.83642578125,6438.2744140625
2299.577880859375,6439.2255859375
2298.329833984375,6440.166015625
2297.093017578125,6441.09619140625
2295.866943359375,6442.01708984375
2294.652099609375,6442.92822265625
2293.44873046875,6443.82861328125
2291.961181640625,6444.939453125
2290.492431640625,6446.03271484375
2289.04345703125,6447.10791015625
2287.613037109375,6448.16552734375
2286.19921875,6449.2060546875
2284.804443359375,6450.228515625
2283.428466796875,6451.232421875
2282.071533203125,6452.21630859375
2280.733642578125,6453.1796875
2279.414794921875,6454.12353515625
2278.114501953125,6455.046875
2276.833251953125,6455.9501953125
2275.571044921875,6456.83349609375
2274.10546875,6457.85107421875
2272.641845703125,6458.8583984375
2271.202392578125,6459.83837890625
2269.783935546875,6460.79150390625
2268.383544921875,6461.716796875
2267,6462.61474609375
2265.63330078125,6463.48583984375
2264.281005859375,6464.33251953125
2262.942138671875,6465.158203125
2261.617919921875,6465.96435546875
2260.30908203125,6466.7529296875
2259.0126953125,6467.52880859375
2257.520751953125,6468.41455078125
2256.049072265625,6469.2763671875
2254.594970703125,6470.10791015625
2253.158203125,6470.90380859375
2251.7587890625,6471.6494140625
2250.35498046875,6472.3662109375
2248.96435546875,6473.0439453125
2247.584716796875,6473.681640625
2246.0185546875,6474.35693359375
2244.463623046875,6474.97314453125
2242.92041015625,6475.52978515625
2241.3896484375,6476.0283203125
2239.869873046875,6476.466796875
2238.361572265625,6476.84619140625
2236.8662109375,6477.1689453125
2235.38134765625,6477.4365234375
2233.705078125,6477.6708984375
2232.1005859375,6477.82177734375
2230.478271484375,6477.89794921875
2228.877197265625,6477.89453125
2227.2783203125,6477.81201171875
2225.73681640625,6477.6572265625
2224.205810546875,6477.427734375
2222.7060546875,6477.12646484375
2221.23779296875,6476.75732421875
2219.79736328125,6476.326171875
2216.98486328125,6475.28662109375
2215.512451171875,6474.6328125
2214.04541015625,6473.8876953125
2212.65673828125,6473.07275390625
2211.4072265625,6472.130859375
2210.220947265625,6471.0380859375
2209.10400390625,6469.8623046875
2208.0517578125,6468.615234375
2207.15625,6467.40478515625
2206.314453125,6466.1298828125
2205.53125,6464.79150390625
2204.81201171875,6463.39208984375
2204.150146484375,6461.939453125
2203.5498046875,6460.4345703125
2203.0029296875,6458.84716796875
2202.52734375,6457.25
2202.106201171875,6455.611328125
2201.720947265625,6453.9716796875
2201.331787109375,6452.37255859375
2200.90283203125,6450.8203125
2200.4091796875,6449.298828125
2199.853271484375,6447.83740234375
2199.16748046875,6446.2958984375
2198.466064453125,6444.9296875
2197.6904296875,6443.60107421875
2196.824951171875,6442.28759765625
2195.84765625,6440.978515625
2194.80126953125,6439.7412109375
2193.687255859375,6438.5859375
2192.546142578125,6437.54345703125
2191.3505859375,6436.57861328125
2190.117431640625,6435.7080078125
2188.735107421875,6434.87841796875
2187.305908203125,6434.162109375
2185.847900390625,6433.5576171875
2184.372314453125,6433.06005859375
2182.885498046875,6432.6796875
2181.3876953125,6432.42041015625
2179.85693359375,6432.2705078125
2178.28564453125,6432.22265625
2176.681884765625,6432.2802734375
2175.069580078125,6432.4453125
2173.576416015625,6432.69091796875
2172.070556640625,6433.01611328125
2170.552734375,6433.41748046875
2169.02783203125,6433.9033203125
2167.49658203125,6434.470703125
2166.110595703125,6435.044921875
2164.720947265625,6435.68603515625
2163.3134765625,6436.40185546875
2161.91943359375,6437.171875
2160.5419921875,6437.9951171875
2159.16552734375,6438.8779296875
2157.7724609375,6439.828125
2156.536865234375,6440.72412109375
2155.305419921875,6441.6689453125
2154.079833984375,6442.66162109375
2152.86279296875,6443.7041015625
2151.6572265625,6444.79638671875
2150.463134765625,6445.9375
2149.283447265625,6447.1279296875
2148.12158203125,6448.369140625
2147.120849609375,6449.49609375
2146.13525390625,6450.65966796875
2145.181884765625,6451.84326171875
2144.235107421875,6453.08056640625
2143.308837890625,6454.35498046875
2142.4052734375,6455.66650390625
2141.525634765625,6457.0126953125
2140.63232421875,6458.451171875
2139.81201171875,6459.85791015625
2139.0263671875,6461.28076171875
2138.270263671875,6462.71630859375
2137.540283203125,6464.1640625
2136.820556640625,6465.63623046875
2136.111572265625,6467.1396484375
2135.421875,6468.6669921875
2134.748046875,6470.2158203125
2134.08642578125,6471.78515625
2133.443603515625,6473.35009765625
2132.80029296875,6474.9560546875
2132.1650390625,6476.580078125
2131.62646484375,6477.98583984375
2131.093505859375,6479.404296875
2130.565673828125,6480.8359375
2130.043212890625,6482.27978515625
2129.5263671875,6483.736328125
2129.01513671875,6485.205078125
2128.50927734375,6486.6865234375
2128.00830078125,6488.18017578125
2127.511962890625,6489.68603515625
2127.020263671875,6491.2041015625
2126.533935546875,6492.734375
2126.0537109375,6494.27685546875
2125.580078125,6495.83154296875
2125.12109375,6497.373046875
2124.660888671875,6498.95263671875
2124.20703125,6500.544921875
2123.759033203125,6502.14892578125
2123.316650390625,6503.76513671875
2122.8798828125,6505.3935546875
2122.44921875,6507.03369140625
2122.02490234375,6508.685546875
2121.60693359375,6510.349609375
2121.1953125,6512.02587890625
2120.782958984375,6513.7421875
2120.389892578125,6515.4140625
2119.996337890625,6517.12548828125
2119.609130859375,6518.84912109375
2119.228515625,6520.583984375
2118.854248046875,6522.3310546875
2118.485595703125,6524.08935546875
2118.128173828125,6525.830078125
2117.82861328125,6527.3134765625
2117.531982421875,6528.8046875
2117.238525390625,6530.3037109375
2116.942138671875,6531.8408203125
2116.659423828125,6533.3251953125
2116.373046875,6534.84716796875
2116.087646484375,6536.37646484375
2115.802978515625,6537.91357421875
2115.5185546875,6539.45751953125
2115.23388671875,6541.0087890625
2114.948974609375,6542.5673828125
2114.657470703125,6544.1640625
2114.376953125,6545.705078125
2114.08984375,6547.2841796875
2113.8017578125,6548.87060546875
2113.5126953125,6550.46337890625
2113.222412109375,6552.06298828125
2112.930419921875,6553.66943359375
2112.642578125,6555.25048828125
2112.346923828125,6556.86962890625
2112.048828125,6558.4951171875
2111.747802734375,6560.126953125
2111.444091796875,6561.765625
2111.137939453125,6563.41015625
2110.81689453125,6565.126953125
2110.505859375,6566.7841796875
2110.19873046875,6568.4140625
2109.87646484375,6570.1171875
2109.55810546875,6571.79296875
2109.243896484375,6573.44091796875
2108.914306640625,6575.16259765625
2108.5888671875,6576.85595703125
2108.267578125,6578.52197265625
2107.9306640625,6580.26171875
2107.598388671875,6581.9736328125
2107.270751953125,6583.6572265625
2106.927978515625,6585.41552734375
2106.59033203125,6587.14501953125
2106.258056640625,6588.84619140625
2105.917236328125,6590.587890625
2105.574462890625,6592.33544921875
2105.229736328125,6594.0888671875
2104.88232421875,6595.84814453125
2104.5380859375,6597.5771484375
2104.1748046875,6599.380859375
2103.814208984375,6601.14794921875
2103.455322265625,6602.8779296875
2103.07568359375,6604.67578125
2102.696533203125,6606.43603515625
2102.3173828125,6608.158203125
2101.91357421875,6609.95458984375
2101.5078125,6611.72119140625
2101.10009765625,6613.45556640625
2100.665283203125,6615.263671875
2100.229248046875,6617.0390625
2099.793701171875,6618.7822265625
2099.42333984375,6620.24365234375
2098.9736328125,6621.99267578125
2098.592041015625,6623.458984375
2098.130126953125,6625.21484375
2097.65283203125,6627.01025390625
2097.1796875,6628.77294921875
2096.780029296875,6630.25146484375
2096.298828125,6632.0224609375
2095.892822265625,6633.50732421875
2095.493896484375,6634.95849609375
2094.991455078125,6636.7763671875
2094.5859375,6638.23388671875
2094.177490234375,6639.69384765625
2093.765869140625,6641.15625
2093.351318359375,6642.62158203125
2092.828369140625,6644.45703125
2092.406494140625,6645.92822265625
2091.9814453125,6647.40185546875
2091.55322265625,6648.87841796875
2091.12158203125,6650.35693359375
2090.686279296875,6651.83837890625
2090.24755859375,6653.322265625
2089.804931640625,6654.80810546875
2089.358642578125,6656.2958984375
2088.90869140625,6657.7861328125
2088.455810546875,6659.279296875
2088.01123046875,6660.73779296875
2087.564208984375,6662.19873046875
2087.091796875,6663.73779296875
2086.628662109375,6665.2421875
2086.1630859375,6666.7490234375
2085.695556640625,6668.25927734375
2085.2255859375,6669.77197265625
2084.76513671875,6671.2490234375
2084.27880859375,6672.80517578125
2083.8017578125,6674.326171875
2083.33447265625,6675.8115234375
2082.8408203125,6677.3759765625
2082.35693359375,6678.9052734375
2081.8828125,6680.39892578125
2081.3818359375,6681.97216796875
2080.890869140625,6683.50927734375
2080.40966796875,6685.0107421875
2079.901611328125,6686.591796875
2079.403564453125,6688.13720703125
2078.915771484375,6689.64697265625
2078.400390625,6691.23681640625
2077.8955078125,6692.79052734375
2077.388671875,6694.3466796875
2076.879638671875,6695.9052734375
2076.36865234375,6697.46728515625
2075.86865234375,6698.9921875
2075.354248046875,6700.55859375
2074.838134765625,6702.12841796875
2074.320556640625,6703.701171875
2073.8017578125,6705.27734375
2073.281982421875,6706.8564453125
2072.760986328125,6708.43798828125
2072.239013671875,6710.0224609375
2071.716064453125,6711.60986328125
2071.1923828125,6713.20068359375
2070.668212890625,6714.794921875
2070.14404296875,6716.39208984375
2069.619873046875,6717.99267578125
2069.09619140625,6719.59619140625
2068.572998046875,6721.20361328125
2068.0498046875,6722.814453125
2067.526611328125,6724.4287109375
2067.003173828125,6726.0458984375
2066.4794921875,6727.666015625
2065.955810546875,6729.28955078125
2065.431640625,6730.91650390625
2064.9072265625,6732.54638671875
2064.382080078125,6734.17919921875
2063.8564453125,6735.81494140625
2063.330078125,6737.45361328125
2062.816162109375,6739.0546875
2062.288330078125,6740.69970703125
2061.759765625,6742.3466796875
2061.23095703125,6743.9970703125
2060.70263671875,6745.65087890625
2060.174560546875,6747.30810546875
2059.64697265625,6748.96875
2059.119873046875,6750.6328125
2058.59326171875,6752.30029296875
2058.068115234375,6753.97021484375
2057.545166015625,6755.64013671875
2057.02587890625,6757.3046875
2056.511474609375,6758.96044921875
2056.00341796875,6760.60546875
2055.502685546875,6762.2373046875
2055.009765625,6763.85546875
2054.5244140625,6765.46044921875
2054.046142578125,6767.05322265625
2053.573974609375,6768.63427734375
2053.10888671875,6770.20263671875
2052.6513671875,6771.7587890625
2052.20166015625,6773.30224609375
2051.75927734375,6774.83349609375
2051.32470703125,6776.35302734375
2050.897216796875,6777.85986328125
2050.4873046875,6779.3173828125
2050.073974609375,6780.7998046875
2049.66748046875,6782.26904296875
2049.269287109375,6783.724609375
2048.784423828125,6785.525390625
2048.3134765625,6787.30517578125
2047.8555908203125,6789.0654296875
2047.4112548828125,6790.8076171875
2046.9815673828125,6792.53564453125
2046.5675048828125,6794.251953125
2046.1702880859375,6795.95849609375
2045.7904052734375,6797.658203125
2045.4293212890625,6799.3505859375
2045.0877685546875,6801.0322265625
2044.7655029296875,6802.703125
2044.462646484375,6804.36279296875
2044.1795654296875,6806.01123046875
2043.918701171875,6807.650390625
2043.6817626953125,6809.2822265625
2043.4697265625,6810.9072265625
2043.2828369140625,6812.5263671875
2043.1248779296875,6814.10791015625
2042.9903564453125,6815.71630859375
2042.8831787109375,6817.32080078125
2042.8038330078125,6818.921875
2042.752685546875,6820.51904296875
2042.7293701171875,6822.11279296875
2042.734130859375,6823.70361328125
2042.768798828125,6825.2900390625
2042.83447265625,6826.87109375
2042.9307861328125,6828.447265625
2043.0560302734375,6830.01806640625
2043.2078857421875,6831.5830078125
2043.3873291015625,6833.140625
2043.594970703125,6834.6904296875
2043.8321533203125,6836.23193359375
2044.0987548828125,6837.76513671875
2044.3956298828125,6839.2890625
2044.72119140625,6840.80419921875
2045.073974609375,6842.3095703125
2045.4534912109375,6843.8046875
2045.8524169921875,6845.25830078125
2046.2880859375,6846.72900390625
2046.7530517578125,6848.18603515625
2047.2459716796875,6849.630859375
2047.76513671875,6851.06201171875
2048.31103515625,6852.4814453125
2048.885498046875,6853.8896484375
2049.489013671875,6855.2890625
2050.121337890625,6856.68115234375
2050.78125,6858.06591796875
2051.4677734375,6859.4443359375
2052.1806640625,6860.8154296875
2052.920654296875,6862.17724609375
2053.689697265625,6863.52880859375
2054.487060546875,6864.8701171875
2055.311279296875,6866.20166015625
2056.160400390625,6867.5234375
2057.034423828125,6868.8349609375
2057.93505859375,6870.13525390625
2058.864013671875,6871.4208984375
2059.802978515625,6872.6669921875
2060.789794921875,6873.92431640625
2061.80078125,6875.17041015625
2062.835693359375,6876.404296875
2063.894287109375,6877.625
2064.97900390625,6878.830078125
2066.090576171875,6880.017578125
2067.227783203125,6881.18994140625
2068.38818359375,6882.34765625
2069.570556640625,6883.49169921875
2070.775146484375,6884.62109375
2072.0029296875,6885.7333984375
2073.254638671875,6886.8271484375
2074.5283203125,6887.90576171875
2075.822021484375,6888.9697265625
2077.134765625,6890.01904296875
2078.46728515625,6891.052734375
2079.820556640625,6892.06884765625
2081.193115234375,6893.068359375
2082.583984375,6894.052734375
2083.964111328125,6895.00244140625
2085.389404296875,6895.95654296875
2086.831787109375,6896.89501953125
2088.291015625,6897.8193359375
2089.766357421875,6898.728515625
2091.25732421875,6899.62255859375
2092.764892578125,6900.50048828125
2094.288330078125,6901.36279296875
2095.82666015625,6902.21044921875
2097.37939453125,6903.04345703125
2098.947021484375,6903.86083984375
2100.529052734375,6904.66259765625
2102.1259765625,6905.4482421875
2103.737548828125,6906.21728515625
2105.36328125,6906.97119140625
2107.001708984375,6907.71044921875
2108.64990234375,6908.43408203125
2110.30078125,6909.14111328125
2111.946044921875,6909.8310546875
2113.579345703125,6910.505859375
2115.16552734375,6911.154296875
2116.7685546875,6911.8046875
2118.35595703125,6912.4453125
2119.92626953125,6913.078125
2121.4765625,6913.70458984375
2123.004638671875,6914.32666015625
2124.510498046875,6914.9453125
2125.99365234375,6915.56103515625
2127.45263671875,6916.17529296875
2128.88623046875,6916.78857421875
2130.29345703125,6917.4033203125
2131.676025390625,6918.021484375
2133.30419921875,6918.7685546875
2134.899658203125,6919.52099609375
2136.46142578125,6920.2783203125
2137.9892578125,6921.04296875
2139.48388671875,6921.81689453125
2140.945556640625,6922.6015625
2142.372314453125,6923.3955078125
2143.739990234375,6924.18408203125
2145.117431640625,6925.009765625
2146.415283203125,6925.8193359375
2147.699951171875,6926.65380859375
2149.11328125,6927.61328125
2150.501953125,6928.603515625
2151.864013671875,6929.62646484375
2153.17919921875,6930.67236328125
2154.4482421875,6931.74462890625
2155.673828125,6932.85009765625
2156.859619140625,6933.990234375
2158.003173828125,6935.16748046875
2159.1005859375,6936.380859375
2160.1513671875,6937.6279296875
2161.14306640625,6938.88427734375
2162.10205078125,6940.18310546875
2163.007080078125,6941.505859375
2163.85595703125,6942.8525390625
2164.650146484375,6944.220703125
2165.390625,6945.6083984375
2166.076171875,6947.01220703125
2166.7021484375,6948.43359375
2167.2685546875,6949.869140625
2167.779296875,6951.31591796875
2168.23095703125,6952.7724609375
2168.630126953125,6954.2568359375
2168.99560546875,6955.91650390625
2169.483642578125,6959.060546875
2169.63623046875,6960.74853515625
2169.711669921875,6962.4326171875
2169.70703125,6964.109375
2169.62646484375,6965.7841796875
2169.46875,6967.46484375
2169.236328125,6969.1533203125
2168.972900390625,6970.6357421875
2168.65380859375,6972.11865234375
2168.276123046875,6973.6015625
2167.83935546875,6975.08349609375
2167.349853515625,6976.56103515625
2166.808349609375,6978.0341796875
2166.208984375,6979.49951171875
2165.562255859375,6980.93408203125
2164.852294921875,6982.3798828125
2164.076904296875,6983.83349609375
2163.270263671875,6985.232421875
2162.362548828125,6986.69677734375
2161.43896484375,6988.0830078125
2160.462890625,6989.45166015625
2159.439453125,6990.802734375
2158.37109375,6992.13671875
2157.25732421875,6993.45166015625
2156.10009765625,6994.74951171875
2155.078125,6995.85009765625
2154.027587890625,6996.93798828125
2152.94775390625,6998.01171875
2151.840087890625,6999.07275390625
2150.72607421875,7000.10546875
2149.568359375,7001.14501953125
2148.3857421875,7002.17236328125
2147.1787109375,7003.1884765625
2145.948486328125,7004.19384765625
2144.696044921875,7005.189453125
2143.4228515625,7006.1767578125
2142.12890625,7007.15673828125
2140.815185546875,7008.12890625
2139.48193359375,7009.09375
2138.129638671875,7010.0517578125
2136.7578125,7011.001953125
2135.366943359375,7011.94384765625
2133.957763671875,7012.87939453125
2132.53076171875,7013.80810546875
2131.0849609375,7014.72998046875
2129.64501953125,7015.62939453125
2128.16357421875,7016.53857421875
2126.665283203125,7017.4423828125
2125.1494140625,7018.3388671875
2123.615478515625,7019.2265625
2122.0625,7020.1044921875
2120.490478515625,7020.97216796875
2119.166259765625,7021.6884765625
2117.830078125,7022.40087890625
2116.48291015625,7023.1103515625
2115.125,7023.81787109375
2113.75732421875,7024.52392578125
2112.3798828125,7025.22998046875
2110.9931640625,7025.93603515625
2109.59716796875,7026.64208984375
2108.191650390625,7027.34814453125
2106.77734375,7028.0546875
2105.35400390625,7028.76171875
2103.922119140625,7029.4697265625
2102.509765625,7030.1630859375
2101.059814453125,7030.8701171875
2099.60009765625,7031.57568359375
2098.130615234375,7032.27978515625
2096.651123046875,7032.982421875
2095.162841796875,7033.6845703125
2093.666015625,7034.38671875
2092.160888671875,7035.08984375
2090.647705078125,7035.794921875
2089.12744140625,7036.5029296875
2087.60107421875,7037.2158203125
2086.03857421875,7037.94970703125
2084.532470703125,7038.66259765625
2082.991455078125,7039.3984375
2081.446533203125,7040.1435546875
2079.897705078125,7040.8974609375
2078.34521484375,7041.66015625
2076.788818359375,7042.4326171875
2075.229248046875,7043.21435546875
2073.666259765625,7044.005859375
2072.131591796875,7044.79052734375
2070.53076171875,7045.6171875
2068.989990234375,7046.4208984375
2067.414306640625,7047.25
2065.835693359375,7048.0888671875
2064.25439453125,7048.93701171875
2062.67041015625,7049.79443359375
2061.08740234375,7050.66015625
2059.5078125,7051.53173828125
2057.93115234375,7052.4091796875
2056.357177734375,7053.29150390625
2054.785888671875,7054.17919921875
2053.183349609375,7055.09033203125
2051.638427734375,7055.974609375
2050.058349609375,7056.884765625
2048.4755859375,7057.80322265625
2046.89013671875,7058.72900390625
2045.3018798828125,7059.662109375
2043.71044921875,7060.60302734375
2042.115966796875,7061.55126953125
2040.5501708984375,7062.4873046875
2038.9495849609375,7063.44921875
2036.38232421875,7065.00341796875
2035.09619140625,7065.7880859375
2033.8087158203125,7066.57763671875
2032.52001953125,7067.37353515625
2031.230224609375,7068.1748046875
2029.939208984375,7068.98193359375
2028.6470947265625,7069.794921875
2027.35400390625,7070.61328125
2026.0601806640625,7071.43798828125
2024.765625,7072.26904296875
2023.4703369140625,7073.10595703125
2022.1741943359375,7073.94921875
2020.844970703125,7074.81982421875
2019.579833984375,7075.65380859375
2018.281494140625,7076.51513671875
2016.9498291015625,7077.404296875
2015.6826171875,7078.255859375
2014.382080078125,7079.13525390625
2013.080810546875,7080.0205078125
2011.779052734375,7080.912109375
2010.4764404296875,7081.80908203125
2009.1407470703125,7082.7353515625
2007.8695068359375,7083.6220703125
2006.59765625,7084.51416015625
2005.260009765625,7085.4580078125
2003.954345703125,7086.38525390625
2002.648193359375,7087.318359375
2001.3414306640625,7088.25732421875
2000.0340576171875,7089.2021484375
1998.7589111328125,7090.12890625
1997.41796875,7091.10986328125
1996.1097412109375,7092.07275390625
1994.8343505859375,7093.017578125
1993.493896484375,7094.01806640625
1992.186279296875,7095.0009765625
1990.91162109375,7095.9658203125
1989.5714111328125,7096.986328125
1988.263671875,7097.98828125
1986.9884033203125,7098.97119140625
1985.6473388671875,7100.009765625
1984.3385009765625,7101.029296875
1983.06201171875,7102.0283203125
1981.7198486328125,7103.083984375
1980.4100341796875,7104.1201171875
1979.1328125,7105.13525390625
1977.789794921875,7106.208984375
1976.4794921875,7107.26171875
1975.201904296875,7108.2939453125
1973.9241943359375,7109.33203125
1972.5810546875,7110.4287109375
1971.2708740234375,7111.50537109375
1969.99365234375,7112.56005859375
1968.6514892578125,7113.67578125
1967.3426513671875,7114.7705078125
1966.06689453125,7115.84423828125
1964.72607421875,7116.97900390625
1963.4183349609375,7118.09228515625
1962.1436767578125,7119.18359375
1960.804443359375,7120.33642578125
1959.498779296875,7121.46826171875
1958.2265625,7122.57763671875
1956.8900146484375,7123.75048828125
1955.5870361328125,7124.9013671875
1954.3177490234375,7126.029296875
1952.984375,7127.22216796875
1951.6845703125,7128.39208984375
1950.418212890625,7129.5390625
1949.087646484375,7130.7509765625
1947.7904052734375,7131.939453125
1946.5263671875,7133.1044921875
1945.1986083984375,7134.3349609375
1943.9044189453125,7135.54150390625
1942.6439208984375,7136.72412109375
1941.3846435546875,7137.9130859375
1940.062255859375,7139.16943359375
1938.7735595703125,7140.4013671875
1937.486328125,7141.64013671875
1936.2005615234375,7142.884765625
1934.916259765625,7144.1357421875
1933.6654052734375,7145.36181640625
1932.3514404296875,7146.65625
1931.0704345703125,7147.92529296875
1929.822265625,7149.16796875
1928.57470703125,7150.41552734375
1927.2637939453125,7151.732421875
1925.985595703125,7153.02294921875
1924.7398681640625,7154.28564453125
1923.43115234375,7155.619140625
1922.1549072265625,7156.9248046875
1920.9110107421875,7158.203125
1919.60498046875,7159.55126953125
1918.333740234375,7160.86865234375
1917.0970458984375,7162.15576171875
1915.800048828125,7163.51123046875
1914.537841796875,7164.8359375
1913.310302734375,7166.13037109375
1912.0230712890625,7167.494140625
1910.7996826171875,7168.79541015625
1909.54541015625,7170.13623046875
1908.32373046875,7171.44873046875
1907.0408935546875,7172.833984375
1905.7908935546875,7174.19091796875
1904.5733642578125,7175.51953125
1903.2945556640625,7176.92138671875
1902.016845703125,7178.32861328125
1900.7711181640625,7179.7060546875
1899.5572509765625,7181.05419921875
1898.34375,7182.40625
1897.099853515625,7183.7978515625
1895.8564453125,7185.193359375
1894.6136474609375,7186.59375
1893.3712158203125,7187.99853515625
1892.129150390625,7189.4072265625
1890.88720703125,7190.8203125
1889.6453857421875,7192.23779296875
1888.40380859375,7193.6591796875
1887.1624755859375,7195.0849609375
1885.9217529296875,7196.51513671875
1884.68212890625,7197.9501953125
1883.4437255859375,7199.390625
1882.20703125,7200.83642578125
1880.9722900390625,7202.287109375
1879.73974609375,7203.74365234375
1878.540283203125,7205.16943359375
1877.312744140625,7206.6376953125
1876.088134765625,7208.1123046875
1874.866943359375,7209.59326171875
1873.6492919921875,7211.0810546875
1872.435546875,7212.5751953125
1871.1953125,7214.1142578125
1870.0196533203125,7215.58447265625
1868.818359375,7217.099609375
1867.890869140625,7218.27880859375
1866.6990966796875,7219.80712890625
1865.542724609375,7221.3046875
1864.3624267578125,7222.8486328125
1863.1878662109375,7224.400390625
1862.019287109375,7225.9599609375
1860.85693359375,7227.52685546875
1859.701416015625,7229.1025390625
1858.5531005859375,7230.68603515625
1857.4117431640625,7232.27783203125
1856.2769775390625,7233.8779296875
1855.14892578125,7235.4853515625
1854.0277099609375,7237.1005859375
1852.9139404296875,7238.72412109375
1851.807373046875,7240.35546875
1850.7353515625,7241.953125
1849.642822265625,7243.60009765625
1848.556640625,7245.25390625
1847.476806640625,7246.9150390625
1846.4027099609375,7248.5830078125
1845.333984375,7250.2568359375
1844.2698974609375,7251.93701171875
1843.2098388671875,7253.623046875
1842.1534423828125,7255.314453125
1841.100341796875,7257.0107421875
1839.52587890625,7259.5634765625
1838.7410888671875,7260.8427734375
1836.921142578125,7263.822265625
1835.890380859375,7265.5146484375
1834.8677978515625,7267.1953125
1833.853515625,7268.86181640625
1832.847900390625,7270.51171875
1831.850830078125,7272.14453125
1830.8619384765625,7273.76025390625
1829.880615234375,7275.35791015625
1828.9063720703125,7276.93701171875
1827.9385986328125,7278.4970703125
1826.9747314453125,7280.0400390625
1826.01513671875,7281.56591796875
1825.0838623046875,7283.037109375
1824.1337890625,7284.5283203125
1823.1890869140625,7286.001953125
1822.2501220703125,7287.45751953125
1821.3160400390625,7288.89453125
1820.387451171875,7290.3115234375
1819.4639892578125,7291.7099609375
1818.5458984375,7293.08935546875
1817.6319580078125,7294.451171875
1816.72265625,7295.79541015625
1815.795166015625,7297.1552734375
1814.8944091796875,7298.4638671875
1814.0201416015625,7299.72265625
1813.1273193359375,7300.99658203125
1812.2376708984375,7302.25390625
1811.35107421875,7303.494140625
1810.468017578125,7304.71728515625
1809.368408203125,7306.22119140625
1808.27197265625,7307.69775390625
1807.1788330078125,7309.14697265625
1806.0882568359375,7310.5703125
1804.9986572265625,7311.9677734375
1803.91259765625,7313.337890625
1802.8526611328125,7314.65625
1801.7767333984375,7315.9765625
1800.7069091796875,7317.27294921875
1799.6424560546875,7318.54248046875
1798.581787109375,7319.78466796875
1797.52392578125,7320.9990234375
1796.46826171875,7322.185546875
1795.4149169921875,7323.345703125
1794.3634033203125,7324.47900390625
1793.3114013671875,7325.5859375
1792.2581787109375,7326.66552734375
1790.991455078125,7327.92578125
1789.72216796875,7329.14208984375
1788.4486083984375,7330.3125
1787.1734619140625,7331.439453125
1785.8973388671875,7332.52490234375
1784.6162109375,7333.56494140625
1783.324951171875,7334.5546875
1782.0223388671875,7335.5009765625
1780.7344970703125,7336.39111328125
1779.4228515625,7337.25537109375
1778.112548828125,7338.0791015625
1776.8070068359375,7338.85888671875
1775.287109375,7339.71484375
1773.76611328125,7340.5146484375
1772.24755859375,7341.2529296875
1770.735595703125,7341.927734375
1769.229736328125,7342.54150390625
1767.72900390625,7343.10107421875
1766.23193359375,7343.6025390625
1764.735595703125,7344.044921875
1763.2379150390625,7344.423828125
1761.7362060546875,7344.7431640625
1760.2529296875,7344.998046875
1758.748046875,7345.19580078125
1757.2454833984375,7345.33154296875
1755.53515625,7345.4169921875
1754.0072021484375,7345.431640625
1752.368408203125,7345.3759765625
1750.706298828125,7345.236328125
1749.065185546875,7345.0205078125
1747.4508056640625,7344.73291015625
1745.869384765625,7344.37158203125
1744.32763671875,7343.93310546875
1742.8258056640625,7343.42431640625
1741.3663330078125,7342.8486328125
1739.9681396484375,7342.216796875
1738.5987548828125,7341.50927734375
1737.27783203125,7340.7373046875
1736.00634765625,7339.9052734375
1734.7874755859375,7339.01611328125
1733.483642578125,7337.94970703125
1732.256103515625,7336.81689453125
1731.091552734375,7335.6064453125
1730.015625,7334.35498046875
1728.98779296875,7333.01953125
1728.1317138671875,7331.77392578125
1727.3316650390625,7330.47705078125
1726.5877685546875,7329.13134765625
1725.9013671875,7327.74072265625
1725.2711181640625,7326.3095703125
1724.70751953125,7324.83642578125
1724.2086181640625,7323.32568359375
1723.7764892578125,7321.77978515625
1723.4111328125,7320.20361328125
1723.105712890625,7318.55810546875
1722.8720703125,7316.92626953125
1722.705810546875,7315.271484375
1722.61572265625,7313.59619140625
1722.59912109375,7311.9033203125
1722.6416015625,7310.19482421875
1722.74169921875,7308.49365234375
1722.8763427734375,7306.97509765625
1723.0531005859375,7305.44775390625
1723.2730712890625,7303.892578125
1723.530517578125,7302.375
1723.836181640625,7300.83154296875
1724.1834716796875,7299.28369140625
1724.5703125,7297.732421875
1724.9984130859375,7296.18017578125
1725.4752197265625,7294.60546875
1725.9930419921875,7293.0302734375
1726.5615234375,7291.43505859375
1727.1881103515625,7289.796875
1727.7667236328125,7288.38330078125
1728.3665771484375,7286.99365234375
1729.007080078125,7285.58544921875
1729.655517578125,7284.22412109375
1730.3419189453125,7282.84326171875
1731.0775146484375,7281.4208984375
1731.8155517578125,7280.04443359375
1732.5780029296875,7278.67041015625
1733.391357421875,7277.2568359375
1734.205322265625,7275.890625
1735.056396484375,7274.505859375
1735.9320068359375,7273.12451171875
1736.83251953125,7271.7470703125
1737.7728271484375,7270.353515625
1738.7232666015625,7268.9853515625
1739.697021484375,7267.62158203125
1740.6776123046875,7266.2822265625
1741.679443359375,7264.94677734375
1742.7181396484375,7263.5927734375
1743.7607421875,7262.2626953125
1744.8060302734375,7260.9560546875
1745.9222412109375,7259.58984375
1747.00634765625,7258.28955078125
1748.1270751953125,7256.97119140625
1749.2850341796875,7255.634765625
1750.442626953125,7254.3212890625
1751.61669921875,7253.0087890625
1752.635498046875,7251.88427734375
1753.8583984375,7250.55322265625
1754.8846435546875,7249.4521484375
1755.923095703125,7248.3525390625
1756.9737548828125,7247.25537109375
1758.1785888671875,7246.015625
1759.4000244140625,7244.779296875
1760.4720458984375,7243.7109375
1761.5562744140625,7242.64501953125
1762.67333984375,7241.560546875
1763.78076171875,7240.49853515625
1764.8994140625,7239.43798828125
1766.050537109375,7238.3583984375
1767.212158203125,7237.279296875
1768.3846435546875,7236.20166015625
1769.5455322265625,7235.1455078125
1770.739501953125,7234.0703125
1771.9439697265625,7232.99609375
1773.1351318359375,7231.94189453125
1774.31103515625,7230.90625
1775.5394287109375,7229.82666015625
1776.7733154296875,7228.7431640625
1777.9886474609375,7227.67431640625
1779.1611328125,7226.64208984375
1780.3375244140625,7225.60400390625
1781.5408935546875,7224.5400390625
1782.79541015625,7223.42822265625
1784.0299072265625,7222.33154296875
1785.243896484375,7221.25
1786.461181640625,7220.16259765625
1787.6578369140625,7219.09130859375
1788.8819580078125,7217.9931640625
1790.134033203125,7216.8681640625
1791.4144287109375,7215.71728515625
1792.67529296875,7214.5830078125
1793.9163818359375,7213.466796875
1795.162353515625,7212.34716796875
1796.4132080078125,7211.2236328125
1797.6444091796875,7210.119140625
1798.9052734375,7208.9892578125
1800.1708984375,7207.8564453125
1801.4415283203125,7206.72021484375
1802.7421875,7205.55859375
1804.0223388671875,7204.41650390625
1805.3070068359375,7203.27099609375
1806.5706787109375,7202.14453125
1807.889404296875,7200.96923828125
1809.18701171875,7199.81298828125
1810.4886474609375,7198.65283203125
1811.7940673828125,7197.4892578125
1813.257568359375,7196.18359375
1814.5709228515625,7195.01220703125
1815.8880615234375,7193.8369140625
1817.208984375,7192.658203125
1818.5078125,7191.4990234375
1819.836669921875,7190.31396484375
1821.1434326171875,7189.14892578125
1822.4541015625,7187.98095703125
1823.768798828125,7186.81005859375
1825.0606689453125,7185.65966796875
1826.4090576171875,7184.458984375
1827.73486328125,7183.279296875
1829.064208984375,7182.09619140625
1830.3970947265625,7180.90966796875
1831.7066650390625,7179.744140625
1833.045654296875,7178.5517578125
1834.38330078125,7177.35986328125
1835.7188720703125,7176.16943359375
1837.052490234375,7174.97998046875
1838.384033203125,7173.7919921875
1839.607177734375,7172.69970703125
1840.9105224609375,7171.53515625
1842.2183837890625,7170.365234375
1843.52880859375,7169.1923828125
1844.8682861328125,7167.99267578125
1846.210205078125,7166.78955078125
1847.5545654296875,7165.58349609375
1848.901611328125,7164.375
1850.251220703125,7163.16357421875
1851.603271484375,7161.94921875
1852.9578857421875,7160.73193359375
1854.31494140625,7159.51171875
1855.6744384765625,7158.2890625
1857.036376953125,7157.0634765625
1858.37353515625,7155.85986328125
1859.7406005859375,7154.62939453125
1861.110595703125,7153.39697265625
1862.483154296875,7152.16162109375
1863.858154296875,7150.923828125
1865.2354736328125,7149.68310546875
1866.614501953125,7148.439453125
1867.99462890625,7147.19140625
1869.3758544921875,7145.939453125
1870.7584228515625,7144.68310546875
1872.14208984375,7143.4228515625
1874.356689453125,7141.39697265625
1875.4644775390625,7140.37939453125
1876.572998046875,7139.35986328125
1877.682373046875,7138.337890625
1878.79296875,7137.31396484375
1879.9051513671875,7136.2890625
1881.01953125,7135.2626953125
1882.136474609375,7134.23681640625
1883.256103515625,7133.2109375
1884.3779296875,7132.1845703125
1885.5013427734375,7131.15673828125
1886.906494140625,7129.869140625
1888.2823486328125,7128.6015625
1889.403564453125,7127.560546875
1890.5228271484375,7126.51416015625
1891.6400146484375,7125.46240234375
1892.7535400390625,7124.40380859375
1893.8619384765625,7123.3369140625
1894.965087890625,7122.26171875
1896.0628662109375,7121.17822265625
1897.1553955078125,7120.08642578125
1898.2427978515625,7118.986328125
1899.324462890625,7117.8779296875
1900.400390625,7116.76123046875
1901.470703125,7115.63671875
1902.5352783203125,7114.50390625
1903.593994140625,7113.36279296875
1904.647216796875,7112.2138671875
1905.6959228515625,7111.0576171875
1906.7403564453125,7109.89501953125
1907.78125,7108.72705078125
1908.8175048828125,7107.55322265625
1909.844482421875,7106.37158203125
1910.8592529296875,7105.1806640625
1911.8585205078125,7103.97705078125
1912.814453125,7102.7900390625
1913.7786865234375,7101.55859375
1914.7313232421875,7100.31787109375
1915.6748046875,7099.0693359375
1916.607666015625,7097.8125
1917.5274658203125,7096.544921875
1918.4329833984375,7095.26708984375
1919.3243408203125,7093.97900390625
1920.2015380859375,7092.6806640625
1921.0660400390625,7091.37353515625
1921.9180908203125,7090.05712890625
1922.75732421875,7088.73193359375
1923.58251953125,7087.39697265625
1924.392578125,7086.05224609375
1925.1871337890625,7084.69775390625
1925.9666748046875,7083.333984375
1926.73193359375,7081.96142578125
1927.48388671875,7080.5810546875
1928.22314453125,7079.193359375
1928.9501953125,7077.79931640625
1929.6649169921875,7076.39892578125
1930.366455078125,7074.9931640625
1931.0538330078125,7073.58154296875
1931.72607421875,7072.1640625
1932.3826904296875,7070.74072265625
1933.023681640625,7069.3115234375
1933.63330078125,7067.912109375
1934.242431640625,7066.47021484375
1934.8338623046875,7065.0224609375
1935.4068603515625,7063.568359375
1935.96142578125,7062.1083984375
1936.49853515625,7060.64306640625
1937.0191650390625,7059.17236328125
1937.52294921875,7057.697265625
1938.00927734375,7056.2177734375
1938.4769287109375,7054.7333984375
1938.9256591796875,7053.24462890625
1939.356201171875,7051.75146484375
1939.770263671875,7050.25390625
1940.1697998046875,7048.751953125
1940.555419921875,7047.24609375
1940.925537109375,7045.7353515625
1941.279052734375,7044.22021484375
1941.6171875,7042.70068359375
1941.94287109375,7041.1767578125
1942.2578125,7039.64990234375
1942.562744140625,7038.12255859375
1942.8568115234375,7036.5927734375
1943.13916015625,7035.060546875
1943.4095458984375,7033.52490234375
1943.660888671875,7032.02392578125
1943.9052734375,7030.482421875
1944.1351318359375,7028.93798828125
1944.350341796875,7027.390625
1944.55126953125,7025.84033203125
1944.736083984375,7024.2861328125
1944.90234375,7022.72900390625
1945.0496826171875,7021.169921875
1945.17919921875,7019.60986328125
1945.29248046875,7018.04833984375
1945.3905029296875,7016.4853515625
1945.473876953125,7014.92041015625
1945.541748046875,7013.3544921875
1945.593994140625,7011.78759765625
1945.630126953125,7010.220703125
1945.6502685546875,7008.654296875
1945.6546630859375,7007.08740234375
1945.6435546875,7005.52197265625
1945.6170654296875,7003.9560546875
1945.5753173828125,7002.39111328125
1945.51806640625,7000.82666015625
1945.4451904296875,6999.26171875
1945.3570556640625,6997.697265625
1945.25439453125,6996.1318359375
1945.1383056640625,6994.56640625
1945.01171875,6993.03955078125
1944.86767578125,6991.47314453125
1944.7091064453125,6989.9072265625
1944.5364990234375,6988.3408203125
1944.346435546875,6986.7353515625
1944.1494140625,6985.16796875
1943.9468994140625,6983.6396484375
1943.728515625,6982.0712890625
1943.4761962890625,6980.345703125
1943.2421875,6978.81591796875
1942.9921875,6977.24658203125
1942.7261962890625,6975.63720703125
1942.464599609375,6974.1064453125
1942.1812744140625,6972.49560546875
1941.9046630859375,6970.962890625
1941.6141357421875,6969.39013671875
1941.3175048828125,6967.81640625
1941.0157470703125,6966.24072265625
1940.7098388671875,6964.6640625
1940.40087890625,6963.0859375
1940.0897216796875,6961.5068359375
1939.775390625,6959.9267578125
1939.4586181640625,6958.34423828125
1939.142578125,6956.75927734375
1938.8304443359375,6955.171875
1938.5311279296875,6953.62109375
1938.2305908203125,6952.02734375
1937.937255859375,6950.43017578125
1937.6512451171875,6948.830078125
1937.372802734375,6947.2265625
1937.102783203125,6945.6201171875
1936.8421630859375,6944.01025390625
1936.5919189453125,6942.3974609375
1936.352783203125,6940.78125
1936.1258544921875,6939.16259765625
1935.911376953125,6937.54150390625
1935.709228515625,6935.9169921875
1935.518798828125,6934.28955078125
1935.338623046875,6932.6591796875
1935.1680908203125,6931.025390625
1935.0069580078125,6929.38916015625
1934.8570556640625,6927.75048828125
1934.7186279296875,6926.109375
1934.5921630859375,6924.46630859375
1934.4775390625,6922.8212890625
1934.378173828125,6921.17431640625
1934.2989501953125,6919.52490234375
1934.2381591796875,6917.8740234375
1934.1944580078125,6916.22265625
1934.1656494140625,6914.5693359375
1934.1497802734375,6912.955078125
1934.14599609375,6911.29833984375
1934.1558837890625,6909.6396484375
1934.18017578125,6907.9794921875
1934.2188720703125,6906.31884765625
1934.2724609375,6904.65771484375
1934.3409423828125,6902.99560546875
1934.42431640625,6901.33251953125
1934.5228271484375,6899.669921875
1934.63671875,6898.0068359375
1934.7662353515625,6896.34375
1934.9107666015625,6894.6806640625
1935.0692138671875,6893.01708984375
1935.239990234375,6891.353515625
1935.4227294921875,6889.68896484375
1935.617431640625,6888.0244140625
1935.8243408203125,6886.359375
1936.0438232421875,6884.69482421875
1936.275634765625,6883.0302734375
1936.5203857421875,6881.36572265625
1936.7781982421875,6879.7021484375
1937.0494384765625,6878.0390625
1937.333251953125,6876.37646484375
1937.62841796875,6874.71435546875
1937.9332275390625,6873.05126953125
1938.2467041015625,6871.38818359375
1938.5606689453125,6869.7666015625
1938.8917236328125,6868.10302734375
1939.232177734375,6866.43994140625
1939.5823974609375,6864.77685546875
1939.9423828125,6863.11376953125
1940.312255859375,6861.45166015625
1940.6917724609375,6859.7890625
1941.080322265625,6858.126953125
1941.47802734375,6856.46533203125
1941.8848876953125,6854.80322265625
1942.30126953125,6853.14208984375
1942.727294921875,6851.48193359375
1943.1629638671875,6849.82177734375
1943.608154296875,6848.16259765625
1944.062744140625,6846.50390625
1944.5262451171875,6844.845703125
1944.998291015625,6843.18798828125
1945.478515625,6841.5302734375
1945.9666748046875,6839.873046875
1946.4622802734375,6838.2158203125
1946.96484375,6836.55859375
1947.4742431640625,6834.9013671875
1947.9903564453125,6833.244140625
1948.512939453125,6831.58642578125
1949.02880859375,6829.970703125
1949.5640869140625,6828.31298828125
1950.105712890625,6826.6552734375
1950.6534423828125,6824.998046875
1951.207275390625,6823.34033203125
1951.7664794921875,6821.68212890625
1952.33056640625,6820.02294921875
1952.8995361328125,6818.36376953125
1953.4737548828125,6816.7041015625
1954.0528564453125,6815.0439453125
1954.636962890625,6813.38330078125
1955.2254638671875,6811.72216796875
1955.8182373046875,6810.060546875
1956.415283203125,6808.39794921875
1957.0164794921875,6806.73486328125
1957.62158203125,6805.07080078125
1958.230224609375,6803.40625
1958.8421630859375,6801.740234375
1959.4566650390625,6800.0732421875
1960.0736083984375,6798.40478515625
1960.692626953125,6796.73486328125
1961.3133544921875,6795.0634765625
1961.935791015625,6793.390625
1962.5596923828125,6791.71630859375
1963.1849365234375,6790.0400390625
1963.7958984375,6788.40380859375
1964.423828125,6786.724609375
1965.0528564453125,6785.04345703125
1965.68310546875,6783.3603515625
1966.3145751953125,6781.67578125
1966.947021484375,6779.98974609375
1967.58056640625,6778.30126953125
1968.2152099609375,6776.61181640625
1968.850830078125,6774.919921875
1969.4876708984375,6773.2265625
1970.1256103515625,6771.53125
1970.7646484375,6769.83447265625
1971.40478515625,6768.13525390625
1972.0458984375,6766.43505859375
1972.6881103515625,6764.732421875
1973.33154296875,6763.0283203125
1973.9759521484375,6761.32275390625
1974.6214599609375,6759.615234375
1975.26806640625,6757.90576171875
1975.9156494140625,6756.19482421875
1976.564208984375,6754.48193359375
1977.213623046875,6752.76708984375
1977.8638916015625,6751.05078125
1978.5311279296875,6749.2890625
1979.1990966796875,6747.52587890625
1979.8675537109375,6745.76025390625
1980.536376953125,6743.99267578125
1981.221923828125,6742.18017578125
1981.8914794921875,6740.408203125
1982.5614013671875,6738.63427734375
1983.2320556640625,6736.85791015625
1983.8870849609375,6735.12353515625
1984.5428466796875,6733.38720703125
1985.1982421875,6731.65185546875
1985.8531494140625,6729.91796875
1986.507568359375,6728.185546875
1987.162109375,6726.455078125
1987.8167724609375,6724.72607421875
1988.4718017578125,6722.9990234375
1989.127197265625,6721.27294921875
1989.7845458984375,6719.54443359375
1990.443603515625,6717.814453125
1991.104248046875,6716.0830078125
1991.7667236328125,6714.35009765625
1992.4307861328125,6712.61572265625
1993.096435546875,6710.8798828125
1993.7635498046875,6709.14306640625
1994.4322509765625,6707.404296875
1995.1024169921875,6705.6650390625
1995.7738037109375,6703.923828125
1996.429443359375,6702.224609375
1997.1029052734375,6700.48046875
1997.7772216796875,6698.73486328125
1998.4520263671875,6696.9873046875
1999.127197265625,6695.23779296875
1999.8026123046875,6693.48681640625
2000.47802734375,6691.7333984375
2001.153076171875,6689.97900390625
2001.8277587890625,6688.2216796875
2002.5015869140625,6686.46240234375
2003.1739501953125,6684.70068359375
2003.8446044921875,6682.93603515625
2004.5133056640625,6681.1689453125
2005.1796875,6679.3994140625
2005.8436279296875,6677.62646484375
2006.5050048828125,6675.85107421875
2007.163818359375,6674.0732421875
2007.8199462890625,6672.2919921875
2008.473388671875,6670.50830078125
2009.1240234375,6668.72119140625
2009.771728515625,6666.931640625
2010.416748046875,6665.13916015625
2011.0595703125,6663.34326171875
2011.7000732421875,6661.54541015625
2012.3380126953125,6659.744140625
2012.9573974609375,6657.98583984375
2013.5899658203125,6656.17919921875
2014.2197265625,6654.36962890625
2014.846923828125,6652.55712890625
2015.471923828125,6650.74169921875
2016.09423828125,6648.92431640625
2016.7135009765625,6647.10400390625
2017.329833984375,6645.28076171875
2017.9437255859375,6643.455078125
2018.55615234375,6641.6259765625
2019.1678466796875,6639.79443359375
2019.77880859375,6637.96142578125
2020.388671875,6636.12548828125
2020.9974365234375,6634.28759765625
2021.6051025390625,6632.44775390625
2022.21142578125,6630.60546875
2022.815673828125,6628.76220703125
2023.4168701171875,6626.92041015625
2024.0140380859375,6625.0830078125
2024.6064453125,6623.25341796875
2025.1937255859375,6621.4345703125
2025.7755126953125,6619.6279296875
2026.35107421875,6617.8369140625
2026.91943359375,6616.0615234375
2027.4798583984375,6614.3046875
2028.031005859375,6612.5673828125
2028.586181640625,6610.806640625
2029.1058349609375,6609.1494140625
2029.632080078125,6607.46484375
2030.1522216796875,6605.79443359375
2030.6658935546875,6604.14013671875
2031.1729736328125,6602.50244140625
2031.6728515625,6600.88134765625
2032.164794921875,6599.2783203125
2032.6478271484375,6597.693359375
2033.1221923828125,6596.1279296875
2033.5882568359375,6594.5810546875
2034.0472412109375,6593.05029296875
2034.498779296875,6591.53662109375
2034.9427490234375,6590.04052734375
2035.3782958984375,6588.56298828125
2035.805419921875,6587.1044921875
2036.224853515625,6585.66162109375
2036.73828125,6583.87939453125
2037.239013671875,6582.12255859375
2037.736083984375,6580.353515625
2038.20166015625,6578.6728515625
2038.6650390625,6576.97705078125
2039.115478515625,6575.30029296875
2039.5435791015625,6573.67431640625
2039.9666748046875,6572.0322265625
2040.375732421875,6570.4052734375
2040.77099609375,6568.79052734375
2041.153076171875,6567.1923828125
2041.5240478515625,6565.61279296875
2041.884765625,6564.05322265625
2042.2342529296875,6562.51318359375
2042.571533203125,6560.9921875
2042.895751953125,6559.4892578125
2043.2052001953125,6558.00537109375
2043.5562744140625,6556.2509765625
2043.8865966796875,6554.521484375
2044.19775390625,6552.8154296875
2044.486083984375,6551.13427734375
2044.744384765625,6549.47509765625
2044.9720458984375,6547.8330078125
2045.173828125,6546.201171875
2045.3446044921875,6544.60498046875
2045.486572265625,6542.96142578125
2045.5877685546875,6541.37451171875
2045.658203125,6539.7607421875
2045.697265625,6538.14599609375
2045.7000732421875,6536.42333984375
2045.661376953125,6534.81005859375
2045.58056640625,6533.171875
2045.46630859375,6531.56298828125
2045.322021484375,6529.98681640625
2045.13525390625,6528.3671875
2044.9093017578125,6526.78271484375
2044.6475830078125,6525.23291015625
2044.3338623046875,6523.64111328125
2043.9891357421875,6522.11376953125
2043.585693359375,6520.54638671875
2043.1552734375,6519.0380859375
2042.69140625,6517.53857421875
2042.187255859375,6516.025390625
2041.6455078125,6514.52734375
2041.072509765625,6513.046875
2040.4725341796875,6511.58203125
2039.8380126953125,6510.13818359375
2039.1644287109375,6508.71533203125
2038.448486328125,6507.31396484375
2037.698486328125,6505.92724609375
2036.925048828125,6504.55029296875
2036.1099853515625,6503.1650390625
2035.2882080078125,6501.8408203125
2034.4189453125,6500.51123046875
2033.51806640625,6499.19677734375
2032.58056640625,6497.8994140625
2031.60009765625,6496.6259765625
2030.59716796875,6495.39599609375
2029.5286865234375,6494.14208984375
2028.4681396484375,6492.9443359375
2027.356689453125,6491.7451171875
2026.2080078125,6490.57080078125
2025.0242919921875,6489.421875
2023.8125,6488.2919921875
2022.5751953125,6487.17724609375
2021.290771484375,6486.06005859375
2020.0220947265625,6484.99609375
2018.704345703125,6483.93310546875
2017.36083984375,6482.8896484375
2015.992919921875,6481.86376953125
2014.6011962890625,6480.8564453125
2013.186767578125,6479.86572265625
2011.7513427734375,6478.8896484375
2010.2957763671875,6477.9267578125
2008.843994140625,6476.99462890625
2007.34619140625,6476.06396484375
2005.826904296875,6475.15185546875
2004.2864990234375,6474.2578125
2002.7249755859375,6473.3818359375
2001.275146484375,6472.5966796875
1999.941650390625,6471.89794921875
1998.59326171875,6471.21533203125
1997.2298583984375,6470.54931640625
1995.8238525390625,6469.88720703125
1994.150634765625,6469.13037109375
1992.7691650390625,6468.529296875
1991.345703125,6467.93212890625
1989.9083251953125,6467.35205078125
1988.457275390625,6466.78955078125
1986.992919921875,6466.24462890625
1985.5155029296875,6465.716796875
1984.0255126953125,6465.205078125
1982.523193359375,6464.708984375
1981.0394287109375,6464.2392578125
1979.5137939453125,6463.775390625
1977.9765625,6463.328125
1976.4281005859375,6462.89697265625
1974.8685302734375,6462.482421875
1973.29833984375,6462.08349609375
1971.7176513671875,6461.70068359375
1970.126708984375,6461.33349609375
1968.5260009765625,6460.97998046875
1966.9158935546875,6460.63916015625
1965.297119140625,6460.3076171875
1963.67041015625,6459.97998046875
1962.0369873046875,6459.65087890625
1960.3984375,6459.31494140625
1958.756103515625,6458.96728515625
1957.111083984375,6458.6044921875
1955.4644775390625,6458.2236328125
1953.8170166015625,6457.822265625
1952.1695556640625,6457.39892578125
1950.522216796875,6456.95361328125
1948.9090576171875,6456.49560546875
1947.265625,6456.00732421875
1945.62744140625,6455.49853515625
1943.997314453125,6454.9736328125
1942.37890625,6454.43505859375
1940.77685546875,6453.8857421875
1939.16259765625,6453.314453125
1937.569091796875,6452.73388671875
1936.088623046875,6452.18017578125
1934.56787109375,6451.59521484375
1933.0699462890625,6451.00341796875
1931.594970703125,6450.4033203125
1930.141845703125,6449.79638671875
1928.709716796875,6449.18115234375
1927.2984619140625,6448.5576171875
1925.9078369140625,6447.92431640625
1924.5382080078125,6447.28076171875
1921.591064453125,6445.8251953125
1920.0419921875,6445.01806640625
1918.4898681640625,6444.17822265625
1916.962646484375,6443.31884765625
1915.461669921875,6442.4384765625
1913.9864501953125,6441.53564453125
1912.53564453125,6440.60888671875
1911.1075439453125,6439.65673828125
1909.7012939453125,6438.67724609375
1908.3165283203125,6437.6689453125
1906.953369140625,6436.62939453125
1905.6116943359375,6435.55810546875
1904.292236328125,6434.453125
1902.99560546875,6433.31494140625
1901.7220458984375,6432.142578125
1900.4700927734375,6430.9375
1899.2374267578125,6429.70361328125
1898.025146484375,6428.43994140625
1896.857666015625,6427.16943359375
1895.6993408203125,6425.849609375
1894.57080078125,6424.50439453125
1893.470458984375,6423.1357421875
1892.3990478515625,6421.74462890625
1891.4610595703125,6420.4736328125
1890.4503173828125,6419.0400390625
1889.4752197265625,6417.5859375
1888.537353515625,6416.11279296875
1887.6375732421875,6414.62158203125
1886.776123046875,6413.11376953125
1885.9542236328125,6411.58984375
1885.1722412109375,6410.05078125
1884.431396484375,6408.4970703125
1883.7313232421875,6406.93017578125
1883.0714111328125,6405.35205078125
1882.4512939453125,6403.7626953125
1881.8902587890625,6402.2177734375
1881.35205078125,6400.61083984375
1880.8583984375,6398.99658203125
1880.4102783203125,6397.375
1880.0040283203125,6395.74755859375
1879.637451171875,6394.1162109375
1879.3121337890625,6392.48095703125
1879.0269775390625,6390.83642578125
1878.781982421875,6389.17822265625
1878.5751953125,6387.4794921875
1878.4136962890625,6385.794921875
1878.3055419921875,6384.29736328125
1878.2161865234375,6382.5068359375
1878.1680908203125,6380.705078125
1878.161865234375,6379.12451171875
1878.189697265625,6377.56591796875
1878.2498779296875,6376.0009765625
1878.3372802734375,6374.48876953125
1878.45654296875,6372.9423828125
1878.6053466796875,6371.39111328125
1878.7821044921875,6369.86474609375
1878.9949951171875,6368.3056640625
1879.24609375,6366.7138671875
1879.51904296875,6365.17919921875
1879.82080078125,6363.64306640625
1880.14599609375,6362.13623046875
1880.500732421875,6360.62890625
1880.892578125,6359.09228515625
1881.3043212890625,6357.5849609375
1881.7425537109375,6356.07763671875
1882.2171630859375,6354.5419921875
1882.7303466796875,6352.97802734375
1883.283447265625,6351.38720703125
1883.8560791015625,6349.82861328125
1884.458740234375,6348.27294921875
1885.0906982421875,6346.72021484375
1885.7498779296875,6345.1708984375
1886.434326171875,6343.62353515625
1887.156982421875,6342.0498046875
1887.91845703125,6340.4501953125
1888.675048828125,6338.9111328125
1889.4686279296875,6337.34521484375
1890.2698974609375,6335.8115234375
1891.1102294921875,6334.25244140625
1891.9744873046875,6332.697265625
1892.8604736328125,6331.14501953125
1893.781982421875,6329.56494140625
1894.6876220703125,6328.0439453125
1895.6297607421875,6326.4970703125
1896.57470703125,6324.98193359375
1897.5577392578125,6323.44091796875
1898.560546875,6321.90380859375
1899.3917236328125,6320.65283203125
1900.2353515625,6319.404296875
1901.0914306640625,6318.1572265625
1902.158447265625,6316.6298828125
1903.06103515625,6315.35888671875
1903.9552001953125,6314.11767578125
1904.861328125,6312.8779296875
1905.7789306640625,6311.6396484375
1906.7076416015625,6310.4033203125
1907.647705078125,6309.1689453125
1908.5782470703125,6307.96484375
1909.520263671875,6306.763671875
1910.472900390625,6305.564453125
1911.4599609375,6304.3408203125
1912.4591064453125,6303.11962890625
1913.4697265625,6301.900390625
1914.490234375,6300.68212890625
1915.496337890625,6299.4921875
1916.5587158203125,6298.24755859375
1917.6048583984375,6297.02880859375
1918.6812744140625,6295.78076171875
1919.715087890625,6294.58544921875
1920.8023681640625,6293.33203125
1921.8450927734375,6292.13330078125
1922.9140625,6290.90771484375
1924.009521484375,6289.65576171875
1925.082763671875,6288.43310546875
1926.1575927734375,6287.21142578125
1927.25830078125,6285.962890625
1928.3616943359375,6284.712890625
1929.4713134765625,6283.4580078125
1930.610595703125,6282.1708984375
1931.728515625,6280.90771484375
1932.8245849609375,6279.66845703125
1933.92236328125,6278.423828125
1934.996337890625,6277.2021484375
1936.0704345703125,6275.97412109375
1937.14453125,6274.73974609375
1938.1934814453125,6273.52783203125
1939.267333984375,6272.28076171875
1940.316162109375,6271.05712890625
1941.3399658203125,6269.85693359375
1942.3638916015625,6268.6513671875
1943.438232421875,6267.38134765625
1944.4881591796875,6266.1357421875
1945.5390625,6264.884765625
1946.591064453125,6263.62890625
1947.64404296875,6262.3681640625
1948.6983642578125,6261.10302734375
1949.7540283203125,6259.8330078125
1950.86181640625,6258.498046875
1951.9212646484375,6257.2197265625
1952.982666015625,6255.93701171875
1954.07177734375,6254.6201171875
1955.1124267578125,6253.36083984375
1956.155517578125,6252.09814453125
1957.35400390625,6250.64599609375
1958.427978515625,6249.34521484375
1959.50439453125,6248.041015625
1960.5577392578125,6246.76416015625
1961.6651611328125,6245.42236328125
1962.7755126953125,6244.07666015625
1963.8367919921875,6242.79052734375
1964.9267578125,6241.47021484375
1966.0196533203125,6240.14697265625
1967.1416015625,6238.78857421875
1968.2664794921875,6237.42724609375
1969.3677978515625,6236.09423828125
1970.4454345703125,6234.7900390625
1971.5255126953125,6233.4833984375
1972.634521484375,6232.14111328125
1973.719482421875,6230.828125
1974.806884765625,6229.51220703125
1975.896484375,6228.19287109375
1976.988525390625,6226.8701171875
1978.05615234375,6225.5771484375
1979.15283203125,6224.2490234375
1980.2515869140625,6222.91748046875
1981.379638671875,6221.55078125
1982.5101318359375,6220.18115234375
1983.64306640625,6218.80859375
1984.751220703125,6217.46533203125
1985.86181640625,6216.119140625
1987.0018310546875,6214.7373046875
1988.0897216796875,6213.41845703125
1989.1796875,6212.0966796875
1990.2718505859375,6210.7724609375
1991.3662109375,6209.44580078125
1992.4627685546875,6208.1162109375
1993.5616455078125,6206.7841796875
1994.68994140625,6205.416015625
1995.820556640625,6204.04541015625
1996.9810791015625,6202.638671875
1998.0885009765625,6201.2958984375
1999.197998046875,6199.95068359375
2000.309814453125,6198.603515625
2001.4237060546875,6197.2529296875
2002.539794921875,6195.900390625
2003.657958984375,6194.544921875
2004.7783203125,6193.18701171875
2005.9007568359375,6191.82666015625
2007.025146484375,6190.4638671875
2008.1514892578125,6189.0986328125
2009.2799072265625,6187.73095703125
2010.4102783203125,6186.36083984375
2011.5426025390625,6184.98876953125
2012.677001953125,6183.6142578125
2013.8134765625,6182.2373046875
2014.9521484375,6180.85791015625
2016.093017578125,6179.4765625
2017.2364501953125,6178.09326171875
2018.3819580078125,6176.70751953125
2019.55810546875,6175.28466796875
2020.7354736328125,6173.85888671875
2021.9130859375,6172.42919921875
2023.090576171875,6170.9951171875
2024.2962646484375,6169.52197265625
2025.5015869140625,6168.0439453125
2026.4482421875,6166.87939453125
2027.6524658203125,6165.3935546875
2028.798583984375,6163.97412109375
2029.9442138671875,6162.55078125
2031.0897216796875,6161.123046875
2032.2352294921875,6159.6923828125
2033.3809814453125,6158.2578125
2034.5560302734375,6156.78466796875
2035.732177734375,6155.30908203125
2036.938720703125,6153.7939453125
2038.1182861328125,6152.3134765625
2039.271240234375,6150.8662109375
2040.4554443359375,6149.3818359375
2041.642578125,6147.8955078125
2042.8330078125,6146.408203125
2044.056640625,6144.884765625
2045.2257080078125,6143.4345703125
2046.426513671875,6141.9521484375
2047.6597900390625,6140.4365234375
2048.926025390625,6138.8896484375
2050.16650390625,6137.3828125
2051.38134765625,6135.916015625
2052.599853515625,6134.45361328125
2053.79443359375,6133.0283203125
2054.9951171875,6131.60400390625
2056.201904296875,6130.181640625
2057.414794921875,6128.76123046875
2058.633544921875,6127.3427734375
2059.888916015625,6125.890625
2061.150634765625,6124.44140625
2062.1396484375,6123.3115234375
2063.132568359375,6122.18310546875
2064.410400390625,6120.73974609375
2065.69482421875,6119.29931640625
2066.986083984375,6117.86181640625
2068.252685546875,6116.46240234375
2069.55859375,6115.03125
2070.903564453125,6113.568359375
2071.93310546875,6112.45654296875
2073,6111.31201171875
2074.039306640625,6110.20556640625
2075.37890625,6108.79248046875
2076.430419921875,6107.693359375
2077.7861328125,6106.29052734375
2078.85107421875,6105.20068359375
2079.922119140625,6104.11474609375
2080.99951171875,6103.033203125
2082.082275390625,6101.955078125
2083.169921875,6100.8798828125
2084.605224609375,6099.47314453125
2085.704345703125,6098.4052734375
2086.843017578125,6097.30712890625
2088.30029296875,6095.91552734375
2089.41650390625,6094.85888671875
2090.573486328125,6093.77392578125
2091.700927734375,6092.72607421875
2093.189453125,6091.3564453125
2094.401123046875,6090.2529296875
2095.906005859375,6088.8955078125
2097.058837890625,6087.86572265625
2098.579833984375,6086.5205078125
2100.073486328125,6085.2138671875
2101.24560546875,6084.19970703125
2102.423095703125,6083.189453125
2103.643310546875,6082.15283203125
2104.794921875,6081.18310546875
2105.9892578125,6080.18701171875
2107.1513671875,6079.22607421875
2108.394287109375,6078.208984375
2109.60498046875,6077.2275390625
2110.783447265625,6076.28125
2112.005615234375,6075.31005859375
2113.233154296875,6074.34375
2114.46630859375,6073.3828125
2115.705078125,6072.427734375
2116.94970703125,6071.47802734375
2118.200439453125,6070.53466796875
2119.41748046875,6069.62646484375
2120.718994140625,6068.666015625
2121.98681640625,6067.74072265625
2123.2607421875,6066.8212890625
2124.5,6065.93701171875
2125.7451171875,6065.05908203125
2126.99560546875,6064.18701171875
2128.25146484375,6063.3212890625
2129.5537109375,6062.4345703125
2131.189453125,6061.3359375
2132.5048828125,6060.4658203125
2133.784912109375,6059.6298828125
2135.486572265625,6058.53564453125
2137.156005859375,6057.47900390625
2138.45556640625,6056.66796875
2139.760498046875,6055.86376953125
2141.070556640625,6055.06640625
2142.42822265625,6054.2509765625
2143.74853515625,6053.46826171875
2145.5458984375,6052.41943359375
2147.266357421875,6051.43359375
2148.60595703125,6050.67822265625
2149.993896484375,6049.90673828125
2151.779541015625,6048.9287109375
2153.573486328125,6047.962890625
2154.97900390625,6047.21728515625
2156.345458984375,6046.50244140625
2157.760498046875,6045.77197265625
2159.13623046875,6045.072265625
2160.516357421875,6044.38037109375
2161.9013671875,6043.69580078125
2163.290771484375,6043.01953125
2164.7294921875,6042.32861328125
2166.1728515625,6041.64501953125
2167.62060546875,6040.96923828125
2169.02734375,6040.32177734375
2170.437744140625,6039.68115234375
2171.89794921875,6039.02734375
2173.316650390625,6038.4013671875
2174.7392578125,6037.7822265625
2176.257568359375,6037.12939453125
2177.733642578125,6036.50244140625
2179.259521484375,6035.86279296875
2180.74267578125,6035.2490234375
2182.2294921875,6034.64208984375
2183.67333984375,6034.0595703125
2185.214111328125,6033.44677734375
2186.66455078125,6032.87646484375
2188.165283203125,6032.2939453125
2189.71630859375,6031.69970703125
2191.2236328125,6031.12939453125
2192.734130859375,6030.56494140625
2194.200439453125,6030.0234375
2195.669677734375,6029.48681640625
2197.1416015625,6028.9560546875
2198.616455078125,6028.43017578125
2200.09423828125,6027.91015625
2201.62255859375,6027.37890625
2203.10595703125,6026.86962890625
2204.5439453125,6026.38232421875
2206.032470703125,6025.8837890625
2207.52392578125,6025.39013671875
2209.017822265625,6024.90185546875
2210.562744140625,6024.40283203125
2212.1103515625,6023.90869140625
2213.61181640625,6023.4345703125
2215.11572265625,6022.96484375
2216.5732421875,6022.5146484375
2218.08154296875,6022.0537109375
2219.592041015625,6021.59716796875
2221.104736328125,6021.14501953125
2222.57080078125,6020.71142578125
2224.136962890625,6020.2529296875
2225.705078125,6019.79833984375
2227.275390625,6019.3466796875
2228.79833984375,6018.912109375
2230.27392578125,6018.494140625
2231.800048828125,6018.064453125
2233.27880859375,6017.6513671875
2234.808349609375,6017.22705078125
2236.388916015625,6016.79150390625
2237.97119140625,6016.35888671875
2239.505615234375,6015.94189453125
2241.041748046875,6015.52734375
2242.5791015625,6015.115234375
2244.068603515625,6014.71875
2245.559326171875,6014.32470703125
2247.0517578125,6013.93212890625
2248.595458984375,6013.52880859375
2250.140869140625,6013.1279296875
2251.6875,6012.72900390625
2253.235595703125,6012.33251953125
2254.835205078125,6011.92626953125
2256.386474609375,6011.53466796875
2257.939208984375,6011.14599609375
2259.443359375,6010.771484375
2260.94873046875,6010.39990234375
2262.45556640625,6010.0302734375
2264.013916015625,6009.65087890625
2265.57373046875,6009.2734375
2267.13525390625,6008.8984375
2268.647705078125,6008.53759765625
2270.1611328125,6008.17822265625
2271.7265625,6007.80859375
2273.24267578125,6007.453125
2274.810546875,6007.08740234375
2276.379638671875,6006.7236328125
2278.00048828125,6006.349609375
2279.521240234375,6006.0009765625
2281.093994140625,6005.6416015625
2282.616943359375,6005.294921875
2284.191650390625,6004.9384765625
2285.716796875,6004.59423828125
2287.293701171875,6004.23974609375
2288.871826171875,6003.8857421875
2290.399658203125,6003.5439453125
2291.9794921875,6003.19189453125
2293.50927734375,6002.85205078125
2295.03955078125,6002.5126953125
2296.571044921875,6002.17431640625
2298.103271484375,6001.8359375
2299.636474609375,6001.49853515625
2301.2216796875,6001.14990234375
2302.807861328125,6000.80224609375
2304.446044921875,6000.44287109375
2306.033935546875,6000.095703125
2307.622314453125,5999.74853515625
2309.21142578125,5999.40185546875
2310.801513671875,5999.05517578125
2312.392333984375,5998.70849609375
2313.98388671875,5998.3623046875
2315.576416015625,5998.0166015625
2317.169677734375,5997.67041015625
2318.763671875,5997.32470703125
2320.358154296875,5996.97900390625
2321.95361328125,5996.63330078125
2323.498046875,5996.29833984375
2325.094482421875,5995.95263671875
2326.691650390625,5995.60693359375
2328.28955078125,5995.2607421875
2329.8876953125,5994.9150390625
2331.48681640625,5994.568359375
2333.08642578125,5994.2216796875
2334.686767578125,5993.8740234375
2336.339111328125,5993.5146484375
2337.991943359375,5993.15478515625
2339.645263671875,5992.79443359375
2341.24755859375,5992.4443359375
2342.8505859375,5992.09326171875
2344.4541015625,5991.74169921875
2346.00634765625,5991.40087890625
2347.662353515625,5991.03662109375
2349.26708984375,5990.68310546875
2350.872314453125,5990.3291015625
2352.52978515625,5989.962890625
2354.135986328125,5989.60791015625
2355.74267578125,5989.251953125
2357.298095703125,5988.90673828125
2358.90576171875,5988.5498046875
2360.513916015625,5988.19189453125
2362.122314453125,5987.83349609375
2363.7314453125,5987.474609375
2365.3408203125,5987.1142578125
2366.950439453125,5986.75341796875
2368.560546875,5986.39111328125
2370.1708984375,5986.0283203125
2371.78173828125,5985.6640625
2373.39306640625,5985.29931640625
2374.95263671875,5984.94482421875
2376.564453125,5984.578125
2378.1767578125,5984.2099609375
2379.841064453125,5983.82958984375
2381.45361328125,5983.4599609375
2383.118896484375,5983.0771484375
2384.732421875,5982.70556640625
2386.346435546875,5982.3330078125
2387.960693359375,5981.95947265625
2389.5751953125,5981.58544921875
2391.18994140625,5981.2099609375
2392.8046875,5980.833984375
2394.47216796875,5980.4443359375
2396.087646484375,5980.06640625
2397.755859375,5979.67529296875
2399.320068359375,5979.3076171875
2400.93701171875,5978.9267578125
2402.502197265625,5978.5576171875
2404.0673828125,5978.1875
2405.6328125,5977.81689453125
2407.250732421875,5977.4326171875
2408.9208984375,5977.03466796875
2410.5390625,5976.6484375
2412.2099609375,5976.2490234375
2413.82861328125,5975.86083984375
2415.447265625,5975.4716796875
2417.066162109375,5975.08203125
2418.685546875,5974.69140625
2420.253173828125,5974.3125
2421.821044921875,5973.9326171875
2423.3369140625,5973.56494140625
2424.95751953125,5973.1708984375
2426.473876953125,5972.80126953125
2428.04248046875,5972.41845703125
2429.66357421875,5972.02197265625
2431.28466796875,5971.62451171875
2432.85400390625,5971.23876953125
2434.475830078125,5970.83935546875
2436.045654296875,5970.45166015625
2437.668212890625,5970.05029296875
2439.29052734375,5969.64794921875
2440.86083984375,5969.2578125
2442.43115234375,5968.8662109375
2444.001708984375,5968.47412109375
2445.572021484375,5968.0810546875
2447.195068359375,5967.67333984375
2448.818359375,5967.26513671875
2450.441650390625,5966.85595703125
2452.065185546875,5966.4462890625
2453.636474609375,5966.048828125
2455.207275390625,5965.6513671875
2456.776611328125,5965.25341796875
2458.3427734375,5964.85595703125
2459.904296875,5964.45947265625
2461.458984375,5964.0634765625
2463.1083984375,5963.64306640625
2465.05322265625,5963.146484375
2466.576904296875,5962.75634765625
2468.1396484375,5962.35595703125
2471.079345703125,5961.6005859375
2472.556396484375,5961.22021484375
2474.06982421875,5960.830078125
2475.955810546875,5960.34228515625
2477.822021484375,5959.8583984375
2479.71533203125,5959.3662109375
2481.58837890625,5958.87841796875
2483.441162109375,5958.39453125
2485.273681640625,5957.9150390625
2487.086181640625,5957.439453125
2488.879150390625,5956.96826171875
2490.65380859375,5956.501953125
2492.410400390625,5956.0400390625
2494.1494140625,5955.58251953125
2495.87109375,5955.12939453125
2497.57470703125,5954.6806640625
2499.2607421875,5954.23583984375
2500.9287109375,5953.79541015625
2502.578125,5953.35986328125
2504.20849609375,5952.92822265625
2505.8203125,5952.50146484375
2507.452880859375,5952.06787109375
2508.988525390625,5951.6591796875
2510.545166015625,5951.2431640625
2512.083251953125,5950.830078125
2513.6015625,5950.4189453125
2515.10009765625,5950.0107421875
2516.578125,5949.6044921875
2518.036865234375,5949.20068359375
2519.798583984375,5948.70849609375
2521.57080078125,5948.20947265625
2523.320556640625,5947.71142578125
2525.0517578125,5947.21484375
2526.766845703125,5946.7177734375
2528.462646484375,5946.22216796875
2530.138427734375,5945.72802734375
2531.793212890625,5945.2353515625
2533.426513671875,5944.74365234375
2535.038818359375,5944.25341796875
2536.63037109375,5943.7646484375
2538.2001953125,5943.2763671875
2539.74853515625,5942.7880859375
2541.2744140625,5942.29736328125
2542.778076171875,5941.80322265625
2544.259521484375,5941.3056640625
2545.72021484375,5940.80517578125
2547.161865234375,5940.302734375
2548.58447265625,5939.79736328125
2550.26513671875,5939.18701171875
2551.88818359375,5938.58056640625
2553.5078125,5937.95849609375
2555.09765625,5937.32958984375
2556.65966796875,5936.69287109375
2558.19580078125,5936.04541015625
2559.70751953125,5935.38525390625
2561.19677734375,5934.7099609375
2562.6640625,5934.01904296875
2564.110107421875,5933.31005859375
2565.5341796875,5932.5810546875
2566.936279296875,5931.83203125
2568.31884765625,5931.0625
2569.685302734375,5930.2744140625
2571.035888671875,5929.46875
2572.369873046875,5928.64306640625
2573.68798828125,5927.794921875
2574.99560546875,5926.92578125
2576.27587890625,5926.052734375
2577.572021484375,5925.1474609375
2578.8583984375,5924.22216796875
2580.13232421875,5923.275390625
2581.394287109375,5922.306640625
2582.66650390625,5921.298828125
2583.88330078125,5920.30029296875
2585.1064453125,5919.26123046875
2586.31787109375,5918.20068359375
2587.5146484375,5917.11767578125
2588.689208984375,5916.0107421875
2589.84619140625,5914.8828125
2590.9892578125,5913.7333984375
2592.1171875,5912.57177734375
2593.2294921875,5911.396484375
2594.325927734375,5910.19482421875
2595.37890625,5908.99169921875
2596.4267578125,5907.74658203125
2597.456787109375,5906.47216796875
2598.486328125,5905.15087890625
2599.482421875,5903.82958984375
2600.48046875,5902.46533203125
2601.464111328125,5901.0791015625
2602.419189453125,5899.69580078125
2603.398681640625,5898.25048828125
2604.379150390625,5896.79443359375
2605.349609375,5895.35546875
2606.31201171875,5893.9345703125
2607.283203125,5892.509765625
2608.2646484375,5891.08203125
2609.255859375,5889.65087890625
2610.271484375,5888.19140625
2611.26123046875,5886.7744140625
2612.279296875,5885.33251953125
2613.175537109375,5884.0849609375
2614.230224609375,5882.6533203125
2615.310546875,5881.2333984375
2616.41796875,5879.826171875
2617.39990234375,5878.61767578125
2618.38330078125,5877.443359375
2619.387451171875,5876.28076171875
2620.4130859375,5875.1318359375
2621.439697265625,5874.0185546875
2622.5078125,5872.8974609375
2623.57470703125,5871.81103515625
2624.880615234375,5870.525390625
2625.989990234375,5869.46923828125
2627.118896484375,5868.4267578125
2628.291259765625,5867.38037109375
2629.48486328125,5866.3515625
2630.69921875,5865.34130859375
2631.9326171875,5864.34765625
2633.1591796875,5863.38818359375
2634.401611328125,5862.44189453125
2635.685302734375,5861.49072265625
2636.958984375,5860.57080078125
2638.248046875,5859.6640625
2639.577880859375,5858.75146484375
2640.94921875,5857.83447265625
2642.30859375,5856.947265625
2643.681884765625,5856.072265625
2645.04150390625,5855.22607421875
2646.441162109375,5854.3740234375
2647.826171875,5853.54931640625
2649.223876953125,5852.73681640625
2650.634521484375,5851.93701171875
2652.05859375,5851.1513671875
2653.49560546875,5850.37939453125
2654.9453125,5849.62255859375
2656.407958984375,5848.880859375
2657.8837890625,5848.15478515625
2659.342529296875,5847.45849609375
2660.873046875,5846.7490234375
2662.385986328125,5846.06884765625
2663.910888671875,5845.4052734375
2665.4482421875,5844.759765625
2666.99755859375,5844.1318359375
2668.558837890625,5843.5224609375
2670.132080078125,5842.931640625
2671.716796875,5842.3603515625
2673.31298828125,5841.80810546875
2674.919921875,5841.2744140625
2676.53759765625,5840.76025390625
2678.165771484375,5840.26513671875
2679.80419921875,5839.78955078125
2681.45263671875,5839.33251953125
2683.1103515625,5838.89501953125
2684.777587890625,5838.47705078125
2686.454345703125,5838.080078125
2688.14013671875,5837.70361328125
2689.8349609375,5837.34716796875
2691.50390625,5837.01513671875
2693.215087890625,5836.69482421875
2694.934326171875,5836.392578125
2696.6611328125,5836.10791015625
2698.395263671875,5835.84033203125
2700.136962890625,5835.5888671875
2701.8857421875,5835.35302734375
2703.641357421875,5835.13232421875
2705.403564453125,5834.9267578125
2707.17236328125,5834.73486328125
2708.947509765625,5834.55615234375
2710.728759765625,5834.388671875
2712.552001953125,5834.2275390625
2714.345458984375,5834.07666015625
2716.14453125,5833.9296875
2717.94873046875,5833.78271484375
2719.757568359375,5833.63330078125
2721.5712890625,5833.47802734375
2723.388671875,5833.314453125
2725.2099609375,5833.13916015625
2726.998046875,5832.955078125
2728.82568359375,5832.75341796875
2730.65625,5832.537109375
2732.4892578125,5832.30517578125
2734.32421875,5832.05615234375
2736.161376953125,5831.7900390625
2738.07421875,5831.49658203125
2739.84033203125,5831.21142578125
2741.674560546875,5830.90283203125
2743.4951171875,5830.58447265625
2745.29638671875,5830.2578125
2747.07763671875,5829.92236328125
2748.8388671875,5829.578125
2750.5810546875,5829.22705078125
2752.303955078125,5828.869140625
2754.007568359375,5828.50439453125
2755.6904296875,5828.1318359375
2757.35205078125,5827.75048828125
2758.9912109375,5827.36083984375
2760.607177734375,5826.9638671875
2762.16796875,5826.5693359375
2763.738037109375,5826.1611328125
2765.28515625,5825.74853515625
2766.80908203125,5825.33056640625
2768.30908203125,5824.90673828125
2769.7841796875,5824.4755859375
2771.235107421875,5824.0361328125
2772.94482421875,5823.4970703125
2774.620849609375,5822.9462890625
2776.263427734375,5822.38671875
2777.8720703125,5821.81982421875
2779.446044921875,5821.24853515625
2780.985107421875,5820.67236328125
2782.489990234375,5820.09033203125
2783.96142578125,5819.49951171875
2785.400390625,5818.8994140625
2786.810791015625,5818.2900390625
2788.190185546875,5817.673828125
2789.740478515625,5816.955078125
2791.278076171875,5816.21044921875
2792.780029296875,5815.44873046875
2794.245361328125,5814.66845703125
2795.6748046875,5813.8720703125
2797.072509765625,5813.06005859375
2798.440673828125,5812.23291015625
2799.777587890625,5811.38916015625
2801.083984375,5810.52783203125
2802.364013671875,5809.64599609375
2803.62060546875,5808.7431640625
2804.84765625,5807.81396484375
2806.045166015625,5806.8564453125
2807.2119140625,5805.86279296875
2808.330322265625,5804.84375
2809.43017578125,5803.76806640625
2810.497314453125,5802.65625
2811.53125,5801.509765625
2812.5263671875,5800.32470703125
2813.4833984375,5799.10302734375
2814.397216796875,5797.84423828125
2815.263916015625,5796.55419921875
2816.080322265625,5795.2333984375
2816.85400390625,5793.884765625
2817.588134765625,5792.5068359375
2818.277587890625,5791.09814453125
2818.9208984375,5789.66064453125
2819.51513671875,5788.19970703125
2820.05322265625,5786.7236328125
2820.530517578125,5785.2578125
2820.973876953125,5783.75537109375
2821.37939453125,5782.2314453125
2821.74658203125,5780.68359375
2822.08349609375,5779.0927734375
2822.367919921875,5777.5361328125
2822.60595703125,5775.95751953125
2822.800537109375,5774.3798828125
2822.962890625,5772.8046875
2823.095458984375,5771.19677734375
2823.187744140625,5769.6142578125
2823.237060546875,5767.99853515625
2823.24560546875,5766.3525390625
2823.21484375,5764.74951171875
2823.139404296875,5763.12255859375
2823.02001953125,5761.52001953125
2822.854248046875,5759.896484375
2822.642333984375,5758.25390625
2822.396484375,5756.6630859375
2822.108642578125,5755.0556640625
2821.784423828125,5753.45361328125
2821.42431640625,5751.85302734375
2821.0302734375,5750.2529296875
2820.608154296875,5748.6494140625
2820.15625,5747.04248046875
2819.66845703125,5745.43505859375
2819.138671875,5743.8310546875
2818.566650390625,5742.23095703125
2817.960205078125,5740.65966796875
2817.304931640625,5739.0712890625
2816.6103515625,5737.48828125
2815.87841796875,5735.9111328125
2814.539794921875,5733.22021484375
2813.830322265625,5731.8828125
2813.092529296875,5730.5517578125
2812.32666015625,5729.22802734375
2811.533935546875,5727.91162109375
2810.716064453125,5726.6005859375
2809.87451171875,5725.29541015625
2809.009521484375,5723.99560546875
2808.122314453125,5722.701171875
2807.21435546875,5721.4111328125
2806.286865234375,5720.12451171875
2805.357421875,5718.861328125
2804.396728515625,5717.578125
2803.422607421875,5716.2939453125
2802.437744140625,5715.00634765625
2801.444091796875,5713.71484375
2800.44287109375,5712.41796875
2799.43505859375,5711.115234375
2798.420654296875,5709.80615234375
2797.399658203125,5708.49072265625
2796.37158203125,5707.169921875
2795.335693359375,5705.84423828125
2794.290771484375,5704.5146484375
2793.237548828125,5703.18017578125
2792.178955078125,5701.83837890625
2791.1201171875,5700.48583984375
2790.063720703125,5699.1201171875
2789.01123046875,5697.740234375
2787.9794921875,5696.3701171875
2786.9326171875,5694.9638671875
2785.887451171875,5693.544921875
2784.843505859375,5692.1142578125
2783.80126953125,5690.6728515625
2782.761474609375,5689.21923828125
2781.725341796875,5687.75390625
2780.864990234375,5686.5234375
2780.007080078125,5685.2841796875
2779.14990234375,5684.0361328125
2778.293212890625,5682.78173828125
2777.4384765625,5681.5224609375
2776.586181640625,5680.26220703125
2775.740478515625,5679.0068359375
2774.901123046875,5677.76220703125
2773.90234375,5676.287109375
2772.913330078125,5674.83642578125
2771.93359375,5673.41455078125
2770.980224609375,5672.05029296875
2770.018310546875,5670.69384765625
2769.067626953125,5669.365234375
2768.130615234375,5668.0625
2767.20703125,5666.787109375
2766.292236328125,5665.53564453125
2765.38671875,5664.3076171875
2764.34619140625,5662.91064453125
2763.324462890625,5661.5546875
2762.3232421875,5660.23876953125
2761.342529296875,5658.9638671875
2760.38232421875,5657.7314453125
2759.4404296875,5656.54150390625
2758.3818359375,5655.2275390625
2757.333251953125,5653.95458984375
2756.304931640625,5652.73583984375
2755.269287109375,5651.5400390625
2754.2373046875,5650.38623046875
2753.201904296875,5649.2744140625
2752.149169921875,5648.20068359375
2750.933837890625,5647.03955078125
2749.680419921875,5645.93115234375
2748.51904296875,5644.98095703125
2747.20654296875,5643.99365234375
2745.840087890625,5643.06494140625
2744.434326171875,5642.21337890625
2742.990966796875,5641.44287109375
2741.5244140625,5640.759765625
2739.994140625,5640.14306640625
2738.41357421875,5639.599609375
2736.968017578125,5639.18115234375
2735.488525390625,5638.82421875
2733.97607421875,5638.52685546875
2732.431640625,5638.29248046875
2730.819580078125,5638.1201171875
2729.12060546875,5638.0234375
2727.420166015625,5638.0224609375
2725.912353515625,5638.09619140625
2724.37744140625,5638.236328125
2722.880615234375,5638.4423828125
2721.34326171875,5638.73095703125
2719.767578125,5639.10986328125
2718.22265625,5639.56103515625
2716.6650390625,5640.09521484375
2715.06982421875,5640.71044921875
2713.476806640625,5641.38037109375
2712.107666015625,5642.01318359375
2710.76318359375,5642.68994140625
2709.424072265625,5643.41259765625
2707.891845703125,5644.294921875
2706.54736328125,5645.1259765625
2705.190673828125,5646.015625
2703.87841796875,5646.91796875
2702.53369140625,5647.8857421875
2701.178955078125,5648.91015625
2699.835205078125,5649.978515625
2698.474853515625,5651.11767578125
2697.182373046875,5652.2587890625
2695.8818359375,5653.46484375
2694.625732421875,5654.6826171875
2693.41650390625,5655.89794921875
2692.214599609375,5657.1513671875
2691.03076171875,5658.4462890625
2689.870361328125,5659.7822265625
2688.73193359375,5661.15625
2687.77392578125,5662.3583984375
2686.845947265625,5663.5654296875
2685.947021484375,5664.77490234375
2685.06005859375,5666.0068359375
2684.198974609375,5667.2373046875
2683.181396484375,5668.73486328125
2682.341796875,5670.0078125
2681.498046875,5671.32275390625
2680.6796875,5672.63427734375
2679.872314453125,5673.96533203125
2679.08984375,5675.29052734375
2678.3037109375,5676.65869140625
2677.526611328125,5678.04443359375
2676.77294921875,5679.42236328125
2676.001220703125,5680.86767578125
2675.238525390625,5682.33154296875
2674.484619140625,5683.8125
2673.7373046875,5685.310546875
2672.91796875,5686.984375
2672.168212890625,5688.5419921875
2670.81884765625,5691.3984375
2670.100830078125,5692.94091796875
2669.3046875,5694.66259765625
2668.569580078125,5696.25732421875
2667.856201171875,5697.80712890625
2667.216064453125,5699.1953125
2666.49169921875,5700.7626953125
2665.760009765625,5702.33837890625
2665.06103515625,5703.83544921875
2664.327392578125,5705.39794921875
2663.5712890625,5706.9970703125
2662.792724609375,5708.63330078125
2662.004638671875,5710.27734375
2661.22216796875,5711.8994140625
2660.41552734375,5713.55908203125
2659.599365234375,5715.22607421875
2658.1318359375,5718.18994140625
2657.43896484375,5719.57373046875
2656.75390625,5720.931640625
2655.90673828125,5722.59619140625
2655.219970703125,5723.93017578125
2654.524169921875,5725.2666015625
2653.802001953125,5726.63525390625
2653.0859375,5727.97509765625
2652.359130859375,5729.31640625
2651.62109375,5730.65771484375
2650.87109375,5731.9990234375
2650.108642578125,5733.3408203125
2649.334228515625,5734.6826171875
2648.548828125,5736.02587890625
2647.75439453125,5737.3701171875
2646.951416015625,5738.7158203125
2646.157958984375,5740.03271484375
2645.3369140625,5741.380859375
2644.525146484375,5742.69970703125
2643.705322265625,5744.017578125
2642.859619140625,5745.36279296875
2642.00732421875,5746.70458984375
2641.16796875,5748.0126953125
2640.282958984375,5749.3779296875
2639.41064453125,5750.70947265625
2638.53076171875,5752.0400390625
2637.6396484375,5753.373046875
2636.738525390625,5754.70751953125
2635.848876953125,5756.01171875
2634.9501953125,5757.31591796875
2634.021240234375,5758.650390625
2633.082275390625,5759.98388671875
2632.132568359375,5761.31591796875
2631.1494140625,5762.67626953125
2630.17626953125,5764.0048828125
2629.214599609375,5765.30126953125
2628.21923828125,5766.6259765625
2627.2353515625,5767.91796875
2626.21630859375,5769.2373046875
2625.207763671875,5770.5234375
2624.211181640625,5771.7763671875
2623.178466796875,5773.056640625
2622.109619140625,5774.36376953125
2621.0546875,5775.6396484375
2619.990478515625,5776.91455078125
2618.91796875,5778.1884765625
2617.75927734375,5779.54833984375
2616.63818359375,5780.84423828125
2615.528564453125,5782.10595703125
2614.405029296875,5783.361328125
2613.294189453125,5784.58251953125
2612.144287109375,5785.828125
2611.00927734375,5787.03955078125
2609.862060546875,5788.24560546875
2608.674560546875,5789.474609375
2607.50146484375,5790.66845703125
2606.3154296875,5791.85546875
2605.11572265625,5793.03466796875
2603.8720703125,5794.2333984375
2602.642822265625,5795.39599609375
2601.40087890625,5796.55224609375
2600.1171875,5797.73095703125
2598.822265625,5798.904296875
2597.546142578125,5800.0439453125
2596.25830078125,5801.17724609375
2594.957763671875,5802.30322265625
2593.582275390625,5803.474609375
2592.22509765625,5804.611328125
2590.88671875,5805.71240234375
2589.53515625,5806.8037109375
2588.104248046875,5807.935546875
2586.69091796875,5809.02978515625
2585.32958984375,5810.06298828125
2583.88916015625,5811.13671875
2582.47119140625,5812.17822265625
2581.04345703125,5813.21240234375
2579.604736328125,5814.2373046875
2578.153564453125,5815.25
2576.653564453125,5816.27392578125
2575.138916015625,5817.2841796875
2573.64599609375,5818.25830078125
2572.104736328125,5819.244140625
2570.515380859375,5820.2421875
2568.950927734375,5821.2080078125
2567.37646484375,5822.1669921875
2565.79345703125,5823.1181640625
2564.20068359375,5824.0615234375
2562.597900390625,5824.99560546875
2560.946533203125,5825.9404296875
2559.322265625,5826.853515625
2557.72607421875,5827.73681640625
2556.082275390625,5828.63330078125
2554.42919921875,5829.5224609375
2552.689697265625,5830.4453125
2550.979736328125,5831.3408203125
2549.261474609375,5832.23095703125
2547.53515625,5833.1162109375
2545.840576171875,5833.9765625
2544.09912109375,5834.85205078125
2542.429931640625,5835.68212890625
2540.715087890625,5836.5234375
2538.95751953125,5837.373046875
2537.20068359375,5838.20947265625
2534.130859375,5839.638671875
2532.379638671875,5840.4365234375
2530.6708984375,5841.20166015625
2528.924072265625,5841.9677734375
2527.217041015625,5842.69921875
2525.470458984375,5843.43115234375
2523.763427734375,5844.13134765625
2522.056640625,5844.8154296875
2520.38916015625,5845.4658203125
2518.720947265625,5846.09814453125
2517.011474609375,5846.7265625
2515.340576171875,5847.32373046875
2513.549072265625,5847.94677734375
2511.834716796875,5848.525390625
2510.07666015625,5849.1005859375
2508.394287109375,5849.63037109375
2506.74755859375,5850.1279296875
2505.01513671875,5850.6279296875
2503.277587890625,5851.10595703125
2501.576171875,5851.5537109375
2499.912353515625,5851.974609375
2498.205322265625,5852.388671875
2496.455322265625,5852.79248046875
2494.7431640625,5853.1669921875
2493.02880859375,5853.5224609375
2491.31201171875,5853.85888671875
2489.63427734375,5854.1689453125
2487.91455078125,5854.466796875
2486.234375,5854.73681640625
2484.55322265625,5854.9853515625
2482.911376953125,5855.20654296875
2481.266845703125,5855.40576171875
2479.5771484375,5855.587890625
2477.923828125,5855.7431640625
2476.265625,5855.87744140625
2474.644287109375,5855.98876953125
2472.893310546875,5856.08984375
2471.137451171875,5856.173828125
2469.37744140625,5856.24365234375
2467.613525390625,5856.29638671875
2465.887939453125,5856.32861328125
2464.1591796875,5856.3388671875
2462.42724609375,5856.3251953125
2460.734375,5856.2890625
2458.995361328125,5856.2314453125
2457.294189453125,5856.16015625
2455.589111328125,5856.07763671875
2453.88134765625,5855.9833984375
2452.171142578125,5855.87353515625
2450.45849609375,5855.748046875
2448.74365234375,5855.60498046875
2446.983154296875,5855.44140625
2445.262451171875,5855.265625
2443.496337890625,5855.072265625
2441.72802734375,5854.86474609375
2439.82861328125,5854.62548828125
2438.230224609375,5854.40966796875
2436.45849609375,5854.15234375
2434.7294921875,5853.88134765625
2433.000732421875,5853.59033203125
2431.27197265625,5853.27978515625
2429.54296875,5852.95166015625
2427.814208984375,5852.6064453125
2426.086669921875,5852.2431640625
2424.361083984375,5851.8583984375
2422.638427734375,5851.44970703125
2420.91845703125,5851.01708984375
2419.199951171875,5850.5634765625
2417.48291015625,5850.091796875
2415.767822265625,5849.6025390625
2414.056396484375,5849.09375
2412.349365234375,5848.56396484375
2410.646240234375,5848.01318359375
2408.9462890625,5847.44287109375
2407.24853515625,5846.85546875
2405.5537109375,5846.251953125
2403.8623046875,5845.63232421875
2402.175537109375,5844.99462890625
2400.49365234375,5844.3388671875
2398.81640625,5843.66552734375
2397.14306640625,5842.97509765625
2395.472900390625,5842.2705078125
2393.806396484375,5841.55224609375
2392.14404296875,5840.8193359375
2390.486572265625,5840.0703125
2388.87646484375,5839.32421875
2387.233154296875,5838.54150390625
2385.59912109375,5837.74365234375
2383.972412109375,5836.931640625
2382.35107421875,5836.10986328125
2380.732666015625,5835.2822265625
2379.119140625,5834.44873046875
2377.51171875,5833.6064453125
2375.906982421875,5832.7529296875
2374.304931640625,5831.888671875
2372.705810546875,5831.01318359375
2371.109375,5830.1279296875
2369.513916015625,5829.23388671875
2367.919677734375,5828.33251953125
2366.326416015625,5827.42431640625
2364.73486328125,5826.50927734375
2363.144775390625,5825.58740234375
2361.555419921875,5824.65869140625
2359.96630859375,5823.72412109375
2358.376220703125,5822.78466796875
2356.78515625,5821.84228515625
2355.1923828125,5820.8984375
2353.597412109375,5819.95263671875
2351.99951171875,5819.00732421875
2350.3974609375,5818.06396484375
2348.830810546875,5817.14697265625
2347.218994140625,5816.2109375
2345.6015625,5815.28076171875
2343.97802734375,5814.35693359375
2342.347900390625,5813.43896484375
2340.712158203125,5812.52587890625
2339.070556640625,5811.619140625
2337.421875,5810.72119140625
2335.765625,5809.8330078125
2334.101806640625,5808.95361328125
2332.430908203125,5808.0830078125
2330.7529296875,5807.22216796875
2329.06787109375,5806.369140625
2327.376220703125,5805.52392578125
2325.67822265625,5804.68701171875
2323.9736328125,5803.8583984375
2322.261962890625,5803.0400390625
2320.543212890625,5802.22998046875
2318.818115234375,5801.427734375
2317.0869140625,5800.63427734375
2315.349365234375,5799.8505859375
2313.60498046875,5799.076171875
2311.85400390625,5798.31005859375
2310.097412109375,5797.54931640625
2308.336669921875,5796.79296875
2306.6162109375,5796.0595703125
2304.8466796875,5795.314453125
2303.071044921875,5794.57958984375
2301.288330078125,5793.8564453125
2299.498046875,5793.146484375
2297.700439453125,5792.44970703125
2295.8955078125,5791.76708984375
2294.08251953125,5791.1015625
2292.26171875,5790.453125
2290.432861328125,5789.8203125
2288.596435546875,5789.19873046875
2286.75390625,5788.58447265625
2284.907470703125,5787.974609375
2283.056884765625,5787.37109375
2281.20166015625,5786.7763671875
2279.34130859375,5786.19091796875
2277.47509765625,5785.61474609375
2275.603759765625,5785.04736328125
2273.72705078125,5784.4892578125
2271.845458984375,5783.94091796875
2269.958740234375,5783.404296875
2268.06640625,5782.8798828125
2266.16845703125,5782.36767578125
2264.26513671875,5781.8681640625
2262.35595703125,5781.3818359375
2260.489501953125,5780.91943359375
2258.5703125,5780.45654296875
2256.646240234375,5780.00439453125
2254.717529296875,5779.5634765625
2252.783935546875,5779.13427734375
2250.845947265625,5778.71728515625
2248.903076171875,5778.3134765625
2246.955322265625,5777.923828125
2245.002685546875,5777.54638671875
2243.04541015625,5777.17822265625
2241.083984375,5776.81640625
2239.1201171875,5776.4609375
2237.15234375,5776.11376953125
2235.674072265625,5775.859375
2234.193359375,5775.60986328125
2232.7109375,5775.36572265625
2231.2265625,5775.1279296875
2229.740234375,5774.8984375
2228.251708984375,5774.677734375
2226.760986328125,5774.46630859375
2225.267578125,5774.26318359375
2223.771484375,5774.0673828125
2222.273193359375,5773.8779296875
2220.772705078125,5773.693359375
2219.2705078125,5773.513671875
2217.766845703125,5773.3388671875
2216.26123046875,5773.16943359375
2214.75390625,5773.005859375
2213.244873046875,5772.84765625
2211.2802734375,5772.64990234375
2209.76708984375,5772.50390625
2208.251953125,5772.361328125
2206.7353515625,5772.22314453125
2205.21826171875,5772.08740234375
2203.70263671875,5771.955078125
2202.18994140625,5771.82568359375
2200.68212890625,5771.6982421875
2199.179931640625,5771.5732421875
2197.684326171875,5771.45068359375
2195.65234375,5771.28759765625
2193.733154296875,5771.1376953125
2191.779541015625,5770.98974609375
2189.841064453125,5770.84716796875
2187.91748046875,5770.70849609375
2186.008544921875,5770.57275390625
2184.11474609375,5770.44091796875
2182.23779296875,5770.31298828125
2180.375732421875,5770.19189453125
2178.528564453125,5770.078125
2176.69677734375,5769.9716796875
2174.88037109375,5769.8740234375
2173.0810546875,5769.78662109375
2171.299560546875,5769.71044921875
2169.53466796875,5769.64599609375
2167.78466796875,5769.59228515625
2166.048095703125,5769.5498046875
2164.3671875,5769.51806640625
2162.65625,5769.49609375
2160.95849609375,5769.484375
2159.273193359375,5769.48486328125
2157.59912109375,5769.49609375
2155.935791015625,5769.5166015625
2154.285400390625,5769.5478515625
2152.64892578125,5769.58935546875
2151.026611328125,5769.64404296875
2149.41552734375,5769.71337890625
2147.814208984375,5769.80029296875
2146.2197265625,5769.904296875
2144.630126953125,5770.02392578125
2143.045166015625,5770.16015625
2141.46484375,5770.31396484375
2139.889404296875,5770.486328125
2138.319091796875,5770.67724609375
2136.753662109375,5770.8857421875
2135.194580078125,5771.111328125
2133.64306640625,5771.35400390625
2132.10009765625,5771.61376953125
2130.567138671875,5771.89111328125
2129.044677734375,5772.18505859375
2127.53466796875,5772.49560546875
2126.038330078125,5772.82373046875
2124.22607421875,5773.24853515625
2122.76318359375,5773.61279296875
2120.954833984375,5774.08544921875
2119.17041015625,5774.5771484375
2117.410888671875,5775.087890625
2115.6396484375,5775.62451171875
2113.956787109375,5776.150390625
2112.259765625,5776.693359375
2110.5849609375,5777.23876953125
2108.932861328125,5777.783203125
2107.302734375,5778.32470703125
2105.69384765625,5778.86279296875
2104.1015625,5779.39794921875
2102.52685546875,5779.92919921875
2100.970458984375,5780.455078125
2099.430419921875,5780.97314453125
2097.906494140625,5781.48095703125
2096.398681640625,5781.97607421875
2094.906982421875,5782.4560546875
2093.430908203125,5782.9208984375
2091.995849609375,5783.361328125
2090.540771484375,5783.79296875
2089.092529296875,5784.20361328125
2087.360595703125,5784.66748046875
2085.63134765625,5785.0966796875
2083.89990234375,5785.4931640625
2082.425537109375,5785.802734375
2080.6884765625,5786.1337890625
2077.500732421875,5786.63720703125
2075.763671875,5786.84765625
2074.029296875,5787.00537109375
2072.296630859375,5787.11328125
2070.565185546875,5787.1826171875
2068.83544921875,5787.224609375
2067.1083984375,5787.24462890625
2065.38623046875,5787.23583984375
2063.67041015625,5787.19287109375
2061.993408203125,5787.10986328125
2060.296142578125,5786.98291015625
2058.601806640625,5786.818359375
2056.907470703125,5786.62451171875
2055.187744140625,5786.3955078125
2053.53271484375,5786.13818359375
2051.861328125,5785.83935546875
2050.201416015625,5785.501953125
2048.55078125,5785.12890625
2046.90966796875,5784.71923828125
2045.2802734375,5784.26806640625
2043.6624755859375,5783.78076171875
2042.0562744140625,5783.26220703125
2040.458984375,5782.70751953125
2038.8759765625,5782.099609375
2037.311767578125,5781.4453125
2035.7886962890625,5780.7666015625
2034.2496337890625,5780.04541015625
2032.72314453125,5779.28955078125
2031.2110595703125,5778.49462890625
2029.7120361328125,5777.66015625
2028.2247314453125,5776.7890625
2026.749755859375,5775.8837890625
2025.2889404296875,5774.94287109375
2023.8431396484375,5773.9677734375
2022.4117431640625,5772.9609375
2020.9954833984375,5771.92138671875
2019.594970703125,5770.8486328125
2018.2110595703125,5769.74169921875
2016.8433837890625,5768.60107421875
2015.49072265625,5767.4296875
2014.1522216796875,5766.2294921875
2013.047119140625,5765.20703125
2011.75537109375,5763.97509765625
2010.6710205078125,5762.91064453125
2009.595458984375,5761.82861328125
2008.5281982421875,5760.7294921875
2007.4693603515625,5759.61376953125
2006.4190673828125,5758.48193359375
2005.3782958984375,5757.33349609375
2004.3485107421875,5756.16650390625
2003.3309326171875,5754.9814453125
2002.326904296875,5753.77685546875
2001.3369140625,5752.552734375
2000.360595703125,5751.31005859375
1999.397216796875,5750.05029296875
1998.44775390625,5748.77197265625
1997.5142822265625,5747.4755859375
1996.5985107421875,5746.15966796875
1995.700439453125,5744.82421875
1994.818115234375,5743.47119140625
1993.9505615234375,5742.10205078125
1993.0989990234375,5740.7158203125
1992.2821044921875,5739.3408203125
1991.4678955078125,5737.919921875
1990.6734619140625,5736.4814453125
1989.8973388671875,5735.02685546875
1989.138916015625,5733.556640625
1988.396728515625,5732.0712890625
1987.6654052734375,5730.5732421875
1986.939453125,5729.0654296875
1986.2147216796875,5727.55029296875
1985.489501953125,5726.02783203125
1984.76318359375,5724.4990234375
1984.03369140625,5722.96484375
1983.29833984375,5721.4267578125
1982.5543212890625,5719.88671875
1981.7987060546875,5718.345703125
1981.0291748046875,5716.80615234375
1980.24365234375,5715.2685546875
1979.443115234375,5713.73193359375
1978.628662109375,5712.1962890625
1977.80078125,5710.66162109375
1976.9744873046875,5709.16064453125
1976.1134033203125,5707.63330078125
1975.233642578125,5706.10986328125
1974.3350830078125,5704.591796875
1973.4173583984375,5703.07958984375
1972.4796142578125,5701.57373046875
1971.5218505859375,5700.07470703125
1970.54345703125,5698.58203125
1969.54345703125,5697.09765625
1968.522216796875,5695.62158203125
1967.4798583984375,5694.15478515625
1966.41650390625,5692.69775390625
1965.3321533203125,5691.25048828125
1964.227294921875,5689.8125
1963.1024169921875,5688.384765625
1962.1412353515625,5687.1943359375
1961.022216796875,5685.84716796875
1959.8302001953125,5684.46240234375
1958.6082763671875,5683.099609375
1957.3575439453125,5681.7568359375
1956.109375,5680.45458984375
1954.8192138671875,5679.138671875
1953.74609375,5678.07275390625
1952.4381103515625,5676.82373046875
1951.07177734375,5675.5830078125
1949.675537109375,5674.37451171875
1948.25830078125,5673.1826171875
1946.826416015625,5672.0029296875
1945.3775634765625,5670.83935546875
1943.9095458984375,5669.6962890625
1942.42333984375,5668.57373046875
1940.921875,5667.46728515625
1939.4080810546875,5666.37060546875
1937.884765625,5665.2802734375
1936.357666015625,5664.197265625
1934.83544921875,5663.12255859375
1933.3251953125,5662.0546875
1931.8302001953125,5660.9931640625
1930.3531494140625,5659.9375
1928.895751953125,5658.88623046875
1927.4879150390625,5657.8603515625
1926.0728759765625,5656.814453125
1924.67919921875,5655.76806640625
1923.3072509765625,5654.7197265625
1921.9576416015625,5653.6689453125
1920.629638671875,5652.615234375
1919.322998046875,5651.55712890625
1918.037353515625,5650.49169921875
1916.771728515625,5649.41455078125
1915.5247802734375,5648.3232421875
1914.29638671875,5647.216796875
1913.0865478515625,5646.0947265625
1911.895751953125,5644.95751953125
1910.7247314453125,5643.80419921875
1909.5732421875,5642.6357421875
1908.440185546875,5641.45263671875
1907.324462890625,5640.2548828125
1906.226806640625,5639.04248046875
1905.147705078125,5637.814453125
1904.0904541015625,5636.57177734375
1903.0748291015625,5635.34033203125
1902.0595703125,5634.07080078125
1901.0626220703125,5632.78857421875
1900.0809326171875,5631.4970703125
1899.1162109375,5630.19580078125
1898.167724609375,5628.8837890625
1897.2366943359375,5627.5556640625
1896.3255615234375,5626.21142578125
1895.4361572265625,5624.85205078125
1894.5670166015625,5623.47900390625
1893.7171630859375,5622.0908203125
1892.8846435546875,5620.689453125
1892.0709228515625,5619.27392578125
1891.277099609375,5617.845703125
1890.5045166015625,5616.4033203125
1889.75146484375,5614.94873046875
1889.0157470703125,5613.48583984375
1888.297119140625,5612.01708984375
1887.6048583984375,5610.54541015625
1886.9329833984375,5609.076171875
1886.2864990234375,5607.64013671875
1885.6336669921875,5606.17919921875
1884.985595703125,5604.72607421875
1884.3433837890625,5603.2822265625
1883.7083740234375,5601.85107421875
1883.078857421875,5600.4345703125
1882.4522705078125,5599.03076171875
1881.8267822265625,5597.63916015625
1881.19921875,5596.26220703125
1880.56640625,5594.9013671875
1879.796142578125,5593.29052734375
1879.00830078125,5591.7041015625
1878.1942138671875,5590.14208984375
1877.3475341796875,5588.60546875
1876.4647216796875,5587.09619140625
1875.5281982421875,5585.59228515625
1874.584716796875,5584.16943359375
1873.5882568359375,5582.755859375
1872.55615234375,5581.37646484375
1871.5087890625,5580.0537109375
1870.4127197265625,5578.7421875
1869.2869873046875,5577.46630859375
1868.130859375,5576.2294921875
1866.945068359375,5575.033203125
1865.731689453125,5573.87548828125
1864.4913330078125,5572.75390625
1863.2200927734375,5571.66796875
1861.912841796875,5570.619140625
1860.571044921875,5569.60498046875
1859.198486328125,5568.619140625
1857.7979736328125,5567.6611328125
1856.3673095703125,5566.734375
1854.9068603515625,5565.83935546875
1853.4200439453125,5564.9716796875
1851.910400390625,5564.12890625
1850.40478515625,5563.32470703125
1848.852294921875,5562.53369140625
1847.27880859375,5561.7685546875
1845.68603515625,5561.025390625
1844.3173828125,5560.4091796875
1842.7174072265625,5559.71533203125
1841.072265625,5559.03271484375
1839.408447265625,5558.376953125
1837.725830078125,5557.74853515625
1836.309326171875,5557.24560546875
1834.8812255859375,5556.75927734375
1833.442138671875,5556.28857421875
1831.9923095703125,5555.83349609375
1830.5321044921875,5555.39306640625
1829.0604248046875,5554.9716796875
1827.5770263671875,5554.57275390625
1826.0821533203125,5554.189453125
1824.580810546875,5553.814453125
1823.07421875,5553.4541015625
1821.5859375,5553.119140625
1820.0545654296875,5552.7978515625
1818.5125732421875,5552.4990234375
1816.9608154296875,5552.21923828125
1815.4005126953125,5551.95703125
1813.8316650390625,5551.712890625
1812.2540283203125,5551.48974609375
1810.6678466796875,5551.28857421875
1809.073486328125,5551.109375
1807.4713134765625,5550.95166015625
1805.861572265625,5550.81298828125
1804.244384765625,5550.68994140625
1802.620361328125,5550.5810546875
1800.990966796875,5550.4814453125
1799.3536376953125,5550.39453125
1797.7100830078125,5550.31884765625
1796.061279296875,5550.2568359375
1794.406494140625,5550.2109375
1792.7459716796875,5550.18408203125
1791.0789794921875,5550.17138671875
1789.4398193359375,5550.16748046875
1787.7275390625,5550.16943359375
1786.0762939453125,5550.17626953125
1784.385498046875,5550.18505859375
1782.688720703125,5550.19287109375
1780.9862060546875,5550.19580078125
1779.278076171875,5550.19091796875
1777.5645751953125,5550.17529296875
1775.8114013671875,5550.1474609375
1774.1217041015625,5550.10888671875
1772.392333984375,5550.056640625
1770.6580810546875,5549.99072265625
1768.919189453125,5549.90966796875
1767.140869140625,5549.8115234375
1765.4276123046875,5549.7021484375
1763.6749267578125,5549.57763671875
1761.9178466796875,5549.43896484375
1760.1566162109375,5549.287109375
1758.3912353515625,5549.12158203125
1756.622314453125,5548.94189453125
1754.8883056640625,5548.7529296875
1753.125,5548.54931640625
1751.374267578125,5548.33935546875
1749.64013671875,5548.12451171875
1747.9249267578125,5547.90478515625
1746.2313232421875,5547.68017578125
1744.5601806640625,5547.44775390625
1742.9134521484375,5547.20703125
1741.2911376953125,5546.9560546875
1739.691650390625,5546.69580078125
1738.114013671875,5546.42724609375
1736.558837890625,5546.15087890625
1735.0281982421875,5545.865234375
1733.5225830078125,5545.568359375
1732.04052734375,5545.26025390625
1730.2919921875,5544.8759765625
1728.574951171875,5544.4755859375
1726.8905029296875,5544.05859375
1725.240966796875,5543.62548828125
1723.6260986328125,5543.17529296875
1722.068359375,5542.71337890625
1720.5091552734375,5542.220703125
1718.9686279296875,5541.70068359375
1717.4439697265625,5541.1513671875
1715.93603515625,5540.5712890625
1714.44677734375,5539.95849609375
1712.9769287109375,5539.3134765625
1711.5274658203125,5538.63671875
1710.0987548828125,5537.927734375
1708.691650390625,5537.18603515625
1707.3057861328125,5536.4091796875
1705.9400634765625,5535.59521484375
1704.5943603515625,5534.7451171875
1703.2691650390625,5533.86083984375
1701.9681396484375,5532.94482421875
1700.696533203125,5531.998046875
1699.4761962890625,5531.03759765625
1698.26611328125,5530.03173828125
1697.0872802734375,5528.99755859375
1695.9385986328125,5527.9345703125
1694.8194580078125,5526.84033203125
1693.7264404296875,5525.71923828125
1692.651123046875,5524.57421875
1691.594482421875,5523.4072265625
1690.5574951171875,5522.2177734375
1689.542724609375,5521.00146484375
1688.5533447265625,5519.75634765625
1687.592041015625,5518.4814453125
1686.6563720703125,5517.1796875
1685.7423095703125,5515.8544921875
1684.85107421875,5514.5048828125
1683.983154296875,5513.13232421875
1683.1533203125,5511.7587890625
1682.3336181640625,5510.33935546875
1681.532958984375,5508.8994140625
1680.75244140625,5507.4404296875
1679.991943359375,5505.9619140625
1679.25146484375,5504.4609375
1678.53173828125,5502.93798828125
1677.832763671875,5501.39453125
1677.1533203125,5499.83203125
1676.494384765625,5498.25244140625
1675.860107421875,5496.64794921875
1675.24462890625,5495.0244140625
1674.6446533203125,5493.3837890625
1674.0560302734375,5491.7265625
1673.4803466796875,5490.05517578125
1672.92041015625,5488.36865234375
1672.37841796875,5486.66357421875
1671.864501953125,5484.970703125
1671.444091796875,5483.52294921875
1671.0369873046875,5482.06298828125
1670.64208984375,5480.591796875
1670.2587890625,5479.10888671875
1669.8875732421875,5477.61474609375
1669.5286865234375,5476.10888671875
1669.180908203125,5474.59228515625
1668.8426513671875,5473.06494140625
1668.51171875,5471.52783203125
1668.1865234375,5469.98046875
1667.8648681640625,5468.4248046875
1667.5439453125,5466.8603515625
1667.220458984375,5465.287109375
1666.889892578125,5463.70703125
1666.546875,5462.12109375
1666.1905517578125,5460.529296875
1665.8216552734375,5458.93212890625
1665.4407958984375,5457.33056640625
1665.04541015625,5455.72802734375
1664.638671875,5454.154296875
1664.1993408203125,5452.546875
1663.7327880859375,5450.939453125
1663.2335205078125,5449.333984375
1662.6954345703125,5447.73095703125
1662.1234130859375,5446.13037109375
1661.5216064453125,5444.53271484375
1660.891845703125,5442.93798828125
1660.2322998046875,5441.34765625
1659.5400390625,5439.76513671875
1658.8131103515625,5438.1904296875
1658.0531005859375,5436.62353515625
1657.2626953125,5435.06396484375
1656.44091796875,5433.513671875
1655.58447265625,5431.97509765625
1654.6917724609375,5430.45068359375
1653.763427734375,5428.9404296875
1652.800537109375,5427.44384765625
1651.7845458984375,5425.93701171875
1650.756103515625,5424.4833984375
1649.7393798828125,5423.1103515625
1648.65234375,5421.701171875
1647.538818359375,5420.3134765625
1646.3973388671875,5418.947265625
1645.1990966796875,5417.5712890625
1644.0169677734375,5416.2685546875
1642.7823486328125,5414.95751953125
1641.495849609375,5413.6376953125
1640.2359619140625,5412.3857421875
1638.92724609375,5411.12255859375
1637.59765625,5409.87255859375
1636.2216796875,5408.6083984375
1634.8828125,5407.404296875
1633.471923828125,5406.1611328125
1632.099853515625,5404.97705078125
1630.9395751953125,5403.994140625
1629.538818359375,5402.82763671875
1628.0943603515625,5401.64599609375
1625.7528076171875,5399.7734375
1624.5679931640625,5398.845703125
1623.10400390625,5397.7158203125
1621.8992919921875,5396.79931640625
1620.6861572265625,5395.8876953125
1619.46484375,5394.97998046875
1618.2359619140625,5394.07666015625
1616.9990234375,5393.177734375
1615.75390625,5392.28369140625
1614.500244140625,5391.3955078125
1613.2373046875,5390.5126953125
1611.9649658203125,5389.63623046875
1610.683837890625,5388.76416015625
1609.394775390625,5387.89599609375
1608.098876953125,5387.0302734375
1606.7962646484375,5386.16650390625
1605.48779296875,5385.3037109375
1604.1739501953125,5384.43994140625
1602.8558349609375,5383.57568359375
1601.53369140625,5382.70947265625
1600.207763671875,5381.8408203125
1598.878173828125,5380.9697265625
1597.5450439453125,5380.09619140625
1596.208251953125,5379.21923828125
1594.8677978515625,5378.33984375
1593.52392578125,5377.45751953125
1592.21044921875,5376.59423828125
1590.85986328125,5375.7060546875
1589.506103515625,5374.8154296875
1588.14892578125,5373.92236328125
1586.7886962890625,5373.02685546875
1585.390869140625,5372.10595703125
1584.0582275390625,5371.2275390625
1582.68798828125,5370.32470703125
1581.3145751953125,5369.4189453125
1579.9378662109375,5368.5107421875
1578.5579833984375,5367.60009765625
1577.1749267578125,5366.68701171875
1575.788818359375,5365.77099609375
1574.399658203125,5364.8525390625
1573.0074462890625,5363.93115234375
1571.612060546875,5363.00732421875
1570.2138671875,5362.08056640625
1568.8125,5361.15087890625
1567.408203125,5360.21875
1566.0008544921875,5359.2841796875
1564.5908203125,5358.3466796875
1563.1778564453125,5357.40673828125
1561.76220703125,5356.4638671875
1560.3438720703125,5355.5185546875
1558.88720703125,5354.546875
1557.534423828125,5353.6435546875
1556.107666015625,5352.6904296875
1554.677978515625,5351.73486328125
1553.2454833984375,5350.77685546875
1551.81005859375,5349.81640625
1550.3359375,5348.830078125
1548.930908203125,5347.88916015625
1547.487060546875,5346.92236328125
1546.0042724609375,5345.9287109375
1544.59130859375,5344.9814453125
1543.1395263671875,5344.0078125
1541.648681640625,5343.00732421875
1540.2279052734375,5342.05322265625
1538.7681884765625,5341.07275390625
1537.2691650390625,5340.06494140625
1535.80419921875,5339.080078125
1534.3734130859375,5338.11767578125
1532.8665771484375,5337.103515625
1531.39404296875,5336.1123046875
1529.9559326171875,5335.1435546875
1528.441650390625,5334.123046875
1526.9619140625,5333.12548828125
1525.5169677734375,5332.150390625
1523.99560546875,5331.12353515625
1522.509033203125,5330.119140625
1521.05712890625,5329.13818359375
1519.6031494140625,5328.15478515625
1518.0723876953125,5327.119140625
1516.5765380859375,5326.1064453125
1515.1160888671875,5325.1171875
1513.5784912109375,5324.07470703125
1512.076416015625,5323.0556640625
1510.60986328125,5322.060546875
1509.066162109375,5321.01171875
1507.558349609375,5319.986328125
1506.08642578125,5318.98486328125
1504.537109375,5317.92919921875
1503.0238037109375,5316.8974609375
1501.5465087890625,5315.8896484375
1499.9918212890625,5314.82763671875
1498.473388671875,5313.78955078125
1496.9912109375,5312.775390625
1495.431396484375,5311.70703125
1493.9078369140625,5310.66259765625
1492.420654296875,5309.64208984375
1490.8558349609375,5308.5673828125
1489.330078125,5307.51904296875
1487.8436279296875,5306.49658203125
1486.2822265625,5305.42236328125
1484.760498046875,5304.3740234375
1483.2783203125,5303.35205078125
1481.7978515625,5302.32958984375
1480.2418212890625,5301.25390625
1478.7215576171875,5300.2021484375
1477.2379150390625,5299.173828125
1475.6771240234375,5298.0908203125
1474.1531982421875,5297.03173828125
1472.6663818359375,5295.9970703125
1471.10205078125,5294.90771484375
1469.57470703125,5293.84228515625
1468.084716796875,5292.80126953125
1466.517333984375,5291.705078125
1464.9873046875,5290.6328125
1463.4947509765625,5289.5849609375
1461.9249267578125,5288.48046875
1460.392578125,5287.40087890625
1458.8974609375,5286.345703125
1457.324951171875,5285.2333984375
1455.7899169921875,5284.14599609375
1454.2923583984375,5283.0830078125
1452.71728515625,5281.96337890625
1451.1795654296875,5280.8681640625
1449.6798095703125,5279.798828125
1448.1025390625,5278.67236328125
1446.5633544921875,5277.5703125
1445.0618896484375,5276.49365234375
1443.5592041015625,5275.41455078125
1441.97802734375,5274.27783203125
1440.4344482421875,5273.16748046875
1438.9283447265625,5272.0830078125
1437.343994140625,5270.9404296875
1435.7972412109375,5269.82275390625
1434.288330078125,5268.73095703125
1432.7010498046875,5267.58056640625
1431.151611328125,5266.4560546875
1429.64013671875,5265.357421875
1428.050048828125,5264.19970703125
1426.497802734375,5263.0673828125
1424.9830322265625,5261.96142578125
1423.389404296875,5260.79638671875
1421.8336181640625,5259.658203125
1420.3155517578125,5258.54638671875
1418.71826171875,5257.37548828125
1417.158203125,5256.23095703125
1415.63525390625,5255.11328125
1414.03271484375,5253.9365234375
1412.4693603515625,5252.78857421875
1410.9456787109375,5251.6689453125
1409.340087890625,5250.48876953125
1407.770751953125,5249.333984375
1406.2386474609375,5248.2060546875
1404.6654052734375,5247.04736328125
1403.09033203125,5245.88671875
1401.5140380859375,5244.724609375
1399.975830078125,5243.58984375
1398.35693359375,5242.39404296875
1396.775634765625,5241.224609375
1395.2325439453125,5240.08251953125
1394.0050048828125,5239.1728515625
1392.4197998046875,5237.9970703125
1390.8336181640625,5236.81884765625
1389.2861328125,5235.66650390625
1387.6583251953125,5234.4521484375
1386.070068359375,5233.26416015625
1384.4820556640625,5232.07177734375
1382.8944091796875,5230.8740234375
1381.3070068359375,5229.671875
1379.7603759765625,5228.49462890625
1378.5321044921875,5227.5546875
1376.94970703125,5226.33544921875
1374.58349609375,5224.48974609375
1373.404052734375,5223.55908203125
1372.22705078125,5222.62255859375
1371.0523681640625,5221.68017578125
1369.88037109375,5220.73291015625
1368.7105712890625,5219.77978515625
1367.54345703125,5218.82177734375
1366.0299072265625,5217.568359375
1364.86865234375,5216.59814453125
1363.7098388671875,5215.62255859375
1362.5538330078125,5214.6416015625
1361.4005126953125,5213.6552734375
1360.250244140625,5212.66357421875
1359.103271484375,5211.666015625
1357.959716796875,5210.6630859375
1356.81982421875,5209.654296875
1355.6834716796875,5208.63916015625
1354.5504150390625,5207.61865234375
1353.4202880859375,5206.5927734375
1352.29248046875,5205.56201171875
1351.1666259765625,5204.5263671875
1350.0426025390625,5203.4873046875
1348.92041015625,5202.44384765625
1347.800537109375,5201.39599609375
1346.68359375,5200.34423828125
1345.570068359375,5199.28759765625
1344.4608154296875,5198.22509765625
1343.35595703125,5197.1572265625
1342.2554931640625,5196.08349609375
1341.1593017578125,5195.00341796875
1340.067138671875,5193.91796875
1338.97900390625,5192.8271484375
1337.8946533203125,5191.73095703125
1336.813720703125,5190.62939453125
1335.736328125,5189.5234375
1334.662841796875,5188.41259765625
1333.59375,5187.29638671875
1332.5294189453125,5186.17578125
1331.469970703125,5185.04931640625
1330.4149169921875,5183.91796875
1329.049560546875,5182.44091796875
1328.003173828125,5181.2998046875
1326.9593505859375,5180.1552734375
1325.91748046875,5179.0078125
1324.87744140625,5177.85791015625
1323.8389892578125,5176.7060546875
1322.8018798828125,5175.55224609375
1321.765869140625,5174.396484375
1320.730712890625,5173.23876953125
1319.6962890625,5172.07958984375
1318.6627197265625,5170.9189453125
1317.630126953125,5169.7568359375
1316.5987548828125,5168.5927734375
1315.5684814453125,5167.42724609375
1314.5390625,5166.259765625
1313.5106201171875,5165.09033203125
1312.48291015625,5163.9189453125
1311.4564208984375,5162.74609375
1310.43115234375,5161.57177734375
1309.407470703125,5160.3955078125
1308.38525390625,5159.2177734375
1307.3643798828125,5158.0380859375
1306.3446044921875,5156.85693359375
1305.3255615234375,5155.6748046875
1304.3070068359375,5154.4912109375
1303.2886962890625,5153.306640625
1302.270751953125,5152.12109375
1301.2529296875,5150.93505859375
1300.2354736328125,5149.7490234375
1299.2181396484375,5148.56201171875
1298.200439453125,5147.37451171875
1297.182373046875,5146.1865234375
1296.1641845703125,5144.9970703125
1294.840576171875,5143.4501953125
1293.82275390625,5142.25927734375
1292.8052978515625,5141.068359375
1291.7884521484375,5139.87646484375
1290.77197265625,5138.68359375
1289.755859375,5137.490234375
1288.7403564453125,5136.29638671875
1287.7254638671875,5135.10107421875
1286.7113037109375,5133.90576171875
1285.697998046875,5132.71044921875
1284.6854248046875,5131.51513671875
1283.673583984375,5130.3193359375
1282.6619873046875,5129.12353515625
1281.6505126953125,5127.9267578125
1280.63916015625,5126.728515625
1279.62744140625,5125.52978515625
1278.61572265625,5124.33056640625
1277.60400390625,5123.130859375
1276.5926513671875,5121.9306640625
1275.581787109375,5120.73046875
1274.57177734375,5119.5302734375
1273.5623779296875,5118.32958984375
1272.5535888671875,5117.12841796875
1271.54541015625,5115.9267578125
1270.537353515625,5114.724609375
1269.529541015625,5113.521484375
1268.5218505859375,5112.31787109375
1267.5145263671875,5111.11376953125
1266.5078125,5109.9091796875
1265.501953125,5108.7041015625
1264.4971923828125,5107.4990234375
1263.4931640625,5106.29345703125
1262.4901123046875,5105.08740234375
1261.521484375,5103.92138671875
1260.521240234375,5102.71484375
1259.522705078125,5101.50927734375
1258.52587890625,5100.3037109375
1257.5301513671875,5099.09814453125
1256.535400390625,5097.89208984375
1255.5413818359375,5096.68603515625
1254.5482177734375,5095.47998046875
1253.5560302734375,5094.2744140625
1252.56494140625,5093.0693359375
1251.574951171875,5091.86474609375
1250.5526123046875,5090.6201171875
1249.5633544921875,5089.41650390625
1248.6072998046875,5088.2529296875
1247.6182861328125,5087.048828125
1246.6295166015625,5085.84521484375
1245.6409912109375,5084.64208984375
1244.6529541015625,5083.4384765625
1243.6651611328125,5082.2353515625
1242.677734375,5081.03173828125
1241.6905517578125,5079.828125
1240.703369140625,5078.62451171875
1239.7161865234375,5077.419921875
1238.7291259765625,5076.2158203125
1237.7421875,5075.01123046875
1236.7552490234375,5073.80615234375
1235.7681884765625,5072.60107421875
1234.7808837890625,5071.39501953125
1233.7930908203125,5070.18896484375
1232.80517578125,5068.98193359375
1231.817138671875,5067.77490234375
1230.8289794921875,5066.56689453125
1229.8404541015625,5065.3583984375
1228.884521484375,5064.189453125
1227.8953857421875,5062.9794921875
1226.90625,5061.76904296875
1225.9168701171875,5060.55810546875
1224.9271240234375,5059.3466796875
1223.93701171875,5058.134765625
1222.9462890625,5056.9228515625
1221.9549560546875,5055.7109375
1220.963134765625,5054.49951171875
1219.970947265625,5053.28759765625
1218.9783935546875,5052.076171875
1217.9854736328125,5050.86474609375
1216.9921875,5049.6533203125
1215.998291015625,5048.44140625
1215.00390625,5047.2294921875
1214.0089111328125,5046.0166015625
1213.0133056640625,5044.8037109375
1212.0172119140625,5043.5908203125
1211.0203857421875,5042.3779296875
1210.0228271484375,5041.1640625
1209.024658203125,5039.95068359375
1208.0260009765625,5038.73681640625
1207.0272216796875,5037.5224609375
1206.028076171875,5036.30810546875
1205.028564453125,5035.09375
1204.028564453125,5033.87890625
1203.0279541015625,5032.66357421875
1202.02685546875,5031.44775390625
1201.0255126953125,5030.2314453125
1200.0240478515625,5029.0146484375
1199.0224609375,5027.79736328125
1198.0206298828125,5026.57861328125
1197.018798828125,5025.359375
1196.0499267578125,5024.18017578125
1195.04736328125,5022.95947265625
1194.044677734375,5021.73828125
1193.0419921875,5020.51708984375
1192.0394287109375,5019.2958984375
1191.037353515625,5018.07421875
1190.0362548828125,5016.8525390625
1189.0361328125,5015.6318359375
1188.03759765625,5014.412109375
1187.04150390625,5013.1953125
1186.048583984375,5011.9814453125
1185.0592041015625,5010.771484375
1184.0731201171875,5009.56494140625
1183.0908203125,5008.3623046875
1182.1129150390625,5007.16357421875
1181.1402587890625,5005.96923828125
1180.1739501953125,5004.77880859375
1179.2139892578125,5003.59228515625
1178.260986328125,5002.408203125
1177.31591796875,5001.2265625
1176.379638671875,5000.04638671875
1175.146484375,4998.47509765625
1173.931884765625,4996.90380859375
1172.735107421875,4995.33154296875
1171.5240478515625,4993.71826171875
1170.384521484375,4992.18115234375
1169.2283935546875,4990.6025390625
1168.08544921875,4989.021484375
1166.9561767578125,4987.43701171875
1165.83984375,4985.84912109375
1164.7637939453125,4984.298828125
1163.6728515625,4982.70654296875
1162.5948486328125,4981.111328125
1161.530029296875,4979.51171875
1160.4791259765625,4977.90771484375
1159.443603515625,4976.298828125
1158.425048828125,4974.68408203125
1157.42529296875,4973.06396484375
1156.4451904296875,4971.4384765625
1155.4854736328125,4969.8076171875
1154.5458984375,4968.17041015625
1153.6246337890625,4966.5263671875
1152.7197265625,4964.876953125
1151.8310546875,4963.22265625
1150.9588623046875,4961.5625
1150.10302734375,4959.89697265625
1149.2633056640625,4958.2255859375
1148.4385986328125,4956.548828125
1147.628173828125,4954.86669921875
1146.832763671875,4953.1787109375
1146.05419921875,4951.484375
1145.294677734375,4949.78271484375
1144.555908203125,4948.07275390625
1143.83740234375,4946.3544921875
1143.13623046875,4944.62939453125
1142.4652099609375,4942.94091796875
1141.7882080078125,4941.20458984375
1141.1229248046875,4939.4638671875
1140.470458984375,4937.71923828125
1139.8330078125,4935.9697265625
1139.2120361328125,4934.21484375
1138.60791015625,4932.45458984375
1138.0201416015625,4930.68994140625
1137.4471435546875,4928.92041015625
1136.890380859375,4927.14697265625
1136.352294921875,4925.369140625
1135.83837890625,4923.58544921875
1135.3551025390625,4921.79638671875
1134.9017333984375,4920.00146484375
1134.470947265625,4918.201171875
1134.052978515625,4916.39599609375
1133.642333984375,4914.5869140625
1133.2408447265625,4912.7734375
1132.8526611328125,4910.95654296875
1132.4798583984375,4909.13525390625
1132.123046875,4907.31005859375
1131.7823486328125,4905.48095703125
1131.4578857421875,4903.64794921875
1131.1409912109375,4901.76513671875
1130.85205078125,4899.970703125
1130.5667724609375,4898.12646484375
1130.299072265625,4896.3251953125
1130.0364990234375,4894.474609375
1129.78662109375,4892.62109375
1129.5489501953125,4890.7646484375
1129.32275390625,4888.9052734375
1129.1068115234375,4887.04248046875
1128.900634765625,4885.17724609375
1128.7042236328125,4883.30908203125
1128.517822265625,4881.4384765625
1128.3411865234375,4879.5654296875
1128.1748046875,4877.689453125
1128.0191650390625,4875.810546875
1127.87548828125,4873.9296875
1127.7445068359375,4872.046875
1127.6260986328125,4870.1611328125
1127.51904296875,4868.27294921875
1127.422607421875,4866.38232421875
1127.3367919921875,4864.48974609375
1127.2625732421875,4862.5947265625
1127.2012939453125,4860.6982421875
1127.153564453125,4858.75244140625
1127.123291015625,4856.89990234375
1127.10791015625,4854.99853515625
1127.1070556640625,4853.09521484375
1127.1187744140625,4851.1904296875
1127.140625,4849.3310546875
1127.174072265625,4847.42236328125
1127.2203369140625,4845.5126953125
1127.280517578125,4843.60205078125
1127.3570556640625,4841.64208984375
1127.44677734375,4839.7294921875
1127.549072265625,4837.86376953125
1127.648193359375,4836.28564453125
1127.78466796875,4834.37255859375
1127.9403076171875,4832.4599609375
1128.114990234375,4830.54833984375
1128.306396484375,4828.63671875
1128.5123291015625,4826.72509765625
1128.731201171875,4824.81298828125
1128.962158203125,4822.90087890625
1129.2041015625,4820.98828125
1129.456787109375,4819.0751953125
1129.720703125,4817.1630859375
1130.0008544921875,4815.25244140625
1130.3050537109375,4813.34423828125
1130.6331787109375,4811.43994140625
1130.982666015625,4809.5380859375
1131.349609375,4807.63818359375
1131.7294921875,4805.73876953125
1132.121337890625,4803.83984375
1132.5174560546875,4801.98974609375
1132.940185546875,4800.095703125
1133.380615234375,4798.20458984375
1133.8382568359375,4796.31689453125
1134.3115234375,4794.43115234375
1134.79931640625,4792.5478515625
1135.3023681640625,4790.66748046875
1135.8212890625,4788.79052734375
1136.3564453125,4786.9169921875
1136.90673828125,4785.04638671875
1137.47119140625,4783.17822265625
1138.048583984375,4781.3125
1138.6387939453125,4779.44921875
1139.2423095703125,4777.5888671875
1139.8594970703125,4775.7314453125
1140.49072265625,4773.87744140625
1141.1356201171875,4772.02685546875
1141.793212890625,4770.1787109375
1142.46240234375,4768.3330078125
1143.1424560546875,4766.4892578125
1143.8328857421875,4764.64794921875
1144.533203125,4762.80810546875
1145.2423095703125,4760.9697265625
1145.9598388671875,4759.1328125
1146.6856689453125,4757.29736328125
1147.401611328125,4755.50927734375
1148.14404296875,4753.6767578125
1148.8946533203125,4751.845703125
1149.6533203125,4750.0166015625
1150.4197998046875,4748.1884765625
1151.19384765625,4746.36181640625
1151.974853515625,4744.53662109375
1152.761962890625,4742.7119140625
1153.5543212890625,4740.8876953125
1154.351318359375,4739.0634765625
1155.15234375,4737.2392578125
1155.95654296875,4735.4140625
1156.763427734375,4733.587890625
1157.57275390625,4731.76123046875
1158.3837890625,4729.93359375
1158.992919921875,4728.5625
1159.6024169921875,4727.18994140625
1160.2120361328125,4725.81689453125
1160.8211669921875,4724.4423828125
1161.429443359375,4723.06689453125
1162.0364990234375,4721.68896484375
1162.6417236328125,4720.3095703125
1163.2442626953125,4718.927734375
1163.8436279296875,4717.5439453125
1164.4395751953125,4716.15771484375
1165.0321044921875,4714.76904296875
1165.6209716796875,4713.3779296875
1166.2064208984375,4711.98388671875
1166.9619140625,4710.16845703125
1167.538330078125,4708.76904296875
1168.110107421875,4707.36669921875
1168.6767578125,4705.96142578125
1169.238037109375,4704.5537109375
1169.8123779296875,4703.095703125
1170.527099609375,4701.2568359375
1171.071044921875,4699.83935546875
1171.6102294921875,4698.4189453125
1172.1448974609375,4696.99609375
1172.675537109375,4695.5703125
1173.20263671875,4694.14208984375
1173.7259521484375,4692.71142578125
1174.2618408203125,4691.23095703125
1174.927978515625,4689.36474609375
1175.4334716796875,4687.92529296875
1175.9329833984375,4686.4833984375
1176.426513671875,4685.0390625
1176.9141845703125,4683.59130859375
1177.3958740234375,4682.140625
1177.8720703125,4680.6875
1178.3428955078125,4679.23193359375
1178.808349609375,4677.7734375
1179.2686767578125,4676.3125
1179.7237548828125,4674.8486328125
1180.1734619140625,4673.3828125
1180.6177978515625,4671.91455078125
1181.056884765625,4670.443359375
1181.49072265625,4668.97021484375
1181.9193115234375,4667.49462890625
1182.3428955078125,4666.01611328125
1182.761962890625,4664.53564453125
1183.1767578125,4663.05322265625
1183.7095947265625,4661.1220703125
1184.1143798828125,4659.634765625
1184.5142822265625,4658.14501953125
1184.909423828125,4656.65283203125
1185.2998046875,4655.15869140625
1185.685791015625,4653.662109375
1186.067626953125,4652.16357421875
1186.4454345703125,4650.6630859375
1186.819091796875,4649.16015625
1187.1884765625,4647.65576171875
1187.55322265625,4646.14892578125
1187.91357421875,4644.64013671875
1188.26953125,4643.12939453125
1188.62109375,4641.6162109375
1188.968505859375,4640.1015625
1189.31201171875,4638.58447265625
1189.6519775390625,4637.0654296875
1189.9886474609375,4635.544921875
1190.3218994140625,4634.0224609375
1190.65234375,4632.498046875
1190.97998046875,4630.97216796875
1191.3048095703125,4629.4443359375
1191.626708984375,4627.9150390625
1191.945556640625,4626.38427734375
1192.261474609375,4624.8515625
1192.5745849609375,4623.3173828125
1192.8846435546875,4621.78125
1193.1920166015625,4620.24365234375
1193.49658203125,4618.7041015625
1193.7982177734375,4617.1630859375
1194.096923828125,4615.62060546875
1194.3924560546875,4614.07666015625
1194.67529296875,4612.58251953125
1194.964599609375,4611.03515625
1195.250732421875,4609.48583984375
1195.53369140625,4607.935546875
1195.813232421875,4606.38330078125
1196.089599609375,4604.82958984375
1196.3624267578125,4603.2744140625
1196.631591796875,4601.71728515625
1196.89697265625,4600.1591796875
1197.158447265625,4598.59912109375
1197.4161376953125,4597.03759765625
1197.6700439453125,4595.47412109375
1197.9202880859375,4593.90966796875
1198.1668701171875,4592.34326171875
1198.4097900390625,4590.775390625
1198.6490478515625,4589.20654296875
1198.884521484375,4587.6357421875
1199.1160888671875,4586.0634765625
1199.3436279296875,4584.48974609375
1199.56689453125,4582.91455078125
1199.785888671875,4581.33837890625
1200.0003662109375,4579.7607421875
1200.210205078125,4578.18115234375
1200.41552734375,4576.6005859375
1200.6163330078125,4575.01904296875
1200.812744140625,4573.435546875
1201.0047607421875,4571.85107421875
1201.1925048828125,4570.26513671875
1201.375732421875,4568.677734375
1201.5548095703125,4567.08935546875
1201.7294921875,4565.5
1201.9002685546875,4563.9091796875
1202.0670166015625,4562.31689453125
1202.22998046875,4560.7236328125
1202.3837890625,4559.1826171875
1202.5389404296875,4557.5869140625
1202.6900634765625,4555.99072265625
1202.8370361328125,4554.39306640625
1202.9798583984375,4552.79443359375
1203.1187744140625,4551.1943359375
1203.2537841796875,4549.59375
1203.3848876953125,4547.99169921875
1203.5120849609375,4546.38818359375
1203.6351318359375,4544.7841796875
1203.7540283203125,4543.17919921875
1203.8690185546875,4541.57275390625
1203.97998046875,4539.96533203125
1204.0870361328125,4538.3564453125
1204.1898193359375,4536.7470703125
1204.288330078125,4535.13671875
1204.382568359375,4533.52490234375
1204.472412109375,4531.912109375
1204.5582275390625,4530.29833984375
1204.6397705078125,4528.68359375
1204.7174072265625,4527.06787109375
1204.7906494140625,4525.451171875
1204.8594970703125,4523.83349609375
1204.923828125,4522.21484375
1204.9832763671875,4520.59521484375
1205.0380859375,4518.97509765625
1205.0882568359375,4517.353515625
1205.1337890625,4515.73095703125
1205.1749267578125,4514.107421875
1205.2117919921875,4512.4833984375
1205.244384765625,4510.85791015625
1205.27294921875,4509.23193359375
1205.297119140625,4507.60498046875
1205.316650390625,4506.03125
1205.332763671875,4504.40234375
1205.3448486328125,4502.77294921875
1205.3531494140625,4501.14208984375
1205.357666015625,4499.5107421875
1205.3585205078125,4497.87841796875
1205.3558349609375,4496.2451171875
1205.349365234375,4494.611328125
1205.3392333984375,4492.9765625
1205.3255615234375,4491.3408203125
1205.308349609375,4489.70458984375
1205.2879638671875,4488.06689453125
1205.2647705078125,4486.42822265625
1205.2392578125,4484.78857421875
1205.2110595703125,4483.14794921875
1205.18017578125,4481.5068359375
1205.1463623046875,4479.86474609375
1205.1092529296875,4478.22216796875
1205.0687255859375,4476.5791015625
1205.0242919921875,4474.93505859375
1204.9761962890625,4473.29052734375
1204.924560546875,4471.64501953125
1204.8699951171875,4469.99853515625
1204.81298828125,4468.3505859375
1204.75390625,4466.70166015625
1204.6927490234375,4465.05224609375
1204.6295166015625,4463.4013671875
1204.5640869140625,4461.75048828125
1204.4964599609375,4460.09814453125
1204.4263916015625,4458.4453125
1204.3538818359375,4456.7919921875
1204.2789306640625,4455.13720703125
1204.2017822265625,4453.4814453125
1204.125,4451.88037109375
1204.0433349609375,4450.22265625
1203.9593505859375,4448.564453125
1203.873291015625,4446.9052734375
1203.78515625,4445.2451171875
1203.69482421875,4443.583984375
1203.6025390625,4441.92236328125
1203.5048828125,4440.20361328125
1203.41162109375,4438.59521484375
1203.313232421875,4436.9306640625
1203.212646484375,4435.26513671875
1203.109619140625,4433.59912109375
1203.003662109375,4431.9326171875
1202.8946533203125,4430.2646484375
1202.7828369140625,4428.59619140625
1202.668212890625,4426.9267578125
1202.55126953125,4425.25634765625
1202.431884765625,4423.58447265625
1202.310302734375,4421.912109375
1202.186767578125,4420.23876953125
1202.061279296875,4418.564453125
1201.93408203125,4416.888671875
1201.8050537109375,4415.21240234375
1201.6744384765625,4413.53662109375
1201.5418701171875,4411.861328125
1201.40771484375,4410.18701171875
1201.271728515625,4408.51318359375
1201.134033203125,4406.84033203125
1200.99462890625,4405.16796875
1200.8487548828125,4403.4404296875
1200.71044921875,4401.82470703125
1200.5655517578125,4400.15380859375
1200.418701171875,4398.48193359375
1200.269775390625,4396.80810546875
1200.1239013671875,4395.18896484375
1199.970947265625,4393.513671875
1199.816162109375,4391.83740234375
1199.6595458984375,4390.16015625
1199.5010986328125,4388.482421875
1199.341064453125,4386.8037109375
1199.179443359375,4385.1240234375
1199.0164794921875,4383.443359375
1198.8521728515625,4381.76220703125
1198.6865234375,4380.080078125
1198.519775390625,4378.3974609375
1198.3519287109375,4376.7138671875
1198.18310546875,4375.02880859375
1198.013427734375,4373.34326171875
1197.8428955078125,4371.65673828125
1197.67138671875,4369.96923828125
1197.4991455078125,4368.28076171875
1197.3258056640625,4366.59130859375
1197.1517333984375,4364.900390625
1196.976806640625,4363.208984375
1196.8009033203125,4361.51611328125
1196.6241455078125,4359.82275390625
1196.4462890625,4358.12841796875
1196.26708984375,4356.43310546875
1196.0865478515625,4354.7373046875
1195.904296875,4353.0400390625
1195.719970703125,4351.34228515625
1195.5335693359375,4349.64404296875
1195.3446044921875,4347.94482421875
1195.15283203125,4346.24462890625
1194.9580078125,4344.5439453125
1194.760009765625,4342.8427734375
1194.5587158203125,4341.140625
1194.3612060546875,4339.494140625
1194.1534423828125,4337.791015625
1193.942138671875,4336.0869140625
1193.72705078125,4334.3818359375
1193.5084228515625,4332.6767578125
1193.2860107421875,4330.970703125
1193.0595703125,4329.2646484375
1192.828857421875,4327.55810546875
1192.5936279296875,4325.85107421875
1192.353759765625,4324.1435546875
1192.1092529296875,4322.435546875
1191.8599853515625,4320.7275390625
1191.60595703125,4319.01904296875
1191.346923828125,4317.31005859375
1191.0826416015625,4315.60107421875
1190.812744140625,4313.8916015625
1190.5374755859375,4312.18212890625
1190.2569580078125,4310.4716796875
1189.971435546875,4308.76123046875
1189.68115234375,4307.05029296875
1189.3858642578125,4305.33935546875
1189.0855712890625,4303.6279296875
1188.7801513671875,4301.91650390625
1188.469482421875,4300.205078125
1188.153564453125,4298.4931640625
1187.8323974609375,4296.78076171875
1187.505859375,4295.06884765625
1187.1737060546875,4293.3564453125
1186.8359375,4291.64404296875
1186.492919921875,4289.93115234375
1186.1448974609375,4288.21826171875
1185.7919921875,4286.50537109375
1185.4334716796875,4284.79296875
1185.0811767578125,4283.1376953125
1184.710205078125,4281.42529296875
1184.3330078125,4279.71337890625
1183.9498291015625,4278.0009765625
1183.5604248046875,4276.2890625
1183.1651611328125,4274.5771484375
1182.763916015625,4272.865234375
1182.35693359375,4271.1533203125
1181.9444580078125,4269.44189453125
1181.5264892578125,4267.72998046875
1181.103271484375,4266.01806640625
1180.6749267578125,4264.306640625
1180.2412109375,4262.5947265625
1179.802490234375,4260.88330078125
1179.358642578125,4259.17138671875
1178.9093017578125,4257.4599609375
1178.454833984375,4255.74853515625
1177.9951171875,4254.037109375
1177.530517578125,4252.32568359375
1177.0611572265625,4250.61376953125
1176.5872802734375,4248.9013671875
1176.109130859375,4247.18896484375
1175.626953125,4245.47607421875
1175.140625,4243.763671875
1174.6500244140625,4242.05078125
1174.1552734375,4240.33740234375
1173.6563720703125,4238.6240234375
1173.153076171875,4236.91064453125
1172.645751953125,4235.19677734375
1172.1343994140625,4233.48291015625
1171.619140625,4231.7685546875
1171.099609375,4230.05419921875
1170.575439453125,4228.34033203125
1170.04638671875,4226.626953125
1169.530517578125,4224.97021484375
1168.9925537109375,4223.25634765625
1168.450439453125,4221.5419921875
1167.9044189453125,4219.82763671875
1167.3546142578125,4218.11279296875
1166.80126953125,4216.3984375
1166.244140625,4214.68359375
1165.68359375,4212.96875
1165.1007080078125,4211.1962890625
1164.5521240234375,4209.53857421875
1163.981201171875,4207.8232421875
1163.406494140625,4206.10791015625
1162.8277587890625,4204.3935546875
1162.24462890625,4202.6787109375
1161.6572265625,4200.9638671875
1161.0655517578125,4199.2490234375
1160.4698486328125,4197.5341796875
1159.8702392578125,4195.818359375
1159.2674560546875,4194.1015625
1158.661865234375,4192.3837890625
1158.0537109375,4190.6650390625
1157.44287109375,4188.9453125
1156.8292236328125,4187.22509765625
1156.212646484375,4185.5048828125
1155.5927734375,4183.7841796875
1154.9697265625,4182.06298828125
1154.3433837890625,4180.34130859375
1153.7139892578125,4178.61962890625
1153.0816650390625,4176.89794921875
1152.4461669921875,4175.17626953125
1151.8076171875,4173.45458984375
1151.1656494140625,4171.73291015625
1150.4989013671875,4169.9541015625
1149.8934326171875,4168.34765625
1149.2415771484375,4166.62646484375
1148.58642578125,4164.90576171875
1147.927978515625,4163.18505859375
1147.2662353515625,4161.46435546875
1146.6011962890625,4159.74462890625
1145.9326171875,4158.025390625
1145.2603759765625,4156.306640625
1144.584228515625,4154.5888671875
1143.9039306640625,4152.8720703125
1143.1966552734375,4151.09912109375
1142.531005859375,4149.44091796875
1141.8388671875,4147.72607421875
1141.1436767578125,4146.0107421875
1140.44580078125,4144.2958984375
1139.7454833984375,4142.58056640625
1139.042724609375,4140.8662109375
1138.3370361328125,4139.15234375
1137.62841796875,4137.439453125
1136.9166259765625,4135.72705078125
1136.2017822265625,4134.0146484375
1135.4840087890625,4132.302734375
1134.7635498046875,4130.59130859375
1134.0400390625,4128.88134765625
1133.3138427734375,4127.17138671875
1132.5848388671875,4125.46240234375
1131.8533935546875,4123.75341796875
1131.119873046875,4122.04443359375
1130.384765625,4120.3359375
1129.6483154296875,4118.62744140625
1128.9111328125,4116.91845703125
1128.1484375,4115.15234375
1127.433837890625,4113.49951171875
1126.6934814453125,4111.78955078125
1125.97705078125,4110.13623046875
1125.235595703125,4108.42578125
1124.49365234375,4106.7138671875
1123.7513427734375,4105.00244140625
1123.0084228515625,4103.29052734375
1122.2650146484375,4101.578125
1121.521240234375,4099.86572265625
1120.7769775390625,4098.15283203125
1120.032470703125,4096.439453125
1119.28759765625,4094.72607421875
1118.5423583984375,4093.01220703125
1117.7967529296875,4091.298095703125
1117.051025390625,4089.58349609375
1116.30517578125,4087.868408203125
1115.559326171875,4086.1533203125
1114.813720703125,4084.437744140625
1114.0682373046875,4082.721923828125
1113.3232421875,4081.005615234375
1112.578369140625,4079.288818359375
1111.833740234375,4077.571044921875
1111.0889892578125,4075.8525390625
1110.3446044921875,4074.13330078125
1109.600830078125,4072.413330078125
1108.8580322265625,4070.693115234375
1108.116455078125,4068.97216796875
1107.376220703125,4067.25048828125
1106.6373291015625,4065.52783203125
1105.8995361328125,4063.804443359375
1105.1629638671875,4062.080078125
1104.4276123046875,4060.355224609375
1103.693115234375,4058.62939453125
1102.9591064453125,4056.90234375
1102.2255859375,4055.17431640625
1101.51708984375,4053.50390625
1100.784912109375,4051.775146484375
1100.053466796875,4050.0458984375
1099.3231201171875,4048.315673828125
1098.59375,4046.584716796875
1097.865478515625,4044.853271484375
1097.1387939453125,4043.121337890625
1096.413330078125,4041.388916015625
1095.689208984375,4039.655517578125
1094.96630859375,4037.921142578125
1094.244384765625,4036.186279296875
1093.5234375,4034.450927734375
1092.8035888671875,4032.71484375
1092.0843505859375,4030.977783203125
1091.36572265625,4029.23974609375
1090.6475830078125,4027.5009765625
1089.929931640625,4025.761962890625
1089.2130126953125,4024.0224609375
1088.4969482421875,4022.282470703125
1087.7816162109375,4020.541748046875
1087.06689453125,4018.80029296875
1086.3526611328125,4017.057861328125
1085.6390380859375,4015.314697265625
1084.9261474609375,4013.571044921875
1084.2138671875,4011.82666015625
1083.501953125,4010.08154296875
1082.790283203125,4008.33544921875
1082.078857421875,4006.58935546875
1081.3675537109375,4004.8427734375
1080.656494140625,4003.095947265625
1079.9456787109375,4001.3486328125
1079.2349853515625,3999.6005859375
1078.5245361328125,3997.8515625
1077.838134765625,3996.159912109375
1077.12841796875,3994.4091796875
1076.4193115234375,3992.657958984375
1075.71044921875,3990.905517578125
1075.0018310546875,3989.152587890625
1074.2935791015625,3987.39892578125
1073.5855712890625,3985.64501953125
1072.87744140625,3983.890380859375
1072.1693115234375,3982.13525390625
1071.4609375,3980.379638671875
1070.752197265625,3978.623046875
1070.043212890625,3976.86572265625
1069.334228515625,3975.108154296875
1068.6251220703125,3973.35009765625
1067.9158935546875,3971.591796875
1067.206298828125,3969.8330078125
1066.4962158203125,3968.073974609375
1065.7857666015625,3966.314697265625
1065.0750732421875,3964.554443359375
1064.3642578125,3962.79345703125
1063.6536865234375,3961.03173828125
1062.9434814453125,3959.268798828125
1062.23388671875,3957.505126953125
1061.52490234375,3955.740478515625
1060.81640625,3953.974609375
1060.1083984375,3952.207763671875
1059.400634765625,3950.439697265625
1058.693115234375,3948.6708984375
1057.9862060546875,3946.901611328125
1057.2801513671875,3945.131103515625
1056.574951171875,3943.35986328125
1055.87060546875,3941.58740234375
1055.1669921875,3939.813720703125
1054.4874267578125,3938.098388671875
1053.7850341796875,3936.322998046875
1053.083251953125,3934.54638671875
1052.3822021484375,3932.768798828125
1051.681640625,3930.990234375
1050.9815673828125,3929.210693359375
1050.2821044921875,3927.430419921875
1049.5833740234375,3925.649169921875
1048.8853759765625,3923.866943359375
1048.18798828125,3922.08349609375
1047.4913330078125,3920.299072265625
1046.7952880859375,3918.51416015625
1046.0999755859375,3916.728271484375
1045.4051513671875,3914.941650390625
1044.710693359375,3913.154052734375
1044.0162353515625,3911.36572265625
1043.321533203125,3909.576171875
1042.6265869140625,3907.7861328125
1041.93115234375,3905.99560546875
1041.235107421875,3904.204833984375
1040.5382080078125,3902.41357421875
1039.8402099609375,3900.6220703125
1039.1407470703125,3898.830322265625
1038.43994140625,3897.038330078125
1037.73779296875,3895.246337890625
1037.034423828125,3893.455322265625
1036.3306884765625,3891.666748046875
1035.626953125,3889.882568359375
1034.923583984375,3888.10400390625
1034.220947265625,3886.331787109375
1033.5189208984375,3884.567138671875
1032.8177490234375,3882.81103515625
1032.11669921875,3881.064208984375
1031.41552734375,3879.326416015625
1030.7376708984375,3877.654541015625
1030.0367431640625,3875.932861328125
1029.3363037109375,3874.2197265625
1028.63671875,3872.5166015625
1027.9371337890625,3870.82470703125
1027.237060546875,3869.143310546875
1026.536376953125,3867.4716796875
1025.8355712890625,3865.80908203125
1025.112060546875,3864.1005859375
1024.4127197265625,3862.4580078125
1023.7374267578125,3860.88134765625
1023.0386352539062,3859.2646484375
1022.3385620117188,3857.662109375
1021.636962890625,3856.072265625
1020.9346313476562,3854.49267578125
1020.2324829101562,3852.923095703125
1019.5309448242188,3851.364501953125
1018.82958984375,3849.815185546875
1018.1280517578125,3848.2744140625
1017.4259643554688,3846.74365234375
1016.7227783203125,3845.226318359375
1016.0175170898438,3843.7236328125
1015.3093872070312,3842.23486328125
1014.574462890625,3840.70849609375
1013.8848876953125,3839.290283203125
1013.170166015625,3837.83203125
1012.4546508789062,3836.383056640625
1011.7384643554688,3834.944580078125
1011.0208740234375,3833.517578125
1010.30078125,3832.101806640625
1009.5772705078125,3830.6962890625
1008.8500366210938,3829.299560546875
1008.1190795898438,3827.90966796875
1007.4087524414062,3826.5712890625
1006.6452026367188,3825.1455078125
1005.92626953125,3823.81640625
1005.177001953125,3822.4462890625
1004.4208374023438,3821.082275390625
1003.6306762695312,3819.680419921875
1002.8826904296875,3818.376708984375
1002.1005859375,3817.034423828125
1001.3118896484375,3815.6962890625
1000.5191650390625,3814.36083984375
999.7235107421875,3813.027587890625
998.9236450195312,3811.69873046875
998.1185302734375,3810.37548828125
997.3070678710938,3809.058349609375
996.4615478515625,3807.703369140625
995.6364135742188,3806.397705078125
994.5536499023438,3804.708740234375
993.7134399414062,3803.415771484375
992.866943359375,3802.128173828125
992.014404296875,3800.845947265625
991.1559448242188,3799.56884765625
990.2915649414062,3798.296630859375
989.4210205078125,3797.029296875
988.5438232421875,3795.766845703125
987.6597290039062,3794.509521484375
986.7387084960938,3793.21533203125
985.5698852539062,3791.59326171875
984.6638793945312,3790.349365234375
983.75244140625,3789.108154296875
982.8364868164062,3787.869140625
981.91650390625,3786.632080078125
980.9921264648438,3785.39697265625
980.0629272460938,3784.164306640625
979.128662109375,3782.93408203125
977.875244140625,3781.2978515625
976.61279296875,3779.6669921875
975.3724975585938,3778.081787109375
974.4122314453125,3776.865478515625
973.4468383789062,3775.651611328125
972.4767456054688,3774.440185546875
971.5020751953125,3773.231201171875
970.5235595703125,3772.0234375
969.541015625,3770.817626953125
968.5547485351562,3769.613525390625
967.5654296875,3768.41015625
966.5737915039062,3767.207275390625
965.5474853515625,3765.9658203125
964.585693359375,3764.8056640625
963.5880126953125,3763.607666015625
962.586181640625,3762.4111328125
961.5455322265625,3761.176025390625
960.567138671875,3760.022705078125
959.5498657226562,3758.831787109375
958.52734375,3757.6435546875
957.4308471679688,3756.379150390625
956.431640625,3755.236572265625
955.3920288085938,3754.058349609375
954.3458251953125,3752.88427734375
953.2922973632812,3751.714599609375
952.2313842773438,3750.549560546875
951.1633911132812,3749.388427734375
950.0888061523438,3748.23095703125
949.0079956054688,3747.0771484375
947.9213256835938,3745.927001953125
946.8287353515625,3744.78125
945.7662353515625,3743.678466796875
944.6600952148438,3742.54345703125
943.5469970703125,3741.4130859375
942.4276123046875,3740.28759765625
941.302001953125,3739.1669921875
940.1693115234375,3738.052978515625
939.0287475585938,3736.945068359375
937.88037109375,3735.843505859375
936.7252807617188,3734.74755859375
935.5642700195312,3733.65576171875
934.3987426757812,3732.567626953125
933.2288208007812,3731.483154296875
932.0527954101562,3730.403564453125
930.869873046875,3729.32958984375
929.6802978515625,3728.261474609375
928.484375,3727.19921875
927.2821655273438,3726.142333984375
926.0730590820312,3725.092529296875
924.8564453125,3724.049072265625
923.63232421875,3723.012451171875
922.4016723632812,3721.98193359375
921.1648559570312,3720.956298828125
919.9223022460938,3719.93505859375
918.6746826171875,3718.91796875
917.4221801757812,3717.90478515625
916.1648559570312,3716.895751953125
914.90234375,3715.891845703125
913.63427734375,3714.893310546875
912.3604736328125,3713.89990234375
911.0811157226562,3712.911865234375
909.7965087890625,3711.92822265625
908.5067749023438,3710.949462890625
907.2118530273438,3709.975830078125
905.9546508789062,3709.0400390625
904.6481323242188,3708.07763671875
903.3358154296875,3707.121337890625
902.0179443359375,3706.17041015625
900.69482421875,3705.224609375
899.3665771484375,3704.28369140625
898.0332641601562,3703.347900390625
896.69482421875,3702.417724609375
895.350830078125,3701.494140625
894.000732421875,3700.577880859375
892.6438598632812,3699.670166015625
891.2799072265625,3698.771728515625
889.9085693359375,3697.882568359375
888.530029296875,3697.00244140625
887.1444091796875,3696.130615234375
885.7523193359375,3695.266845703125
884.3541870117188,3694.41064453125
882.9500122070312,3693.5625
881.5396728515625,3692.7236328125
880.1227416992188,3691.894775390625
878.6989135742188,3691.076416015625
877.2683715820312,3690.26708984375
875.831787109375,3689.46533203125
874.39013671875,3688.66943359375
872.9441528320312,3687.879638671875
871.493896484375,3687.09619140625
870.0389404296875,3686.320068359375
868.5791625976562,3685.552490234375
867.1143798828125,3684.793212890625
865.64453125,3684.042236328125
864.169921875,3683.29833984375
862.6909790039062,3682.560791015625
861.2081298828125,3681.828857421875
859.7215576171875,3681.10302734375
858.2808227539062,3680.4072265625
856.7867431640625,3679.693603515625
855.2889404296875,3678.986083984375
853.7872924804688,3678.28515625
852.2817993164062,3677.5908203125
850.7730712890625,3676.903076171875
849.2628784179688,3676.22265625
847.7533569335938,3675.54931640625
846.2467651367188,3674.8828125
844.7445678710938,3674.222900390625
843.2477416992188,3673.569091796875
841.7575073242188,3672.921875
840.2745361328125,3672.281005859375
838.7989501953125,3671.646240234375
837.3305053710938,3671.017333984375
835.8694458007812,3670.3935546875
834.4160766601562,3669.7744140625
832.9707641601562,3669.15966796875
831.5335693359375,3668.54931640625
830.1046752929688,3667.94287109375
828.6845703125,3667.341064453125
827.2742309570312,3666.744384765625
825.8738403320312,3666.153076171875
824.4830322265625,3665.56689453125
822.6434936523438,3664.792724609375
820.8209838867188,3664.026123046875
819.015625,3663.266357421875
817.2289428710938,3662.51318359375
815.4179077148438,3661.74755859375
813.7127685546875,3661.024658203125
811.97998046875,3660.288330078125
810.303955078125,3659.5751953125
808.5989379882812,3658.848388671875
806.9110107421875,3658.127685546875
805.2415771484375,3657.412353515625
803.5906982421875,3656.7021484375
801.9566650390625,3655.995849609375
800.3388061523438,3655.293701171875
798.7374267578125,3654.594970703125
797.1533203125,3653.900634765625
795.5868530273438,3653.210693359375
794.0383911132812,3652.525146484375
792.508056640625,3651.844970703125
790.996337890625,3651.169677734375
789.5025024414062,3650.4990234375
788.0275268554688,3649.832763671875
786.5721435546875,3649.170654296875
785.1351928710938,3648.51123046875
783.7152709960938,3647.85498046875
782.3117065429688,3647.202392578125
780.9251708984375,3646.5537109375
779.5564575195312,3645.908447265625
777.8689575195312,3645.106689453125
776.5028686523438,3644.453369140625
774.88916015625,3643.677978515625
773.2962036132812,3642.9091796875
771.6924438476562,3642.130859375
770.1093139648438,3641.357177734375
768.544921875,3640.586181640625
766.9957275390625,3639.815673828125
765.4603271484375,3639.043701171875
763.9426879882812,3638.27099609375
762.4427490234375,3637.498291015625
760.9605712890625,3636.72607421875
759.4950561523438,3635.953857421875
758.0460815429688,3635.18017578125
756.6124267578125,3634.404052734375
755.1957397460938,3633.625
753.7978515625,3632.842041015625
752.4197998046875,3632.0546875
751.0631713867188,3631.262939453125
749.7297973632812,3630.467529296875
748.4210205078125,3629.668212890625
747.1373901367188,3628.864990234375
745.6297607421875,3627.897216796875
744.1814575195312,3626.943115234375
742.7426147460938,3625.969970703125
741.3153076171875,3624.97412109375
739.9681396484375,3623.998779296875
738.630126953125,3622.989990234375
737.323486328125,3621.96044921875
736.0476684570312,3620.9091796875
734.8038940429688,3619.834716796875
733.5923461914062,3618.73681640625
732.4137573242188,3617.6171875
731.2697143554688,3616.4765625
730.1622924804688,3615.316650390625
729.0904541015625,3614.1357421875
728.0507202148438,3612.9326171875
727.0442504882812,3611.7060546875
726.0737915039062,3610.455078125
725.1561279296875,3609.201904296875
724.2613525390625,3607.904541015625
723.405517578125,3606.585693359375
722.5875854492188,3605.246826171875
721.8077392578125,3603.888916015625
721.041748046875,3602.4638671875
720.3602294921875,3601.108642578125
719.6906127929688,3599.68310546875
719.0582275390625,3598.2353515625
718.4647827148438,3596.769287109375
717.9126586914062,3595.28857421875
717.4021606445312,3593.794921875
716.9315185546875,3592.289794921875
716.501220703125,3590.774658203125
716.1122436523438,3589.251953125
715.7653198242188,3587.72021484375
715.4606323242188,3586.177978515625
715.203369140625,3584.650634765625
714.9856567382812,3583.0869140625
714.8135986328125,3581.5126953125
714.6859741210938,3579.92919921875
714.6004638671875,3578.3369140625
714.5567016601562,3576.737060546875
714.5545654296875,3575.130859375
714.59521484375,3573.518798828125
714.677734375,3571.900390625
714.8045654296875,3570.275634765625
714.9760131835938,3568.646240234375
715.1953125,3567.011962890625
715.4599609375,3565.374755859375
715.768798828125,3563.7353515625
716.12353515625,3562.094970703125
716.5255737304688,3560.455810546875
716.97412109375,3558.81884765625
717.4617919921875,3557.2119140625
718.0067749023438,3555.581787109375
718.599609375,3553.957763671875
719.2393798828125,3552.33935546875
719.9251098632812,3550.72802734375
720.6520385742188,3549.123291015625
721.421875,3547.527099609375
722.2362670898438,3545.94189453125
723.7005004882812,3543.328857421875
724.4754638671875,3542.03369140625
725.2770385742188,3540.7470703125
726.1096801757812,3539.471923828125
726.9771728515625,3538.211181640625
727.8795166015625,3536.96533203125
728.813232421875,3535.7314453125
729.7734985351562,3534.5078125
730.760009765625,3533.29541015625
731.7544555664062,3532.12158203125
732.7991333007812,3530.940673828125
733.8732299804688,3529.775390625
734.9741821289062,3528.624267578125
736.1001586914062,3527.48681640625
737.2510375976562,3526.363525390625
738.42724609375,3525.25634765625
739.6290893554688,3524.166748046875
740.856201171875,3523.094482421875
742.1072998046875,3522.03857421875
743.3804321289062,3520.99755859375
744.674560546875,3519.971923828125
745.9906005859375,3518.962890625
747.3295288085938,3517.971923828125
748.6910400390625,3516.99951171875
750.0739135742188,3516.0439453125
751.4768676757812,3515.104736328125
752.8993530273438,3514.181640625
754.3410034179688,3513.27490234375
755.8012084960938,3512.383544921875
757.2489624023438,3511.52294921875
758.7425537109375,3510.658203125
760.2522583007812,3509.80712890625
761.77783203125,3508.96875
763.3186645507812,3508.142333984375
764.87353515625,3507.326416015625
766.4415283203125,3506.52001953125
768.0224609375,3505.72314453125
769.6148071289062,3504.9365234375
771.2145385742188,3504.163330078125
772.8212280273438,3503.403564453125
774.4345092773438,3502.65625
776.0530395507812,3501.918212890625
777.678955078125,3501.19091796875
779.3190307617188,3500.47265625
780.97216796875,3499.762451171875
782.6361694335938,3499.061279296875
784.31201171875,3498.37158203125
785.9993286132812,3497.69482421875
787.699462890625,3497.03173828125
789.3792114257812,3496.396484375
791.1056518554688,3495.76025390625
792.8436279296875,3495.1328125
794.5925903320312,3494.5126953125
796.3505249023438,3493.89404296875
799.1798706054688,3492.906982421875
800.6021728515625,3492.414306640625
802.0296020507812,3491.922607421875
803.462158203125,3491.433349609375
804.9010009765625,3490.947998046875
806.34716796875,3490.468994140625
807.8013305664062,3489.994873046875
809.2620239257812,3489.5234375
810.7276000976562,3489.05322265625
812.1978759765625,3488.58349609375
813.673095703125,3488.114501953125
815.1902465820312,3487.634765625
816.7125244140625,3487.155517578125
818.2399291992188,3486.67626953125
819.7723999023438,3486.19677734375
821.2720336914062,3485.728515625
822.776123046875,3485.259033203125
824.2847290039062,3484.78857421875
825.7976684570312,3484.31689453125
827.2767944335938,3483.855712890625
828.8358154296875,3483.368896484375
830.3606567382812,3482.89208984375
831.8894653320312,3482.4130859375
833.4220581054688,3481.931640625
834.95849609375,3481.447509765625
836.4984741210938,3480.960205078125
838.0419921875,3480.4697265625
839.5888061523438,3479.9755859375
841.1388549804688,3479.4775390625
842.6921997070312,3478.975830078125
844.2489624023438,3478.47021484375
845.8085327148438,3477.960693359375
847.3709106445312,3477.447021484375
848.9359130859375,3476.9287109375
850.5035400390625,3476.405517578125
852.0738525390625,3475.877685546875
853.64697265625,3475.344970703125
855.2228393554688,3474.807861328125
856.8013916015625,3474.26611328125
858.3826904296875,3473.72021484375
859.966552734375,3473.169921875
861.5529174804688,3472.61474609375
863.1416015625,3472.0546875
864.6928100585938,3471.503662109375
866.2860107421875,3470.933349609375
867.881591796875,3470.357666015625
869.4794311523438,3469.776611328125
871.079345703125,3469.18994140625
872.6807861328125,3468.59716796875
874.283447265625,3467.998046875
875.8870239257812,3467.3916015625
877.4916381835938,3466.77734375
879.0972290039062,3466.1552734375
880.7037353515625,3465.525390625
882.31103515625,3464.887939453125
883.919189453125,3464.242919921875
885.5284423828125,3463.59033203125
887.1388549804688,3462.93115234375
888.7501220703125,3462.264892578125
890.3621826171875,3461.591552734375
891.9750366210938,3460.911376953125
893.5888061523438,3460.223876953125
895.2033081054688,3459.529541015625
896.8184814453125,3458.828125
898.4343872070312,3458.11962890625
900.051025390625,3457.404296875
901.6680297851562,3456.68212890625
903.28515625,3455.952392578125
904.8621215820312,3455.2333984375
906.4801025390625,3454.488525390625
908.0989990234375,3453.737060546875
909.7188110351562,3452.98046875
911.3392333984375,3452.21826171875
912.9605102539062,3451.4501953125
914.5827026367188,3450.676025390625
916.2055053710938,3449.895263671875
917.8289184570312,3449.10791015625
919.4530029296875,3448.31298828125
921.0781860351562,3447.51123046875
922.7046508789062,3446.703369140625
924.3324584960938,3445.8896484375
925.9617309570312,3445.070068359375
927.63330078125,3444.224609375
929.2247314453125,3443.414794921875
930.8583984375,3442.57861328125
932.4929809570312,3441.736328125
934.1693115234375,3440.865966796875
935.764404296875,3440.03125
937.4008178710938,3439.16796875
939.0782470703125,3438.27490234375
940.7150268554688,3437.39599609375
942.3111572265625,3436.532470703125
943.948486328125,3435.640869140625
945.5839233398438,3434.742919921875
947.21435546875,3433.837158203125
948.7990112304688,3432.945556640625
950.419677734375,3432.021240234375
952.075927734375,3431.064208984375
953.6864013671875,3430.12060546875
955.2911987304688,3429.167236328125
956.8929443359375,3428.20263671875
958.4927978515625,3427.226806640625
960.0902099609375,3426.240234375
961.6848754882812,3425.2431640625
963.2764282226562,3424.235595703125
964.8648681640625,3423.216796875
966.4503784179688,3422.186767578125
968.0730590820312,3421.120361328125
969.6541748046875,3420.070068359375
971.2332763671875,3419.0107421875
972.849365234375,3417.9150390625
974.4232788085938,3416.83642578125
975.9946899414062,3415.747802734375
977.563720703125,3414.648681640625
979.1304321289062,3413.539306640625
980.7343139648438,3412.392333984375
983.5479125976562,3410.357666015625
985.1489868164062,3409.18994140625
986.3971557617188,3408.273681640625
987.6438598632812,3407.3515625
988.8502807617188,3406.452392578125
990.4054565429688,3405.28369140625
991.9588012695312,3404.10595703125
993.5096435546875,3402.918701171875
994.7103881835938,3401.9921875
996.2591552734375,3400.78955078125
997.8084716796875,3399.580322265625
999.3590698242188,3398.365966796875
1000.94970703125,3397.116455078125
1002.5027465820312,3395.893310546875
1003.7070922851562,3394.94287109375
1004.9122314453125,3393.989990234375
1006.1182861328125,3393.03466796875
1007.3253173828125,3392.077392578125
1008.5330200195312,3391.1181640625
1009.7412109375,3390.15673828125
1012.0810546875,3388.28955078125
1014.4627075195312,3386.382568359375
1015.6357421875,3385.441650390625
1016.849365234375,3384.467529296875
1018.0255126953125,3383.5234375
1019.2036743164062,3382.577880859375
1020.3839721679688,3381.631591796875
1021.5663452148438,3380.684326171875
1022.7505493164062,3379.737060546875
1024.292724609375,3378.505126953125
1025.52099609375,3377.526123046875
1026.751953125,3376.54736328125
1027.9456787109375,3375.600830078125
1029.1422119140625,3374.654541015625
1030.3411865234375,3373.708251953125
1031.5426025390625,3372.762451171875
1032.7862548828125,3371.78515625
1034.0323486328125,3370.808349609375
1035.2808837890625,3369.83154296875
1036.4915771484375,3368.88623046875
1037.7047119140625,3367.940673828125
1038.9202880859375,3366.9951171875
1040.1787109375,3366.01806640625
1041.3990478515625,3365.072998046875
1042.621826171875,3364.12841796875
1043.8472900390625,3363.184326171875
1045.0753173828125,3362.240234375
1046.305908203125,3361.29638671875
1047.538818359375,3360.352783203125
1048.7740478515625,3359.4091796875
1050.093994140625,3358.403076171875
1051.3751220703125,3357.4287109375
1052.6171875,3356.48583984375
1053.8614501953125,3355.542724609375
1055.10791015625,3354.599365234375
1056.3563232421875,3353.655517578125
1057.6063232421875,3352.711181640625
1058.857666015625,3351.76611328125
1060.1524658203125,3350.788330078125
1061.4068603515625,3349.840087890625
1062.6624755859375,3348.890380859375
1063.918701171875,3347.93896484375
1065.1334228515625,3347.017333984375
1066.390380859375,3346.0615234375
1067.6475830078125,3345.103271484375
1068.9052734375,3344.142333984375
1070.1629638671875,3343.178955078125
1071.4208984375,3342.212890625
1072.6793212890625,3341.244384765625
1073.9803466796875,3340.24072265625
1075.2821044921875,3339.23486328125
1076.6268310546875,3338.194091796875
1077.97216796875,3337.151611328125
1079.2760009765625,3336.139892578125
1080.6224365234375,3335.09375
1081.8851318359375,3334.111083984375
1083.1904296875,3333.09375
1084.4539794921875,3332.107666015625
1085.7598876953125,3331.0869140625
1087.023681640625,3330.097412109375
1088.2872314453125,3329.10546875
1089.5504150390625,3328.110595703125
1090.85498046875,3327.0791015625
1092.1168212890625,3326.0771484375
1093.37841796875,3325.071533203125
1094.6397705078125,3324.0625
1095.901123046875,3323.05029296875
1097.1627197265625,3322.03564453125
1098.4244384765625,3321.019287109375
1099.68603515625,3320.001220703125
1100.947021484375,3318.9814453125
1102.20703125,3317.958740234375
1103.4659423828125,3316.93212890625
1104.7232666015625,3315.900634765625
1105.9791259765625,3314.864501953125
1107.191650390625,3313.858154296875
1108.4862060546875,3312.77734375
1109.779052734375,3311.69140625
1111.0701904296875,3310.6005859375
1112.359619140625,3309.505126953125
1113.6055908203125,3308.440185546875
1114.849609375,3307.370361328125
1116.0916748046875,3306.295654296875
1117.3316650390625,3305.216064453125
1118.569091796875,3304.13134765625
1119.8037109375,3303.041015625
1121.0355224609375,3301.94482421875
1122.2652587890625,3300.842529296875
1123.49365234375,3299.735107421875
1124.761962890625,3298.5859375
1125.988525390625,3297.47021484375
1127.17333984375,3296.38818359375
1128.4388427734375,3295.228271484375
1129.6627197265625,3294.10205078125
1130.84521484375,3293.009765625
1132.06787109375,3291.87646484375
1133.2896728515625,3290.739501953125
1134.5108642578125,3289.59912109375
1135.731689453125,3288.45556640625
1136.9522705078125,3287.308837890625
1138.1728515625,3286.158935546875
1139.3931884765625,3285.006591796875
1140.6131591796875,3283.851806640625
1141.8731689453125,3282.65576171875
1143.05126953125,3281.5341796875
1144.2691650390625,3280.37109375
1145.4859619140625,3279.204833984375
1146.7015380859375,3278.034912109375
1147.9158935546875,3276.861328125
1149.1292724609375,3275.68408203125
1150.3419189453125,3274.503173828125
1151.5540771484375,3273.319091796875
1152.765625,3272.1318359375
1153.976318359375,3270.9423828125
1155.1854248046875,3269.75146484375
1156.3931884765625,3268.559326171875
1157.5999755859375,3267.36572265625
1158.8060302734375,3266.171142578125
1160.0115966796875,3264.975830078125
1161.216552734375,3263.780029296875
1162.4207763671875,3262.584228515625
1163.624267578125,3261.387939453125
1164.828125,3260.190185546875
1166.0335693359375,3258.990234375
1167.239990234375,3257.7890625
1168.447265625,3256.586669921875
1169.6556396484375,3255.38330078125
1170.864990234375,3254.17919921875
1172.0755615234375,3252.97412109375
1173.2872314453125,3251.76806640625
1174.500244140625,3250.56103515625
1175.7144775390625,3249.353271484375
1176.93017578125,3248.14501953125
1178.1473388671875,3246.93603515625
1179.3660888671875,3245.726318359375
1180.586669921875,3244.51611328125
1181.808837890625,3243.305419921875
1183.03271484375,3242.093994140625
1184.25830078125,3240.882080078125
1185.485595703125,3239.669921875
1186.71435546875,3238.45703125
1187.9036865234375,3237.284423828125
1189.1353759765625,3236.071044921875
1190.36865234375,3234.857421875
1191.603759765625,3233.643310546875
1192.8406982421875,3232.428466796875
1194.0794677734375,3231.213134765625
1195.31982421875,3229.997314453125
1196.5616455078125,3228.781005859375
1197.8048095703125,3227.564453125
1199.0494384765625,3226.347412109375
1200.29541015625,3225.130126953125
1201.542724609375,3223.912353515625
1202.79150390625,3222.694091796875
1204.0418701171875,3221.4755859375
1205.2939453125,3220.256591796875
1206.5477294921875,3219.037109375
1207.8033447265625,3217.81689453125
1209.0604248046875,3216.596435546875
1210.319091796875,3215.37548828125
1211.579345703125,3214.154052734375
1212.841064453125,3212.931884765625
1214.1041259765625,3211.708984375
1215.3687744140625,3210.48583984375
1216.6346435546875,3209.26220703125
1217.9017333984375,3208.0380859375
1219.17041015625,3206.81396484375
1220.4405517578125,3205.58984375
1221.712646484375,3204.365234375
1222.9869384765625,3203.140380859375
1224.26318359375,3201.915283203125
1225.5413818359375,3200.6904296875
1226.8216552734375,3199.46630859375
1228.1043701171875,3198.2431640625
1229.3472900390625,3197.061767578125
1230.6363525390625,3195.840576171875
1231.9290771484375,3194.62060546875
1233.225341796875,3193.4013671875
1234.5245361328125,3192.182861328125
1235.8260498046875,3190.965576171875
1237.1302490234375,3189.750244140625
1238.43798828125,3188.536865234375
1239.7496337890625,3187.326416015625
1241.06591796875,3186.119140625
1242.4310302734375,3184.874755859375
1243.713134765625,3183.7138671875
1245.04443359375,3182.514892578125
1246.3800048828125,3181.31689453125
1247.7181396484375,3180.119873046875
1249.057861328125,3178.92431640625
1250.4449462890625,3177.690673828125
1251.7906494140625,3176.49853515625
1253.1849365234375,3175.268798828125
1254.5379638671875,3174.080322265625
1255.939697265625,3172.852783203125
1257.3443603515625,3171.6259765625
1258.705810546875,3170.439208984375
1260.1143798828125,3169.212890625
1261.4788818359375,3168.0263671875
1262.8448486328125,3166.83935546875
1264.21240234375,3165.65185546875
1265.5810546875,3164.46337890625
1266.9505615234375,3163.2744140625
1268.320556640625,3162.08447265625
1269.69091796875,3160.893798828125
1271.061767578125,3159.70166015625
1272.432861328125,3158.508056640625
1273.8043212890625,3157.312744140625
1275.13037109375,3156.155517578125
1276.5023193359375,3154.956298828125
1277.8746337890625,3153.7548828125
1279.2474365234375,3152.55126953125
1280.62060546875,3151.34619140625
1281.994140625,3150.13916015625
1283.367919921875,3148.930419921875
1284.7418212890625,3147.72021484375
1286.11572265625,3146.50830078125
1287.4896240234375,3145.294677734375
1288.8631591796875,3144.078857421875
1290.236328125,3142.861083984375
1291.6090087890625,3141.640625
1292.9810791015625,3140.41748046875
1294.352294921875,3139.19140625
1295.7222900390625,3137.962158203125
1297.0906982421875,3136.7294921875
1298.4576416015625,3135.492919921875
1299.8231201171875,3134.252197265625
1301.18701171875,3133.00732421875
1302.54931640625,3131.7587890625
1303.9100341796875,3130.506103515625
1305.26904296875,3129.249755859375
1306.6260986328125,3127.98974609375
1307.9810791015625,3126.7255859375
1309.3341064453125,3125.457275390625
1310.685302734375,3124.1845703125
1312.0345458984375,3122.908203125
1313.3819580078125,3121.627685546875
1314.726806640625,3120.34326171875
1316.068603515625,3119.05419921875
1317.4068603515625,3117.760009765625
1318.74072265625,3116.4599609375
1320.025634765625,3115.197265625
1321.3502197265625,3113.88427734375
1322.670654296875,3112.56494140625
1323.987548828125,3111.2392578125
1325.3009033203125,3109.908203125
1326.61083984375,3108.572021484375
1327.9168701171875,3107.230712890625
1329.2183837890625,3105.883544921875
1330.51513671875,3104.531005859375
1331.8070068359375,3103.17236328125
1333.09423828125,3101.807861328125
1334.376708984375,3100.437744140625
1335.654296875,3099.06201171875
1336.9271240234375,3097.680908203125
1338.1953125,3096.294189453125
1339.4588623046875,3094.902099609375
1340.7178955078125,3093.5048828125
1341.9720458984375,3092.102294921875
1343.2210693359375,3090.6943359375
1344.465087890625,3089.281005859375
1345.704345703125,3087.8623046875
1346.9390869140625,3086.4384765625
1348.16943359375,3085.009765625
1349.3955078125,3083.576416015625
1350.6170654296875,3082.13818359375
1351.8338623046875,3080.6953125
1353.046142578125,3079.24755859375
1354.253662109375,3077.794921875
1355.45654296875,3076.337158203125
1356.65478515625,3074.874755859375
1357.84814453125,3073.4072265625
1359.0367431640625,3071.9345703125
1360.2203369140625,3070.45703125
1361.3592529296875,3069.0234375
1362.5313720703125,3067.534912109375
1363.6966552734375,3066.04052734375
1364.853759765625,3064.539306640625
1366.001953125,3063.031005859375
1367.1412353515625,3061.514892578125
1368.271484375,3059.9912109375
1369.3924560546875,3058.459716796875
1370.50439453125,3056.92041015625
1371.6072998046875,3055.37353515625
1372.7020263671875,3053.8193359375
1373.7891845703125,3052.2587890625
1374.869384765625,3050.692138671875
1375.9417724609375,3049.1201171875
1377.0050048828125,3047.542236328125
1378.056884765625,3045.957763671875
1379.09619140625,3044.366455078125
1380.122802734375,3042.76708984375
1381.137451171875,3041.159912109375
1382.2418212890625,3039.3837890625
1383.236572265625,3037.762451171875
1384.22314453125,3036.135986328125
1385.200439453125,3034.50439453125
1386.1669921875,3032.867919921875
1387.1226806640625,3031.22607421875
1388.0687255859375,3029.5791015625
1389.00634765625,3027.927001953125
1389.9364013671875,3026.270263671875
1390.85888671875,3024.609619140625
1391.7724609375,3022.9453125
1392.7357177734375,3021.165771484375
1393.5692138671875,3019.604736328125
1394.4537353515625,3017.927978515625
1395.330322265625,3016.247314453125
1396.1700439453125,3014.619873046875
1397.030517578125,3012.93408203125
1397.882568359375,3011.247314453125
1398.7274169921875,3009.56005859375
1399.56640625,3007.873779296875
1400.3997802734375,3006.190185546875
1401.2269287109375,3004.510986328125
1402.0469970703125,3002.83740234375
1402.85986328125,3001.169677734375
1403.6927490234375,2999.45166015625
1404.49267578125,2997.79443359375
1405.2874755859375,2996.142578125
1406.0762939453125,2994.498779296875
1406.8565673828125,2992.86572265625
1407.625732421875,2991.244384765625
1408.3834228515625,2989.632080078125
1409.131103515625,2988.027099609375
1409.8712158203125,2986.427978515625
1410.6055908203125,2984.83447265625
1411.3348388671875,2983.24658203125
1412.0589599609375,2981.6650390625
1412.7774658203125,2980.0908203125
1413.4893798828125,2978.52490234375
1414.19384765625,2976.9677734375
1414.890625,2975.41943359375
1415.57958984375,2973.880126953125
1416.2607421875,2972.35009765625
1416.9344482421875,2970.830078125
1417.6016845703125,2969.31884765625
1418.2637939453125,2967.815673828125
1418.9205322265625,2966.321044921875
1419.570556640625,2964.836181640625
1420.2122802734375,2963.361083984375
1420.8232421875,2961.944091796875
1421.4454345703125,2960.486328125
1422.05859375,2959.03515625
1422.6644287109375,2957.590087890625
1423.26416015625,2956.151123046875
1423.8575439453125,2954.719482421875
1424.4443359375,2953.295166015625
1425.0245361328125,2951.877197265625
1425.598876953125,2950.465576171875
1426.1671142578125,2949.060791015625
1426.728759765625,2947.6630859375
1428.0113525390625,2944.431396484375
1428.7283935546875,2942.60107421875
1429.43701171875,2940.78125
1430.1373291015625,2938.9716796875
1430.8284912109375,2937.172607421875
1431.5107421875,2935.3828125
1432.183837890625,2933.602294921875
1432.847900390625,2931.82958984375
1433.503662109375,2930.063232421875
1434.1513671875,2928.3017578125
1434.7894287109375,2926.545166015625
1435.416748046875,2924.791748046875
1436.033203125,2923.040283203125
1436.638916015625,2921.289306640625
1437.2337646484375,2919.537841796875
1437.817138671875,2917.78564453125
1438.374267578125,2916.075927734375
1438.9337158203125,2914.3203125
1439.481201171875,2912.562255859375
1440.0159912109375,2910.801025390625
1440.5379638671875,2909.03662109375
1441.0479736328125,2907.26904296875
1441.5474853515625,2905.49853515625
1442.0364990234375,2903.725341796875
1442.51416015625,2901.948974609375
1442.9794921875,2900.169677734375
1443.432373046875,2898.386962890625
1443.872802734375,2896.60107421875
1444.3017578125,2894.8125
1444.7205810546875,2893.021240234375
1445.1298828125,2891.227783203125
1445.529541015625,2889.432373046875
1445.919189453125,2887.634765625
1446.3089599609375,2885.79052734375
1446.6802978515625,2883.9892578125
1447.031982421875,2882.2314453125
1447.37890625,2880.426513671875
1447.708251953125,2878.61962890625
1448.0189208984375,2876.810302734375
1448.3109130859375,2874.9990234375
1448.5838623046875,2873.185546875
1448.83154296875,2871.41455078125
1449.0694580078125,2869.594970703125
1449.290771484375,2867.77197265625
1449.4932861328125,2865.9462890625
1449.6776123046875,2864.118408203125
1449.84423828125,2862.28857421875
1449.99560546875,2860.455810546875
1450.134765625,2858.620361328125
1450.2637939453125,2856.782958984375
1450.3817138671875,2854.943359375
1450.48681640625,2853.102294921875
1450.577880859375,2851.259765625
1450.6541748046875,2849.415771484375
1450.7154541015625,2847.570556640625
1450.7607421875,2845.72412109375
1450.79052734375,2843.87646484375
1450.8057861328125,2842.027099609375
1450.808837890625,2840.176513671875
1450.7999267578125,2838.324951171875
1450.7781982421875,2836.471923828125
1450.7431640625,2834.6181640625
1450.693115234375,2832.76416015625
1450.626953125,2830.910400390625
1450.545166015625,2829.05712890625
1450.45068359375,2827.20654296875
1450.3516845703125,2825.4072265625
1450.2432861328125,2823.52490234375
1450.1343994140625,2821.7021484375
1450.02490234375,2819.941162109375
1449.9066162109375,2818.108154296875
1449.7891845703125,2816.3369140625
1449.6734619140625,2814.625
1449.5517578125,2812.840576171875
1449.43408203125,2811.113525390625
1449.3189697265625,2809.398681640625
1449.2081298828125,2807.69921875
1449.103271484375,2806.0166015625
1449.008544921875,2804.39208984375
1448.918212890625,2802.701904296875
1448.840087890625,2801.069091796875
1448.7738037109375,2799.491455078125
1448.714599609375,2797.84619140625
1448.6671142578125,2796.25341796875
1448.631591796875,2794.712158203125
1448.606689453125,2793.104736328125
1448.5960693359375,2791.5478515625
1448.5997314453125,2790.039794921875
1448.6185302734375,2788.462646484375
1448.6507568359375,2786.9306640625
1448.7076416015625,2785.10009765625
1448.7744140625,2783.54345703125
1448.8577880859375,2782.031494140625
1448.9874267578125,2780.14892578125
1449.1099853515625,2778.6474609375
1449.2845458984375,2776.776123046875
1449.440673828125,2775.28369140625
1449.65771484375,2773.42529296875
1449.896484375,2771.612548828125
1450.1173095703125,2770.1025390625
1450.406494140625,2768.306640625
1450.6700439453125,2766.8115234375
1451.0108642578125,2765.034912109375
1451.31689453125,2763.556640625
1451.7056884765625,2761.799560546875
1452.0496826171875,2760.33740234375
1452.483642578125,2758.600830078125
1452.9630126953125,2756.807861328125
1453.4605712890625,2755.065185546875
1453.9739990234375,2753.372802734375
1454.5360107421875,2751.629150390625
1455.115234375,2749.938232421875
1455.7109375,2748.2998046875
1456.349365234375,2746.648193359375
1457.00537109375,2745.04931640625
1457.71728515625,2743.4033203125
1458.4403076171875,2741.80615234375
1459.1727294921875,2740.25732421875
1459.961669921875,2738.6640625
1460.763427734375,2737.12255859375
1461.576904296875,2735.6328125
1462.4512939453125,2734.103515625
1463.333740234375,2732.62451171875
1464.221435546875,2731.194091796875
1465.1700439453125,2729.72607421875
1466.1248779296875,2728.305419921875
1467.08544921875,2726.930419921875
1468.1126708984375,2725.51806640625
1469.1480712890625,2724.153564453125
1470.1890869140625,2722.835205078125
1471.297607421875,2721.480712890625
1472.4073486328125,2720.169189453125
1473.5166015625,2718.90087890625
1474.6719970703125,2717.625732421875
1475.8272705078125,2716.3955078125
1477.0526123046875,2715.1337890625
1478.273681640625,2713.91259765625
1479.48779296875,2712.73046875
1480.770751953125,2711.517333984375
1482.048095703125,2710.345947265625
1483.3179931640625,2709.214599609375
1484.65673828125,2708.051513671875
1485.9849853515625,2706.92529296875
1487.301513671875,2705.83544921875
1488.687744140625,2704.716064453125
1490.0618896484375,2703.63330078125
1491.4227294921875,2702.586181640625
1492.853515625,2701.510009765625
1494.2691650390625,2700.46630859375
1495.6668701171875,2699.45166015625
1497.1297607421875,2698.402099609375
1498.565185546875,2697.378173828125
1499.9681396484375,2696.376220703125
1501.3897705078125,2695.354248046875
1502.76904296875,2694.352783203125
1504.1868896484375,2693.311279296875
1505.559326171875,2692.290771484375
1506.8819580078125,2691.2939453125
1508.2325439453125,2690.261474609375
1509.5296630859375,2689.254150390625
1510.77392578125,2688.272216796875
1512.039794921875,2687.255615234375
1513.2518310546875,2686.263671875
1514.410400390625,2685.294921875
1515.585693359375,2684.287841796875
1516.9298095703125,2683.1025390625
1518.2335205078125,2681.917724609375
1519.4951171875,2680.735595703125
1520.7130126953125,2679.557373046875
1521.88623046875,2678.3837890625
1523.0174560546875,2677.213134765625
1524.0950927734375,2676.064453125
1525.1568603515625,2674.899658203125
1526.183349609375,2673.7421875
1527.172119140625,2672.59375
1528.27783203125,2671.264404296875
1529.318603515625,2669.962890625
1530.3419189453125,2668.630126953125
1531.3077392578125,2667.31982421875
1532.212646484375,2666.0390625
1533.0947265625,2664.733154296875
1533.91650390625,2663.45654296875
1534.7965087890625,2662.006103515625
1535.6109619140625,2660.562744140625
1536.357421875,2659.126220703125
1537.0177001953125,2657.7314453125
1537.6324462890625,2656.288818359375
1538.167724609375,2654.869873046875
1538.6845703125,2653.281005859375
1539.1102294921875,2651.69775390625
1539.445556640625,2650.115234375
1539.690185546875,2648.534912109375
1539.8450927734375,2646.96142578125
1539.910888671875,2645.399169921875
1539.889404296875,2643.8525390625
1539.7803955078125,2642.31396484375
1539.5975341796875,2640.780029296875
1539.3394775390625,2639.2109375
1539.002685546875,2637.630615234375
1538.5865478515625,2636.04541015625
1538.0950927734375,2634.455078125
1537.6011962890625,2633.035888671875
1537.052490234375,2631.61328125
1536.4417724609375,2630.19140625
1535.7724609375,2628.77197265625
1535.0408935546875,2627.357666015625
1534.2413330078125,2625.954833984375
1533.37890625,2624.5654296875
1532.4644775390625,2623.181884765625
1531.5137939453125,2621.81884765625
1530.49609375,2620.4462890625
1529.5606689453125,2619.25390625
1528.5633544921875,2618.031494140625
1527.564453125,2616.841064453125
1526.546630859375,2615.642822265625
1525.5257568359375,2614.427978515625
1524.5113525390625,2613.188720703125
1523.510498046875,2611.919677734375
1522.5291748046875,2610.61962890625
1521.570556640625,2609.287841796875
1520.639404296875,2607.9208984375
1519.738525390625,2606.51904296875
1518.8798828125,2605.10595703125
1518.0394287109375,2603.641357421875
1517.2332763671875,2602.14501953125
1516.46435546875,2600.616943359375
1515.7374267578125,2599.0615234375
1515.058837890625,2597.488525390625
1514.4290771484375,2595.89990234375
1513.8494873046875,2594.297607421875
1513.31982421875,2592.678955078125
1512.8382568359375,2591.038330078125
1512.4095458984375,2589.380126953125
1512.031982421875,2587.701904296875
1511.70458984375,2586.005126953125
1511.4317626953125,2584.29541015625
1511.21484375,2582.57861328125
1511.055419921875,2580.88427734375
1510.947998046875,2579.168212890625
1510.8966064453125,2577.456298828125
1510.9005126953125,2575.7431640625
1510.957763671875,2574.0224609375
1511.0650634765625,2572.29345703125
1511.22509765625,2570.55908203125
1511.4058837890625,2569.069091796875
1511.6343994140625,2567.576904296875
1511.9031982421875,2566.083984375
1512.2119140625,2564.589599609375
1512.564697265625,2563.09619140625
1512.9635009765625,2561.60693359375
1513.4066162109375,2560.122314453125
1513.8927001953125,2558.642578125
1514.4132080078125,2557.193603515625
1514.9840087890625,2555.72607421875
1515.5938720703125,2554.263916015625
1516.2418212890625,2552.80810546875
1516.9290771484375,2551.3603515625
1517.654296875,2549.921142578125
1518.41357421875,2548.48876953125
1519.20458984375,2547.06298828125
1520.02685546875,2545.6435546875
1520.8798828125,2544.230712890625
1521.7615966796875,2542.82421875
1522.671630859375,2541.424560546875
1523.6104736328125,2540.032470703125
1524.5791015625,2538.6494140625
1525.57763671875,2537.27587890625
1526.60595703125,2535.912841796875
1527.663818359375,2534.56005859375
1528.7318115234375,2533.239013671875
1529.845458984375,2531.905517578125
1530.986328125,2530.582763671875
1532.154296875,2529.27001953125
1533.347412109375,2527.96630859375
1534.5625,2526.668701171875
1535.7996826171875,2525.377197265625
1537.057373046875,2524.09130859375
1538.121337890625,2523.025146484375
1539.20068359375,2521.96435546875
1540.29638671875,2520.910400390625
1541.4095458984375,2519.86474609375
1542.540283203125,2518.827392578125
1543.6878662109375,2517.7978515625
1544.8507080078125,2516.773193359375
1546.027099609375,2515.751708984375
1547.21533203125,2514.73291015625
1548.4127197265625,2513.71337890625
1549.6197509765625,2512.693359375
1550.8109130859375,2511.6923828125
1552.03515625,2510.670166015625
1553.268310546875,2509.646728515625
1554.51171875,2508.625
1555.7679443359375,2507.60693359375
1557.0389404296875,2506.59619140625
1558.3262939453125,2505.59375
1559.6273193359375,2504.595947265625
1560.9381103515625,2503.599365234375
1562.2579345703125,2502.603271484375
1563.5863037109375,2501.60595703125
1564.9229736328125,2500.607421875
1566.2679443359375,2499.60791015625
1567.621337890625,2498.60693359375
1568.982421875,2497.604248046875
1570.3507080078125,2496.59912109375
1571.72607421875,2495.591552734375
1573.108154296875,2494.5810546875
1574.49658203125,2493.567626953125
1575.8634033203125,2492.57080078125
1577.26416015625,2491.550537109375
1578.6708984375,2490.526611328125
1580.0833740234375,2489.4990234375
1581.50146484375,2488.467529296875
1582.9254150390625,2487.431640625
1584.3546142578125,2486.3916015625
1585.789306640625,2485.347412109375
1587.229248046875,2484.298828125
1588.67431640625,2483.24609375
1590.12451171875,2482.1884765625
1591.5799560546875,2481.126220703125
1593.0404052734375,2480.0595703125
1594.5059814453125,2478.98876953125
1595.976318359375,2477.913330078125
1598.6331787109375,2475.968017578125
1600.109130859375,2474.884765625
1601.584228515625,2473.80029296875
1603.05810546875,2472.715087890625
1604.531005859375,2471.62841796875
1605.973876953125,2470.562255859375
1607.4520263671875,2469.468017578125
1608.9351806640625,2468.3681640625
1610.421875,2467.263671875
1611.91259765625,2466.154052734375
1613.407470703125,2465.039794921875
1614.90625,2463.921142578125
1616.1080322265625,2463.02294921875
1617.31201171875,2462.12158203125
1618.5185546875,2461.217041015625
1619.7271728515625,2460.30908203125
1620.9384765625,2459.39794921875
1622.1519775390625,2458.483642578125
1623.3675537109375,2457.56591796875
1624.5850830078125,2456.644287109375
1625.8046875,2455.71923828125
1627.026123046875,2454.790283203125
1628.249267578125,2453.857421875
1629.47412109375,2452.920166015625
1630.700439453125,2451.97900390625
1631.92822265625,2451.03369140625
1633.1575927734375,2450.083984375
1634.388427734375,2449.1298828125
1635.5892333984375,2448.1953125
1636.822021484375,2447.232177734375
1638.0555419921875,2446.263916015625
1639.2899169921875,2445.29052734375
1640.5247802734375,2444.311767578125
1641.7598876953125,2443.327392578125
1642.9952392578125,2442.337158203125
1644.230712890625,2441.341064453125
1645.4664306640625,2440.339111328125
1646.7021484375,2439.331298828125
1647.9378662109375,2438.3173828125
1649.173583984375,2437.297607421875
1650.4093017578125,2436.271728515625
1651.6448974609375,2435.239990234375
1652.8802490234375,2434.202392578125
1654.1153564453125,2433.15869140625
1655.35009765625,2432.108642578125
1656.58447265625,2431.052734375
1657.818359375,2429.990478515625
1659.0521240234375,2428.92236328125
1660.2861328125,2427.8486328125
1661.520263671875,2426.76953125
1662.7545166015625,2425.685302734375
1663.9886474609375,2424.595703125
1665.2225341796875,2423.50048828125
1666.4559326171875,2422.3994140625
1667.6580810546875,2421.320068359375
1668.890380859375,2420.20703125
1670.1219482421875,2419.087890625
1671.3526611328125,2417.962158203125
1672.582275390625,2416.830322265625
1673.810546875,2415.692138671875
1675.0372314453125,2414.54736328125
1676.2626953125,2413.396240234375
1677.4866943359375,2412.23876953125
1678.7095947265625,2411.0751953125
1679.931884765625,2409.906005859375
1681.153564453125,2408.7314453125
1682.3746337890625,2407.552001953125
1683.5950927734375,2406.366943359375
1684.8150634765625,2405.1767578125
1686.0345458984375,2403.9814453125
1687.25341796875,2402.781005859375
1688.4713134765625,2401.575439453125
1689.68798828125,2400.364501953125
1690.9339599609375,2399.11767578125
1692.118408203125,2397.92626953125
1693.3321533203125,2396.699462890625
1694.5447998046875,2395.467529296875
1695.7564697265625,2394.230712890625
1696.9371337890625,2393.02001953125
1698.1473388671875,2391.7734375
1699.3570556640625,2390.522216796875
1700.56640625,2389.266845703125
1701.775390625,2388.007080078125
1702.984375,2386.743408203125
1704.1937255859375,2385.475830078125
1705.4031982421875,2384.204833984375
1706.613525390625,2382.930419921875
1707.8243408203125,2381.65283203125
1709.036376953125,2380.372314453125
1710.2490234375,2379.0888671875
1711.462890625,2377.802734375
1712.6776123046875,2376.513916015625
1713.8935546875,2375.222412109375
1715.11083984375,2373.92822265625
1716.3302001953125,2372.6318359375
1717.5513916015625,2371.333740234375
1718.774658203125,2370.03369140625
1719.9998779296875,2368.73193359375
1721.22705078125,2367.42822265625
1722.4560546875,2366.122802734375
1723.68701171875,2364.81591796875
1724.919921875,2363.50732421875
1726.1551513671875,2362.19775390625
1727.3619384765625,2360.919189453125
1728.602294921875,2359.607421875
1729.845458984375,2358.2939453125
1731.0911865234375,2356.979736328125
1732.339599609375,2355.6640625
1733.5904541015625,2354.34716796875
1734.84375,2353.029541015625
1736.0999755859375,2351.7109375
1737.3592529296875,2350.391845703125
1738.62158203125,2349.072509765625
1739.8870849609375,2347.752685546875
1741.1558837890625,2346.4326171875
1742.4281005859375,2345.112060546875
1743.7037353515625,2343.79150390625
1744.982666015625,2342.47119140625
1746.2650146484375,2341.150634765625
1747.5509033203125,2339.830078125
1748.840087890625,2338.5087890625
1750.1326904296875,2337.187255859375
1751.428466796875,2335.865478515625
1752.7274169921875,2334.5439453125
1754.0296630859375,2333.22216796875
1755.33544921875,2331.900390625
1756.677490234375,2330.5458984375
1757.95654296875,2329.258056640625
1759.236572265625,2327.972412109375
1760.5501708984375,2326.656005859375
1761.86474609375,2325.341796875
1763.1800537109375,2324.030029296875
1764.49609375,2322.720703125
1765.812744140625,2321.4130859375
1767.1317138671875,2320.10595703125
1768.4544677734375,2318.79736328125
1769.7803955078125,2317.488525390625
1771.109375,2316.1796875
1772.44140625,2314.870849609375
1773.776611328125,2313.5615234375
1775.11474609375,2312.251708984375
1776.4554443359375,2310.94140625
1777.7987060546875,2309.63037109375
1779.14453125,2308.318603515625
1780.49267578125,2307.00537109375
1781.8431396484375,2305.691162109375
1783.196044921875,2304.375732421875
1784.55126953125,2303.058837890625
1785.9085693359375,2301.74072265625
1787.26806640625,2300.421630859375
1788.6297607421875,2299.1015625
1789.9937744140625,2297.780517578125
1791.3603515625,2296.45849609375
1792.695068359375,2295.1689453125
1794.0667724609375,2293.845703125
1795.44140625,2292.521484375
1796.818603515625,2291.196044921875
1798.1982421875,2289.86962890625
1799.5802001953125,2288.54248046875
1800.964599609375,2287.21435546875
1802.351318359375,2285.88525390625
1803.7401123046875,2284.55517578125
1805.1312255859375,2283.223876953125
1806.5245361328125,2281.89111328125
1807.919921875,2280.556884765625
1809.3175048828125,2279.220947265625
1810.716796875,2277.883544921875
1812.11767578125,2276.54443359375
1813.519775390625,2275.203369140625
1814.9228515625,2273.860107421875
1816.3265380859375,2272.513916015625
1817.7308349609375,2271.165283203125
1819.1361083984375,2269.813720703125
1820.542236328125,2268.45947265625
1821.948974609375,2267.102294921875
1823.3560791015625,2265.742431640625
1824.7635498046875,2264.37939453125
1826.17138671875,2263.013427734375
1827.5445556640625,2261.6787109375
1828.6363525390625,2260.615478515625
1830.0101318359375,2259.275634765625
1831.41943359375,2257.89892578125
1832.8646240234375,2256.48486328125
1834.2401123046875,2255.137451171875
1835.68701171875,2253.718017578125
1837.099365234375,2252.33056640625
1838.4766845703125,2250.97509765625
1839.571533203125,2249.89599609375
1840.98486328125,2248.5009765625
1842.3990478515625,2247.10302734375
1843.7783203125,2245.7373046875
1845.228759765625,2244.298583984375
1846.6090087890625,2242.92724609375
1848.025146484375,2241.51806640625
1849.4764404296875,2240.07080078125
1850.538330078125,2239.009765625
1851.6002197265625,2237.947021484375
1852.6622314453125,2236.88232421875
1853.7242431640625,2235.816162109375
1854.786376953125,2234.748291015625
1855.848876953125,2233.678955078125
1856.9119873046875,2232.60791015625
1857.9754638671875,2231.53515625
1859.0389404296875,2230.46142578125
1860.102783203125,2229.38623046875
1861.1671142578125,2228.3095703125
1862.2318115234375,2227.2314453125
1863.6162109375,2225.827392578125
1864.680908203125,2224.745361328125
1865.745361328125,2223.661376953125
1867.1641845703125,2222.212890625
1868.2283935546875,2221.1240234375
1869.292724609375,2220.033447265625
1870.35693359375,2218.94091796875
1871.4207763671875,2217.8466796875
1872.519775390625,2216.713623046875
1873.582763671875,2215.61474609375
1874.64501953125,2214.513671875
1875.7059326171875,2213.40966796875
1876.7652587890625,2212.30224609375
1877.822509765625,2211.191650390625
1878.87744140625,2210.076904296875
1879.929931640625,2208.95849609375
1881.0849609375,2207.723388671875
1882.1328125,2206.596435546875
1883.1785888671875,2205.465576171875
1884.2225341796875,2204.331298828125
1885.2646484375,2203.193603515625
1886.3038330078125,2202.05224609375
1887.373779296875,2200.868408203125
1888.7138671875,2199.37158203125
1889.7401123046875,2198.21435546875
1890.7623291015625,2197.052001953125
1891.7808837890625,2195.884521484375
1892.7965087890625,2194.71240234375
1893.809814453125,2193.5361328125
1894.8216552734375,2192.35693359375
1895.8316650390625,2191.174560546875
1896.8731689453125,2189.94970703125
1898.146728515625,2188.443115234375
1899.1497802734375,2187.25
1900.150634765625,2186.053466796875
1901.149169921875,2184.853515625
1902.1451416015625,2183.64990234375
1903.138427734375,2182.442626953125
1904.129150390625,2181.2314453125
1905.1171875,2180.01708984375
1906.1026611328125,2178.799072265625
1907.0849609375,2177.57861328125
1908.0960693359375,2176.3154296875
1909.0379638671875,2175.13330078125
1910.008056640625,2173.910400390625
1910.9739990234375,2172.6884765625
1911.9354248046875,2171.468017578125
1912.892578125,2170.25
1913.84521484375,2169.0341796875
1914.793212890625,2167.8212890625
1915.7364501953125,2166.611572265625
1916.674560546875,2165.405029296875
1917.607666015625,2164.201904296875
1918.5355224609375,2163.002197265625
1919.45751953125,2161.805419921875
1920.3731689453125,2160.61181640625
1921.3421630859375,2159.34130859375
1922.481201171875,2157.8359375
1923.666259765625,2156.254638671875
1924.8372802734375,2154.676025390625
1925.99560546875,2153.1005859375
1927.1412353515625,2151.52880859375
1928.2740478515625,2149.96142578125
1929.366455078125,2148.437255859375
1930.4735107421875,2146.87890625
1931.565673828125,2145.323974609375
1932.6417236328125,2143.769287109375
1933.70263671875,2142.212890625
1934.74951171875,2140.65234375
1935.7843017578125,2139.086669921875
1936.807861328125,2137.515380859375
1937.8201904296875,2135.9384765625
1938.8212890625,2134.35595703125
1939.8101806640625,2132.767822265625
1940.7862548828125,2131.173583984375
1941.75,2129.57373046875
1942.7022705078125,2127.968017578125
1943.6439208984375,2126.357177734375
1944.574951171875,2124.74169921875
1945.4945068359375,2123.121826171875
1946.4017333984375,2121.4970703125
1947.29541015625,2119.8671875
1948.1754150390625,2118.232177734375
1949.041259765625,2116.591552734375
1949.893310546875,2114.946044921875
1950.731689453125,2113.29541015625
1951.5552978515625,2111.639892578125
1952.3626708984375,2109.97900390625
1953.1336669921875,2108.354248046875
1953.9072265625,2106.682373046875
1954.662841796875,2105.005126953125
1955.400146484375,2103.322509765625
1956.1195068359375,2101.634521484375
1956.820556640625,2099.94189453125
1957.5025634765625,2098.244384765625
1958.165283203125,2096.54150390625
1958.8079833984375,2094.8330078125
1959.4296875,2093.11865234375
1960.0301513671875,2091.39794921875
1960.6104736328125,2089.671875
1961.1712646484375,2087.941162109375
1962.1419677734375,2084.773193359375
1962.6419677734375,2083.032958984375
1963.1192626953125,2081.289306640625
1963.5748291015625,2079.54248046875
1964.0108642578125,2077.793212890625
1964.4288330078125,2076.041748046875
1964.8284912109375,2074.2880859375
1965.208251953125,2072.53125
1965.5684814453125,2070.770263671875
1965.9091796875,2069.0048828125
1966.23095703125,2067.23486328125
1966.5250244140625,2065.505126953125
1966.805908203125,2063.72705078125
1967.06640625,2061.9453125
1967.3089599609375,2060.159423828125
1967.5369873046875,2058.36962890625
1967.7529296875,2056.576171875
1967.9576416015625,2054.779541015625
1968.1505126953125,2052.980224609375
1968.329833984375,2051.177490234375
1968.4920654296875,2049.37109375
1968.640869140625,2047.516845703125
1968.7659912109375,2045.750732421875
1968.87646484375,2043.937255859375
1968.966796875,2042.121826171875
1969.03564453125,2040.3043212890625
1969.0838623046875,2038.4849853515625
1969.11328125,2036.663330078125
1969.1258544921875,2034.8399658203125
1969.1221923828125,2033.014892578125
1969.101318359375,2031.188720703125
1969.0616455078125,2029.3619384765625
1969.0025634765625,2027.5347900390625
1968.9237060546875,2025.707275390625
1968.8248291015625,2023.8798828125
1968.70556640625,2022.052490234375
1968.56982421875,2020.271240234375
1968.411376953125,2018.4447021484375
1968.2347412109375,2016.61865234375
1968.0426025390625,2014.7923583984375
1967.8360595703125,2012.966064453125
1967.6158447265625,2011.1396484375
1967.3826904296875,2009.3128662109375
1967.136962890625,2007.4854736328125
1966.879150390625,2005.6578369140625
1966.608154296875,2003.8302001953125
1966.322021484375,2002.0035400390625
1966.021240234375,2000.177001953125
1965.7069091796875,1998.3507080078125
1965.3807373046875,1996.524169921875
1965.044189453125,1994.6971435546875
1964.698974609375,1992.8695068359375
1964.3465576171875,1991.04052734375
1963.988525390625,1989.2100830078125
1963.6256103515625,1987.3780517578125
1963.2579345703125,1985.5445556640625
1962.885009765625,1983.7098388671875
1962.506591796875,1981.873779296875
1962.1229248046875,1980.036376953125
1961.7340087890625,1978.1976318359375
1961.3399658203125,1976.3572998046875
1960.9510498046875,1974.5615234375
1960.54736328125,1972.71826171875
1960.138916015625,1970.8739013671875
1959.7252197265625,1969.0284423828125
1959.3062744140625,1967.1820068359375
1958.882080078125,1965.33447265625
1958.4537353515625,1963.487060546875
1958.0230712890625,1961.6435546875
1957.59228515625,1959.8094482421875
1957.1629638671875,1957.98828125
1956.735595703125,1956.182373046875
1956.310302734375,1954.3929443359375
1955.8875732421875,1952.6224365234375
1955.467529296875,1950.8719482421875
1955.0494384765625,1949.138671875
1954.633544921875,1947.42138671875
1954.2208251953125,1945.721435546875
1953.8115234375,1944.0401611328125
1953.4052734375,1942.378662109375
1953.0020751953125,1940.739013671875
1952.60107421875,1939.121337890625
1952.202392578125,1937.5245361328125
1951.8062744140625,1935.94677734375
1951.4129638671875,1934.3873291015625
1951.02197265625,1932.84619140625
1950.6431884765625,1931.3621826171875
1950.257080078125,1929.8592529296875
1949.873779296875,1928.37548828125
1949.4927978515625,1926.9105224609375
1949.0198974609375,1925.1051025390625
1948.5499267578125,1923.3270263671875
1948.0826416015625,1921.5751953125
1947.6177978515625,1919.8480224609375
1947.15478515625,1918.1453857421875
1946.69189453125,1916.46533203125
1946.22607421875,1914.8082275390625
1945.756591796875,1913.1761474609375
1945.281005859375,1911.5692138671875
1944.798828125,1909.9884033203125
1944.31005859375,1908.4329833984375
1943.816162109375,1906.9022216796875
1943.3167724609375,1905.397216796875
1942.8104248046875,1903.9183349609375
1942.2945556640625,1902.4652099609375
1941.7679443359375,1901.0362548828125
1941.230224609375,1899.6300048828125
1940.580078125,1897.9981689453125
1939.8984375,1896.3677978515625
1939.1925048828125,1894.7626953125
1938.4600830078125,1893.1807861328125
1937.698974609375,1891.623779296875
1936.9066162109375,1890.095458984375
1936.0823974609375,1888.59814453125
1935.22705078125,1887.1334228515625
1934.34130859375,1885.701416015625
1933.4229736328125,1884.3013916015625
1932.4703369140625,1882.9326171875
1931.4822998046875,1881.5968017578125
1930.459228515625,1880.294189453125
1929.4024658203125,1879.0264892578125
1928.312255859375,1877.7945556640625
1927.1871337890625,1876.597412109375
1926.046630859375,1875.45458984375
1924.8551025390625,1874.3314208984375
1923.6356201171875,1873.250244140625
1922.3900146484375,1872.208740234375
1921.116943359375,1871.20361328125
1919.813720703125,1870.236083984375
1918.47900390625,1869.3092041015625
1917.1171875,1868.4246826171875
1915.7353515625,1867.5802001953125
1914.3333740234375,1866.7718505859375
1912.9080810546875,1865.99755859375
1911.457763671875,1865.2564697265625
1909.9844970703125,1864.5452880859375
1908.4892578125,1863.8636474609375
1906.97119140625,1863.21923828125
1905.429931640625,1862.6162109375
1903.8651123046875,1862.05419921875
1902.3082275390625,1861.5323486328125
1900.7071533203125,1861.031494140625
1899.0870361328125,1860.5689697265625
1897.4483642578125,1860.1494140625
1895.79248046875,1859.7677001953125
1894.12158203125,1859.4158935546875
1892.4361572265625,1859.0938720703125
1890.737548828125,1858.803955078125
1889.025390625,1858.5450439453125
1887.3006591796875,1858.3145751953125
1885.5638427734375,1858.11279296875
1883.81591796875,1857.940185546875
1882.0565185546875,1857.795166015625
1880.2867431640625,1857.6744384765625
1878.50634765625,1857.5772705078125
1876.7156982421875,1857.5045166015625
1875.2159423828125,1857.4620361328125
1873.4376220703125,1857.4320068359375
1871.923095703125,1857.422119140625
1870.4017333984375,1857.4246826171875
1868.8736572265625,1857.4371337890625
1867.3389892578125,1857.4552001953125
1865.7972412109375,1857.4742431640625
1864.2489013671875,1857.488037109375
1862.6943359375,1857.4910888671875
1861.1336669921875,1857.4803466796875
1859.5670166015625,1857.4537353515625
1857.994873046875,1857.4097900390625
1856.4176025390625,1857.34765625
1854.835205078125,1857.2666015625
1853.248046875,1857.166748046875
1851.656494140625,1857.0479736328125
1850.060546875,1856.91015625
1848.46044921875,1856.753173828125
1846.8560791015625,1856.576904296875
1845.247802734375,1856.381103515625
1843.66845703125,1856.17041015625
1842.0533447265625,1855.93603515625
1840.4349365234375,1855.682861328125
1838.813720703125,1855.4102783203125
1837.18994140625,1855.1170654296875
1835.5635986328125,1854.801513671875
1833.9027099609375,1854.456298828125
1832.272705078125,1854.0953369140625
1830.640625,1853.713134765625
1829.0067138671875,1853.3104248046875
1827.3712158203125,1852.88818359375
1825.734619140625,1852.44580078125
1824.0980224609375,1851.982177734375
1822.46142578125,1851.4964599609375
1820.82470703125,1850.98974609375
1819.18798828125,1850.463134765625
1817.551025390625,1849.9176025390625
1815.9139404296875,1849.3531494140625
1814.277099609375,1848.7698974609375
1812.6405029296875,1848.1680908203125
1811.0369873046875,1847.5606689453125
1809.4010009765625,1846.92333984375
1807.7657470703125,1846.2684326171875
1806.130859375,1845.595947265625
1804.49658203125,1844.9056396484375
1802.8626708984375,1844.1983642578125
1801.2291259765625,1843.474609375
1799.595458984375,1842.7354736328125
1797.9613037109375,1841.98193359375
1796.326416015625,1841.21435546875
1794.6910400390625,1840.4332275390625
1793.0546875,1839.6390380859375
1791.41748046875,1838.8321533203125
1789.7789306640625,1838.01318359375
1788.1392822265625,1837.182373046875
1786.4986572265625,1836.33935546875
1784.857421875,1835.4837646484375
1783.216064453125,1834.6151123046875
1781.5750732421875,1833.73291015625
1779.9344482421875,1832.8369140625
1778.3292236328125,1831.94677734375
1776.6971435546875,1831.028564453125
1775.0712890625,1830.1002197265625
1773.4522705078125,1829.161376953125
1771.840576171875,1828.2115478515625
1770.235107421875,1827.2503662109375
1768.9498291015625,1826.4715576171875
1767.6634521484375,1825.6846923828125
1766.3765869140625,1824.890869140625
1765.088623046875,1824.0909423828125
1763.7991943359375,1823.285888671875
1762.50830078125,1822.47607421875
1761.216796875,1821.66162109375
1759.9241943359375,1820.8414306640625
1758.6302490234375,1820.015869140625
1757.334716796875,1819.185302734375
1756.037841796875,1818.3499755859375
1754.739501953125,1817.510009765625
1753.43994140625,1816.664794921875
1752.1397705078125,1815.8134765625
1750.839599609375,1814.955078125
1749.5400390625,1814.08837890625
1748.24072265625,1813.21337890625
1746.9412841796875,1812.330322265625
1745.674072265625,1811.462158203125
1744.3736572265625,1810.5650634765625
1743.0723876953125,1809.66162109375
1741.7706298828125,1808.7523193359375
1740.4697265625,1807.838134765625
1739.1729736328125,1806.9215087890625
1737.884033203125,1806.0054931640625
1736.6058349609375,1805.09228515625
1735.3399658203125,1804.1834716796875
1734.087158203125,1803.279541015625
1732.8472900390625,1802.38037109375
1731.6192626953125,1801.486083984375
1730.4039306640625,1800.597900390625
1728.9044189453125,1799.49658203125
1727.42626953125,1798.403564453125
1725.9703369140625,1797.319091796875
1724.535400390625,1796.2430419921875
1723.1209716796875,1795.1751708984375
1721.7276611328125,1794.114990234375
1720.3555908203125,1793.06201171875
1719.0050048828125,1792.0162353515625
1717.6773681640625,1790.9769287109375
1716.3746337890625,1789.9422607421875
1715.1217041015625,1788.9322509765625
1713.8668212890625,1787.9053955078125
1712.6368408203125,1786.8822021484375
1711.4329833984375,1785.86181640625
1710.2550048828125,1784.8431396484375
1709.103759765625,1783.82568359375
1707.97802734375,1782.808349609375
1705.5867919921875,1780.568359375
1704.3291015625,1779.344970703125
1703.1036376953125,1778.1207275390625
1701.91162109375,1776.8953857421875
1700.75341796875,1775.6680908203125
1699.6292724609375,1774.43896484375
1698.5389404296875,1773.209228515625
1697.4837646484375,1771.9794921875
1696.4649658203125,1770.74951171875
1695.4818115234375,1769.5194091796875
1694.5504150390625,1768.308837890625
1693.6407470703125,1767.075927734375
1692.7706298828125,1765.84033203125
1691.0225830078125,1763.15087890625
1690.1571044921875,1761.694580078125
1689.3438720703125,1760.2313232421875
1688.5850830078125,1758.754638671875
1687.8807373046875,1757.25927734375
1687.230712890625,1755.742431640625
1686.6363525390625,1754.205078125
1686.09423828125,1752.62646484375
1685.6256103515625,1751.0758056640625
1685.2066650390625,1749.4888916015625
1684.848876953125,1747.9130859375
1684.542724609375,1746.300537109375
1684.2945556640625,1744.6668701171875
1684.1041259765625,1743.0101318359375
1683.97119140625,1741.3330078125
1683.8953857421875,1739.6392822265625
1683.88134765625,1737.9295654296875
1683.9324951171875,1736.2073974609375
1684.0498046875,1734.475830078125
1684.4173583984375,1731.4931640625
1684.6759033203125,1730.0015869140625
1684.98388671875,1728.51513671875
1685.3414306640625,1727.03466796875
1685.7462158203125,1725.558349609375
1686.195556640625,1724.0858154296875
1686.6849365234375,1722.642822265625
1687.2332763671875,1721.1827392578125
1687.8287353515625,1719.728759765625
1688.46337890625,1718.2801513671875
1689.1363525390625,1716.838623046875
1689.850341796875,1715.407470703125
1690.605712890625,1713.9874267578125
1691.3983154296875,1712.577880859375
1692.225341796875,1711.1793212890625
1693.090576171875,1709.7945556640625
1693.9974365234375,1708.42578125
1694.947998046875,1707.074951171875
1695.9404296875,1705.7410888671875
1696.9720458984375,1704.42529296875
1698.045166015625,1703.1307373046875
1699.1622314453125,1701.860107421875
1700.3193359375,1700.6103515625
1701.4892578125,1699.3973388671875
1702.7103271484375,1698.180419921875
1703.965576171875,1696.9840087890625
1705.257080078125,1695.81201171875
1706.583251953125,1694.6624755859375
1707.939453125,1693.52978515625
1709.322265625,1692.412353515625
1710.7325439453125,1691.31201171875
1713.145751953125,1689.5181884765625
1714.38037109375,1688.639404296875
1715.6326904296875,1687.7713623046875
1716.90185546875,1686.912841796875
1718.1866455078125,1686.06298828125
1719.51220703125,1685.2037353515625
1720.826171875,1684.368896484375
1722.1541748046875,1683.542724609375
1723.4970703125,1682.7259521484375
1724.8284912109375,1681.93603515625
1726.203369140625,1681.1422119140625
1727.595458984375,1680.3612060546875
1729.0057373046875,1679.5941162109375
1730.4906005859375,1678.808349609375
1731.990966796875,1678.0311279296875
1733.5052490234375,1677.26220703125
1735.06201171875,1676.48486328125
1736.602783203125,1675.728759765625
1738.1571044921875,1674.9803466796875
1739.6644287109375,1674.268310546875
1741.1849365234375,1673.565673828125
1742.7193603515625,1672.8756103515625
1744.267578125,1672.1990966796875
1745.8310546875,1671.539794921875
1747.442626953125,1670.8892822265625
1749.0391845703125,1670.2720947265625
1750.7149658203125,1669.6461181640625
1752.37158203125,1669.0435791015625
1754.0076904296875,1668.4619140625
1755.6878662109375,1667.874267578125
1757.3778076171875,1667.287109375
1759.0751953125,1666.696044921875
1760.7449951171875,1666.1099853515625
1762.453369140625,1665.5035400390625
1764.1668701171875,1664.886962890625
1765.8515625,1664.2724609375
1767.5745849609375,1663.6357421875
1769.267578125,1663.0003662109375
1770.9974365234375,1662.3397216796875
1772.69580078125,1661.678466796875
1774.39599609375,1661.0028076171875
1776.09814453125,1660.3126220703125
1777.495361328125,1659.7362060546875
1779.2344970703125,1659.005615234375
1780.904052734375,1658.28955078125
1782.6016845703125,1657.544677734375
1784.2930908203125,1656.78564453125
1785.6756591796875,1656.153076171875
1787.3565673828125,1655.36962890625
1788.998046875,1654.58935546875
1790.37109375,1653.9249267578125
1792.046875,1653.0987548828125
1795.0596923828125,1651.5673828125
1796.3963623046875,1650.8681640625
1798.0653076171875,1649.978515625
1799.3995361328125,1649.25439453125
1801.066162109375,1648.3345947265625
1802.3988037109375,1647.5875244140625
1804.0640869140625,1646.6397705078125
1805.3955078125,1645.8709716796875
1806.6929931640625,1645.1121826171875
1808.0560302734375,1644.3048095703125
1809.384033203125,1643.5069580078125
1810.677001953125,1642.718994140625
1812.033447265625,1641.8787841796875
1813.3541259765625,1641.0472412109375
1814.6390380859375,1640.22509765625
1815.9871826171875,1639.34912109375
1817.2991943359375,1638.4830322265625
1818.5753173828125,1637.62744140625
1819.91357421875,1636.715576171875
1821.1832275390625,1635.8363037109375
1822.482177734375,1634.922607421875
1823.74560546875,1634.0206298828125
1825.071044921875,1633.06103515625
1826.361328125,1632.1142578125
1827.6170654296875,1631.181396484375
1828.934814453125,1630.1905517578125
1830.21875,1629.2144775390625
1831.4696044921875,1628.2550048828125
1832.78466796875,1627.2388916015625
1834.068115234375,1626.2410888671875
1835.320068359375,1625.26220703125
1836.636962890625,1624.2269287109375
1837.921875,1623.2105712890625
1839.17431640625,1622.2132568359375
1840.490234375,1621.1573486328125
1841.7734375,1620.119384765625
1843.023681640625,1619.0999755859375
1844.33642578125,1618.0198974609375
1845.614990234375,1616.9573974609375
1846.859130859375,1615.91259765625
1848.163818359375,1614.8043212890625
1849.4322509765625,1613.713134765625
1850.663818359375,1612.6390380859375
1851.9521484375,1611.499267578125
1853.169921875,1610.4049072265625
1854.4111328125,1609.2724609375
1855.6123046875,1608.1580810546875
1856.8668212890625,1606.9755859375
1858.0819091796875,1605.8109130859375
1859.258056640625,1604.6646728515625
1860.4849853515625,1603.4483642578125
1861.672119140625,1602.2506103515625
1862.8197021484375,1601.0721435546875
1864.0152587890625,1599.8211669921875
1865.170166015625,1598.588623046875
1866.2850341796875,1597.375732421875
1867.4453125,1596.089599609375
1868.5655517578125,1594.8245849609375
1869.64697265625,1593.581298828125
1870.77197265625,1592.2630615234375
1871.8582763671875,1590.9649658203125
1872.9068603515625,1589.6873779296875
1873.997802734375,1588.3316650390625
1875.0511474609375,1586.996826171875
1876.0679931640625,1585.6844482421875
1877.1260986328125,1584.294189453125
1878.1484375,1582.92822265625
1879.1357421875,1581.5877685546875
1880.1624755859375,1580.16943359375
1881.1260986328125,1578.8099365234375
1882.0985107421875,1577.4033203125
1883.0535888671875,1575.9835205078125
1883.994384765625,1574.5513916015625
1884.92431640625,1573.1102294921875
1885.8233642578125,1571.7005615234375
1886.757568359375,1570.2115478515625
1887.65380859375,1568.7452392578125
1888.4210205078125,1567.4510498046875
1889.2745361328125,1565.957763671875
1890.11767578125,1564.4090576171875
1890.8909912109375,1562.917724609375
1891.6605224609375,1561.3726806640625
1892.4107666015625,1559.8153076171875
1893.142822265625,1558.2471923828125
1893.852783203125,1556.6671142578125
1894.537841796875,1555.0740966796875
1895.197509765625,1553.467529296875
1895.833251953125,1551.848388671875
1896.4476318359375,1550.217041015625
1897.0408935546875,1548.57470703125
1897.6141357421875,1546.92236328125
1898.1689453125,1545.26025390625
1898.711181640625,1543.59033203125
1899.2431640625,1541.914306640625
1899.750732421875,1540.2738037109375
1900.2572021484375,1538.5836181640625
1900.74951171875,1536.8856201171875
1901.2294921875,1535.1805419921875
1901.6995849609375,1533.4691162109375
1902.162109375,1531.751953125
1902.618408203125,1530.0294189453125
1903.0703125,1528.3021240234375
1903.5194091796875,1526.5699462890625
1903.9676513671875,1524.8333740234375
1904.416015625,1523.093505859375
1904.864990234375,1521.350830078125
1905.3150634765625,1519.6055908203125
1905.7666015625,1517.85791015625
1906.22021484375,1516.107421875
1906.676513671875,1514.353759765625
1907.1358642578125,1512.597412109375
1907.597900390625,1510.83837890625
1908.0623779296875,1509.07666015625
1908.529541015625,1507.31201171875
1908.99951171875,1505.5440673828125
1909.4736328125,1503.77294921875
1909.953369140625,1501.9986572265625
1910.4405517578125,1500.22216796875
1910.936767578125,1498.444580078125
1911.4317626953125,1496.7115478515625
1911.9525146484375,1494.9344482421875
1912.4881591796875,1493.1580810546875
1913.038818359375,1491.38232421875
1913.6036376953125,1489.606689453125
1914.1796875,1487.8302001953125
1914.7650146484375,1486.053466796875
1915.3603515625,1484.278076171875
1915.96826171875,1482.503662109375
1916.59033203125,1480.730712890625
1917.2271728515625,1478.9599609375
1917.87841796875,1477.193359375
1918.5423583984375,1475.431396484375
1919.2177734375,1473.6741943359375
1919.903564453125,1471.921630859375
1920.6002197265625,1470.174072265625
1921.3265380859375,1468.3885498046875
1922.02978515625,1466.695556640625
1922.765625,1464.9619140625
1923.51806640625,1463.2318115234375
1924.2879638671875,1461.506103515625
1925.074462890625,1459.784423828125
1925.8751220703125,1458.0654296875
1926.68798828125,1456.3489990234375
1927.5120849609375,1454.6348876953125
1928.326416015625,1452.9659423828125
1929.17236328125,1451.2564697265625
1930.02978515625,1449.5499267578125
1930.899658203125,1447.8472900390625
1931.783203125,1446.14892578125
1932.6806640625,1444.455322265625
1933.5921630859375,1442.7664794921875
1934.517333984375,1441.08251953125
1935.4554443359375,1439.4039306640625
1936.40478515625,1437.7310791015625
1937.36279296875,1436.064208984375
1938.351318359375,1434.362548828125
1939.2974853515625,1432.7523193359375
1940.273681640625,1431.1112060546875
1941.2550048828125,1429.480712890625
1942.2403564453125,1427.8619384765625
1943.2286376953125,1426.2572021484375
1944.219970703125,1424.66748046875
1945.2138671875,1423.0919189453125
1946.208984375,1421.529296875
1947.228515625,1419.942626953125
1948.197265625,1418.4488525390625
1949.190673828125,1416.9346923828125
1950.1854248046875,1415.439208984375
1951.180908203125,1413.9608154296875
1952.1768798828125,1412.498046875
1953.1732177734375,1411.055419921875
1954.1466064453125,1409.6707763671875
1955.149658203125,1408.272216796875
1956.1572265625,1406.8924560546875
1957.168701171875,1405.5281982421875
1958.182861328125,1404.175048828125
1959.1990966796875,1402.831787109375
1960.218017578125,1401.5006103515625
1961.2420654296875,1400.18408203125
1962.2734375,1398.8828125
1963.3133544921875,1397.5968017578125
1964.36328125,1396.3255615234375
1965.424072265625,1395.06787109375
1966.4954833984375,1393.8228759765625
1967.5771484375,1392.590576171875
1968.6695556640625,1391.3720703125
1969.7733154296875,1390.1688232421875
1970.8887939453125,1388.982421875
1972.016357421875,1387.8140869140625
1973.1552734375,1386.6632080078125
1974.30419921875,1385.528076171875
1975.4620361328125,1384.40771484375
1976.6297607421875,1383.3028564453125
1977.8089599609375,1382.214599609375
1978.9703369140625,1381.1697998046875
1980.1734619140625,1380.1148681640625
1981.3878173828125,1379.0755615234375
1982.6123046875,1378.05078125
1983.8466796875,1377.0413818359375
1985.09130859375,1376.048828125
1986.3470458984375,1375.074462890625
1987.6143798828125,1374.119384765625
1988.893310546875,1373.1839599609375
1990.1829833984375,1372.266845703125
1991.4814453125,1371.3660888671875
1992.78759765625,1370.4810791015625
1994.1011962890625,1369.61083984375
1995.4215087890625,1368.7540283203125
1996.747802734375,1367.90966796875
1998.080078125,1367.0780029296875
1999.417724609375,1366.2607421875
2000.76025390625,1365.459716796875
2002.1072998046875,1364.6756591796875
2003.4588623046875,1363.9083251953125
2004.814697265625,1363.157470703125
2006.1744384765625,1362.422119140625
2007.537841796875,1361.7030029296875
2008.9052734375,1361.0015869140625
2010.2779541015625,1360.31982421875
2011.9686279296875,1359.513671875
2013.35693359375,1358.8804931640625
2014.7518310546875,1358.2684326171875
2016.1514892578125,1357.6732177734375
2017.5540771484375,1357.09326171875
2018.9588623046875,1356.5301513671875
2020.36669921875,1355.9862060546875
2021.7786865234375,1355.4619140625
2023.1954345703125,1354.9561767578125
2024.616943359375,1354.46923828125
2026.0428466796875,1354.0008544921875
2028.908935546875,1353.1226806640625
2031.802001953125,1352.323486328125
2033.2601318359375,1351.951904296875
2034.7255859375,1351.597412109375
2036.197998046875,1351.2601318359375
2037.6771240234375,1350.9403076171875
2039.162841796875,1350.639404296875
2040.655029296875,1350.3590087890625
2042.153564453125,1350.10009765625
2043.6583251953125,1349.864501953125
2045.1689453125,1349.65380859375
2046.685546875,1349.46826171875
2048.55126953125,1349.273681640625
2050.080078125,1349.1378173828125
2051.614013671875,1349.0203857421875
2053.152099609375,1348.9222412109375
2054.693603515625,1348.84423828125
2056.23876953125,1348.78662109375
2057.787841796875,1348.748291015625
2059.340087890625,1348.7271728515625
2060.894775390625,1348.7235107421875
2062.451904296875,1348.739501953125
2064.010009765625,1348.779296875
2065.56884765625,1348.84619140625
2067.12939453125,1348.9388427734375
2068.69189453125,1349.052978515625
2070.256591796875,1349.183837890625
2071.822509765625,1349.3309326171875
2073.388916015625,1349.4959716796875
2074.955078125,1349.681640625
2076.520751953125,1349.8878173828125
2078.08740234375,1350.1121826171875
2079.655029296875,1350.350830078125
2081.22314453125,1350.602294921875
2082.791748046875,1350.867919921875
2084.360107421875,1351.149658203125
2085.927978515625,1351.44873046875
2087.45556640625,1351.7576904296875
2089.021728515625,1352.0911865234375
2090.588134765625,1352.439697265625
2092.154541015625,1352.8013916015625
2093.721435546875,1353.176025390625
2095.2880859375,1353.5633544921875
2096.85498046875,1353.963134765625
2098.421630859375,1354.3753662109375
2099.98828125,1354.800048828125
2101.55517578125,1355.2364501953125
2103.121826171875,1355.684814453125
2104.68798828125,1356.1451416015625
2106.254150390625,1356.617431640625
2107.819580078125,1357.1016845703125
2109.384765625,1357.59765625
2110.94921875,1358.1055908203125
2112.51318359375,1358.6256103515625
2114.07666015625,1359.1575927734375
2115.6396484375,1359.70068359375
2117.201904296875,1360.2548828125
2118.762939453125,1360.8206787109375
2120.361328125,1361.413818359375
2121.880859375,1361.9898681640625
2123.438232421875,1362.5919189453125
2124.995361328125,1363.2041015625
2126.5126953125,1363.810302734375
2128.067626953125,1364.442626953125
2129.620361328125,1365.0870361328125
2131.171142578125,1365.7440185546875
2132.71923828125,1366.4140625
2134.263916015625,1367.09765625
2135.8076171875,1367.7926025390625
2137.34912109375,1368.4976806640625
2138.888427734375,1369.21240234375
2140.42578125,1369.940185546875
2141.960693359375,1370.6817626953125
2143.49267578125,1371.4361572265625
2145.02197265625,1372.202880859375
2146.54931640625,1372.98095703125
2148.0751953125,1373.7694091796875
2149.599609375,1374.5672607421875
2151.123046875,1375.3741455078125
2152.64501953125,1376.1903076171875
2154.16552734375,1377.0157470703125
2155.683837890625,1377.8511962890625
2157.2001953125,1378.697265625
2158.714599609375,1379.5538330078125
2160.227294921875,1380.420654296875
2161.73876953125,1381.2965087890625
2163.24951171875,1382.1807861328125
2164.7216796875,1383.050537109375
2166.230712890625,1383.950439453125
2167.776611328125,1384.881103515625
2169.246337890625,1385.7740478515625
2170.7529296875,1386.69775390625
2172.259033203125,1387.62939453125
2173.76416015625,1388.568359375
2175.2685546875,1389.5150146484375
2176.771728515625,1390.469482421875
2178.273681640625,1391.4317626953125
2179.774658203125,1392.402099609375
2181.274658203125,1393.380126953125
2182.774169921875,1394.3653564453125
2184.2734375,1395.357421875
2185.7724609375,1396.355712890625
2187.271240234375,1397.3599853515625
2188.769775390625,1398.3701171875
2190.2685546875,1399.38623046875
2191.767578125,1400.40771484375
2193.2666015625,1401.4344482421875
2194.76611328125,1402.4661865234375
2196.266357421875,1403.5029296875
2197.767578125,1404.5440673828125
2199.270263671875,1405.589111328125
2200.774658203125,1406.6378173828125
2202.2431640625,1407.66357421875
2203.751708984375,1408.7181396484375
2205.262451171875,1409.77490234375
2206.776123046875,1410.83349609375
2208.29248046875,1411.8939208984375
2209.8115234375,1412.9560546875
2211.333251953125,1414.020263671875
2212.857666015625,1415.08642578125
2214.38427734375,1416.1549072265625
2215.91357421875,1417.2254638671875
2217.445556640625,1418.298095703125
2218.97998046875,1419.3724365234375
2220.51708984375,1420.4488525390625
2222.056640625,1421.52734375
2223.598876953125,1422.60791015625
2225.143310546875,1423.690673828125
2226.690185546875,1424.775634765625
2228.239501953125,1425.862548828125
2229.79150390625,1426.9515380859375
2231.345703125,1428.04296875
2232.90185546875,1429.136474609375
2234.458251953125,1430.231201171875
2236.011474609375,1431.3251953125
2237.558349609375,1432.41650390625
2239.095703125,1433.503662109375
2240.583251953125,1434.55859375
2242.09619140625,1435.635498046875
2243.59521484375,1436.707275390625
2245.117431640625,1437.8011474609375
2246.551025390625,1438.837890625
2248.006591796875,1439.8980712890625
2249.4482421875,1440.955078125
2250.876953125,1442.0086669921875
2252.29248046875,1443.0576171875
2253.692626953125,1444.1019287109375
2255.07666015625,1445.1427001953125
2256.444580078125,1446.1806640625
2257.796630859375,1447.2159423828125
2259.13330078125,1448.24853515625
2260.455078125,1449.278076171875
2261.7626953125,1450.3035888671875
2263.056396484375,1451.32470703125
2264.335205078125,1452.341064453125
2265.5986328125,1453.3536376953125
2266.846923828125,1454.36328125
2268.080322265625,1455.370361328125
2269.2998046875,1456.37548828125
2270.506103515625,1457.3790283203125
2271.69921875,1458.380859375
2272.879150390625,1459.3814697265625
2275.16796875,1461.353271484375
2276.304443359375,1462.3487548828125
2278.807373046875,1464.5816650390625
2280.167724609375,1465.8197021484375
2281.505859375,1467.0576171875
2282.8212890625,1468.296142578125
2284.11376953125,1469.53515625
2285.383056640625,1470.7740478515625
2286.629150390625,1472.0135498046875
2287.85205078125,1473.257080078125
2289.052490234375,1474.508056640625
2290.231201171875,1475.768798828125
2291.387939453125,1477.0406494140625
2292.54541015625,1478.349853515625
2293.632568359375,1479.6195068359375
2294.716552734375,1480.9268798828125
2295.7958984375,1482.2718505859375
2296.8115234375,1483.5733642578125
2297.82421875,1484.9093017578125
2298.789794921875,1486.2269287109375
2299.743408203125,1487.580810546875
2300.66650390625,1488.9439697265625
2301.56103515625,1490.3140869140625
2302.43017578125,1491.688720703125
2303.273193359375,1493.065673828125
2304.08984375,1494.44287109375
2304.8798828125,1495.818115234375
2305.645263671875,1497.188720703125
2306.387939453125,1498.552490234375
2307.10986328125,1499.9068603515625
2307.81201171875,1501.2509765625
2309.2919921875,1504.168701171875
2310.064453125,1505.7374267578125
2310.817626953125,1507.2880859375
2311.557373046875,1508.8184814453125
2312.2890625,1510.3267822265625
2313.004638671875,1511.7857666015625
2313.730712890625,1513.243408203125
2314.45703125,1514.6739501953125
2315.1845703125,1516.076904296875
2315.91259765625,1517.44970703125
2316.640380859375,1518.790771484375
2318.212890625,1521.58740234375
2319.0546875,1523.031982421875
2319.89306640625,1524.4317626953125
2320.730712890625,1525.784423828125
2321.57373046875,1527.0888671875
2322.42626953125,1528.3458251953125
2323.41796875,1529.7266845703125
2324.43017578125,1531.054931640625
2325.45166015625,1532.313720703125
2326.509765625,1533.5279541015625
2327.598876953125,1534.673095703125
2328.729736328125,1535.7506103515625
2329.9052734375,1536.7589111328125
2331.12451171875,1537.6905517578125
2332.4658203125,1538.5943603515625
2333.88525390625,1539.428955078125
2335.22802734375,1540.110107421875
2338.1767578125,1541.2734375
2339.7744140625,1541.727783203125
2341.36962890625,1542.06591796875
2342.989501953125,1542.3004150390625
2344.6083984375,1542.4266357421875
2346.21923828125,1542.44482421875
2347.814453125,1542.3560791015625
2349.389404296875,1542.1622314453125
2350.955810546875,1541.8641357421875
2352.52587890625,1541.466064453125
2354.096923828125,1540.96533203125
2355.658935546875,1540.3626708984375
2357.032958984375,1539.7420654296875
2358.389892578125,1539.0419921875
2359.71240234375,1538.2750244140625
2361.0390625,1537.433837890625
2362.3515625,1536.5255126953125
2363.661865234375,1535.5360107421875
2364.941162109375,1534.4969482421875
2366.203369140625,1533.3907470703125
2367.3037109375,1532.3505859375
2368.505126953125,1531.134765625
2369.55078125,1530.0081787109375
2370.5947265625,1528.820556640625
2371.594482421875,1527.6248779296875
2372.5927734375,1526.3719482421875
2373.575439453125,1525.080810546875
2374.529541015625,1523.7720947265625
2375.484130859375,1522.4100341796875
2376.4267578125,1521.0146484375
2377.36279296875,1519.5889892578125
2378.302001953125,1518.1392822265625
2379.95458984375,1515.6253662109375
2380.80908203125,1514.3712158203125
2381.697021484375,1513.1085205078125
2382.7265625,1511.69775390625
2383.64501953125,1510.48779296875
2384.587158203125,1509.290771484375
2385.560546875,1508.095703125
2386.568603515625,1506.910888671875
2387.613037109375,1505.74462890625
2388.69482421875,1504.59912109375
2389.792236328125,1503.4901123046875
2390.938720703125,1502.3770751953125
2392.114990234375,1501.279541015625
2393.3232421875,1500.200927734375
2394.563232421875,1499.1429443359375
2395.832763671875,1498.1038818359375
2397.12890625,1497.0811767578125
2398.45263671875,1496.078857421875
2399.804443359375,1495.099365234375
2401.18701171875,1494.1439208984375
2402.5947265625,1493.2100830078125
2404.02734375,1492.297119140625
2405.46240234375,1491.423828125
2406.924072265625,1490.578125
2408.4375,1489.74658203125
2409.975830078125,1488.941162109375
2411.51220703125,1488.1754150390625
2413.099365234375,1487.4237060546875
2414.710205078125,1486.6973876953125
2416.341064453125,1485.9901123046875
2417.989990234375,1485.301513671875
2419.657958984375,1484.6319580078125
2421.062744140625,1484.0892333984375
2422.48046875,1483.5601806640625
2423.9111328125,1483.0447998046875
2425.3544921875,1482.5430908203125
2426.810302734375,1482.05517578125
2428.278564453125,1481.5809326171875
2429.759033203125,1481.1201171875
2431.251708984375,1480.672607421875
2432.756103515625,1480.2384033203125
2434.27197265625,1479.816650390625
2435.799560546875,1479.407470703125
2437.338623046875,1479.010498046875
2438.888671875,1478.62548828125
2440.41845703125,1478.2591552734375
2441.989990234375,1477.8961181640625
2443.57177734375,1477.543212890625
2445.163818359375,1477.2000732421875
2446.765869140625,1476.866455078125
2448.377685546875,1476.5423583984375
2449.999267578125,1476.227783203125
2451.63037109375,1475.9229736328125
2453.271240234375,1475.6280517578125
2454.92138671875,1475.3433837890625
2456.580810546875,1475.06884765625
2458.249755859375,1474.8038330078125
2459.927734375,1474.5479736328125
2461.614501953125,1474.3013916015625
2463.310302734375,1474.0643310546875
2465.014892578125,1473.8367919921875
2466.728759765625,1473.6182861328125
2468.451171875,1473.408203125
2470.18212890625,1473.2056884765625
2471.92138671875,1473.0098876953125
2473.6337890625,1472.8243408203125
2475.38916015625,1472.6416015625
2477.152587890625,1472.4656982421875
2478.92431640625,1472.296142578125
2480.7041015625,1472.1326904296875
2482.4921875,1471.974609375
2484.286376953125,1471.821533203125
2486.08203125,1471.673583984375
2487.878173828125,1471.53125
2489.67529296875,1471.39501953125
2491.4736328125,1471.264892578125
2493.273193359375,1471.139892578125
2495.08056640625,1471.0186767578125
2496.897216796875,1470.90087890625
2498.720703125,1470.7867431640625
2500.55126953125,1470.6754150390625
2502.38916015625,1470.56591796875
2504.234130859375,1470.457275390625
2506.085693359375,1470.348876953125
2507.94384765625,1470.2403564453125
2509.771240234375,1470.1336669921875
2512.768310546875,1469.958740234375
2514.273193359375,1469.870849609375
2515.7822265625,1469.7825927734375
2517.295654296875,1469.6943359375
2518.8134765625,1469.6058349609375
2520.335693359375,1469.5172119140625
2521.862060546875,1469.4287109375
2523.392822265625,1469.3402099609375
2524.927734375,1469.2518310546875
2526.466796875,1469.1634521484375
2528.009765625,1469.0753173828125
2529.556884765625,1468.9874267578125
2531.1083984375,1468.89990234375
2532.6640625,1468.8128662109375
2534.22412109375,1468.72607421875
2535.788330078125,1468.6397705078125
2537.35693359375,1468.5538330078125
2538.929931640625,1468.46826171875
2540.507080078125,1468.3829345703125
2542.08837890625,1468.298095703125
2543.673828125,1468.213623046875
2545.263427734375,1468.1295166015625
2546.857421875,1468.046142578125
2548.415771484375,1467.96533203125
2550.01806640625,1467.883056640625
2551.62451171875,1467.8013916015625
2553.23486328125,1467.7200927734375
2554.849365234375,1467.639404296875
2556.46826171875,1467.5594482421875
2558.091064453125,1467.48046875
2559.71826171875,1467.402587890625
2561.349609375,1467.3258056640625
2562.985595703125,1467.2503662109375
2564.625732421875,1467.176025390625
2566.270263671875,1467.1026611328125
2567.918701171875,1467.030517578125
2569.571533203125,1466.95947265625
2571.228515625,1466.8897705078125
2572.889892578125,1466.8212890625
2574.55517578125,1466.7540283203125
2576.2666015625,1466.6865234375
2577.898193359375,1466.6241455078125
2579.57568359375,1466.562255859375
2581.25732421875,1466.5029296875
2582.943115234375,1466.4461669921875
2584.63330078125,1466.3919677734375
2586.3271484375,1466.34033203125
2588.025146484375,1466.2916259765625
2589.68408203125,1466.2470703125
2591.389404296875,1466.205078125
2593.098876953125,1466.1668701171875
2594.8125,1466.13232421875
2596.52978515625,1466.1016845703125
2598.2509765625,1466.0751953125
2599.976318359375,1466.0533447265625
2601.705322265625,1466.036865234375
2603.438232421875,1466.0257568359375
2605.1748046875,1466.0205078125
2606.914794921875,1466.021484375
2608.658447265625,1466.0291748046875
2610.405517578125,1466.0443115234375
2612.156005859375,1466.0677490234375
2613.910400390625,1466.09912109375
2615.66845703125,1466.1380615234375
2617.429931640625,1466.184326171875
2619.194580078125,1466.2379150390625
2620.963134765625,1466.298095703125
2622.735595703125,1466.3641357421875
2624.51171875,1466.4344482421875
2626.290771484375,1466.5086669921875
2628.07275390625,1466.5877685546875
2629.857421875,1466.67333984375
2631.645263671875,1466.766845703125
2633.391357421875,1466.8658447265625
2635.185546875,1466.9754638671875
2636.98291015625,1467.09228515625
2638.78369140625,1467.2156982421875
2640.587158203125,1467.344970703125
2642.39306640625,1467.48046875
2644.201171875,1467.623779296875
2646.011962890625,1467.775390625
2647.82568359375,1467.93505859375
2649.641845703125,1468.1016845703125
2651.459228515625,1468.27685546875
2653.278564453125,1468.463623046875
2655.10009765625,1468.6636962890625
2656.924072265625,1468.876708984375
2658.750244140625,1469.101318359375
2660.578125,1469.337646484375
2662.406982421875,1469.5889892578125
2664.236083984375,1469.8582763671875
2666.06591796875,1470.1470947265625
2667.8974609375,1470.4539794921875
2669.731689453125,1470.775634765625
2671.56787109375,1471.1075439453125
2673.4052734375,1471.4498291015625
2675.24365234375,1471.804443359375
2677.082275390625,1472.172119140625
2678.8759765625,1472.542724609375
2680.716796875,1472.9345703125
2682.55859375,1473.3372802734375
2684.40087890625,1473.7515869140625
2686.24365234375,1474.177734375
2688.087158203125,1474.6151123046875
2689.932373046875,1475.0621337890625
2691.77978515625,1475.5169677734375
2693.629150390625,1475.9776611328125
2695.48046875,1476.443359375
2697.333984375,1476.9132080078125
2699.1884765625,1477.3856201171875
2701.040771484375,1477.858642578125
2702.88623046875,1478.3306884765625
2704.7216796875,1478.800537109375
2706.545166015625,1479.267822265625
2708.35595703125,1479.732177734375
2710.151123046875,1480.1923828125
2711.927001953125,1480.64697265625
2713.68212890625,1481.0950927734375
2715.417236328125,1481.5367431640625
2717.133056640625,1481.972412109375
2718.830322265625,1482.4027099609375
2720.509521484375,1482.8282470703125
2722.171875,1483.2493896484375
2723.77734375,1483.655517578125
2725.407470703125,1484.0667724609375
2727.0205078125,1484.4720458984375
2728.61669921875,1484.8712158203125
2730.19580078125,1485.2646484375
2731.757080078125,1485.6527099609375
2733.300537109375,1486.035888671875
2734.826171875,1486.4134521484375
2736.333251953125,1486.7850341796875
2737.8212890625,1487.149658203125
2739.292724609375,1487.508056640625
2742.22412109375,1488.218505859375
2743.96484375,1488.6375732421875
2745.745849609375,1489.0623779296875
2747.430908203125,1489.459716796875
2749.126708984375,1489.8553466796875
2750.799560546875,1490.241943359375
2752.44677734375,1490.6187744140625
2754.070068359375,1490.9852294921875
2755.67138671875,1491.3424072265625
2757.25,1491.690673828125
2758.805908203125,1492.0294189453125
2760.3095703125,1492.3516845703125
2761.825439453125,1492.6705322265625
2763.32275390625,1492.978515625
2764.8017578125,1493.2734375
2766.55322265625,1493.6075439453125
2768.31005859375,1493.9200439453125
2770.017578125,1494.1982421875
2771.70849609375,1494.451416015625
2773.385498046875,1494.683349609375
2775.0517578125,1494.8902587890625
2776.711669921875,1495.0673828125
2778.368896484375,1495.2117919921875
2780.02490234375,1495.322265625
2781.677978515625,1495.398193359375
2783.32763671875,1495.4381103515625
2784.973876953125,1495.4400634765625
2786.6162109375,1495.40234375
2788.22900390625,1495.3250732421875
2789.86962890625,1495.20458984375
2791.51171875,1495.04150390625
2793.154296875,1494.836669921875
2794.7958984375,1494.5924072265625
2796.43505859375,1494.307861328125
2798.06689453125,1493.9810791015625
2799.685302734375,1493.612548828125
2801.2890625,1493.20458984375
2802.87890625,1492.7574462890625
2804.482421875,1492.2608642578125
2806.02294921875,1491.73779296875
2807.5771484375,1491.162109375
2809.116943359375,1490.54736328125
2810.640869140625,1489.8980712890625
2812.1474609375,1489.2138671875
2813.6376953125,1488.490234375
2815.090087890625,1487.7384033203125
2816.555419921875,1486.933349609375
2818.009765625,1486.091064453125
2819.451171875,1485.210205078125
2820.87646484375,1484.2879638671875
2822.284912109375,1483.3238525390625
2823.68017578125,1482.3226318359375
2825.064208984375,1481.2869873046875
2826.4375,1480.2196044921875
2827.80078125,1479.1226806640625
2829.154541015625,1477.9981689453125
2830.497802734375,1476.8465576171875
2831.8291015625,1475.6668701171875
2832.9501953125,1474.6412353515625
2834.234375,1473.4281005859375
2835.310302734375,1472.3763427734375
2836.37353515625,1471.30224609375
2837.422607421875,1470.20556640625
2838.661376953125,1468.8594970703125
2839.656982421875,1467.736572265625
2840.657470703125,1466.568359375
2841.642822265625,1465.3790283203125
2842.65234375,1464.120849609375
2843.607177734375,1462.89013671875
2844.546875,1461.6396484375
2845.471923828125,1460.37060546875
2846.383544921875,1459.084716796875
2847.281982421875,1457.78173828125
2848.1650390625,1456.461181640625
2849.03173828125,1455.123046875
2849.88037109375,1453.76611328125
2850.710693359375,1452.3902587890625
2851.52197265625,1450.995849609375
2852.315673828125,1449.5841064453125
2853.09326171875,1448.1558837890625
2853.855712890625,1446.711669921875
2854.618896484375,1445.2235107421875
2855.32373046875,1443.8094482421875
2856.04345703125,1442.3218994140625
2856.761474609375,1440.7889404296875
2857.43701171875,1439.3017578125
2858.1142578125,1437.77099609375
2858.779296875,1436.2279052734375
2859.432861328125,1434.6724853515625
2860.0732421875,1433.104248046875
2860.7001953125,1431.5230712890625
2861.31298828125,1429.928955078125
2861.911865234375,1428.322021484375
2862.49609375,1426.70263671875
2863.0654296875,1425.071044921875
2863.618896484375,1423.427001953125
2864.15673828125,1421.770751953125
2864.6796875,1420.1026611328125
2865.187255859375,1418.4234619140625
2865.679443359375,1416.733154296875
2866.154296875,1415.0311279296875
2866.602783203125,1413.35205078125
2867.04248046875,1411.6275634765625
2867.461181640625,1409.891845703125
2867.856689453125,1408.1441650390625
2868.2236328125,1406.384521484375
2868.55859375,1404.6131591796875
2868.85888671875,1402.829345703125
2869.12744140625,1401.0333251953125
2869.367431640625,1399.2266845703125
2869.57958984375,1397.41064453125
2869.763916015625,1395.5858154296875
2869.926025390625,1393.7154541015625
2870.06298828125,1391.8736572265625
2870.177001953125,1390.025390625
2870.25244140625,1388.468505859375
2870.310791015625,1386.7222900390625
2870.342041015625,1384.861083984375
2870.34423828125,1382.9962158203125
2870.320068359375,1381.126708984375
2870.271484375,1379.2540283203125
2870.216796875,1377.75390625
2870.134521484375,1375.9149169921875
2869.954833984375,1372.556396484375
2869.84619140625,1370.7138671875
2869.73486328125,1368.8902587890625
2869.62353515625,1367.0858154296875
2869.512451171875,1365.3028564453125
2869.40283203125,1363.5426025390625
2869.2958984375,1361.8072509765625
2869.193359375,1360.0946044921875
2869.096435546875,1358.40380859375
2869.007080078125,1356.7340087890625
2868.928466796875,1355.08544921875
2868.860595703125,1353.453857421875
2868.8017578125,1351.8052978515625
2868.755859375,1350.2354736328125
2868.72314453125,1348.647705078125
2868.705810546875,1347.0711669921875
2868.704345703125,1345.5023193359375
2868.718994140625,1343.9393310546875
2868.753662109375,1342.4146728515625
2868.813232421875,1340.8671875
2868.900390625,1339.3292236328125
2869.017333984375,1337.80126953125
2869.1640625,1336.2841796875
2869.338134765625,1334.777099609375
2869.538330078125,1333.2476806640625
2869.7998046875,1331.4566650390625
2870.04150390625,1329.971923828125
2870.36376953125,1328.2021484375
2870.723388671875,1326.4451904296875
2871.119384765625,1324.6998291015625
2871.551025390625,1322.9632568359375
2872.34521484375,1320.083740234375
2873.341552734375,1316.9644775390625
2873.94482421875,1315.294677734375
2874.566162109375,1313.699462890625
2875.14208984375,1312.31005859375
2875.858642578125,1310.69140625
2876.6220703125,1309.093994140625
2877.30859375,1307.75390625
2878.143310546875,1306.2227783203125
2879.0322265625,1304.6854248046875
2879.966796875,1303.175048828125
2880.87060546875,1301.82373046875
2881.85595703125,1300.4583740234375
2882.936767578125,1299.0509033203125
2884.829345703125,1296.772705078125
2886.837158203125,1294.5982666015625
2888.9287109375,1292.48876953125
2891.086669921875,1290.428466796875
2892.39404296875,1289.239990234375
2893.519775390625,1288.246826171875
2894.65869140625,1287.26611328125
2895.812744140625,1286.299072265625
2896.984130859375,1285.3475341796875
2898.171630859375,1284.41015625
2899.373291015625,1283.4844970703125
2900.587646484375,1282.5679931640625
2901.813232421875,1281.65966796875
2903.05224609375,1280.761474609375
2904.304931640625,1279.8746337890625
2905.5703125,1278.9989013671875
2906.847412109375,1278.1331787109375
2908.135986328125,1277.2762451171875
2909.435302734375,1276.4276123046875
2910.745849609375,1275.588134765625
2912.068115234375,1274.76025390625
2913.402587890625,1273.9456787109375
2914.750732421875,1273.1463623046875
2916.11181640625,1272.3619384765625
2917.45751953125,1271.6053466796875
2918.841552734375,1270.8438720703125
2920.23583984375,1270.092529296875
2921.64111328125,1269.3529052734375
2923.0576171875,1268.6253662109375
2924.48486328125,1267.9093017578125
2925.922119140625,1267.2052001953125
2927.36865234375,1266.51318359375
2928.824951171875,1265.8333740234375
2930.29052734375,1265.1649169921875
2931.764892578125,1264.503662109375
2933.246337890625,1263.8465576171875
2934.734619140625,1263.193359375
2936.229736328125,1262.54443359375
2937.762939453125,1261.88818359375
2939.24365234375,1261.2635498046875
2940.76171875,1260.631591796875
2942.286865234375,1260.0042724609375
2943.81884765625,1259.380615234375
2945.357177734375,1258.760009765625
2946.87060546875,1258.1551513671875
2948.4208984375,1257.541259765625
2949.976806640625,1256.93115234375
2951.538330078125,1256.32373046875
2953.105712890625,1255.71826171875
2954.677490234375,1255.1142578125
2956.254638671875,1254.51171875
2957.837646484375,1253.91015625
2959.42578125,1253.3092041015625
2961.0185546875,1252.70849609375
2962.61669921875,1252.1085205078125
2964.220458984375,1251.5101318359375
2965.829833984375,1250.91357421875
2967.445068359375,1250.31787109375
2969.065185546875,1249.7227783203125
2970.69091796875,1249.1282958984375
2972.322021484375,1248.53466796875
2973.958740234375,1247.9423828125
2975.600830078125,1247.351806640625
2977.24853515625,1246.762939453125
2978.868408203125,1246.187744140625
2980.52685546875,1245.6025390625
2982.1904296875,1245.0191650390625
2983.859619140625,1244.4376220703125
2985.534423828125,1243.8575439453125
2987.214599609375,1243.27880859375
2988.900146484375,1242.701171875
2990.591552734375,1242.1241455078125
2992.2880859375,1241.5474853515625
2993.990234375,1240.971435546875
2995.69775390625,1240.395751953125
2997.4091796875,1239.8212890625
2999.119873046875,1239.249755859375
3000.829345703125,1238.68115234375
3002.5380859375,1238.115966796875
3004.245849609375,1237.5543212890625
3005.952880859375,1236.99609375
3007.66650390625,1236.43896484375
3009.387451171875,1235.883056640625
3011.113525390625,1235.328857421875
3012.81005859375,1234.7869873046875
3014.54638671875,1234.23486328125
3016.287353515625,1233.6829833984375
3018.033203125,1233.1309814453125
3019.78369140625,1232.5789794921875
3021.5390625,1232.02685546875
3023.299072265625,1231.474609375
3025.064208984375,1230.9219970703125
3026.833740234375,1230.3692626953125
3028.6083984375,1229.81640625
3030.3876953125,1229.2635498046875
3032.172119140625,1228.710693359375
3033.961669921875,1228.1578369140625
3035.396728515625,1227.715576171875
3036.835205078125,1227.273193359375
3038.276611328125,1226.830810546875
3039.721435546875,1226.388427734375
3041.16943359375,1225.946044921875
3042.620849609375,1225.503662109375
3044.075439453125,1225.06103515625
3045.533447265625,1224.618408203125
3046.994873046875,1224.1754150390625
3048.78955078125,1223.6326904296875
3050.258056640625,1223.1895751953125
3051.72998046875,1222.74658203125
3053.20556640625,1222.303466796875
3054.684326171875,1221.8602294921875
3056.16650390625,1221.4168701171875
3057.65234375,1220.9735107421875
3059.14111328125,1220.530029296875
3060.633544921875,1220.0865478515625
3062.12939453125,1219.6429443359375
3063.62890625,1219.1995849609375
3065.132080078125,1218.75634765625
3066.638916015625,1218.313232421875
3068.149169921875,1217.870361328125
3069.662841796875,1217.427734375
3071.180419921875,1216.985595703125
3072.70166015625,1216.5440673828125
3074.2265625,1216.103271484375
3075.75537109375,1215.6630859375
3077.287841796875,1215.2235107421875
3078.82421875,1214.7847900390625
3080.364501953125,1214.3470458984375
3081.90869140625,1213.9105224609375
3083.456787109375,1213.475341796875
3084.97021484375,1213.0523681640625
3086.5263671875,1212.6199951171875
3088.086669921875,1212.189208984375
3089.651123046875,1211.7601318359375
3091.219482421875,1211.332763671875
3092.7919921875,1210.907470703125
3094.36865234375,1210.4842529296875
3095.94970703125,1210.063232421875
3097.534912109375,1209.6446533203125
3099.12451171875,1209.228515625
3100.71826171875,1208.814453125
3102.316162109375,1208.402587890625
3103.918212890625,1207.99267578125
3105.524169921875,1207.5845947265625
3107.13427734375,1207.1783447265625
3108.74853515625,1206.77392578125
3110.36669921875,1206.3709716796875
3111.98876953125,1205.9696044921875
3113.61474609375,1205.5694580078125
3115.244140625,1205.1708984375
3116.877685546875,1204.773681640625
3118.514892578125,1204.3779296875
3120.156005859375,1203.9835205078125
3121.80078125,1203.590576171875
3123.449462890625,1203.19873046875
3125.060546875,1202.8177490234375
3126.716552734375,1202.427734375
3128.375732421875,1202.038330078125
3130.038818359375,1201.6494140625
3131.705078125,1201.2608642578125
3133.374755859375,1200.872802734375
3135.04736328125,1200.4853515625
3136.722900390625,1200.0986328125
3138.40185546875,1199.7127685546875
3140.084228515625,1199.3272705078125
3141.769775390625,1198.942138671875
3143.458251953125,1198.556884765625
3145.14990234375,1198.1715087890625
3146.84423828125,1197.785888671875
3148.541259765625,1197.400146484375
3150.2412109375,1197.0140380859375
3151.944091796875,1196.6279296875
3153.650146484375,1196.2421875
3155.358642578125,1195.8565673828125
3157.0703125,1195.47119140625
3158.827880859375,1195.076416015625
3160.588134765625,1194.68212890625
3162.308349609375,1194.2977294921875
3163.988037109375,1193.9228515625
3165.7568359375,1193.5283203125
3167.441650390625,1193.1524658203125
3169.17236328125,1192.766357421875
3170.86181640625,1192.3895263671875
3172.64013671875,1191.9930419921875
3174.376953125,1191.6060791015625
3176.07275390625,1191.2283935546875
3177.857666015625,1190.831298828125
3179.6015625,1190.444091796875
3181.304443359375,1190.06689453125
3183.09716796875,1189.6705322265625
3184.848876953125,1189.2841796875
3186.55908203125,1188.9075927734375
3188.359130859375,1188.51220703125
3190.11767578125,1188.126708984375
3191.83447265625,1187.751220703125
3193.641357421875,1187.35693359375
3195.406005859375,1186.972412109375
3197.12841796875,1186.59765625
3198.941162109375,1186.2032470703125
3200.71240234375,1185.818115234375
3202.44189453125,1185.4422607421875
3204.26171875,1185.047119140625
3206.038818359375,1184.6612548828125
3207.773193359375,1184.2850341796875
3209.597900390625,1183.88916015625
3211.33544921875,1183.51220703125
3213.119384765625,1183.125
3214.860107421875,1182.74658203125
3216.691650390625,1182.3477783203125
3218.48046875,1181.9576416015625
3220.226318359375,1181.57666015625
3222.063232421875,1181.17529296875
3223.856689453125,1180.7830810546875
3225.606689453125,1180.3997802734375
3227.4482421875,1179.995849609375
3229.24658203125,1179.6009521484375
3231.00146484375,1179.2152099609375
3232.848388671875,1178.8089599609375
3234.65185546875,1178.4117431640625
3236.411865234375,1178.0235595703125
3238.263916015625,1177.614501953125
3240.07275390625,1177.214599609375
3241.883056640625,1176.8135986328125
3243.695068359375,1176.41162109375
3245.509033203125,1176.008544921875
3247.32470703125,1175.604736328125
3249.142578125,1175.2000732421875
3250.96240234375,1174.794677734375
3252.738525390625,1174.3988037109375
3254.608154296875,1173.98193359375
3256.433837890625,1173.5745849609375
3258.216064453125,1173.1767578125
3260.046142578125,1172.7684326171875
3261.8779296875,1172.35986328125
3263.712158203125,1171.9515380859375
3265.548583984375,1171.543701171875
3267.38720703125,1171.1365966796875
3269.228271484375,1170.72998046875
3271.06982421875,1170.32421875
3272.910400390625,1169.919677734375
3274.75,1169.51611328125
3276.58837890625,1169.11376953125
3278.42578125,1168.7125244140625
3280.261474609375,1168.312255859375
3282.09619140625,1167.9127197265625
3283.932861328125,1167.512939453125
3285.772705078125,1167.11279296875
3287.61474609375,1166.712158203125
3289.45849609375,1166.31103515625
3291.304443359375,1165.9091796875
3293.15185546875,1165.5064697265625
3295.001220703125,1165.1025390625
3296.852294921875,1164.697265625
3298.705078125,1164.2904052734375
3300.559326171875,1163.8814697265625
3302.368896484375,1163.480712890625
3304.22607421875,1163.0670166015625
3306.0849609375,1162.6505126953125
3307.945068359375,1162.23046875
3309.806640625,1161.8065185546875
3311.715576171875,1161.3670654296875
3313.57861328125,1160.9327392578125
3315.4423828125,1160.4918212890625
3317.306396484375,1160.0438232421875
3319.170166015625,1159.588134765625
3321.033935546875,1159.124267578125
3322.8974609375,1158.6514892578125
3324.76025390625,1158.1695556640625
3326.623046875,1157.6788330078125
3328.48583984375,1157.1795654296875
3330.34814453125,1156.6715087890625
3332.20947265625,1156.1536865234375
3334.069580078125,1155.62548828125
3335.9287109375,1155.0867919921875
3337.787109375,1154.5380859375
3339.644287109375,1153.9793701171875
3341.500244140625,1153.4097900390625
3343.354248046875,1152.8287353515625
3345.2060546875,1152.2354736328125
3347.055419921875,1151.6295166015625
3348.857177734375,1151.0274658203125
3350.703125,1150.3992919921875
3352.547119140625,1149.7598876953125
3354.38818359375,1149.1077880859375
3356.225341796875,1148.4412841796875
3358.058349609375,1147.7587890625
3359.886474609375,1147.0599365234375
3361.710205078125,1146.345458984375
3363.120849609375,1145.781494140625
3364.891845703125,1145.0595703125
3366.703125,1144.3037109375
3368.10302734375,1143.7066650390625
3369.947998046875,1142.9002685546875
3371.739501953125,1142.0931396484375
3373.523193359375,1141.2659912109375
3374.90185546875,1140.613037109375
3376.2783203125,1139.95263671875
3377.65283203125,1139.285888671875
3379.068603515625,1138.5897216796875
3380.4794921875,1137.88330078125
3381.927978515625,1137.1416015625
3383.281494140625,1136.430908203125
3384.62646484375,1135.7054443359375
3385.9638671875,1134.965087890625
3387.63916015625,1134.01611328125
3388.967529296875,1133.2523193359375
3390.335693359375,1132.457275390625
3392.0830078125,1131.4266357421875
3393.39892578125,1130.6368408203125
3394.752197265625,1129.8125
3396.058837890625,1129.0057373046875
3397.361083984375,1128.190673828125
3398.65869140625,1127.366943359375
3400.327392578125,1126.291259765625
3401.99072265625,1125.2042236328125
3403.319091796875,1124.3287353515625
3404.604736328125,1123.4769287109375
3405.928955078125,1122.5926513671875
3407.208984375,1121.7294921875
3408.48583984375,1120.859130859375
3409.80029296875,1119.953857421875
3411.439208984375,1118.813232421875
3412.706787109375,1117.9228515625
3413.931396484375,1117.0562744140625
3415.15478515625,1116.185791015625
3416.376708984375,1115.3115234375
3417.678466796875,1114.3746337890625
3418.937744140625,1113.4630126953125
3420.27685546875,1112.4884033203125
3421.492919921875,1111.598876953125
3422.789306640625,1110.646484375
3424.00390625,1109.750732421875
3425.218505859375,1108.8524169921875
3426.433349609375,1107.9520263671875
3427.6484375,1107.0499267578125
3428.904296875,1106.1160888671875
3430.119873046875,1105.210693359375
3431.334716796875,1104.3033447265625
3432.54931640625,1103.3936767578125
3433.76318359375,1102.4814453125
3435.34033203125,1101.2916259765625
3436.55322265625,1100.373291015625
3437.765869140625,1099.4522705078125
3439.018798828125,1098.4979248046875
3440.635009765625,1097.2628173828125
3441.846435546875,1096.333984375
3443.05712890625,1095.402587890625
3444.267578125,1094.468994140625
3445.47802734375,1093.533203125
3446.931396484375,1092.4078369140625
3448.14306640625,1091.4683837890625
3449.355224609375,1090.5277099609375
3450.568115234375,1089.586181640625
3451.781494140625,1088.643798828125
3452.995849609375,1087.70068359375
3454.210693359375,1086.7568359375
3455.4267578125,1085.8126220703125
3456.6435546875,1084.8677978515625
3457.86181640625,1083.9224853515625
3459.0810546875,1082.9765625
3460.3017578125,1082.0303955078125
3461.5234375,1081.0836181640625
3462.787353515625,1080.1048583984375
3464.378662109375,1078.873291015625
3465.602783203125,1077.9267578125
3466.825439453125,1076.982421875
3468.044677734375,1076.041748046875
3469.259033203125,1075.1060791015625
3470.46728515625,1074.1766357421875
3471.66796875,1073.2542724609375
3472.86083984375,1072.3392333984375
3474.439208984375,1071.1307373046875
3475.96484375,1069.9644775390625
3477.51611328125,1068.780517578125
3479.0537109375,1067.608642578125
3480.577392578125,1066.4493408203125
3482.08740234375,1065.30322265625
3483.584228515625,1064.16943359375
3485.068603515625,1063.0472412109375
3486.54052734375,1061.93603515625
3487.999267578125,1060.8365478515625
3489.444091796875,1059.749267578125
3490.875732421875,1058.674072265625
3492.294189453125,1057.610595703125
3493.7001953125,1056.5574951171875
3495.09423828125,1055.513916015625
3496.4755859375,1054.4793701171875
3497.84423828125,1053.4544677734375
3499.200439453125,1052.439697265625
3500.544921875,1051.434814453125
3501.878173828125,1050.4398193359375
3503.2001953125,1049.4544677734375
3504.51171875,1048.4781494140625
3505.812744140625,1047.5103759765625
3507.10400390625,1046.5509033203125
3508.385009765625,1045.6004638671875
3509.6552734375,1044.659912109375
3510.883544921875,1043.7530517578125
3512.134033203125,1042.833251953125
3513.37548828125,1041.9239501953125
3514.607666015625,1041.025634765625
3515.83203125,1040.1380615234375
3517.04931640625,1039.2613525390625
3518.560791015625,1038.181884765625
3520.060791015625,1037.1214599609375
3521.55126953125,1036.0802001953125
3523.0361328125,1035.056396484375
3524.519287109375,1034.0457763671875
3526.00048828125,1033.0478515625
3527.47802734375,1032.064453125
3528.95068359375,1031.097412109375
3530.418212890625,1030.147216796875
3531.880126953125,1029.214599609375
3533.33642578125,1028.2999267578125
3534.78759765625,1027.403076171875
3536.233642578125,1026.524169921875
3537.67529296875,1025.66455078125
3539.11328125,1024.8250732421875
3540.5205078125,1024.0223388671875
3541.95458984375,1023.22314453125
3543.386474609375,1022.4430541992188
3544.815185546875,1021.6815185546875
3546.240234375,1020.9390869140625
3547.662353515625,1020.2166748046875
3549.08251953125,1019.5159912109375
3550.500732421875,1018.8388061523438
3551.917236328125,1018.18603515625
3553.33203125,1017.5576171875
3554.74658203125,1016.9522705078125
3556.16064453125,1016.3695678710938
3557.573974609375,1015.8113403320312
3558.986083984375,1015.2802734375
3560.6767578125,1014.68017578125
3562.3603515625,1014.1198120117188
3564.03662109375,1013.5979614257812
3565.707763671875,1013.1154174804688
3567.37109375,1012.673583984375
3568.997802734375,1012.2764892578125
3570.641357421875,1011.9078369140625
3572.277099609375,1011.5739135742188
3573.91015625,1011.275146484375
3575.542724609375,1011.0123291015625
3577.173095703125,1010.7846069335938
3578.798095703125,1010.5927734375
3580.4140625,1010.4373168945312
3582.020263671875,1010.319580078125
3583.61767578125,1010.239990234375
3585.21044921875,1010.19775390625
3586.79931640625,1010.1911010742188
3588.38330078125,1010.2198486328125
3589.961181640625,1010.2850341796875
3591.53125,1010.3895263671875
3593.092529296875,1010.5357055664062
3594.61767578125,1010.7224731445312
3596.157470703125,1010.9577026367188
3597.68505859375,1011.2392578125
3599.19873046875,1011.566162109375
3600.697021484375,1011.9378662109375
3602.18212890625,1012.3556518554688
3603.657958984375,1012.8193359375
3605.12646484375,1013.3267211914062
3606.58642578125,1013.8767700195312
3608.035400390625,1014.4725341796875
3609.470703125,1015.1158447265625
3610.89111328125,1015.8054809570312
3612.29541015625,1016.541015625
3613.68212890625,1017.3221435546875
3615.049072265625,1018.148681640625
3616.3955078125,1019.019775390625
3617.720458984375,1019.9349365234375
3619.001953125,1020.8763427734375
3620.283203125,1021.8745727539062
3621.53955078125,1022.9138793945312
3622.768798828125,1023.9949340820312
3623.966552734375,1025.1197509765625
3625.130126953125,1026.2879638671875
3626.261474609375,1027.49755859375
3627.364013671875,1028.7440185546875
3628.439208984375,1030.0240478515625
3629.4892578125,1031.3343505859375
3630.515625,1032.6728515625
3631.52099609375,1034.0364990234375
3632.507568359375,1035.4234619140625
3633.474609375,1036.832763671875
3634.422119140625,1038.2645263671875
3635.34912109375,1039.71826171875
3636.255615234375,1041.193359375
3637.126953125,1042.6640625
3637.991943359375,1044.179931640625
3638.8359375,1045.715576171875
3639.659423828125,1047.2705078125
3640.46337890625,1048.8438720703125
3641.2470703125,1050.4351806640625
3642.01171875,1052.0438232421875
3642.75634765625,1053.669677734375
3643.479736328125,1055.312744140625
3644.065185546875,1056.6953125
3644.6357421875,1058.089599609375
3645.203857421875,1059.5233154296875
3645.759765625,1060.9676513671875
3646.301513671875,1062.4224853515625
3646.828125,1063.888427734375
3647.3671875,1065.45263671875
3647.869384765625,1066.9703369140625
3648.366943359375,1068.5284423828125
3648.841064453125,1070.067138671875
3649.30859375,1071.645751953125
3649.75048828125,1073.2049560546875
3650.17529296875,1074.7747802734375
3650.598388671875,1076.4154052734375
3651.00341796875,1078.06640625
3651.38232421875,1079.697021484375
3651.742431640625,1081.33740234375
3652.07666015625,1082.955810546875
3652.39697265625,1084.614501953125
3652.696044921875,1086.2822265625
3652.965087890625,1087.8953857421875
3653.22265625,1089.54833984375
3653.465087890625,1091.2088623046875
3653.696044921875,1092.9090576171875
3653.90673828125,1094.5848388671875
3654.1015625,1096.267822265625
3654.281005859375,1097.9576416015625
3654.4501953125,1099.7196044921875
3654.595703125,1101.423095703125
3654.725341796875,1103.1656494140625
3654.8349609375,1104.8814697265625
3654.9287109375,1106.603515625
3655.009521484375,1108.3319091796875
3655.0771484375,1109.9993896484375
3655.13525390625,1111.7059326171875
3655.182861328125,1113.5186767578125
3655.21484375,1115.3033447265625
3655.231689453125,1117.0931396484375
3655.234130859375,1118.8538818359375
3655.22314453125,1120.653076171875
3655.1767578125,1123.9254150390625
3655.139892578125,1125.704833984375
3655.0947265625,1127.4886474609375
3655.040771484375,1129.2769775390625
3654.977783203125,1131.070068359375
3654.908203125,1132.833251953125
3654.830322265625,1134.6009521484375
3654.739990234375,1136.4422607421875
3654.6396484375,1138.2882080078125
3654.531005859375,1140.103515625
3654.414794921875,1141.8880615234375
3654.288818359375,1143.676513671875
3654.14794921875,1145.5390625
3654,1147.3707275390625
3653.84619140625,1149.1712646484375
3653.68408203125,1150.9755859375
3653.517333984375,1152.748291015625
3653.34326171875,1154.524658203125
3653.192138671875,1156.019775390625
3653.036865234375,1157.5177001953125
3652.8779296875,1159.018310546875
3652.676025390625,1160.8798828125
3652.47314453125,1162.7095947265625
3652.266357421875,1164.5430908203125
3652.09326171875,1166.0557861328125
3651.89013671875,1167.8209228515625
3651.682861328125,1169.61962890625
3651.467529296875,1171.4876708984375
3651.25341796875,1173.35302734375
3651.044677734375,1175.1800537109375
3650.837646484375,1177.006591796875
3650.63525390625,1178.8040771484375
3650.433837890625,1180.6060791015625
3650.230224609375,1182.4482421875
3650.031982421875,1184.2584228515625
3649.835693359375,1186.0726318359375
3649.6416015625,1187.890625
3649.449951171875,1189.71240234375
3649.261474609375,1191.53759765625
3649.10888671875,1193.0372314453125
3648.92529296875,1194.8697509765625
3648.77685546875,1196.375
3648.598388671875,1198.214111328125
3648.426025390625,1200.020263671875
3648.28369140625,1201.53466796875
3648.11279296875,1203.385009765625
3647.974609375,1204.9053955078125
3647.804931640625,1206.8001708984375
3647.66748046875,1208.364013671875
3647.534912109375,1209.893310546875
3647.404541015625,1211.42529296875
3647.279296875,1212.92236328125
3647.1533203125,1214.459228515625
3647.029541015625,1215.99853515625
3646.908203125,1217.5406494140625
3646.791748046875,1219.047607421875
3646.677001953125,1220.556884765625
3646.564697265625,1222.0682373046875
3646.45458984375,1223.581787109375
3646.34423828125,1225.1356201171875
3646.23876953125,1226.6541748046875
3646.130615234375,1228.2510986328125
3646.027587890625,1229.8125
3645.929931640625,1231.338134765625
3645.8330078125,1232.904052734375
3645.74169921875,1234.433837890625
3645.6513671875,1236.004150390625
3645.566162109375,1237.5384521484375
3645.479736328125,1239.1522216796875
3645.400146484375,1240.691650390625
3645.321533203125,1242.2720947265625
3645.24951171875,1243.7777099609375
3645.178466796875,1245.3243408203125
3645.10888671875,1246.912109375
3645.04248046875,1248.502197265625
3644.9794921875,1250.0948486328125
3644.92041015625,1251.6898193359375
3644.86572265625,1253.2484130859375
3644.814453125,1254.8092041015625
3644.76611328125,1256.37255859375
3644.720703125,1257.9384765625
3644.677001953125,1259.5462646484375
3644.63671875,1261.117431640625
3644.598388671875,1262.73046875
3644.56298828125,1264.3465576171875
3644.531494140625,1265.9259033203125
3644.502197265625,1267.5474853515625
3644.476318359375,1269.13232421875
3644.45263671875,1270.759521484375
3644.431884765625,1272.3497314453125
3644.413818359375,1273.942626953125
3644.398193359375,1275.5382080078125
3644.38525390625,1277.136474609375
3644.374755859375,1278.7371826171875
3644.366455078125,1280.3406982421875
3644.3603515625,1281.94677734375
3644.3564453125,1283.5152587890625
3644.35400390625,1285.12646484375
3644.35302734375,1286.740234375
3644.35400390625,1288.3563232421875
3644.3564453125,1289.974853515625
3644.36083984375,1291.595703125
3644.3671875,1293.218994140625
3644.375,1294.844970703125
3644.384521484375,1296.473388671875
3644.39599609375,1298.1043701171875
3644.409423828125,1299.73779296875
3644.425048828125,1301.37353515625
3644.443115234375,1303.0115966796875
3644.464111328125,1304.652099609375
3644.48779296875,1306.2947998046875
3644.514404296875,1307.9395751953125
3644.544677734375,1309.5863037109375
3644.578125,1311.235107421875
3644.614990234375,1312.885986328125
3644.6552734375,1314.5391845703125
3644.698974609375,1316.1943359375
3644.746826171875,1317.851318359375
3644.798828125,1319.5101318359375
3644.85546875,1321.1707763671875
3644.916748046875,1322.833251953125
3644.98095703125,1324.455810546875
3645.05126953125,1326.121826171875
3645.1259765625,1327.78955078125
3645.205078125,1329.458984375
3645.288330078125,1331.1298828125
3645.3759765625,1332.8021240234375
3645.46826171875,1334.4757080078125
3645.56494140625,1336.1505126953125
3645.666015625,1337.8270263671875
3645.770751953125,1339.505615234375
3645.879150390625,1341.185302734375
3645.99169921875,1342.8663330078125
3646.10888671875,1344.5479736328125
3646.230712890625,1346.2308349609375
3646.357421875,1347.9150390625
3646.488037109375,1349.601318359375
3646.621826171875,1351.2896728515625
3646.75830078125,1352.97998046875
3646.89794921875,1354.6722412109375
3647.041748046875,1356.3658447265625
3647.190185546875,1358.0606689453125
3647.34423828125,1359.756591796875
3647.50390625,1361.4534912109375
3647.66943359375,1363.151611328125
3647.841064453125,1364.850830078125
3648.013916015625,1366.5086669921875
3648.19677734375,1368.210205078125
3648.3857421875,1369.9127197265625
3648.58056640625,1371.6160888671875
3648.781494140625,1373.3204345703125
3648.98828125,1375.0257568359375
3649.200927734375,1376.7322998046875
3649.419677734375,1378.4395751953125
3649.645263671875,1380.1473388671875
3649.8779296875,1381.85546875
3650.117919921875,1383.56396484375
3650.364990234375,1385.27294921875
3650.618896484375,1386.982666015625
3650.8798828125,1388.6927490234375
3651.148193359375,1390.4031982421875
3651.424560546875,1392.11376953125
3651.709228515625,1393.8243408203125
3652.00244140625,1395.534912109375
3652.30419921875,1397.24560546875
3652.6142578125,1398.956298828125
3652.932861328125,1400.6671142578125
3653.26025390625,1402.3778076171875
3653.596435546875,1404.0882568359375
3653.941650390625,1405.798583984375
3654.2958984375,1407.5087890625
3654.650146484375,1409.1759033203125
3655.0224609375,1410.8853759765625
3655.40380859375,1412.5946044921875
3655.794189453125,1414.3033447265625
3656.193603515625,1416.0115966796875
3656.60205078125,1417.7193603515625
3657.01904296875,1419.4267578125
3657.4443359375,1421.1337890625
3657.8779296875,1422.8402099609375
3658.3193359375,1424.5462646484375
3658.768310546875,1426.251953125
3659.224853515625,1427.95703125
3659.68896484375,1429.6617431640625
3660.160400390625,1431.3658447265625
3660.63916015625,1433.069580078125
3661.125244140625,1434.7728271484375
3661.6181640625,1436.47607421875
3662.117919921875,1438.1793212890625
3662.6240234375,1439.882568359375
3663.1376953125,1441.58544921875
3663.6591796875,1443.287841796875
3664.1884765625,1444.98974609375
3664.726318359375,1446.6907958984375
3665.27294921875,1448.3909912109375
3665.828857421875,1450.090087890625
3666.380126953125,1451.7451171875
3666.955810546875,1453.4407958984375
3667.54248046875,1455.1343994140625
3668.139892578125,1456.8262939453125
3668.747314453125,1458.516357421875
3669.364501953125,1460.204833984375
3669.991455078125,1461.8917236328125
3670.628173828125,1463.576904296875
3671.2744140625,1465.2603759765625
3671.929931640625,1466.9422607421875
3672.594482421875,1468.62255859375
3673.267822265625,1470.3016357421875
3673.949462890625,1471.9791259765625
3674.639892578125,1473.6552734375
3675.33984375,1475.3292236328125
3676.04931640625,1477.0010986328125
3676.7685546875,1478.6708984375
3677.4970703125,1480.3392333984375
3678.234619140625,1482.0052490234375
3678.98193359375,1483.6688232421875
3679.740234375,1485.329345703125
3680.508544921875,1486.987548828125
3681.286376953125,1488.6436767578125
3682.07373046875,1490.297607421875
3682.870849609375,1491.94873046875
3683.657958984375,1493.5556640625
3684.475830078125,1495.2008056640625
3685.3037109375,1496.8433837890625
3686.141357421875,1498.4830322265625
3686.9892578125,1500.119873046875
3687.846923828125,1501.75390625
3688.714599609375,1503.385009765625
3689.593017578125,1505.0123291015625
3690.482421875,1506.6356201171875
3691.384033203125,1508.2542724609375
3692.2978515625,1509.8680419921875
3693.224853515625,1511.47607421875
3694.164794921875,1513.078857421875
3695.1171875,1514.67626953125
3696.0810546875,1516.269287109375
3697.055908203125,1517.85791015625
3698.0419921875,1519.4420166015625
3699.039306640625,1521.0211181640625
3700.0478515625,1522.5948486328125
3701.06884765625,1524.162353515625
3702.102294921875,1525.7235107421875
3703.147216796875,1527.2784423828125
3704.201171875,1528.826171875
3705.262939453125,1530.3665771484375
3706.331787109375,1531.8997802734375
3707.381103515625,1533.387451171875
3708.46533203125,1534.905517578125
3709.5576171875,1536.415283203125
3710.6591796875,1537.9176025390625
3711.77099609375,1539.415283203125
3712.8935546875,1540.9075927734375
3714.026611328125,1542.3931884765625
3715.17041015625,1543.8720703125
3716.324951171875,1545.3443603515625
3717.489501953125,1546.810791015625
3718.663330078125,1548.2718505859375
3719.87548828125,1549.7637939453125
3720.858154296875,1550.96044921875
3722.02685546875,1552.369873046875
3723.23388671875,1553.810546875
3724.296630859375,1555.0670166015625
3725.45751953125,1556.4271240234375
3726.718017578125,1557.889404296875
3727.9560546875,1559.310546875
3729.171142578125,1560.6910400390625
3730.425537109375,1562.1015625
3731.719970703125,1563.541259765625
3732.9912109375,1564.9398193359375
3734.2392578125,1566.297119140625
3735.56005859375,1567.7176513671875
3736.824951171875,1569.06298828125
3738.09716796875,1570.403076171875
3739.409912109375,1571.771728515625
3740.730712890625,1573.1339111328125
3742.06005859375,1574.489501953125
3743.397705078125,1575.8392333984375
3744.7431640625,1577.1832275390625
3746.09619140625,1578.521240234375
3747.457275390625,1579.852783203125
3748.82666015625,1581.17724609375
3750.20458984375,1582.4942626953125
3751.59130859375,1583.802978515625
3752.98681640625,1585.1038818359375
3754.390380859375,1586.3978271484375
3755.801513671875,1587.68603515625
3757.219482421875,1588.9681396484375
3758.644775390625,1590.243408203125
3760.077392578125,1591.511474609375
3761.517333984375,1592.77197265625
3762.965087890625,1594.025390625
3764.419677734375,1595.2725830078125
3765.88037109375,1596.5146484375
3767.346923828125,1597.751708984375
3768.8193359375,1598.9837646484375
3770.2978515625,1600.2105712890625
3771.7451171875,1601.4013671875
3773.235595703125,1602.6173095703125
3774.732177734375,1603.82763671875
3776.235107421875,1605.032470703125
3777.744384765625,1606.2315673828125
3779.259765625,1607.424560546875
3780.781494140625,1608.61083984375
3782.310302734375,1609.7900390625
3783.845703125,1610.962158203125
3785.387939453125,1612.1279296875
3786.936279296875,1613.2880859375
3788.490478515625,1614.4423828125
3790.050537109375,1615.5906982421875
3791.61669921875,1616.732421875
3793.18896484375,1617.8675537109375
3794.767578125,1618.9954833984375
3796.3525390625,1620.1163330078125
3797.94384765625,1621.2303466796875
3799.541259765625,1622.3372802734375
3801.14453125,1623.437255859375
3802.39111328125,1624.284912109375
3803.96484375,1625.3448486328125
3805.584716796875,1626.4241943359375
3807.210693359375,1627.4954833984375
3808.8427734375,1628.5595703125
3810.480712890625,1629.61669921875
3812.082763671875,1630.640869140625
3813.7314453125,1631.6839599609375
3815.3857421875,1632.719482421875
3817.0458984375,1633.7470703125
3818.7119140625,1634.7664794921875
3820.3837890625,1635.77783203125
3822.061767578125,1636.7811279296875
3823.745361328125,1637.7763671875
3825.434814453125,1638.762939453125
3827.13037109375,1639.7403564453125
3828.831787109375,1640.7083740234375
3830.5390625,1641.6663818359375
3832.25244140625,1642.6142578125
3833.9716796875,1643.55322265625
3835.696044921875,1644.4847412109375
3837.42529296875,1645.4105224609375
3839.15869140625,1646.3309326171875
3840.896240234375,1647.2464599609375
3842.6376953125,1648.15673828125
3844.38330078125,1649.0618896484375
3846.13330078125,1649.9619140625
3847.887451171875,1650.8572998046875
3849.6455078125,1651.7479248046875
3851.40771484375,1652.6339111328125
3853.17431640625,1653.5146484375
3854.900634765625,1654.3675537109375
3856.676025390625,1655.2359619140625
3858.455810546875,1656.0972900390625
3860.240234375,1656.9510498046875
3862.029296875,1657.7974853515625
3863.822998046875,1658.6375732421875
3865.620849609375,1659.4722900390625
3867.42236328125,1660.3026123046875
3869.22705078125,1661.1287841796875
3871.034912109375,1661.950927734375
3872.84521484375,1662.7698974609375
3874.658203125,1663.5860595703125
3876.473388671875,1664.400634765625
3878.291015625,1665.2138671875
3880.110595703125,1666.026611328125
3881.93212890625,1666.839111328125
3883.755859375,1667.6514892578125
3885.581298828125,1668.4638671875
3888.32275390625,1669.6815185546875
3889.695068359375,1670.289794921875
3891.068603515625,1670.897705078125
3892.443115234375,1671.5054931640625
3893.819091796875,1672.113037109375
3895.196044921875,1672.7205810546875
3896.57421875,1673.328125
3897.953125,1673.9356689453125
3899.747802734375,1674.7254638671875
3901.129638671875,1675.3330078125
3902.5126953125,1675.9403076171875
3903.897216796875,1676.547607421875
3905.282958984375,1677.154541015625
3906.669677734375,1677.76123046875
3908.057861328125,1678.3673095703125
3909.447021484375,1678.9727783203125
3910.837646484375,1679.57763671875
3912.229736328125,1680.181396484375
3913.623291015625,1680.784423828125
3915.01806640625,1681.38671875
3916.4140625,1681.98828125
3917.811279296875,1682.5892333984375
3919.2099609375,1683.1898193359375
3920.60986328125,1683.7900390625
3922.010986328125,1684.3900146484375
3923.41357421875,1684.989990234375
3924.8173828125,1685.58984375
3926.222412109375,1686.189697265625
3927.628662109375,1686.789306640625
3929.035888671875,1687.3890380859375
3930.444580078125,1687.9888916015625
3931.854248046875,1688.588623046875
3933.264892578125,1689.1884765625
3934.677001953125,1689.7882080078125
3936.090087890625,1690.3878173828125
3937.50439453125,1690.9871826171875
3938.919921875,1691.586181640625
3940.336669921875,1692.1846923828125
3941.754638671875,1692.7825927734375
3943.174072265625,1693.3797607421875
3944.594970703125,1693.976318359375
3946.444091796875,1694.7509765625
3947.8681640625,1695.3463134765625
3949.29345703125,1695.9407958984375
3950.72021484375,1696.5345458984375
3952.1484375,1697.127197265625
3953.578369140625,1697.71826171875
3955.009765625,1698.307861328125
3956.442626953125,1698.8951416015625
3957.877685546875,1699.4801025390625
3959.31494140625,1700.06201171875
3960.75439453125,1700.6409912109375
3962.196533203125,1701.216796875
3963.640869140625,1701.7890625
3965.087646484375,1702.357421875
3966.536865234375,1702.921142578125
3967.98876953125,1703.479248046875
3969.443603515625,1704.0316162109375
3970.9013671875,1704.57763671875
3972.362548828125,1705.117431640625
3973.826416015625,1705.651123046875
3975.29345703125,1706.1788330078125
3976.76318359375,1706.700927734375
3978.235595703125,1707.217041015625
3979.710693359375,1707.7271728515625
3981.188232421875,1708.2308349609375
3982.66845703125,1708.727783203125
3984.1513671875,1709.2183837890625
3985.636962890625,1709.703369140625
3987.125,1710.1839599609375
3988.615478515625,1710.6607666015625
3990.107421875,1711.1337890625
3991.601318359375,1711.6026611328125
3993.09716796875,1712.0675048828125
3994.544921875,1712.5126953125
3996.044677734375,1712.96923828125
3997.54638671875,1713.421142578125
3999.050537109375,1713.868896484375
4000.556640625,1714.31298828125
4002.064453125,1714.75390625
4003.57421875,1715.19091796875
4005.085693359375,1715.622802734375
4006.599609375,1716.048095703125
4008.16650390625,1716.480712890625
4009.634521484375,1716.87939453125
4011.155517578125,1717.2857666015625
4012.678955078125,1717.68603515625
4014.20458984375,1718.080322265625
4015.732666015625,1718.4686279296875
4017.2626953125,1718.8505859375
4018.794921875,1719.225830078125
4020.32958984375,1719.5936279296875
4021.866455078125,1719.953857421875
4023.405517578125,1720.3065185546875
4024.947021484375,1720.651123046875
4026.49072265625,1720.9873046875
4028.036376953125,1721.314697265625
4029.584228515625,1721.6336669921875
4031.134033203125,1721.94482421875
4032.68603515625,1722.2486572265625
4034.23974609375,1722.546142578125
4035.79541015625,1722.837646484375
4037.352783203125,1723.1236572265625
4038.912109375,1723.404296875
4040.47265625,1723.6785888671875
4042.034912109375,1723.9462890625
4043.5986328125,1724.2061767578125
4045.11181640625,1724.4498291015625
4046.678466796875,1724.6937255859375
4048.246826171875,1724.928955078125
4049.81640625,1725.1556396484375
4051.3876953125,1725.37353515625
4052.96044921875,1725.58349609375
4054.534912109375,1725.7864990234375
4056.110595703125,1725.9830322265625
4057.687744140625,1726.17529296875
4059.2666015625,1726.36328125
4060.845947265625,1726.5452880859375
4062.426025390625,1726.7188720703125
4064.00732421875,1726.881103515625
4065.589111328125,1727.0311279296875
4067.171142578125,1727.1678466796875
4068.754150390625,1727.2918701171875
4070.339111328125,1727.4053955078125
4071.925537109375,1727.5123291015625
4073.513427734375,1727.6148681640625
4075.10205078125,1727.713134765625
4076.69140625,1727.8060302734375
4078.28173828125,1727.8924560546875
4079.87255859375,1727.97216796875
4081.46435546875,1728.0452880859375
4083.056640625,1728.11181640625
4084.649658203125,1728.171630859375
4086.243408203125,1728.22509765625
4087.837646484375,1728.272216796875
4089.4326171875,1728.3133544921875
4091.0283203125,1728.3487548828125
4092.62451171875,1728.37841796875
4094.220947265625,1728.40234375
4095.818115234375,1728.4207763671875
4097.41552734375,1728.4337158203125
4098.96044921875,1728.441162109375
4100.55859375,1728.44384765625
4102.1572265625,1728.4415283203125
4103.755859375,1728.4345703125
4105.35546875,1728.423583984375
4106.955078125,1728.4085693359375
4108.5546875,1728.3897705078125
4110.154296875,1728.3673095703125
4111.75439453125,1728.341552734375
4113.35498046875,1728.313232421875
4114.95654296875,1728.282958984375
4116.55908203125,1728.2513427734375
4118.162109375,1728.218505859375
4119.765625,1728.1845703125
4121.36962890625,1728.1492919921875
4122.9736328125,1728.112548828125
4124.578125,1728.0745849609375
4126.1826171875,1728.0355224609375
4127.78759765625,1727.9957275390625
4129.3935546875,1727.9554443359375
4131,1727.9149169921875
4132.60693359375,1727.8741455078125
4134.21435546875,1727.83349609375
4135.822265625,1727.79296875
4137.4306640625,1727.7529296875
4139.03955078125,1727.7135009765625
4140.64892578125,1727.6748046875
4142.25927734375,1727.6368408203125
4143.86962890625,1727.599609375
4145.48046875,1727.5631103515625
4147.09228515625,1727.52734375
4148.70458984375,1727.4921875
4150.3173828125,1727.457763671875
4151.93017578125,1727.4241943359375
4153.5439453125,1727.3914794921875
4155.26513671875,1727.357666015625
4156.93310546875,1727.326171875
4158.65478515625,1727.294921875
4160.32373046875,1727.2657470703125
4162.04736328125,1727.236328125
4163.7177734375,1727.20849609375
4165.38818359375,1727.1810302734375
4167.05859375,1727.154296875
4168.67529296875,1727.1290283203125
4170.29296875,1727.1041259765625
4171.91162109375,1727.080078125
4173.53076171875,1727.056884765625
4175.14990234375,1727.03466796875
4176.82421875,1727.012939453125
4178.552734375,1726.9923095703125
4180.28173828125,1726.9737548828125
4182.0107421875,1726.95751953125
4183.6865234375,1726.94384765625
4185.36279296875,1726.932373046875
4187.03955078125,1726.9228515625
4188.662109375,1726.915771484375
4190.28515625,1726.9107666015625
4191.908203125,1726.907958984375
4193.53125,1726.9075927734375
4195.1552734375,1726.909423828125
4196.77880859375,1726.9134521484375
4198.4033203125,1726.9195556640625
4200.02783203125,1726.927734375
4201.65283203125,1726.9378662109375
4203.27880859375,1726.949951171875
4204.90478515625,1726.9638671875
4206.4765625,1726.9794921875
4208.10205078125,1726.9981689453125
4209.7275390625,1727.0196533203125
4211.35302734375,1727.0439453125
4212.978515625,1727.071044921875
4214.60400390625,1727.10107421875
4216.22998046875,1727.133544921875
4217.8564453125,1727.168212890625
4219.4833984375,1727.2054443359375
4221.11083984375,1727.245361328125
4222.73828125,1727.2882080078125
4224.3662109375,1727.334228515625
4225.99462890625,1727.3834228515625
4227.623046875,1727.4359130859375
4229.25146484375,1727.4920654296875
4230.87890625,1727.552001953125
4232.50634765625,1727.6156005859375
4234.13330078125,1727.682373046875
4235.76025390625,1727.751953125
4237.3876953125,1727.823486328125
4239.015625,1727.896484375
4240.64404296875,1727.970458984375
4242.27294921875,1728.0455322265625
4243.90234375,1728.1217041015625
4245.53173828125,1728.1993408203125
4247.1611328125,1728.2786865234375
4248.79052734375,1728.3597412109375
4250.42041015625,1728.4429931640625
4252.0498046875,1728.5283203125
4253.68017578125,1728.615966796875
4255.31005859375,1728.7060546875
4256.93994140625,1728.798828125
4258.5703125,1728.89453125
4260.1455078125,1728.9898681640625
4261.77490234375,1729.091552734375
4263.404296875,1729.1964111328125
4265.033203125,1729.30419921875
4266.66259765625,1729.4146728515625
4268.2919921875,1729.52734375
4269.92236328125,1729.64208984375
4271.552734375,1729.7584228515625
4273.18359375,1729.8763427734375
4274.814453125,1729.995849609375
4276.44580078125,1730.1170654296875
4278.07763671875,1730.240234375
4279.708984375,1730.365478515625
4281.34033203125,1730.492919921875
4282.9716796875,1730.622802734375
4284.60302734375,1730.7552490234375
4286.23388671875,1730.890380859375
4287.86474609375,1731.0281982421875
4289.49560546875,1731.1685791015625
4291.12646484375,1731.3114013671875
4292.7568359375,1731.456787109375
4294.38671875,1731.6044921875
4296.0166015625,1731.7545166015625
4297.64599609375,1731.906494140625
4299.275390625,1732.0604248046875
4300.9052734375,1732.2159423828125
4302.53515625,1732.372802734375
4304.16552734375,1732.5308837890625
4305.79638671875,1732.68994140625
4307.42724609375,1732.8499755859375
4309.05859375,1733.01123046875
4310.68994140625,1733.173583984375
4312.37548828125,1733.3426513671875
4313.89794921875,1733.49658203125
4315.52880859375,1733.662841796875
4317.15966796875,1733.8304443359375
4318.7900390625,1733.999267578125
4320.4208984375,1734.1690673828125
4322.05126953125,1734.3399658203125
4323.68212890625,1734.5115966796875
4325.3134765625,1734.6839599609375
4326.9443359375,1734.85693359375
4328.57568359375,1735.0306396484375
4330.20703125,1735.204833984375
4331.83837890625,1735.3797607421875
4333.46923828125,1735.55517578125
4335.1005859375,1735.7313232421875
4336.73193359375,1735.9080810546875
4338.36376953125,1736.085205078125
4339.99560546875,1736.262939453125
4341.6279296875,1736.4410400390625
4343.26025390625,1736.619873046875
4344.892578125,1736.7991943359375
4346.52490234375,1736.979248046875
4348.1572265625,1737.1597900390625
4349.78955078125,1737.341064453125
4351.421875,1737.5228271484375
4353.05419921875,1737.705322265625
4354.68701171875,1737.8883056640625
4356.31982421875,1738.072021484375
4357.953125,1738.25634765625
4359.58642578125,1738.4412841796875
4361.22021484375,1738.6268310546875
4362.8544921875,1738.8131103515625
4364.48876953125,1739.0001220703125
4366.12353515625,1739.1878662109375
4367.75830078125,1739.37646484375
4369.3388671875,1739.5596923828125
4370.9736328125,1739.7501220703125
4372.6083984375,1739.94140625
4374.2431640625,1740.133544921875
4375.87890625,1740.32666015625
4377.5146484375,1740.5205078125
4379.150390625,1740.715087890625
4380.78662109375,1740.91064453125
4382.42333984375,1741.107177734375
4384.0595703125,1741.3045654296875
4385.69580078125,1741.5030517578125
4387.33203125,1741.7027587890625
4388.96826171875,1741.903564453125
4390.60498046875,1742.10546875
4392.24169921875,1742.308349609375
4393.87841796875,1742.5123291015625
4395.515625,1742.7174072265625
4397.15234375,1742.9237060546875
4398.78955078125,1743.13134765625
4400.4267578125,1743.3402099609375
4402.1181640625,1743.5574951171875
4403.7548828125,1743.769287109375
4405.3369140625,1743.9754638671875
4406.97314453125,1744.190185546875
4408.6640625,1744.4136962890625
4410.24609375,1744.6241455078125
4411.88232421875,1744.8433837890625
4413.5185546875,1745.06396484375
4415.1552734375,1745.285888671875
4416.84619140625,1745.516845703125
4418.48291015625,1745.74169921875
4420.06494140625,1745.96044921875
4421.70166015625,1746.1883544921875
4423.33740234375,1746.41796875
4424.9189453125,1746.6417236328125
4426.60888671875,1746.8829345703125
4428.189453125,1747.110595703125
4429.82470703125,1747.347900390625
4431.4599609375,1747.5869140625
4433.09521484375,1747.8275146484375
4434.73095703125,1748.0699462890625
4436.3662109375,1748.3140869140625
4438.00146484375,1748.560302734375
4439.63623046875,1748.808837890625
4441.2705078125,1749.0595703125
4442.904296875,1749.3128662109375
4444.5380859375,1749.568603515625
4446.17138671875,1749.8267822265625
4447.8046875,1750.0872802734375
4449.4375,1750.350341796875
4451.06982421875,1750.615966796875
4452.75634765625,1750.8929443359375
4454.333984375,1751.154541015625
4455.96533203125,1751.4276123046875
4457.65087890625,1751.71240234375
4459.28125,1751.9906005859375
4460.85693359375,1752.261962890625
4462.5400390625,1752.5550537109375
4464.11376953125,1752.831787109375
4465.74072265625,1753.1209716796875
4467.4208984375,1753.4227294921875
4469.04638671875,1753.71728515625
4470.67236328125,1754.0137939453125
4472.2978515625,1754.3118896484375
4473.869140625,1754.6015625
4475.54833984375,1754.9129638671875
4477.064453125,1755.1961669921875
4478.6884765625,1755.5018310546875
4480.31103515625,1755.81005859375
4481.9326171875,1756.1209716796875
4483.5537109375,1756.434814453125
4485.17333984375,1756.751708984375
4486.79248046875,1757.071533203125
4488.4111328125,1757.3941650390625
4490.029296875,1757.71923828125
4491.64697265625,1758.046875
4493.26416015625,1758.376953125
4494.880859375,1758.7098388671875
4496.49658203125,1759.0457763671875
4498.1103515625,1759.38525390625
4499.72314453125,1759.728271484375
4501.333984375,1760.0753173828125
4502.943359375,1760.4263916015625
4504.55126953125,1760.781494140625
4506.158203125,1761.1400146484375
4507.7646484375,1761.501220703125
4509.37109375,1761.8648681640625
4510.97705078125,1762.2308349609375
4512.58251953125,1762.5989990234375
4514.1875,1762.9697265625
4515.791015625,1763.34326171875
4517.3935546875,1763.7198486328125
4518.9951171875,1764.0997314453125
4520.595703125,1764.482666015625
4522.19580078125,1764.86865234375
4523.7958984375,1765.257568359375
4525.39501953125,1765.6494140625
4526.994140625,1766.044189453125
4528.59228515625,1766.4422607421875
4530.189453125,1766.843994140625
4531.7861328125,1767.2489013671875
4533.3291015625,1767.6434326171875
4534.9775390625,1768.068359375
4536.572265625,1768.482666015625
4538.16650390625,1768.9002685546875
4539.76025390625,1769.3209228515625
4541.353515625,1769.7445068359375
4542.9462890625,1770.170654296875
4544.5390625,1770.5994873046875
4546.130859375,1771.0311279296875
4547.72216796875,1771.4654541015625
4549.31298828125,1771.90283203125
4550.90283203125,1772.34326171875
4552.49169921875,1772.78662109375
4554.07958984375,1773.232666015625
4555.6669921875,1773.681396484375
4557.25390625,1774.1326904296875
4558.83984375,1774.5863037109375
4560.42578125,1775.042236328125
4562.01123046875,1775.5003662109375
4563.595703125,1775.960693359375
4565.18017578125,1776.4234619140625
4566.763671875,1776.8885498046875
4568.34716796875,1777.3560791015625
4569.93017578125,1777.825927734375
4571.5126953125,1778.2982177734375
4573.0947265625,1778.773193359375
4574.67578125,1779.2510986328125
4576.25634765625,1779.732177734375
4577.83544921875,1780.216796875
4579.4140625,1780.705078125
4580.9912109375,1781.1968994140625
4582.56787109375,1781.6925048828125
4584.09033203125,1782.1751708984375
4585.66455078125,1782.6783447265625
4587.23779296875,1783.1851806640625
4588.8095703125,1783.6961669921875
4590.3798828125,1784.2110595703125
4591.94921875,1784.7301025390625
4593.5693359375,1785.270751953125
4595.1357421875,1785.798095703125
4596.80615234375,1786.3648681640625
4598.42236328125,1786.9180908203125
4600.14208984375,1787.5115966796875
4601.80810546875,1788.091796875
4603.47216796875,1788.6767578125
4605.13525390625,1789.2664794921875
4606.74462890625,1789.8424072265625
4608.30126953125,1790.4039306640625
4609.8564453125,1790.9698486328125
4611.46142578125,1791.5596923828125
4613.064453125,1792.1551513671875
4614.71630859375,1792.776123046875
4616.3134765625,1793.3841552734375
4617.9599609375,1794.0184326171875
4619.60302734375,1794.65966796875
4621.19189453125,1795.2874755859375
4622.7783203125,1795.9212646484375
4624.2607421875,1796.5189208984375
4625.84326171875,1797.1627197265625
4627.42431640625,1797.8115234375
4629.05419921875,1798.4864501953125
4630.681640625,1799.166748046875
4632.25634765625,1799.831298828125
4633.87890625,1800.5234375
4635.39794921875,1801.1781005859375
4636.96435546875,1801.8609619140625
4638.578125,1802.5728759765625
4640.18896484375,1803.2918701171875
4641.79638671875,1804.0179443359375
4643.35107421875,1804.7276611328125
4644.953125,1805.4666748046875
4646.45166015625,1806.1661376953125
4647.99658203125,1806.896484375
4649.5361328125,1807.6353759765625
4651.1201171875,1808.40771484375
4652.69873046875,1809.18994140625
4654.22314453125,1809.9566650390625
4655.79248046875,1810.756103515625
4657.310546875,1811.5372314453125
4658.7763671875,1812.298828125
4660.28759765625,1813.092041015625
4661.79541015625,1813.8922119140625
4663.345703125,1814.7264404296875
4664.890625,1815.5699462890625
4666.4287109375,1816.4227294921875
4667.9130859375,1817.257568359375
4669.39404296875,1818.0997314453125
4670.8232421875,1818.9207763671875
4672.29736328125,1819.774658203125
4673.76904296875,1820.634033203125
4675.28466796875,1821.5267333984375
4676.796875,1822.42529296875
4678.25830078125,1823.301513671875
4679.716796875,1824.183349609375
4681.12548828125,1825.0419921875
4682.57861328125,1825.93359375
4683.9365234375,1826.771484375
4685.384765625,1827.6722412109375
4686.78271484375,1828.549560546875
4688.22314453125,1829.4627685546875
4689.65869140625,1830.382568359375
4691.09033203125,1831.308837890625
4692.517578125,1832.241455078125
4693.89501953125,1833.14990234375
4695.26806640625,1834.0643310546875
4696.63671875,1834.9849853515625
4698.00048828125,1835.911865234375
4699.3583984375,1836.844970703125
4700.71142578125,1837.783935546875
4702.0595703125,1838.7286376953125
4703.40380859375,1839.678466796875
4704.74560546875,1840.632568359375
4706.083984375,1841.59033203125
4707.42041015625,1842.5516357421875
4708.75390625,1843.516357421875
4710.08447265625,1844.484619140625
4711.41259765625,1845.456298828125
4712.73828125,1846.431640625
4714.06201171875,1847.41015625
4715.3837890625,1848.3916015625
4716.70458984375,1849.3756103515625
4718.02392578125,1850.3619384765625
4719.3427734375,1851.3504638671875
4720.66015625,1852.3411865234375
4721.9765625,1853.33447265625
4723.291015625,1854.3304443359375
4724.60302734375,1855.32958984375
4725.91357421875,1856.331787109375
4727.2216796875,1857.3367919921875
4728.4853515625,1858.3104248046875
4729.791015625,1859.3194580078125
4731.09619140625,1860.3302001953125
4732.400390625,1861.3421630859375
4733.70458984375,1862.3546142578125
4735.0087890625,1863.3671875
4736.3134765625,1864.3795166015625
4737.61865234375,1865.3909912109375
4738.9248046875,1866.4014892578125
4740.232421875,1867.410888671875
4741.541015625,1868.4190673828125
4742.85107421875,1869.4261474609375
4744.162109375,1870.431884765625
4745.474609375,1871.4364013671875
4746.7880859375,1872.439697265625
4748.1025390625,1873.441650390625
4749.41796875,1874.4422607421875
4750.73486328125,1875.4415283203125
4752.05224609375,1876.4395751953125
4753.37109375,1877.4365234375
4754.6904296875,1878.4324951171875
4756.01123046875,1879.4273681640625
4757.33349609375,1880.42138671875
4758.65673828125,1881.4141845703125
4759.9814453125,1882.405517578125
4761.3076171875,1883.395263671875
4762.6357421875,1884.38330078125
4763.96533203125,1885.369384765625
4765.296875,1886.3531494140625
4766.63037109375,1887.334716796875
4767.96630859375,1888.313720703125
4769.3486328125,1889.3223876953125
4770.64404296875,1890.2626953125
4771.986328125,1891.2318115234375
4773.2861328125,1892.1650390625
4774.63330078125,1893.126953125
4775.9833984375,1894.0850830078125
4777.3359375,1895.0399169921875
4778.69091796875,1895.991455078125
4780.048828125,1896.93994140625
4781.4541015625,1897.9169921875
4782.77099609375,1898.827880859375
4784.1357421875,1899.766845703125
4785.50341796875,1900.7021484375
4786.8740234375,1901.6334228515625
4788.2470703125,1902.5604248046875
4789.62353515625,1903.4830322265625
4791.0029296875,1904.4010009765625
4792.38525390625,1905.314208984375
4793.77099609375,1906.222412109375
4795.15966796875,1907.1251220703125
4796.5517578125,1908.0224609375
4797.947265625,1908.9144287109375
4799.34521484375,1909.801513671875
4800.7470703125,1910.6842041015625
4802.15087890625,1911.5631103515625
4803.55810546875,1912.43798828125
4804.9677734375,1913.308837890625
4806.3798828125,1914.175048828125
4807.79541015625,1915.0362548828125
4809.2607421875,1915.9208984375
4810.634765625,1916.7437744140625
4812.10693359375,1917.618896484375
4813.486328125,1918.43359375
4814.916015625,1919.27197265625
4816.34912109375,1920.1053466796875
4817.78466796875,1920.9334716796875
4819.17529296875,1921.728515625
4820.71337890625,1922.599853515625
4822.0615234375,1923.357421875
4823.5087890625,1924.1641845703125
4824.958984375,1924.9664306640625
4826.41162109375,1925.7640380859375
4827.86669921875,1926.55712890625
4829.32373046875,1927.34521484375
4830.78271484375,1928.1282958984375
4832.244140625,1928.906494140625
4833.70703125,1929.6810302734375
4835.17236328125,1930.45263671875
4836.63916015625,1931.22216796875
4838.10693359375,1931.9893798828125
4839.57666015625,1932.754638671875
4841.0478515625,1933.517333984375
4842.5205078125,1934.27734375
4843.99462890625,1935.0341796875
4845.47119140625,1935.7879638671875
4846.94873046875,1936.53857421875
4848.4287109375,1937.285888671875
4849.90966796875,1938.0296630859375
4851.3916015625,1938.7694091796875
4852.87255859375,1939.504150390625
4854.3515625,1940.2332763671875
4855.82763671875,1940.9560546875
4857.298828125,1941.6722412109375
4858.76513671875,1942.38134765625
4860.22607421875,1943.082763671875
4861.6806640625,1943.7764892578125
4863.13037109375,1944.4620361328125
4864.57373046875,1945.1395263671875
4866.01123046875,1945.8087158203125
4867.39501953125,1946.4481201171875
4868.82177734375,1947.10205078125
4870.2421875,1947.748779296875
4871.6572265625,1948.387939453125
4873.11279296875,1949.0401611328125
4874.515625,1949.6630859375
4876.3310546875,1950.4615478515625
4877.72119140625,1951.0677490234375
4879.10546875,1951.6671142578125
4882.35791015625,1953.058349609375
4884.1318359375,1953.806640625
4885.9423828125,1954.5626220703125
4887.7421875,1955.3052978515625
4889.5322265625,1956.031982421875
4891.3134765625,1956.740966796875
4893.13134765625,1957.4481201171875
4894.8994140625,1958.1201171875
4896.62109375,1958.7606201171875
4898.4296875,1959.42138671875
4900.193359375,1960.05224609375
4901.91259765625,1960.6513671875
4903.720703125,1961.2623291015625
4905.48583984375,1961.8399658203125
4907.20751953125,1962.386474609375
4909.0185546875,1962.943359375
4910.78466796875,1963.46875
4912.50732421875,1963.9630126953125
4914.23095703125,1964.439453125
4916.04345703125,1964.9217529296875
4917.81298828125,1965.374267578125
4919.5380859375,1965.7984619140625
4921.35205078125,1966.225341796875
4923.12255859375,1966.6214599609375
4924.8505859375,1966.9871826171875
4926.66943359375,1967.3487548828125
4928.447265625,1967.67822265625
4930.1826171875,1967.97900390625
4932.009765625,1968.27587890625
4933.794921875,1968.548583984375
4935.53759765625,1968.79833984375
4937.37158203125,1969.04248046875
4939.162109375,1969.260986328125
4940.90869140625,1969.4530029296875
4942.74462890625,1969.62841796875
4944.53515625,1969.7691650390625
4946.279296875,1969.877685546875
4948.11376953125,1969.9671630859375
4949.90478515625,1970.0374755859375
4951.65234375,1970.0921630859375
4953.48974609375,1970.132568359375
4955.2822265625,1970.15283203125
4957.02880859375,1970.153564453125
4958.775390625,1970.13623046875
4960.61181640625,1970.1009521484375
4962.4033203125,1970.0518798828125
4964.1494140625,1969.990478515625
4965.984375,1969.9117431640625
4967.77392578125,1969.822265625
4969.51904296875,1969.7247314453125
4971.3544921875,1969.6126708984375
4973.14501953125,1969.4937744140625
4974.890625,1969.36767578125
4976.7255859375,1969.2227783203125
4978.5146484375,1969.068359375
4980.25830078125,1968.9052734375
4982.09033203125,1968.719970703125
4983.87646484375,1968.525146484375
4985.61669921875,1968.322021484375
4987.44482421875,1968.0947265625
4989.22705078125,1967.85888671875
4990.96337890625,1967.615478515625
4992.7861328125,1967.3447265625
4994.56298828125,1967.06591796875
4996.29296875,1966.780029296875
4998.109375,1966.465087890625
4999.87939453125,1966.1436767578125
5001.6025390625,1965.816650390625
5003.3232421875,1965.47607421875
5005.1298828125,1965.1038818359375
5006.89013671875,1964.7274169921875
5008.603515625,1964.347900390625
5010.40234375,1963.9354248046875
5012.154296875,1963.5196533203125
5013.8603515625,1963.1016845703125
5015.65087890625,1962.6494140625
5017.39501953125,1962.1959228515625
5019.09326171875,1961.741943359375
5020.87548828125,1961.251708984375
5022.60986328125,1960.75927734375
5024.296875,1960.2647705078125
5026.0654296875,1959.728759765625
5027.7861328125,1959.1904296875
5029.5029296875,1958.6380615234375
5031.216796875,1958.0733642578125
5033.01220703125,1957.467529296875
5034.8037109375,1956.8475341796875
5036.54736328125,1956.2279052734375
5038.28564453125,1955.593505859375
5039.97607421875,1954.9603271484375
5041.66162109375,1954.3128662109375
5043.384765625,1953.6358642578125
5045.0205078125,1952.9810791015625
5046.736328125,1952.2818603515625
5048.4482421875,1951.5716552734375
5050.19970703125,1950.8336181640625
5051.90625,1950.1036376953125
5053.60986328125,1949.363525390625
5055.35009765625,1948.5933837890625
5057.0439453125,1947.828369140625
5058.68994140625,1947.0684814453125
5060.41259765625,1946.256103515625
5062.04833984375,1945.470703125
5063.72314453125,1944.6566162109375
5065.43603515625,1943.8150634765625
5067.1875,1942.9449462890625
5068.89453125,1942.0853271484375
5070.59716796875,1941.21484375
5072.2548828125,1940.35498046875
5073.86865234375,1939.5068359375
5075.4794921875,1938.6505126953125
5077.16796875,1937.7430419921875
5078.89306640625,1936.8057861328125
5080.57568359375,1935.8831787109375
5082.255859375,1934.953857421875
5083.93359375,1934.017822265625
5085.529296875,1933.1199951171875
5087.20166015625,1932.1710205078125
5088.87158203125,1931.21533203125
5090.5390625,1930.25341796875
5092.1650390625,1929.3089599609375
5093.75048828125,1928.3828125
5095.3349609375,1927.4527587890625
5096.9970703125,1926.4716796875
5098.61767578125,1925.5089111328125
5100.27490234375,1924.5166015625
5101.57568359375,1923.7322998046875
5102.87451171875,1922.944091796875
5104.525390625,1921.9349365234375
5106.09521484375,1920.9678955078125
5107.7021484375,1919.9705810546875
5109.3447265625,1918.94189453125
5110.984375,1917.9058837890625
5112.58154296875,1916.8873291015625
5114.17529296875,1915.8619384765625
5115.7666015625,1914.8299560546875
5117.31640625,1913.8172607421875
5118.90283203125,1912.773193359375
5120.4873046875,1911.723388671875
5122.107421875,1910.641845703125
5123.724609375,1909.5543212890625
5125.2626953125,1908.51318359375
5126.83642578125,1907.4412841796875
5128.40869140625,1906.36474609375
5129.9794921875,1905.2840576171875
5131.5107421875,1904.225830078125
5133.04052734375,1903.1640625
5134.607421875,1902.072265625
5136.17333984375,1900.97705078125
5137.7763671875,1899.8515625
5139.3017578125,1898.7763671875
5140.82666015625,1897.697998046875
5142.388671875,1896.5894775390625
5143.912109375,1895.5047607421875
5145.43408203125,1894.4169921875
5146.9560546875,1893.326171875
5148.515625,1892.205078125
5150.037109375,1891.1083984375
5151.55859375,1890.009033203125
5153.1181640625,1888.879150390625
5154.638671875,1887.7735595703125
5156.12060546875,1886.6920166015625
5157.67724609375,1885.55126953125
5159.19384765625,1884.43408203125
5160.6708984375,1883.3409423828125
5162.2216796875,1882.1873779296875
5163.69482421875,1881.0860595703125
5165.2041015625,1879.9525146484375
5166.7109375,1878.8154296875
5168.21630859375,1877.6749267578125
5169.7197265625,1876.5313720703125
5171.259765625,1875.3563232421875
5172.76220703125,1874.20751953125
5174.26416015625,1873.056640625
5175.7666015625,1871.90380859375
5177.2685546875,1870.7490234375
5178.76953125,1869.592041015625
5180.27001953125,1868.43310546875
5181.76953125,1867.271728515625
5183.267578125,1866.10791015625
5184.76416015625,1864.941162109375
5186.25927734375,1863.771240234375
5187.751953125,1862.5980224609375
5189.24267578125,1861.4212646484375
5190.7314453125,1860.2410888671875
5192.2548828125,1859.0279541015625
5193.740234375,1857.841064453125
5195.22412109375,1856.65087890625
5196.70751953125,1855.4576416015625
5198.189453125,1854.2615966796875
5199.669921875,1853.062744140625
5201.1494140625,1851.8609619140625
5202.62646484375,1850.65625
5204.10205078125,1849.448486328125
5205.61279296875,1848.207275390625
5207.1220703125,1846.9630126953125
5208.5927734375,1845.7462158203125
5210.10009765625,1844.49609375
5211.5693359375,1843.27392578125
5213.03857421875,1842.04931640625
5214.50634765625,1840.8221435546875
5216.009765625,1839.5614013671875
5217.47509765625,1838.3287353515625
5218.939453125,1837.0931396484375
5220.40234375,1835.854736328125
5221.86328125,1834.6134033203125
5223.32275390625,1833.3690185546875
5224.7802734375,1832.1212158203125
5226.23583984375,1830.8699951171875
5227.7255859375,1829.5841064453125
5229.21435546875,1828.2947998046875
5230.70166015625,1827.002197265625
5232.1513671875,1825.7381591796875
5233.31005859375,1824.724365234375
5234.7568359375,1823.453857421875
5236.166015625,1822.21142578125
5237.609375,1820.933349609375
5239.0517578125,1819.6517333984375
5240.52880859375,1818.3350830078125
5241.9677734375,1817.04638671875
5243.404296875,1815.753173828125
5244.87255859375,1814.42236328125
5247.12255859375,1812.369140625
5249.68994140625,1810.01611328125
5251.15380859375,1808.6756591796875
5252.5849609375,1807.3692626953125
5254.056640625,1806.03515625
5255.49951171875,1804.741455078125
5256.623046875,1803.7457275390625
5257.75244140625,1802.7562255859375
5259.216796875,1801.4892578125
5260.68994140625,1800.232666015625
5263.322265625,1798.0255126953125
5264.81591796875,1796.7958984375
5266.31787109375,1795.5777587890625
5267.8671875,1794.3428955078125
5269.0830078125,1793.3892822265625
5270.3818359375,1792.385986328125
5271.99462890625,1791.159912109375
5273.61669921875,1789.946533203125
5274.89599609375,1789.001708984375
5276.18017578125,1788.064208984375
5277.43017578125,1787.162353515625
5279.03759765625,1786.0181884765625
5280.61328125,1784.914306640625
5282.19580078125,1783.82275390625
5283.865234375,1782.6900634765625
5285.22314453125,1781.783447265625
5286.90673828125,1780.6754150390625
5288.59765625,1779.5787353515625
5290.25439453125,1778.516845703125
5291.91552734375,1777.462890625
5293.58203125,1776.4171142578125
5295.212890625,1775.404052734375
5296.89013671875,1774.3736572265625
5298.57373046875,1773.353515625
5300.22412109375,1772.368896484375
5301.8818359375,1771.394287109375
5303.587890625,1770.4066162109375
5305.3037109375,1769.43359375
5306.9873046875,1768.5010986328125
5308.68115234375,1767.5850830078125
5310.38427734375,1766.6844482421875
5312.1376953125,1765.7752685546875
5313.81298828125,1764.920166015625
5315.53759765625,1764.0523681640625
5317.2685546875,1763.194580078125
5319.00732421875,1762.3511962890625
5320.75537109375,1761.52490234375
5322.51220703125,1760.71728515625
5324.27783203125,1759.9281005859375
5326.05224609375,1759.1566162109375
5327.833984375,1758.400634765625
5329.623046875,1757.65869140625
5331.01416015625,1757.093505859375
5332.76904296875,1756.394287109375
5334.57568359375,1755.689453125
5336.38818359375,1754.995849609375
5338.2060546875,1754.3143310546875
5340.02978515625,1753.6468505859375
5341.85888671875,1752.99609375
5343.6943359375,1752.3638916015625
5345.5361328125,1751.7506103515625
5347.3837890625,1751.1534423828125
5349.2373046875,1750.5697021484375
5351.09619140625,1749.9990234375
5352.95947265625,1749.4422607421875
5354.82763671875,1748.9010009765625
5356.70068359375,1748.375732421875
5358.578125,1747.8662109375
5360.4130859375,1747.384033203125
5362.29931640625,1746.9029541015625
5364.189453125,1746.43408203125
5366.08349609375,1745.9764404296875
5367.98046875,1745.529541015625
5369.8818359375,1745.0926513671875
5371.7861328125,1744.6650390625
5373.693359375,1744.2469482421875
5375.60400390625,1743.8387451171875
5377.517578125,1743.4400634765625
5379.43408203125,1743.050537109375
5381.35302734375,1742.67041015625
5383.27392578125,1742.3001708984375
5385.197265625,1741.9405517578125
5387.1220703125,1741.5914306640625
5389.04931640625,1741.2513427734375
5390.9794921875,1740.917724609375
5392.91162109375,1740.58837890625
5394.845703125,1740.262451171875
5396.78125,1739.941162109375
5398.71826171875,1739.6260986328125
5400.70458984375,1739.3106689453125
5402.595703125,1739.0179443359375
5404.537109375,1738.7252197265625
5406.48046875,1738.438720703125
5408.376953125,1738.1644287109375
5410.32373046875,1737.8878173828125
5412.27197265625,1737.6158447265625
5414.22216796875,1737.3482666015625
5416.17431640625,1737.08447265625
5418.1279296875,1736.823974609375
5420.08349609375,1736.5670166015625
5422.0400390625,1736.3135986328125
5423.9970703125,1736.063232421875
5425.95556640625,1735.8150634765625
5427.9140625,1735.5677490234375
5429.8740234375,1735.320068359375
5431.83447265625,1735.0712890625
5433.79541015625,1734.8206787109375
5435.8056640625,1734.5615234375
5437.71875,1734.3125
5439.68115234375,1734.0548095703125
5441.64453125,1733.7950439453125
5443.60791015625,1733.5338134765625
5445.572265625,1733.270751953125
5447.53662109375,1733.006103515625
5449.5009765625,1732.7396240234375
5451.46630859375,1732.4710693359375
5453.4326171875,1732.2003173828125
5455.3994140625,1731.926513671875
5457.3173828125,1731.6561279296875
5459.28466796875,1731.3743896484375
5461.25146484375,1731.087158203125
5463.21826171875,1730.794189453125
5465.1845703125,1730.4954833984375
5467.15087890625,1730.1912841796875
5469.11767578125,1729.881591796875
5471.0849609375,1729.567138671875
5473.052734375,1729.247802734375
5476.00341796875,1728.7596435546875
5478.953125,1728.26025390625
5481.9013671875,1727.7493896484375
5484.849609375,1727.228759765625
5487.79541015625,1726.7010498046875
5489.7529296875,1726.3475341796875
5491.70068359375,1725.9940185546875
5493.63720703125,1725.6409912109375
5495.1298828125,1725.367919921875
5496.99658203125,1725.0252685546875
5498.896484375,1724.6749267578125
5500.77880859375,1724.3262939453125
5502.642578125,1723.97900390625
5504.44189453125,1723.6412353515625
5506.271484375,1723.29541015625
5508.08740234375,1722.949951171875
5509.89208984375,1722.604736328125
5511.6845703125,1722.2601318359375
5513.46240234375,1721.916259765625
5515.26708984375,1721.564453125
5517.0087890625,1721.221435546875
5518.73046875,1720.8773193359375
5520.43115234375,1720.5306396484375
5522.1123046875,1720.18017578125
5523.77392578125,1719.8258056640625
5525.41796875,1719.467529296875
5527.044921875,1719.1060791015625
5528.65576171875,1718.7420654296875
5530.25048828125,1718.37646484375
5531.82568359375,1718.0093994140625
5533.38037109375,1717.6405029296875
5534.91357421875,1717.26953125
5536.4287109375,1716.897216796875
5537.92578125,1716.524658203125
5539.4052734375,1716.1533203125
5540.8681640625,1715.7838134765625
5542.6748046875,1715.3253173828125
5544.45556640625,1714.871337890625
5546.17724609375,1714.4298095703125
5547.91259765625,1713.9830322265625
5549.62744140625,1713.541259765625
5551.326171875,1713.1055908203125
5553.005859375,1712.6783447265625
5554.666015625,1712.260009765625
5556.3095703125,1711.8502197265625
5557.93701171875,1711.44921875
5559.54931640625,1711.058837890625
5561.14794921875,1710.6815185546875
5562.7353515625,1710.3194580078125
5564.3125,1709.9735107421875
5565.880859375,1709.64306640625
5567.43896484375,1709.326904296875
5568.9873046875,1709.02490234375
5570.52490234375,1708.7384033203125
5572.0517578125,1708.4691162109375
5573.56640625,1708.2178955078125
5575.06689453125,1707.9847412109375
5576.55224609375,1707.768798828125
5578.28564453125,1707.5352783203125
5580.02783203125,1707.3201904296875
5581.748046875,1707.128173828125
5583.44482421875,1706.9617919921875
5585.1181640625,1706.8232421875
5586.76708984375,1706.7139892578125
5588.392578125,1706.6334228515625
5589.994140625,1706.583251953125
5591.57421875,1706.5654296875
5593.13525390625,1706.5806884765625
5594.67724609375,1706.626708984375
5596.197265625,1706.7027587890625
5597.93798828125,1706.830810546875
5599.640625,1707.003662109375
5601.3046875,1707.2197265625
5602.9296875,1707.4732666015625
5604.49169921875,1707.7598876953125
5606.03662109375,1708.0924072265625
5607.5439453125,1708.47021484375
5609.01513671875,1708.8978271484375
5610.453125,1709.379638671875
5611.85693359375,1709.919921875
5613.4248046875,1710.60107421875
5614.95263671875,1711.3426513671875
5616.45947265625,1712.154541015625
5617.89501953125,1713.0087890625
5619.158203125,1713.8277587890625
5620.5322265625,1714.79443359375
5621.89111328125,1715.834228515625
5623.19677734375,1716.9217529296875
5624.32080078125,1717.9349365234375
5625.41162109375,1718.994873046875
5626.466796875,1720.100830078125
5627.4853515625,1721.2510986328125
5628.46630859375,1722.44384765625
5629.40673828125,1723.6783447265625
5630.30419921875,1724.9527587890625
5631.15673828125,1726.265380859375
5631.95947265625,1727.6156005859375
5632.708984375,1729.00244140625
5633.40234375,1730.424560546875
5634.0419921875,1731.87939453125
5634.62939453125,1733.3648681640625
5635.1640625,1734.8543701171875
5635.66064453125,1736.390869140625
5636.10693359375,1737.951171875
5636.50390625,1739.5328369140625
5636.853515625,1741.1331787109375
5637.158203125,1742.752197265625
5637.42333984375,1744.3890380859375
5637.64697265625,1746.041748046875
5637.82080078125,1747.711181640625
5637.9404296875,1749.3966064453125
5638.0205078125,1751.0960693359375
5638.06787109375,1752.81005859375
5638.0771484375,1754.5357666015625
5638.05126953125,1756.047607421875
5637.98046875,1757.7659912109375
5637.8662109375,1759.4925537109375
5637.732421875,1761.000244140625
5637.5654296875,1762.5128173828125
5637.36328125,1764.0286865234375
5637.12451171875,1765.547119140625
5636.849609375,1767.067626953125
5636.54052734375,1768.590087890625
5636.197265625,1770.11376953125
5635.8193359375,1771.6378173828125
5635.4091796875,1773.1619873046875
5634.9609375,1774.7117919921875
5634.49658203125,1776.2100830078125
5633.9921875,1777.7318115234375
5633.45556640625,1779.2513427734375
5632.8876953125,1780.767822265625
5632.25634765625,1782.3558349609375
5631.63037109375,1783.83740234375
5630.958984375,1785.3372802734375
5630.25390625,1786.83056640625
5629.515625,1788.3165283203125
5628.7431640625,1789.7933349609375
5627.935546875,1791.2598876953125
5627.09423828125,1792.7159423828125
5626.2197265625,1794.1612548828125
5625.31005859375,1795.59375
5624.36669921875,1797.0125732421875
5623.3876953125,1798.41552734375
5622.3740234375,1799.802001953125
5621.32666015625,1801.173583984375
5620.25146484375,1802.5343017578125
5619.15185546875,1803.885009765625
5618.0244140625,1805.2232666015625
5616.86865234375,1806.5462646484375
5615.705078125,1807.8336181640625
5614.498046875,1809.132568359375
5613.27099609375,1810.424072265625
5612.0244140625,1811.708984375
5610.75927734375,1812.9869384765625
5609.68994140625,1814.0462646484375
5608.60693359375,1815.0992431640625
5607.509765625,1816.145263671875
5606.39794921875,1817.184326171875
5605.271484375,1818.2166748046875
5604.13232421875,1819.2430419921875
5602.98095703125,1820.263427734375
5601.81640625,1821.2781982421875
5600.64013671875,1822.2877197265625
5599.45166015625,1823.29296875
5598.25341796875,1824.295166015625
5597.04541015625,1825.2950439453125
5595.82861328125,1826.2935791015625
5594.603515625,1827.291259765625
5593.39599609375,1828.26806640625
5592.15576171875,1829.2637939453125
5590.908203125,1830.25830078125
5589.6533203125,1831.251953125
5588.39111328125,1832.2452392578125
5587.123046875,1833.239013671875
5585.8486328125,1834.2337646484375
5584.568359375,1835.229248046875
5583.2822265625,1836.2252197265625
5581.990234375,1837.2210693359375
5580.69287109375,1838.2166748046875
5579.38916015625,1839.211669921875
5578.07958984375,1840.2066650390625
5576.76513671875,1841.2021484375
5575.4453125,1842.1982421875
5574.12060546875,1843.1944580078125
5572.791015625,1844.19091796875
5571.45654296875,1845.1873779296875
5570.1181640625,1846.184326171875
5568.775390625,1847.182861328125
5567.455078125,1848.1632080078125
5566.10400390625,1849.1654052734375
5564.74951171875,1850.1693115234375
5563.39013671875,1851.1748046875
5562.02685546875,1852.1820068359375
5560.65966796875,1853.1907958984375
5559.2880859375,1854.201904296875
5557.91162109375,1855.2159423828125
5556.53173828125,1856.2315673828125
5555.14794921875,1857.2496337890625
5553.75927734375,1858.2711181640625
5552.36474609375,1859.2950439453125
5550.9658203125,1860.3204345703125
5549.5615234375,1861.346923828125
5548.15283203125,1862.3743896484375
5546.74072265625,1863.403076171875
5545.3251953125,1864.4337158203125
5543.90673828125,1865.46728515625
5542.484375,1866.504638671875
5541.05908203125,1867.5458984375
5539.66064453125,1868.570556640625
5538.2314453125,1869.62158203125
5536.80078125,1870.6788330078125
5535.369140625,1871.7425537109375
5533.93701171875,1872.8133544921875
5532.50439453125,1873.8912353515625
5531.07275390625,1874.9769287109375
5529.64208984375,1876.07080078125
5528.21337890625,1877.1732177734375
5526.78564453125,1878.2835693359375
5525.3583984375,1879.4012451171875
5523.93115234375,1880.5255126953125
5522.50341796875,1881.656005859375
5521.07470703125,1882.792724609375
5519.6455078125,1883.9354248046875
5518.2158203125,1885.0843505859375
5516.78515625,1886.23876953125
5515.35302734375,1887.39794921875
5513.92138671875,1888.5601806640625
5512.4931640625,1889.7222900390625
5511.0966796875,1890.8602294921875
5509.67333984375,1892.019775390625
5508.251953125,1893.177001953125
5506.83203125,1894.3323974609375
5505.40625,1895.490478515625
5503.97509765625,1896.6510009765625
5502.5400390625,1897.8123779296875
5501.1005859375,1898.973876953125
5499.65625,1900.1353759765625
5498.20703125,1901.29638671875
5496.75244140625,1902.45703125
5495.29248046875,1903.6181640625
5493.82861328125,1904.778076171875
5492.35888671875,1905.9373779296875
5489.99560546875,1907.7879638671875
5488.8076171875,1908.7110595703125
5487.6162109375,1909.6324462890625
5486.4208984375,1910.552490234375
5485.22119140625,1911.4710693359375
5484.017578125,1912.387939453125
5482.53759765625,1913.5089111328125
5481.3251953125,1914.42236328125
5480.1083984375,1915.33447265625
5478.8876953125,1916.2452392578125
5477.6630859375,1917.15478515625
5476.4345703125,1918.0628662109375
5475.20166015625,1918.9693603515625
5473.96533203125,1919.8740234375
5472.724609375,1920.77685546875
5471.48046875,1921.6778564453125
5470.23291015625,1922.5770263671875
5468.98193359375,1923.4744873046875
5467.72705078125,1924.3709716796875
5466.46875,1925.2666015625
5465.20751953125,1926.162353515625
5463.94287109375,1927.057373046875
5462.6748046875,1927.951904296875
5461.40380859375,1928.845458984375
5460.12939453125,1929.7379150390625
5458.85107421875,1930.62890625
5457.56982421875,1931.5185546875
5456.2841796875,1932.40673828125
5454.9951171875,1933.293212890625
5453.70166015625,1934.177978515625
5452.40478515625,1935.061279296875
5451.13623046875,1935.9215087890625
5449.83203125,1936.802734375
5448.5244140625,1937.6832275390625
5447.21337890625,1938.562744140625
5445.89892578125,1939.44140625
5444.5810546875,1940.3192138671875
5443.26025390625,1941.1961669921875
5441.9365234375,1942.072509765625
5440.609375,1942.948486328125
5439.27880859375,1943.82421875
5437.94580078125,1944.699462890625
5436.6103515625,1945.5736083984375
5435.27490234375,1946.4447021484375
5433.9443359375,1947.3101806640625
5432.62158203125,1948.1676025390625
5431.3095703125,1949.0157470703125
5430.009765625,1949.8541259765625
5428.72265625,1950.68310546875
5427.44921875,1951.5025634765625
5425.88037109375,1952.5133056640625
5424.34033203125,1953.5084228515625
5422.82666015625,1954.48828125
5421.3359375,1955.455322265625
5419.86962890625,1956.4095458984375
5418.4560546875,1957.3319091796875
5417.03759765625,1958.26025390625
5415.642578125,1959.1756591796875
5414.27294921875,1960.0775146484375
5412.93017578125,1960.9656982421875
5411.61376953125,1961.84033203125
5410.2958984375,1962.71923828125
5409.02783203125,1963.567626953125
5406.32763671875,1965.3973388671875
5404.90185546875,1966.3802490234375
5403.50341796875,1967.352783203125
5402.1318359375,1968.31298828125
5400.78759765625,1969.26220703125
5399.47216796875,1970.2032470703125
5398.185546875,1971.1396484375
5396.92431640625,1972.0731201171875
5395.6884765625,1973.00341796875
5394.49658203125,1973.91650390625
5393.31005859375,1974.8443603515625
5391.9521484375,1975.930908203125
5390.6181640625,1977.0284423828125
5389.3046875,1978.1361083984375
5388.013671875,1979.25146484375
5386.75537109375,1980.390625
5385.5390625,1981.56201171875
5384.37109375,1982.77197265625
5383.25048828125,1984.02001953125
5382.18603515625,1985.306884765625
5381.18505859375,1986.639404296875
5380.24609375,1988.0098876953125
5379.373046875,1989.4195556640625
5378.5654296875,1990.8646240234375
5377.841796875,1992.3193359375
5377.17529296875,1993.821044921875
5376.59326171875,1995.3531494140625
5376.0888671875,1996.91162109375
5375.66845703125,1998.5013427734375
5375.322265625,2000.114501953125
5375.04296875,2001.7425537109375
5374.8447265625,2003.3770751953125
5374.73291015625,2005.012451171875
5374.71435546875,2006.6439208984375
5374.7880859375,2008.2689208984375
5374.9580078125,2009.8876953125
5375.21728515625,2011.4989013671875
5375.54248046875,2013.10595703125
5375.927734375,2014.67919921875
5376.4267578125,2016.3114013671875
5376.95654296875,2017.7332763671875
5377.5810546875,2019.219482421875
5378.28369140625,2020.7083740234375
5379.04248046875,2022.1328125
5379.88232421875,2023.5028076171875
5380.7998046875,2024.8360595703125
5381.75439453125,2026.093017578125
5382.751953125,2027.261962890625
5383.818359375,2028.3739013671875
5384.9423828125,2029.43994140625
5386.25341796875,2030.567626953125
5387.603515625,2031.5863037109375
5389.00732421875,2032.5115966796875
5390.4775390625,2033.3603515625
5392.005859375,2034.1044921875
5393.3916015625,2034.67919921875
5394.822265625,2035.19189453125
5396.4560546875,2035.6719970703125
5398.11767578125,2036.041748046875
5399.79541015625,2036.3232421875
5401.28564453125,2036.5025634765625
5402.796875,2036.6051025390625
5404.3232421875,2036.6409912109375
5405.85400390625,2036.5924072265625
5407.388671875,2036.4482421875
5408.90673828125,2036.21728515625
5410.45166015625,2035.9248046875
5411.99267578125,2035.568359375
5413.513671875,2035.118896484375
5415.02197265625,2034.5809326171875
5416.51708984375,2033.9681396484375
5417.98974609375,2033.29833984375
5419.44482421875,2032.5545654296875
5420.86083984375,2031.7205810546875
5422.2587890625,2030.79833984375
5423.57275390625,2029.818359375
5424.85986328125,2028.748779296875
5426.10009765625,2027.6075439453125
5427.296875,2026.4031982421875
5428.41552734375,2025.14794921875
5429.53125,2023.804931640625
5430.59619140625,2022.435546875
5431.619140625,2021.0631103515625
5432.4912109375,2019.8404541015625
5433.3408203125,2018.583740234375
5434.17822265625,2017.309814453125
5435.0166015625,2016.0238037109375
5435.859375,2014.7296142578125
5436.7041015625,2013.4263916015625
5437.55029296875,2012.1085205078125
5438.3984375,2010.777587890625
5439.24609375,2009.436767578125
5440.109375,2008.059326171875
5440.9423828125,2006.7138671875
5441.78369140625,2005.3328857421875
5442.6181640625,2003.9339599609375
5443.458984375,2002.494140625
5444.28125,2001.0621337890625
5445.103515625,1999.617431640625
5445.931640625,1998.163330078125
5446.76953125,1996.7021484375
5447.61767578125,1995.2344970703125
5448.47802734375,1993.761474609375
5449.35107421875,1992.283935546875
5450.2392578125,1990.8021240234375
5451.14453125,1989.31689453125
5452.06640625,1987.82861328125
5453.0068359375,1986.33837890625
5453.96630859375,1984.8468017578125
5454.9453125,1983.3543701171875
5455.94580078125,1981.862548828125
5456.79736328125,1980.6214599609375
5457.66796875,1979.38427734375
5458.720703125,1977.9305419921875
5459.6357421875,1976.7047119140625
5460.5712890625,1975.4842529296875
5461.52587890625,1974.268798828125
5462.49951171875,1973.0587158203125
5463.49267578125,1971.854736328125
5464.50439453125,1970.65673828125
5465.533203125,1969.4625244140625
5466.57666015625,1968.2706298828125
5467.6337890625,1967.0814208984375
5468.70556640625,1965.896240234375
5469.79345703125,1964.71630859375
5470.8974609375,1963.5421142578125
5472.017578125,1962.37353515625
5473.15283203125,1961.209228515625
5474.3017578125,1960.048583984375
5475.46435546875,1958.891845703125
5476.640625,1957.7391357421875
5477.83056640625,1956.5909423828125
5479.0107421875,1955.4703369140625
5480.228515625,1954.3319091796875
5481.46044921875,1953.1988525390625
5482.70654296875,1952.071044921875
5483.9658203125,1950.9476318359375
5485.23828125,1949.82861328125
5486.548828125,1948.6915283203125
5487.8203125,1947.603515625
5489.130859375,1946.498046875
5490.4541015625,1945.3978271484375
5491.791015625,1944.302978515625
5493.140625,1943.2138671875
5494.50341796875,1942.13037109375
5495.87841796875,1941.0521240234375
5497.2666015625,1939.9796142578125
5498.66748046875,1938.9129638671875
5500.0810546875,1937.8526611328125
5501.5078125,1936.798828125
5502.94775390625,1935.752197265625
5504.40087890625,1934.7137451171875
5505.86865234375,1933.68505859375
5507.3515625,1932.667236328125
5508.849609375,1931.6610107421875
5510.39306640625,1930.6456298828125
5511.88671875,1929.681640625
5513.41845703125,1928.7125244140625
5514.98974609375,1927.7403564453125
5516.5087890625,1926.8233642578125
5518.06787109375,1925.9039306640625
5519.63623046875,1924.9993896484375
5521.21923828125,1924.105712890625
5522.81689453125,1923.2261962890625
5524.4287109375,1922.362548828125
5526.0537109375,1921.51220703125
5527.6904296875,1920.6724853515625
5529.33740234375,1919.843017578125
5530.99560546875,1919.0242919921875
5532.6640625,1918.21728515625
5534.34375,1917.421875
5536.03369140625,1916.6376953125
5537.69970703125,1915.8800048828125
5539.4091796875,1915.117431640625
5540.78369140625,1914.5146484375
5542.16357421875,1913.917724609375
5543.54931640625,1913.3262939453125
5544.93994140625,1912.739990234375
5546.3359375,1912.158935546875
5547.73681640625,1911.5828857421875
5549.142578125,1911.011962890625
5550.55322265625,1910.4456787109375
5551.96826171875,1909.884033203125
5553.38818359375,1909.326416015625
5554.81298828125,1908.7728271484375
5556.24169921875,1908.22314453125
5557.67529296875,1907.677734375
5559.11279296875,1907.1365966796875
5560.55517578125,1906.599853515625
5562.001953125,1906.0673828125
5563.453125,1905.53857421875
5564.90869140625,1905.01318359375
5566.3681640625,1904.4913330078125
5567.83251953125,1903.97314453125
5569.30029296875,1903.4586181640625
5570.77294921875,1902.947998046875
5572.24951171875,1902.441650390625
5573.693359375,1901.951904296875
5575.1787109375,1901.453857421875
5576.66748046875,1900.9595947265625
5578.16064453125,1900.4688720703125
5579.658203125,1899.981201171875
5581.1591796875,1899.4962158203125
5582.66357421875,1899.013916015625
5584.171875,1898.5338134765625
5585.68359375,1898.0557861328125
5587.19921875,1897.580078125
5588.7177734375,1897.1064453125
5590.240234375,1896.634521484375
5591.765625,1896.1632080078125
5593.2939453125,1895.6915283203125
5594.82470703125,1895.218505859375
5596.357421875,1894.7435302734375
5597.892578125,1894.2664794921875
5599.4296875,1893.787109375
5600.96923828125,1893.3055419921875
5602.5107421875,1892.82177734375
5604.05419921875,1892.3360595703125
5605.60009765625,1891.8485107421875
5607.1875,1891.3470458984375
5608.69970703125,1890.86865234375
5610.2529296875,1890.376953125
5611.77001953125,1889.896728515625
5613.328125,1889.403564453125
5614.88916015625,1888.9100341796875
5616.453125,1888.416015625
5618.01953125,1887.921875
5619.58837890625,1887.427734375
5621.16064453125,1886.93359375
5622.7353515625,1886.439208984375
5624.31298828125,1885.94482421875
5625.89306640625,1885.45068359375
5627.47509765625,1884.95703125
5629.060546875,1884.464111328125
5630.6884765625,1883.959228515625
5632.27978515625,1883.467041015625
5633.87353515625,1882.975341796875
5635.55078125,1882.4598388671875
5637.23095703125,1881.9449462890625
5638.87451171875,1881.443115234375
5640.48046875,1880.954345703125
5642.1298828125,1880.4544677734375
5643.7421875,1879.9678955078125
5645.3974609375,1879.4700927734375
5647.015625,1878.9854736328125
5648.67724609375,1878.4898681640625
5650.30126953125,1878.00732421875
5651.8876953125,1877.5377197265625
5653.55810546875,1877.045166015625
5655.2724609375,1876.5418701171875
5656.94921875,1876.0518798828125
5658.62890625,1875.5631103515625
5660.2705078125,1875.0875244140625
5661.95654296875,1874.601318359375
5663.5625,1874.1402587890625
5665.21337890625,1873.668701171875
5666.86669921875,1873.1986083984375
5668.52294921875,1872.730224609375
5670.22412109375,1872.251953125
5671.88720703125,1871.78662109375
5673.552734375,1871.32275390625
5675.2216796875,1870.8599853515625
5676.89306640625,1870.398681640625
5678.5673828125,1869.9385986328125
5680.24462890625,1869.479736328125
5681.966796875,1869.0107421875
5683.650390625,1868.554443359375
5685.33642578125,1868.0997314453125
5687.025390625,1867.64697265625
5688.716796875,1867.196044921875
5690.41064453125,1866.7471923828125
5692.10693359375,1866.3004150390625
5693.76318359375,1865.8671875
5695.46484375,1865.42529296875
5697.16943359375,1864.986572265625
5698.876953125,1864.5521240234375
5700.587890625,1864.122802734375
5702.30078125,1863.7000732421875
5704.01708984375,1863.2850341796875
5705.736328125,1862.8780517578125
5707.45947265625,1862.478759765625
5709.185546875,1862.0870361328125
5710.91552734375,1861.703125
5712.64892578125,1861.328125
5714.38525390625,1860.9635009765625
5716.12548828125,1860.610107421875
5717.86865234375,1860.2694091796875
5719.615234375,1859.941650390625
5721.36474609375,1859.6273193359375
5723.1181640625,1859.325439453125
5724.8740234375,1859.03466796875
5726.63330078125,1858.75390625
5728.39501953125,1858.4832763671875
5730.15869140625,1858.2235107421875
5731.923828125,1857.9747314453125
5733.6904296875,1857.7347412109375
5735.45849609375,1857.500244140625
5737.31640625,1857.25634765625
5739.0859375,1857.0245361328125
5740.85693359375,1856.79248046875
5742.6279296875,1856.560302734375
5744.400390625,1856.3275146484375
5746.1728515625,1856.09326171875
5747.94580078125,1855.8564453125
5749.7197265625,1855.6163330078125
5751.494140625,1855.3717041015625
5753.2685546875,1855.120361328125
5755.04248046875,1854.8599853515625
5756.814453125,1854.588623046875
5758.58447265625,1854.304443359375
5760.35205078125,1854.00634765625
5762.11572265625,1853.692626953125
5763.92041015625,1853.354248046875
5765.6337890625,1853.0162353515625
5767.38720703125,1852.6534423828125
5769.13720703125,1852.2740478515625
5770.8818359375,1851.876953125
5772.62109375,1851.4610595703125
5774.35546875,1851.028076171875
5776.0869140625,1850.5821533203125
5777.81689453125,1850.126708984375
5779.5439453125,1849.6602783203125
5781.224609375,1849.1920166015625
5782.9443359375,1848.69677734375
5784.66015625,1848.1871337890625
5786.37255859375,1847.6644287109375
5788.08203125,1847.12939453125
5789.78857421875,1846.5814208984375
5791.49072265625,1846.01904296875
5793.18798828125,1845.4405517578125
5794.87939453125,1844.8447265625
5796.56396484375,1844.231201171875
5798.24267578125,1843.6004638671875
5799.91650390625,1842.9542236328125
5801.58544921875,1842.2945556640625
5803.25,1841.62158203125
5804.90869140625,1840.93505859375
5806.5615234375,1840.2342529296875
5808.2080078125,1839.518798828125
5809.84765625,1838.78857421875
5811.48046875,1838.0443115234375
5813.107421875,1837.2864990234375
5814.728515625,1836.5162353515625
5816.34521484375,1835.734130859375
5817.95654296875,1834.9403076171875
5819.56201171875,1834.1339111328125
5821.162109375,1833.3150634765625
5822.716796875,1832.5052490234375
5824.306640625,1831.6634521484375
5825.8916015625,1830.810791015625
5827.47216796875,1829.94775390625
5829.04833984375,1829.07470703125
5830.62109375,1828.192138671875
5832.189453125,1827.3001708984375
5833.87109375,1826.3306884765625
5835.43115234375,1825.4190673828125
5836.9482421875,1824.521240234375
5838.5390625,1823.5679931640625
5840.08740234375,1822.6287841796875
5841.5927734375,1821.704345703125
5843.1708984375,1820.722900390625
5844.7060546875,1819.7554931640625
5846.23583984375,1818.778076171875
5847.76123046875,1817.79150390625
5849.2822265625,1816.796142578125
5850.76171875,1815.8177490234375
5852.314453125,1814.7816162109375
5853.82666015625,1813.7640380859375
5855.3359375,1812.73974609375
5856.84228515625,1811.7083740234375
5858.3447265625,1810.6695556640625
5859.84326171875,1809.6229248046875
5861.30029296875,1808.5948486328125
5862.79052734375,1807.53271484375
5864.27685546875,1806.463134765625
5865.759765625,1805.38671875
5867.23876953125,1804.3037109375
5868.71533203125,1803.2144775390625
5870.18896484375,1802.119384765625
5871.65966796875,1801.018310546875
5873.12646484375,1799.910400390625
5874.58837890625,1798.795166015625
5876.04345703125,1797.6739501953125
5877.490234375,1796.5465087890625
5878.92919921875,1795.4129638671875
5880.359375,1794.2728271484375
5881.77978515625,1793.1251220703125
5883.18896484375,1791.96875
5884.58837890625,1790.80322265625
5885.98046875,1789.626953125
5887.3642578125,1788.4398193359375
5888.73974609375,1787.241943359375
5890.1064453125,1786.033447265625
5891.466796875,1784.8155517578125
5892.8203125,1783.58935546875
5894.16748046875,1782.3548583984375
5895.50732421875,1781.111572265625
5896.806640625,1779.8912353515625
5898.13232421875,1778.63134765625
5899.451171875,1777.3636474609375
5900.76416015625,1776.0882568359375
5902.07080078125,1774.8056640625
5903.37109375,1773.515380859375
5904.6640625,1772.2171630859375
5905.94775390625,1770.9102783203125
5907.22021484375,1769.59375
5908.48046875,1768.26708984375
5909.72900390625,1766.9300537109375
5910.96826171875,1765.583740234375
5912.2001953125,1764.2294921875
5913.4248046875,1762.8677978515625
5914.63916015625,1761.497802734375
5915.8427734375,1760.11865234375
5917.0341796875,1758.72998046875
5918.2158203125,1757.3319091796875
5919.38916015625,1755.9259033203125
5920.5556640625,1754.512939453125
5921.71435546875,1753.0928955078125
5922.8642578125,1751.66552734375
5924.00537109375,1750.2305908203125
5925.1357421875,1748.7879638671875
5926.25634765625,1747.337646484375
5927.337890625,1745.916259765625
5928.439453125,1744.452392578125
5929.533203125,1742.985595703125
5930.61962890625,1741.520263671875
5931.69677734375,1740.0604248046875
5932.763671875,1738.608154296875
5933.818359375,1737.16455078125
5934.85986328125,1735.729736328125
5935.8876953125,1734.30322265625
5936.90234375,1732.8843994140625
5937.90576171875,1731.4713134765625
5938.8955078125,1730.064697265625
5939.8701171875,1728.66552734375
5940.8291015625,1727.2728271484375
5941.7724609375,1725.8858642578125
5942.69970703125,1724.503662109375
5943.61181640625,1723.1259765625
5944.51025390625,1721.752197265625
5945.3935546875,1720.3809814453125
5946.259765625,1719.0108642578125
5947.109375,1717.640380859375
5947.94189453125,1716.267578125
5948.76025390625,1714.891357421875
5949.5654296875,1713.51123046875
5950.35595703125,1712.127197265625
5951.109375,1710.7738037109375
5951.86474609375,1709.3812255859375
5952.60107421875,1707.9840087890625
5953.31884765625,1706.5823974609375
5954.01904296875,1705.17626953125
5954.70263671875,1703.7662353515625
5955.37060546875,1702.3526611328125
5956.02294921875,1700.935302734375
5956.658203125,1699.51318359375
5957.27685546875,1698.085205078125
5957.87841796875,1696.650634765625
5958.462890625,1695.209716796875
5959.0322265625,1693.762939453125
5959.5859375,1692.31103515625
5960.1220703125,1690.8538818359375
5960.64990234375,1689.354736328125
5961.13232421875,1687.9232177734375
5961.609375,1686.4493408203125
5962.07275390625,1684.9705810546875
5962.52197265625,1683.4876708984375
5962.955078125,1682.00048828125
5963.3681640625,1680.5093994140625
5963.75927734375,1679.0150146484375
5964.12841796875,1677.5174560546875
5964.4755859375,1676.0166015625
5965.095703125,1673.0455322265625
5965.37451171875,1671.5380859375
5965.63037109375,1670.02880859375
5965.8642578125,1668.5174560546875
5966.0771484375,1667.003662109375
5966.27001953125,1665.4874267578125
5966.44287109375,1663.9696044921875
5966.5947265625,1662.4508056640625
5966.7236328125,1660.931884765625
5966.8291015625,1659.4134521484375
5966.91015625,1657.896240234375
5966.96875,1656.3795166015625
5967.00732421875,1654.86279296875
5967.02734375,1653.3460693359375
5967.0302734375,1651.829833984375
5967.01318359375,1650.315185546875
5966.97314453125,1648.8028564453125
5966.9091796875,1647.2935791015625
5966.8232421875,1645.7864990234375
5966.71875,1644.2801513671875
5966.599609375,1642.7744140625
5966.46533203125,1641.2698974609375
5966.314453125,1639.7669677734375
5966.14697265625,1638.2659912109375
5965.92041015625,1636.4293212890625
5965.7216796875,1634.9307861328125
5965.513671875,1633.4322509765625
5965.298828125,1631.93359375
5965.0810546875,1630.4346923828125
5964.86328125,1628.935791015625
5964.6494140625,1627.4366455078125
5964.44091796875,1625.937255859375
5964.24072265625,1624.4368896484375
5964.048828125,1622.9354248046875
5963.86572265625,1621.4322509765625
5963.68798828125,1619.889892578125
5963.4892578125,1618.045166015625
5963.3388671875,1616.5379638671875
5963.19873046875,1615.0301513671875
5963.06982421875,1613.5223388671875
5962.95361328125,1612.0155029296875
5962.8515625,1610.5103759765625
5962.76416015625,1609.007080078125
5962.69189453125,1607.5057373046875
5962.63427734375,1606.0059814453125
5962.5625,1603.01171875
5962.5576171875,1599.69140625
5962.6376953125,1596.34765625
5962.7216796875,1594.4970703125
5962.83544921875,1592.652587890625
5962.97900390625,1590.8140869140625
5963.150390625,1588.9810791015625
5963.349609375,1587.1541748046875
5963.57763671875,1585.334716796875
5963.83837890625,1583.5238037109375
5964.13232421875,1581.720947265625
5964.45947265625,1579.925537109375
5964.81640625,1578.13623046875
5965.19970703125,1576.351806640625
5965.60888671875,1574.5712890625
5966.04296875,1572.795654296875
5966.50537109375,1571.02734375
5966.99755859375,1569.2681884765625
5967.52001953125,1567.517333984375
5968.06689453125,1565.7723388671875
5968.62158203125,1564.06640625
5969.20703125,1562.329833984375
5969.81103515625,1560.5965576171875
5970.43017578125,1558.8668212890625
5971.06396484375,1557.1400146484375
5971.7138671875,1555.416748046875
5972.38134765625,1553.697998046875
5973.0654296875,1551.98388671875
5973.765625,1550.27392578125
5974.48193359375,1548.5687255859375
5975.21630859375,1546.8690185546875
5975.970703125,1545.176025390625
5976.74609375,1543.4906005859375
5977.54248046875,1541.81298828125
5978.3603515625,1540.143798828125
5979.1982421875,1538.4832763671875
5980.05517578125,1536.8304443359375
5980.9296875,1535.1842041015625
5981.81787109375,1533.5430908203125
5982.71875,1531.90771484375
5984.3662109375,1529.0159912109375
5985.88623046875,1526.4307861328125
5986.65576171875,1525.1417236328125
5987.435546875,1523.857177734375
5988.22705078125,1522.578369140625
5989.029296875,1521.3048095703125
5989.841796875,1520.0355224609375
5990.66259765625,1518.7698974609375
5991.4912109375,1517.5068359375
5992.326171875,1516.246337890625
5993.16748046875,1514.98828125
5994.015625,1513.7330322265625
5994.8701171875,1512.4803466796875
5995.73046875,1511.2301025390625
5996.595703125,1509.982666015625
5997.4638671875,1508.741455078125
5998.33251953125,1507.5113525390625
5999.41552734375,1505.9921875
6000.49560546875,1504.4935302734375
6001.56982421875,1503.015380859375
6002.63916015625,1501.55859375
6003.70556640625,1500.1209716796875
6004.748046875,1498.7269287109375
6005.80810546875,1497.3192138671875
6006.86376953125,1495.9237060546875
6007.91259765625,1494.541015625
6008.95654296875,1493.173828125
6010.00244140625,1491.8243408203125
6011.05419921875,1490.495361328125
6012.11669921875,1489.18896484375
6013.18896484375,1487.90380859375
6014.267578125,1486.6361083984375
6015.35302734375,1485.38427734375
6016.4462890625,1484.1463623046875
6017.55126953125,1482.9246826171875
6018.6689453125,1481.719970703125
6019.80224609375,1480.532470703125
6020.94921875,1479.362548828125
6022.11083984375,1478.2095947265625
6023.2861328125,1477.072998046875
6024.47607421875,1475.953369140625
6025.681640625,1474.8524169921875
6026.87841796875,1473.79345703125
6028.11328125,1472.734375
6029.3623046875,1471.697998046875
6030.62451171875,1470.6846923828125
6031.89990234375,1469.6944580078125
6033.18701171875,1468.726318359375
6034.48583984375,1467.780029296875
6035.7958984375,1466.85693359375
6037.1181640625,1465.9595947265625
6038.453125,1465.0899658203125
6039.80126953125,1464.2490234375
6041.16259765625,1463.4381103515625
6042.53759765625,1462.658935546875
6043.9248046875,1461.91162109375
6045.32373046875,1461.1947021484375
6046.73193359375,1460.508056640625
6048.14990234375,1459.8521728515625
6049.576171875,1459.228759765625
6051.01171875,1458.6397705078125
6052.455078125,1458.084228515625
6053.8759765625,1457.57080078125
6055.33203125,1457.077880859375
6056.79296875,1456.61572265625
6058.25830078125,1456.185546875
6059.72900390625,1455.7884521484375
6061.20703125,1455.4259033203125
6062.6962890625,1455.09619140625
6064.197265625,1454.7969970703125
6065.7080078125,1454.5264892578125
6067.2294921875,1454.2843017578125
6068.76025390625,1454.0714111328125
6070.30078125,1453.8883056640625
6071.84912109375,1453.7352294921875
6073.4052734375,1453.612060546875
6074.96826171875,1453.5206298828125
6076.5380859375,1453.4609375
6078.1142578125,1453.4326171875
6079.69580078125,1453.4361572265625
6081.28173828125,1453.4720458984375
6082.8720703125,1453.540283203125
6084.43408203125,1453.636962890625
6086.03076171875,1453.7646484375
6087.63037109375,1453.9215087890625
6089.23193359375,1454.1085205078125
6090.8349609375,1454.3250732421875
6092.43798828125,1454.57177734375
6094.04150390625,1454.84814453125
6095.64501953125,1455.1546630859375
6097.24755859375,1455.489501953125
6098.85009765625,1455.8494873046875
6100.45166015625,1456.235107421875
6102.05224609375,1456.647216796875
6103.65087890625,1457.0848388671875
6105.24951171875,1457.544921875
6106.84716796875,1458.0263671875
6108.443359375,1458.528076171875
6110.03955078125,1459.0506591796875
6111.6357421875,1459.5916748046875
6113.2333984375,1460.1478271484375
6114.83056640625,1460.7178955078125
6116.396484375,1461.2935791015625
6117.9931640625,1461.9013671875
6119.58740234375,1462.5308837890625
6121.18017578125,1463.180908203125
6122.7724609375,1463.8489990234375
6124.3642578125,1464.5335693359375
6125.955078125,1465.2344970703125
6127.5458984375,1465.95166015625
6129.13671875,1466.6837158203125
6130.728515625,1467.42919921875
6132.3203125,1468.18798828125
6133.91259765625,1468.9600830078125
6135.505859375,1469.744384765625
6137.10009765625,1470.5404052734375
6138.69482421875,1471.348388671875
6140.291015625,1472.16845703125
6141.8896484375,1472.998046875
6143.49169921875,1473.8343505859375
6145.0986328125,1474.6748046875
6146.71240234375,1475.5164794921875
6148.3017578125,1476.33984375
6149.93212890625,1477.17724609375
6151.5712890625,1478.0106201171875
6153.2197265625,1478.8372802734375
6154.87939453125,1479.652587890625
6156.24951171875,1480.311767578125
6157.8974609375,1481.0867919921875
6159.5859375,1481.861572265625
6161.28076171875,1482.6214599609375
6162.98046875,1483.3663330078125
6164.685546875,1484.095947265625
6166.396484375,1484.810546875
6168.1181640625,1485.5125732421875
6169.85302734375,1486.2012939453125
6171.60009765625,1486.874267578125
6173.00634765625,1487.4002685546875
6174.419921875,1487.9150390625
6175.8408203125,1488.419677734375
6177.2685546875,1488.9163818359375
6178.70166015625,1489.4078369140625
6180.1396484375,1489.894775390625
6181.90771484375,1490.48291015625
6183.3583984375,1490.954833984375
6184.8154296875,1491.418212890625
6186.279296875,1491.873046875
6187.75,1492.31884765625
6189.2275390625,1492.7554931640625
6190.7109375,1493.1839599609375
6192.201171875,1493.60400390625
6193.69677734375,1494.0159912109375
6195.19873046875,1494.419677734375
6196.70703125,1494.814453125
6198.2216796875,1495.2001953125
6199.74267578125,1495.57666015625
6201.26953125,1495.9437255859375
6202.80322265625,1496.3016357421875
6204.3427734375,1496.65087890625
6205.88818359375,1496.991455078125
6207.439453125,1497.323486328125
6208.99658203125,1497.646728515625
6210.5595703125,1497.9613037109375
6212.12841796875,1498.2677001953125
6213.70263671875,1498.5673828125
6215.28271484375,1498.8626708984375
6216.8681640625,1499.15625
6218.45751953125,1499.4498291015625
6220.0107421875,1499.7381591796875
6221.60693359375,1500.037353515625
6223.20703125,1500.341064453125
6224.81005859375,1500.64990234375
6226.41552734375,1500.964599609375
6228.02392578125,1501.2857666015625
6229.634765625,1501.613525390625
6231.24853515625,1501.9478759765625
6232.86474609375,1502.288330078125
6234.48388671875,1502.6346435546875
6236.10546875,1502.987060546875
6237.72900390625,1503.345947265625
6239.3544921875,1503.7117919921875
6240.982421875,1504.0845947265625
6242.6123046875,1504.46435546875
6244.244140625,1504.85107421875
6245.8779296875,1505.2449951171875
6247.513671875,1505.645751953125
6249.1513671875,1506.053466796875
6250.791015625,1506.4678955078125
6252.4326171875,1506.8890380859375
6254.076171875,1507.3167724609375
6255.7216796875,1507.7508544921875
6257.36962890625,1508.19140625
6259.01904296875,1508.6380615234375
6260.62939453125,1509.0791015625
6262.283203125,1509.5364990234375
6263.93896484375,1509.9990234375
6265.59765625,1510.4666748046875
6267.2587890625,1510.939208984375
6268.921875,1511.4168701171875
6270.58740234375,1511.8994140625
6272.2548828125,1512.38671875
6273.92431640625,1512.87890625
6275.5966796875,1513.3753662109375
6277.271484375,1513.8763427734375
6278.9482421875,1514.382080078125
6280.626953125,1514.894287109375
6282.30615234375,1515.4144287109375
6283.98583984375,1515.944091796875
6285.6640625,1516.484619140625
6287.3408203125,1517.0362548828125
6289.01611328125,1517.599365234375
6290.689453125,1518.1739501953125
6292.3603515625,1518.7603759765625
6294.029296875,1519.3590087890625
6295.69580078125,1519.9698486328125
6297.35986328125,1520.593017578125
6299.02099609375,1521.2286376953125
6300.67919921875,1521.8773193359375
6302.29150390625,1522.5228271484375
6303.9404296875,1523.19873046875
6305.70654296875,1523.941162109375
6307.34228515625,1524.647216796875
6308.97021484375,1525.3687744140625
6310.5908203125,1526.10595703125
6312.20458984375,1526.8582763671875
6313.8115234375,1527.624755859375
6315.4521484375,1528.4239501953125
6317.00732421875,1529.1959228515625
6318.59716796875,1529.9991455078125
6320.18212890625,1530.8135986328125
6321.76123046875,1531.63916015625
6323.3349609375,1532.4766845703125
6324.90234375,1533.325927734375
6326.46240234375,1534.1873779296875
6328.01416015625,1535.0614013671875
6329.55712890625,1535.9500732421875
6331.08935546875,1536.855224609375
6332.60986328125,1537.77783203125
6334.11865234375,1538.718017578125
6335.61669921875,1539.6749267578125
6337.1044921875,1540.6474609375
6338.58203125,1541.6353759765625
6340.046875,1542.6390380859375
6341.462890625,1543.6337890625
6342.90087890625,1544.6710205078125
6344.32421875,1545.7261962890625
6345.72998046875,1546.800537109375
6347.119140625,1547.8936767578125
6348.4912109375,1549.0047607421875
6349.84814453125,1550.132568359375
6351.18994140625,1551.2762451171875
6352.51611328125,1552.435791015625
6353.826171875,1553.6109619140625
6355.12158203125,1554.8004150390625
6356.40576171875,1556.0018310546875
6357.67822265625,1557.2142333984375
6358.93603515625,1558.4393310546875
6360.17724609375,1559.6781005859375
6361.40087890625,1560.931396484375
6362.60693359375,1562.198974609375
6363.79833984375,1563.480224609375
6364.97900390625,1564.7718505859375
6366.14892578125,1566.072998046875
6367.3056640625,1567.3843994140625
6368.44921875,1568.70654296875
6369.57958984375,1570.0389404296875
6370.697265625,1571.3818359375
6371.802734375,1572.73486328125
6372.86865234375,1574.0634765625
6373.94873046875,1575.43603515625
6375.01513671875,1576.8182373046875
6376.0703125,1578.20849609375
6377.11474609375,1579.60400390625
6378.14892578125,1581.0010986328125
6379.1728515625,1582.395751953125
6380.18701171875,1583.7845458984375
6381.19287109375,1585.164794921875
6382.1923828125,1586.5345458984375
6383.1875,1587.891845703125
6384.17822265625,1589.234375
6385.16455078125,1590.560302734375
6386.14892578125,1591.8685302734375
6387.1328125,1593.1600341796875
6388.11669921875,1594.4364013671875
6389.14794921875,1595.7618408203125
6390.0791015625,1596.9483642578125
6391.05615234375,1598.1839599609375
6392.0322265625,1599.4053955078125
6393.00830078125,1600.611572265625
6393.98681640625,1601.802001953125
6394.97021484375,1602.9769287109375
6395.9833984375,1604.165283203125
6397.203125,1605.5643310546875
6398.45556640625,1606.9700927734375
6399.68896484375,1608.328369140625
6400.953125,1609.69580078125
6401.99365234375,1610.8023681640625
6403.244140625,1612.1055908203125
6404.53125,1613.412353515625
6405.83056640625,1614.697265625
6407.14208984375,1615.9630126953125
6408.46533203125,1617.2105712890625
6409.80224609375,1618.439453125
6411.1533203125,1619.649658203125
6412.5205078125,1620.84033203125
6413.9052734375,1622.0101318359375
6415.306640625,1623.1578369140625
6416.724609375,1624.2833251953125
6418.16015625,1625.3861083984375
6419.615234375,1626.46533203125
6421.091796875,1627.518310546875
6422.5888671875,1628.5447998046875
6424.10498046875,1629.5457763671875
6425.63623046875,1630.5250244140625
6427.15283203125,1631.46435546875
6428.716796875,1632.4013671875
6430.29931640625,1633.3165283203125
6431.89892578125,1634.2103271484375
6433.5146484375,1635.084228515625
6435.1455078125,1635.938232421875
6436.79248046875,1636.7733154296875
6438.453125,1637.5908203125
6440.1279296875,1638.3924560546875
6441.8154296875,1639.1781005859375
6443.5166015625,1639.9464111328125
6446.267578125,1641.1357421875
6447.65673828125,1641.7120361328125
6449.0546875,1642.276123046875
6450.4619140625,1642.827880859375
6451.87744140625,1643.3675537109375
6453.3369140625,1643.909423828125
6455.091796875,1644.5447998046875
6456.53125,1645.0556640625
6457.9775390625,1645.5587158203125
6460.85400390625,1646.5301513671875
6462.32080078125,1647.0108642578125
6463.7939453125,1647.4847412109375
6465.2734375,1647.95068359375
6466.759765625,1648.408935546875
6468.25244140625,1648.8583984375
6469.751953125,1649.29833984375
6471.25732421875,1649.7269287109375
6472.76953125,1650.143310546875
6474.2880859375,1650.5472412109375
6475.8134765625,1650.9384765625
6477.345703125,1651.317138671875
6478.8837890625,1651.6834716796875
6480.42822265625,1652.0382080078125
6481.9775390625,1652.382080078125
6483.5302734375,1652.715087890625
6485.0859375,1653.037109375
6486.64794921875,1653.343505859375
6488.2197265625,1653.631103515625
6489.837890625,1653.910888671875
6491.38134765625,1654.168701171875
6492.96826171875,1654.4306640625
6494.556640625,1654.695068359375
6496.14501953125,1654.9654541015625
6497.693359375,1655.2374267578125
6499.27978515625,1655.5264892578125
6500.86474609375,1655.826416015625
6502.44873046875,1656.1370849609375
6504.0302734375,1656.4595947265625
6505.609375,1656.79443359375
6507.185546875,1657.1416015625
6508.7587890625,1657.50146484375
6510.328125,1657.8734130859375
6511.89453125,1658.2572021484375
6513.45703125,1658.654052734375
6515.0146484375,1659.0660400390625
6516.60498046875,1659.5059814453125
6518.11181640625,1659.9429931640625
6519.64990234375,1660.411376953125
6521.1796875,1660.90234375
6522.70166015625,1661.4150390625
6524.21923828125,1661.94482421875
6525.734375,1662.4847412109375
6527.2470703125,1663.0318603515625
6528.755859375,1663.5899658203125
6530.26171875,1664.1600341796875
6531.76318359375,1664.7459716796875
6533.259765625,1665.348388671875
6534.7490234375,1665.9696044921875
6536.19287109375,1666.593017578125
6537.66650390625,1667.25341796875
6539.13232421875,1667.9388427734375
6540.591796875,1668.6463623046875
6542.0458984375,1669.368408203125
6543.49462890625,1670.10009765625
6544.93603515625,1670.8482666015625
6546.3671875,1671.62158203125
6547.7861328125,1672.420166015625
6549.193359375,1673.24365234375
6550.591796875,1674.0882568359375
6551.98486328125,1674.947998046875
6553.37353515625,1675.8214111328125
6554.75537109375,1676.7109375
6556.12939453125,1677.6182861328125
6557.494140625,1678.5433349609375
6558.8505859375,1679.4854736328125
6560.19921875,1680.4437255859375
6561.5400390625,1681.418212890625
6562.87158203125,1682.4097900390625
6564.1943359375,1683.4188232421875
6565.50732421875,1684.4453125
6566.8125,1685.4873046875
6568.11083984375,1686.5428466796875
6569.40234375,1687.6112060546875
6570.6533203125,1688.6668701171875
6571.9267578125,1689.7652587890625
6573.18994140625,1690.8798828125
6574.44287109375,1692.010986328125
6575.68603515625,1693.157958984375
6576.921875,1694.3192138671875
6578.15087890625,1695.4930419921875
6579.3740234375,1696.67822265625
6580.59228515625,1697.8741455078125
6581.806640625,1699.0792236328125
6583.0185546875,1700.2913818359375
6584.22607421875,1701.511962890625
6585.42822265625,1702.74267578125
6586.623046875,1703.9854736328125
6587.80859375,1705.2420654296875
6588.9873046875,1706.510986328125
6590.16015625,1707.7900390625
6591.3271484375,1709.0777587890625
6592.48681640625,1710.3760986328125
6593.63818359375,1711.6865234375
6594.78173828125,1713.009033203125
6595.94677734375,1714.3758544921875
6597.05322265625,1715.684326171875
6598.18798828125,1717.03173828125
6599.32421875,1718.38232421875
6600.43408203125,1719.7020263671875
6601.57470703125,1721.058837890625
6602.71875,1722.419189453125
6603.865234375,1723.7823486328125
6605.01220703125,1725.1478271484375
6606.16015625,1726.5179443359375
6607.3076171875,1727.8931884765625
6608.4560546875,1729.273193359375
6609.6044921875,1730.6571044921875
6610.755859375,1732.0430908203125
6611.90966796875,1733.431640625
6613.06591796875,1734.822265625
6614.22509765625,1736.215087890625
6615.38818359375,1737.6103515625
6616.55322265625,1739.00830078125
6617.720703125,1740.407470703125
6618.88818359375,1741.8056640625
6620.05224609375,1743.19921875
6621.21044921875,1744.58642578125
6622.36181640625,1745.966552734375
6623.50537109375,1747.338623046875
6624.63818359375,1748.700927734375
6625.75634765625,1750.053955078125
6626.8603515625,1751.3997802734375
6627.94970703125,1752.73974609375
6628.998046875,1754.04052734375
6630.06103515625,1755.369140625
6631.109375,1756.69189453125
6632.13916015625,1758.0093994140625
6633.14892578125,1759.3226318359375
6634.140625,1760.6329345703125
6635.11669921875,1761.9400634765625
6636.07666015625,1763.24365234375
6637.03955078125,1764.576904296875
6637.93017578125,1765.84375
6638.81396484375,1767.1429443359375
6639.66796875,1768.442626953125
6640.498046875,1769.742431640625
6641.30859375,1771.040771484375
6642.1005859375,1772.3365478515625
6642.87109375,1773.630126953125
6643.80029296875,1775.2447509765625
6644.6904296875,1776.8572998046875
6645.546875,1778.468505859375
6646.37939453125,1780.0787353515625
6647.189453125,1781.6878662109375
6647.9794921875,1783.29736328125
6648.75341796875,1784.908447265625
6649.49658203125,1786.487060546875
6650.23046875,1788.1007080078125
6650.9306640625,1789.719970703125
6651.59716796875,1791.3468017578125
6652.23193359375,1792.98095703125
6652.84033203125,1794.620849609375
6653.4248046875,1796.2645263671875
6653.99462890625,1797.9443359375
6654.51611328125,1799.5616455078125
6655.02099609375,1801.21533203125
6655.49755859375,1802.872314453125
6655.9462890625,1804.5318603515625
6656.36767578125,1806.19384765625
6656.76953125,1807.893310546875
6657.12890625,1809.532470703125
6657.46923828125,1811.2125244140625
6657.78271484375,1812.900390625
6658.07080078125,1814.5946044921875
6658.3349609375,1816.2947998046875
6658.57470703125,1818
6658.78662109375,1819.676025390625
6658.97607421875,1821.39111328125
6659.14208984375,1823.1461181640625
6659.27685546875,1824.8380126953125
6659.3935546875,1826.5694580078125
6659.4873046875,1828.3045654296875
6659.5556640625,1830.0440673828125
6659.59521484375,1831.787109375
6659.60791015625,1833.5333251953125
6659.59619140625,1835.2823486328125
6659.5595703125,1837.0352783203125
6659.4990234375,1838.7908935546875
6659.41357421875,1840.5487060546875
6659.30126953125,1842.30810546875
6659.162109375,1844.0687255859375
6658.99658203125,1845.83056640625
6658.80126953125,1847.6279296875
6658.58203125,1849.390380859375
6658.33935546875,1851.1171875
6658.0634765625,1852.87841796875
6657.76611328125,1854.603759765625
6657.4365234375,1856.3638916015625
6657.08251953125,1858.123779296875
6656.70751953125,1859.8841552734375
6656.30615234375,1861.68017578125
6655.892578125,1863.4404296875
6655.4658203125,1865.163818359375
6654.99560546875,1866.955078125
6654.5087890625,1868.7081298828125
6654.0087890625,1870.4241943359375
6653.4697265625,1872.209716796875
6652.9267578125,1873.959716796875
6652.38037109375,1875.6741943359375
6651.90966796875,1877.108154296875
6651.3310546875,1878.8206787109375
6650.83251953125,1880.2525634765625
6650.22216796875,1881.962890625
6649.69873046875,1883.3931884765625
6649.05908203125,1885.101318359375
6648.51025390625,1886.529052734375
6647.8369140625,1888.2337646484375
6647.13134765625,1889.9713134765625
6646.5537109375,1891.360107421875
6645.8173828125,1893.0950927734375
6645.21630859375,1894.4820556640625
6644.44970703125,1896.2139892578125
6643.82421875,1897.598388671875
6643.02685546875,1899.3280029296875
6642.3779296875,1900.71142578125
6641.55419921875,1902.4400634765625
6640.8837890625,1903.822021484375
6640.2197265625,1905.1683349609375
6639.51025390625,1906.5828857421875
6638.8076171875,1907.962890625
6638.1142578125,1909.308837890625
6637.3779296875,1910.7247314453125
6636.65234375,1912.107177734375
6635.9384765625,1913.4561767578125
6635.18115234375,1914.8760986328125
6634.43603515625,1916.26318359375
6633.705078125,1917.6175537109375
6632.93115234375,1919.044189453125
6632.17236328125,1920.4383544921875
6631.43017578125,1921.7999267578125
6630.6474609375,1923.235107421875
6629.90234375,1924.60498046875
6629.1396484375,1926.0157470703125
6628.39892578125,1927.3974609375
6627.6240234375,1928.8572998046875
6626.87353515625,1930.2889404296875
6626.1474609375,1931.6922607421875
6625.3916015625,1933.1759033203125
6624.66357421875,1934.6326904296875
6623.962890625,1936.0621337890625
6623.23681640625,1937.574951171875
6622.53759765625,1939.0604248046875
6621.8642578125,1940.5172119140625
6621.16455078125,1942.05712890625
6620.490234375,1943.56787109375
6619.8388671875,1945.0484619140625
6619.1611328125,1946.6119384765625
6618.5068359375,1948.141845703125
6617.876953125,1949.63427734375
6617.22314453125,1951.199951171875
6616.595703125,1952.7215576171875
6615.9931640625,1954.1986083984375
6615.37109375,1955.744873046875
6614.77490234375,1957.2481689453125
6614.20458984375,1958.708984375
6613.61669921875,1960.23974609375
6613.06982421875,1961.6904296875
6612.52197265625,1963.1724853515625
6612.0009765625,1964.61181640625
6611.4658203125,1966.119384765625
6610.9560546875,1967.5841064453125
6610.46875,1969.005615234375
6609.96923828125,1970.4920654296875
6609.4951171875,1971.933837890625
6608.92333984375,1973.7247314453125
6607.9560546875,1976.9195556640625
6607.46142578125,1978.644287109375
6606.6064453125,1981.7840576171875
6606.15673828125,1983.5477294921875
6605.74072265625,1985.2646484375
6605.35546875,1986.9349365234375
6604.9736328125,1988.6600341796875
6604.619140625,1990.3380126953125
6604.29150390625,1991.9705810546875
6603.97216796875,1993.6575927734375
6603.68017578125,1995.2999267578125
6603.416015625,1996.8995361328125
6603.169921875,1998.5223388671875
6602.95458984375,2000.1029052734375
6602.75830078125,2001.7403564453125
6602.59375,2003.3399658203125
6602.4619140625,2004.9024658203125
6602.35546875,2006.525146484375
6602.2802734375,2008.115478515625
6602.23095703125,2009.673583984375
6602.20458984375,2011.2940673828125
6602.20458984375,2012.880126953125
6602.2333984375,2014.4622802734375
6602.2939453125,2016.0400390625
6602.38671875,2017.61328125
6602.51171875,2019.1812744140625
6602.66796875,2020.743896484375
6602.8828125,2022.517578125
6603.10302734375,2024.066162109375
6603.3486328125,2025.575927734375
6603.6630859375,2027.260498046875
6603.9794921875,2028.753662109375
6604.32958984375,2030.241943359375
6604.71923828125,2031.756591796875
6605.1416015625,2033.2655029296875
6605.60009765625,2034.765380859375
6606.09716796875,2036.25146484375
6606.62890625,2037.72314453125
6607.18701171875,2039.1832275390625
6607.76904296875,2040.6319580078125
6608.37646484375,2042.0670166015625
6609.0146484375,2043.4869384765625
6609.68603515625,2044.8924560546875
6610.3857421875,2046.285400390625
6611.10791015625,2047.6669921875
6611.8515625,2049.03515625
6612.61962890625,2050.38671875
6613.4150390625,2051.719970703125
6614.23828125,2053.03515625
6615.087890625,2054.33447265625
6615.94384765625,2055.59619140625
6616.84033203125,2056.875244140625
6617.76123046875,2058.146484375
6618.7275390625,2059.431884765625
6619.68310546875,2060.655517578125
6620.685546875,2061.892333984375
6621.73193359375,2063.143310546875
6622.7783203125,2064.362060546875
6623.84521484375,2065.57373046875
6624.931640625,2066.77734375
6626.0380859375,2067.972412109375
6627.166015625,2069.1591796875
6628.31494140625,2070.337646484375
6629.48486328125,2071.50732421875
6630.67431640625,2072.669189453125
6631.8818359375,2073.8232421875
6633.10791015625,2074.9697265625
6634.3515625,2076.107666015625
6635.6142578125,2077.2353515625
6636.921875,2078.373779296875
6638.1708984375,2079.43408203125
6639.490234375,2080.527099609375
6640.8271484375,2081.607421875
6642.1826171875,2082.6748046875
6643.5576171875,2083.7265625
6644.9541015625,2084.761962890625
6646.37255859375,2085.779296875
6647.81298828125,2086.777587890625
6649.2744140625,2087.757080078125
6650.75634765625,2088.717529296875
6652.25830078125,2089.659423828125
6653.7802734375,2090.581787109375
6655.32275390625,2091.48388671875
6656.88525390625,2092.365234375
6658.46728515625,2093.22607421875
6660.06787109375,2094.067626953125
6661.68505859375,2094.890625
6663.3203125,2095.693115234375
6664.97412109375,2096.47216796875
6666.6474609375,2097.2255859375
6668.306640625,2097.937744140625
6670.0185546875,2098.638916015625
6671.74755859375,2099.318115234375
6674.54443359375,2100.359130859375
6677.375,2101.33935546875
6678.79931640625,2101.81201171875
6680.2275390625,2102.273193359375
6681.66064453125,2102.71875
6683.1005859375,2103.14501953125
6684.54833984375,2103.54931640625
6686.00341796875,2103.931396484375
6687.4658203125,2104.291748046875
6688.9345703125,2104.636474609375
6690.408203125,2104.96923828125
6691.88623046875,2105.29052734375
6693.36865234375,2105.599609375
6694.85400390625,2105.89599609375
6696.33935546875,2106.181396484375
6697.8212890625,2106.457763671875
6699.2978515625,2106.72802734375
6701.1328125,2107.059814453125
6702.95166015625,2107.38671875
6704.7177734375,2107.706298828125
6706.49951171875,2108.03515625
6708.259765625,2108.37060546875
6710,2108.71484375
6711.7236328125,2109.0673828125
6713.4296875,2109.427734375
6715.11572265625,2109.800048828125
6716.78271484375,2110.186279296875
6718.43359375,2110.58837890625
6720.07080078125,2111.00830078125
6721.69775390625,2111.44384765625
6723.314453125,2111.894287109375
6724.92138671875,2112.3603515625
6726.5205078125,2112.842041015625
6728.11376953125,2113.337158203125
6729.70068359375,2113.845947265625
6731.279296875,2114.370849609375
6732.84814453125,2114.914794921875
6734.408203125,2115.478271484375
6735.95947265625,2116.06201171875
6737.47119140625,2116.65234375
6739.00390625,2117.274658203125
6740.525390625,2117.91748046875
6742.0361328125,2118.580322265625
6743.53662109375,2119.262451171875
6745.02490234375,2119.964599609375
6746.49951171875,2120.689208984375
6747.95849609375,2121.43798828125
6749.4013671875,2122.212158203125
6750.826171875,2123.01318359375
6752.23095703125,2123.841796875
6753.61474609375,2124.7001953125
6754.97509765625,2125.58935546875
6756.31298828125,2126.5078125
6757.62841796875,2127.453125
6758.92138671875,2128.4248046875
6760.18701171875,2129.42529296875
6761.42431640625,2130.45556640625
6762.634765625,2131.51416015625
6763.82177734375,2132.59716796875
6764.96142578125,2133.68115234375
6766.09814453125,2134.8125
6767.20751953125,2135.9736328125
6768.33740234375,2137.21142578125
6769.408203125,2138.424560546875
6770.44287109375,2139.63330078125
6771.5,2140.91552734375
6772.51220703125,2142.199462890625
6773.478515625,2143.484619140625
6774.4609375,2144.84814453125
6775.40380859375,2146.20703125
6776.3076171875,2147.55908203125
6777.22216796875,2148.990478515625
6778.08935546875,2150.418701171875
6778.91357421875,2151.841064453125
6779.74755859375,2153.342041015625
6780.54296875,2154.832763671875
6781.29736328125,2156.312744140625
6782.0517578125,2157.874267578125
6782.75927734375,2159.42578125
6783.42333984375,2160.9658203125
6784.072265625,2162.555419921875
6784.693359375,2164.162353515625
6785.28515625,2165.7861328125
6785.85009765625,2167.42578125
6786.3896484375,2169.080078125
6786.90380859375,2170.747802734375
6787.39013671875,2172.4296875
6787.84765625,2174.1259765625
6788.27880859375,2175.834228515625
6788.6884765625,2177.54833984375
6789.07861328125,2179.265625
6789.4462890625,2180.986572265625
6789.78955078125,2182.711669921875
6790.1044921875,2184.40625
6790.41357421875,2186.180419921875
6790.7001953125,2187.93212890625
6790.97119140625,2189.693359375
6791.2294921875,2191.462646484375
6791.4755859375,2193.23974609375
6791.70703125,2194.989013671875
6791.9345703125,2196.781494140625
6792.15576171875,2198.58154296875
6792.3720703125,2200.388671875
6792.583984375,2202.20263671875
6792.7919921875,2204.0234375
6792.99560546875,2205.85107421875
6793.19677734375,2207.68505859375
6793.39453125,2209.525634765625
6793.58984375,2211.372802734375
6793.783203125,2213.22607421875
6793.97509765625,2215.0859375
6794.279296875,2218.073974609375
6794.46826171875,2219.94873046875
6794.61865234375,2221.452880859375
6794.76953125,2222.9609375
6794.919921875,2224.47265625
6795.07080078125,2225.988037109375
6795.2216796875,2227.507080078125
6795.373046875,2229.029541015625
6795.5244140625,2230.55517578125
6795.7109375,2232.428955078125
6795.86279296875,2233.962890625
6796.0146484375,2235.500244140625
6796.16650390625,2237.041015625
6796.31884765625,2238.585205078125
6796.4716796875,2240.132568359375
6796.62353515625,2241.683349609375
6796.77392578125,2243.23779296875
6796.9228515625,2244.79541015625
6797.0703125,2246.3564453125
6797.21533203125,2247.921142578125
6797.35791015625,2249.4892578125
6797.49658203125,2251.060302734375
6797.63134765625,2252.634765625
6797.76171875,2254.212646484375
6797.88720703125,2255.793701171875
6798.0078125,2257.378173828125
6798.1240234375,2258.965576171875
6798.23486328125,2260.55615234375
6798.341796875,2262.150390625
6798.44384765625,2263.747802734375
6798.54248046875,2265.348388671875
6798.63623046875,2266.951904296875
6798.7255859375,2268.55712890625
6798.81005859375,2270.16357421875
6798.8876953125,2271.7275390625
6798.9619140625,2273.32568359375
6799.029296875,2274.914306640625
6799.08935546875,2276.491455078125
6799.14111328125,2278.055419921875
6799.18359375,2279.605224609375
6799.216796875,2281.140869140625
6799.2412109375,2282.662353515625
6799.2578125,2284.169189453125
6799.26708984375,2286.029052734375
6799.26025390625,2287.858642578125
6799.2353515625,2289.661865234375
6799.19091796875,2291.4423828125
6799.1259765625,2293.1982421875
6799.03857421875,2294.92919921875
6798.9306640625,2296.6376953125
6798.80712890625,2298.327880859375
6798.6689453125,2299.998291015625
6798.5126953125,2301.64599609375
6798.3359375,2303.272216796875
6798.13720703125,2304.87890625
6797.91845703125,2306.435302734375
6797.66796875,2308.003662109375
6797.38671875,2309.552490234375
6797.07373046875,2311.0830078125
6796.7265625,2312.59521484375
6796.34521484375,2314.08837890625
6795.93017578125,2315.562744140625
6795.484375,2317.020263671875
6795.00927734375,2318.4619140625
6794.5048828125,2319.886474609375
6793.97119140625,2321.29345703125
6792.7001953125,2324.326171875
6791.95263671875,2325.94287109375
6791.16357421875,2327.5322265625
6790.3271484375,2329.095458984375
6789.44287109375,2330.634765625
6788.5146484375,2332.151611328125
6787.54833984375,2333.643310546875
6786.56591796875,2335.0810546875
6785.53271484375,2336.510498046875
6784.46484375,2337.907470703125
6783.36328125,2339.27490234375
6782.22802734375,2340.614013671875
6781.05859375,2341.926025390625
6779.8525390625,2343.208984375
6778.61181640625,2344.462646484375
6777.33740234375,2345.686279296875
6776.03125,2346.87890625
6774.69580078125,2348.042236328125
6773.333984375,2349.178466796875
6771.947265625,2350.286865234375
6770.5341796875,2351.364501953125
6769.09375,2352.40771484375
6767.6279296875,2353.416259765625
6766.1376953125,2354.392578125
6764.64990234375,2355.322998046875
6763.1142578125,2356.236328125
6761.5546875,2357.1142578125
6759.9716796875,2357.95654296875
6757.28515625,2359.28857421875
6755.919921875,2359.9208984375
6754.5400390625,2360.528564453125
6753.1455078125,2361.111328125
6751.7373046875,2361.671875
6750.3173828125,2362.2109375
6748.8857421875,2362.728271484375
6747.44091796875,2363.22119140625
6745.984375,2363.688720703125
6744.51611328125,2364.1318359375
6743.03759765625,2364.55419921875
6741.5478515625,2364.95654296875
6740.04736328125,2365.338623046875
6738.53662109375,2365.70263671875
6737.04833984375,2366.042724609375
6735.5205078125,2366.3720703125
6733.9833984375,2366.683349609375
6732.43798828125,2366.976806640625
6730.88427734375,2367.253662109375
6729.32275390625,2367.5146484375
6727.75341796875,2367.759765625
6726.17578125,2367.989013671875
6724.5908203125,2368.202392578125
6722.998046875,2368.39990234375
6721.39794921875,2368.581787109375
6719.791015625,2368.748779296875
6718.1767578125,2368.900634765625
6716.55615234375,2369.035888671875
6714.92919921875,2369.153564453125
6713.29541015625,2369.254150390625
6711.65576171875,2369.337890625
6710.00927734375,2369.405517578125
6708.357421875,2369.457275390625
6706.69970703125,2369.492431640625
6705.0703125,2369.510498046875
6703.40185546875,2369.512451171875
6701.728515625,2369.49853515625
6700.04931640625,2369.47021484375
6698.365234375,2369.429443359375
6696.6748046875,2369.3779296875
6694.9794921875,2369.318603515625
6693.27880859375,2369.2509765625
6691.5732421875,2369.17431640625
6689.86181640625,2369.08837890625
6688.1455078125,2368.991455078125
6686.42431640625,2368.882568359375
6684.69921875,2368.7607421875
6682.9697265625,2368.623291015625
6681.236328125,2368.468994140625
6679.498046875,2368.299560546875
6677.755859375,2368.11669921875
6676.009765625,2367.92138671875
6674.2587890625,2367.713623046875
6672.50341796875,2367.494140625
6670.77880859375,2367.26806640625
6669.01513671875,2367.0263671875
6667.21240234375,2366.7666015625
6665.4765625,2366.50341796875
6663.70166015625,2366.2216796875
6661.88720703125,2365.921875
6660.103515625,2365.6171875
6658.31640625,2365.30224609375
6656.525390625,2364.976318359375
6654.73095703125,2364.638671875
6653.0048828125,2364.30419921875
6651.31103515625,2363.968017578125
6649.5048828125,2363.603271484375
6647.693359375,2363.233154296875
6645.87744140625,2362.85888671875
6644.06103515625,2362.48291015625
6642.24560546875,2362.106689453125
6640.431640625,2361.73046875
6638.61865234375,2361.35546875
6636.806640625,2360.981689453125
6635.02783203125,2360.61669921875
6633.20458984375,2360.245361328125
6631.37451171875,2359.8779296875
6629.5380859375,2359.515869140625
6628.06396484375,2359.230712890625
6626.58642578125,2358.9501953125
6625.0302734375,2358.660888671875
6623.20849609375,2358.329345703125
6621.716796875,2358.06298828125
6620.220703125,2357.800048828125
6618.72119140625,2357.54052734375
6617.2177734375,2357.28466796875
6615.71044921875,2357.032470703125
6614.19921875,2356.7841796875
6612.68408203125,2356.53955078125
6611.1650390625,2356.29833984375
6609.64208984375,2356.060546875
6608.115234375,2355.825927734375
6606.58447265625,2355.594970703125
6605.0498046875,2355.3681640625
6603.51171875,2355.1455078125
6601.97021484375,2354.92822265625
6600.42529296875,2354.71630859375
6598.87744140625,2354.51025390625
6597.3671875,2354.314208984375
6595.82275390625,2354.116943359375
6594.2890625,2353.923828125
6592.73193359375,2353.72998046875
6591.2294921875,2353.545654296875
6589.41357421875,2353.328125
6587.58837890625,2353.11865234375
6585.7880859375,2352.9228515625
6584.0126953125,2352.74072265625
6582.26171875,2352.570556640625
6580.5361328125,2352.413330078125
6578.8388671875,2352.268798828125
6577.16845703125,2352.136962890625
6575.52294921875,2352.015869140625
6573.90185546875,2351.906494140625
6572.3046875,2351.8115234375
6570.73046875,2351.732177734375
6569.18115234375,2351.668701171875
6567.658203125,2351.621826171875
6566.12890625,2351.59033203125
6564.38623046875,2351.572021484375
6562.640625,2351.57373046875
6560.947265625,2351.59765625
6559.21484375,2351.64990234375
6557.55126953125,2351.72802734375
6555.84423828125,2351.840576171875
6554.17822265625,2351.984619140625
6552.55078125,2352.159912109375
6550.88037109375,2352.376708984375
6549.2734375,2352.618896484375
6547.6181640625,2352.903564453125
6546.0224609375,2353.214599609375
6544.4091796875,2353.569091796875
6542.81103515625,2353.96142578125
6541.20361328125,2354.396728515625
6539.64111328125,2354.859130859375
6538.1220703125,2355.3466796875
6536.6201171875,2355.866943359375
6535.1123046875,2356.430908203125
6533.62744140625,2357.031005859375
6532.16455078125,2357.6669921875
6530.72021484375,2358.338623046875
6529.291015625,2359.046142578125
6527.87548828125,2359.79052734375
6526.474609375,2360.573974609375
6525.09033203125,2361.39599609375
6523.72216796875,2362.25341796875
6522.36962890625,2363.14501953125
6521.03271484375,2364.0712890625
6519.7138671875,2365.03125
6518.41357421875,2366.02490234375
6517.1318359375,2367.052001953125
6515.869140625,2368.10986328125
6514.62841796875,2369.19873046875
6513.412109375,2370.322265625
6512.220703125,2371.4814453125
6511.05224609375,2372.672119140625
6509.9033203125,2373.88916015625
6508.7763671875,2375.1357421875
6507.67431640625,2376.412353515625
6506.599609375,2377.717041015625
6505.55029296875,2379.049560546875
6504.5283203125,2380.4111328125
6503.52978515625,2381.79833984375
6502.5478515625,2383.208740234375
6501.58203125,2384.636962890625
6500.6357421875,2386.085693359375
6499.7138671875,2387.557861328125
6498.8193359375,2389.053466796875
6497.94775390625,2390.570068359375
6497.09521484375,2392.10546875
6496.27734375,2393.63330078125
6495.4697265625,2395.205810546875
6494.68603515625,2396.796875
6493.92236328125,2398.4052734375
6493.17529296875,2400.029541015625
6492.44384765625,2401.66796875
6491.7275390625,2403.32080078125
6491.0244140625,2404.98779296875
6490.33447265625,2406.66796875
6489.65625,2408.361328125
6488.98876953125,2410.06640625
6488.4501953125,2411.4677734375
6487.89453125,2412.933837890625
6487.35009765625,2414.37646484375
6486.81298828125,2415.7939453125
6486.24462890625,2417.2705078125
6485.67578125,2418.7177734375
6485.1064453125,2420.135498046875
6484.5166015625,2421.583740234375
6483.93212890625,2423.0068359375
6483.3193359375,2424.491943359375
6482.712890625,2425.9482421875
6482.10986328125,2427.379150390625
6481.47119140625,2428.8720703125
6480.84814453125,2430.307373046875
6480.20068359375,2431.771728515625
6479.52685546875,2433.265380859375
6478.85400390625,2434.730224609375
6478.1845703125,2436.166015625
6477.474609375,2437.66015625
6476.76416015625,2439.123291015625
6476.0517578125,2440.55517578125
6475.29541015625,2442.0439453125
6474.5400390625,2443.503173828125
6473.78955078125,2444.9326171875
6472.99951171875,2446.418701171875
6472.216796875,2447.872802734375
6471.43310546875,2449.29736328125
6470.611328125,2450.750244140625
6469.7890625,2452.1708984375
6468.91650390625,2453.64599609375
6468.046875,2455.090087890625
6467.18115234375,2456.504150390625
6466.267578125,2457.97509765625
6465.3603515625,2459.416748046875
6464.46044921875,2460.830078125
6463.51416015625,2462.301513671875
6462.57568359375,2463.7431640625
6461.64453125,2465.15576171875
6460.66259765625,2466.625
6459.68798828125,2468.064453125
6458.72216796875,2469.474365234375
6457.705078125,2470.94140625
6456.697265625,2472.379638671875
6455.70068359375,2473.78955078125
6454.654296875,2475.258544921875
6453.61962890625,2476.699462890625
6452.59765625,2478.1123046875
6451.54541015625,2479.554443359375
6450.5029296875,2480.9677734375
6449.40673828125,2482.4384765625
6448.3212890625,2483.880615234375
6447.24755859375,2485.29345703125
6446.1201171875,2486.764892578125
6445.0048828125,2488.20751953125
6443.90283203125,2489.621826171875
6442.97412109375,2490.80615234375
6441.8564453125,2492.22265625
6440.91552734375,2493.409423828125
6439.78466796875,2494.830078125
6438.833984375,2496.020263671875
6437.69580078125,2497.44140625
6436.74267578125,2498.62939453125
6435.6025390625,2500.0478515625
6434.64794921875,2501.2333984375
6433.505859375,2502.6494140625
6432.5498046875,2503.833984375
6431.4033203125,2505.254638671875
6430.44189453125,2506.44873046875
6429.29150390625,2507.882568359375
6428.35302734375,2509.058837890625
6427.4150390625,2510.24072265625
6426.4794921875,2511.4287109375
6425.3125,2512.923095703125
6424.38134765625,2514.126220703125
6423.22216796875,2515.64013671875
6422.298828125,2516.859375
6421.1494140625,2518.39404296875
6420.23486328125,2519.63037109375
6419.34765625,2520.843017578125
6418.4208984375,2522.126708984375
6417.52294921875,2523.387939453125
6416.65380859375,2524.62646484375
6415.7470703125,2525.9384765625
6414.86962890625,2527.227783203125
6413.9990234375,2528.52685546875
6413.13525390625,2529.8349609375
6412.27685546875,2531.1513671875
6411.443359375,2532.442138671875
6410.5703125,2533.805419921875
6409.7216796875,2535.14208984375
6408.89794921875,2536.45166015625
6408.03515625,2537.835693359375
6407.21826171875,2539.1591796875
6406.3837890625,2540.5234375
6405.552734375,2541.89453125
6404.7255859375,2543.272705078125
6403.90283203125,2544.65771484375
6403.0849609375,2546.050048828125
6402.2724609375,2547.449951171875
6401.46630859375,2548.857666015625
6400.68603515625,2550.23779296875
6399.87353515625,2551.697265625
6399.08984375,2553.130615234375
6398.31591796875,2554.57373046875
6397.55126953125,2556.027099609375
6396.79541015625,2557.48974609375
6396.046875,2558.96142578125
6395.3056640625,2560.441162109375
6394.5703125,2561.9287109375
6393.85888671875,2563.3857421875
6393.11572265625,2564.9248046875
6392.39697265625,2566.433349609375
6391.68505859375,2567.949462890625
6390.97998046875,2569.473388671875
6390.283203125,2571.0048828125
6389.61083984375,2572.505615234375
6388.91259765625,2574.0908203125
6388.25830078125,2575.60693359375
6387.59814453125,2577.170654296875
6386.94921875,2578.7431640625
6386.31201171875,2580.3251953125
6385.6865234375,2581.916015625
6385.07177734375,2583.51513671875
6384.46630859375,2585.121826171875
6383.87060546875,2586.736083984375
6383.28466796875,2588.357666015625
6382.7080078125,2589.98681640625
6382.14111328125,2591.623046875
6381.58349609375,2593.266357421875
6381.03466796875,2594.916259765625
6380.49462890625,2596.572998046875
6379.9638671875,2598.236328125
6379.4423828125,2599.90625
6378.9296875,2601.582763671875
6378.4267578125,2603.26611328125
6377.93359375,2604.9560546875
6377.4501953125,2606.652587890625
6376.9775390625,2608.355712890625
6376.515625,2610.065673828125
6376.06494140625,2611.78271484375
6375.6259765625,2613.5068359375
6375.19970703125,2615.238037109375
6374.7958984375,2616.932861328125
6374.39404296875,2618.67822265625
6374.00244140625,2620.430419921875
6373.6201171875,2622.1884765625
6373.24658203125,2623.9521484375
6372.8828125,2625.72119140625
6372.5302734375,2627.49560546875
6372.19140625,2629.276123046875
6371.8671875,2631.063232421875
6371.5595703125,2632.85693359375
6371.26904296875,2634.6572265625
6370.99609375,2636.46435546875
6370.73974609375,2638.27783203125
6370.49658203125,2640.09765625
6370.26611328125,2641.922607421875
6370.04833984375,2643.752685546875
6369.8447265625,2645.58740234375
6369.65673828125,2647.4267578125
6369.4892578125,2649.270751953125
6369.34326171875,2651.120361328125
6369.22119140625,2652.974853515625
6369.12060546875,2654.83203125
6369.037109375,2656.69140625
6368.96728515625,2658.551513671875
6368.90966796875,2660.5048828125
6368.87451171875,2662.2255859375
6368.85302734375,2664.0859375
6368.8486328125,2665.947998046875
6368.8583984375,2667.815185546875
6368.88037109375,2669.686279296875
6368.91455078125,2671.560302734375
6368.96240234375,2673.483642578125
6369.021484375,2675.3154296875
6369.09375,2677.197265625
6369.1767578125,2679.08203125
6369.26953125,2680.969482421875
6369.37158203125,2682.859375
6369.48291015625,2684.752197265625
6369.60205078125,2686.64794921875
6369.7265625,2688.547119140625
6369.85546875,2690.448974609375
6369.98876953125,2692.353271484375
6370.1259765625,2694.260498046875
6370.26708984375,2696.17041015625
6370.412109375,2698.08349609375
6370.560546875,2699.99951171875
6370.7119140625,2701.91796875
6370.86572265625,2703.839111328125
6371.0224609375,2705.76318359375
6371.1806640625,2707.6904296875
6371.33740234375,2709.57177734375
6371.4990234375,2711.504638671875
6371.6611328125,2713.440185546875
6371.82373046875,2715.378662109375
6371.9853515625,2717.3203125
6372.14599609375,2719.26513671875
6372.3037109375,2721.21337890625
6372.458984375,2723.16455078125
6372.6103515625,2725.11865234375
6372.75732421875,2727.0751953125
6372.8974609375,2729.034423828125
6373.029296875,2730.996337890625
6373.150390625,2732.960205078125
6373.2587890625,2734.9267578125
6373.3525390625,2736.895263671875
6373.43359375,2738.8671875
6373.50634765625,2740.8427734375
6373.5732421875,2742.822265625
6373.63525390625,2744.8037109375
6373.69189453125,2746.78759765625
6373.74267578125,2748.7734375
6373.787109375,2750.76123046875
6373.82666015625,2752.751220703125
6373.86328125,2754.74365234375
6373.89794921875,2756.73876953125
6373.93212890625,2758.68603515625
6373.9677734375,2760.68505859375
6373.99658203125,2762.185546875
6374.0263671875,2763.68701171875
6374.05859375,2765.189453125
6374.09228515625,2766.69287109375
6374.12841796875,2768.197021484375
6374.1669921875,2769.702392578125
6374.20751953125,2771.20849609375
6374.2509765625,2772.71533203125
6374.2958984375,2774.223388671875
6374.34375,2775.732177734375
6374.39306640625,2777.241943359375
6374.44482421875,2778.75244140625
6374.4990234375,2780.263916015625
6374.55517578125,2781.776123046875
6374.6142578125,2783.2890625
6374.67529296875,2784.802490234375
6374.73876953125,2786.31640625
6374.8046875,2787.83154296875
6374.873046875,2789.34765625
6374.943359375,2790.865234375
6375.01513671875,2792.383544921875
6375.08935546875,2793.90283203125
6375.16455078125,2795.423095703125
6375.24169921875,2796.944091796875
6375.32275390625,2798.516845703125
6375.42626953125,2800.49658203125
6375.50732421875,2802.019775390625
6375.58984375,2803.543212890625
6375.6728515625,2805.065673828125
6375.7568359375,2806.587646484375
6375.86962890625,2808.615478515625
6375.97998046875,2810.591552734375
6376.0654296875,2812.111083984375
6376.15087890625,2813.629638671875
6376.236328125,2815.14794921875
6376.32177734375,2816.665771484375
6376.4072265625,2818.1826171875
6376.49267578125,2819.69921875
6376.578125,2821.21484375
6376.6630859375,2822.72998046875
6376.74853515625,2824.244384765625
6376.83349609375,2825.75634765625
6376.91748046875,2827.26416015625
6377.00244140625,2828.8154296875
6377.10693359375,2830.752685546875
6377.2099609375,2832.720947265625
6377.3076171875,2834.67236328125
6377.400390625,2836.603759765625
6377.48779296875,2838.513427734375
6377.568359375,2840.40283203125
6377.6435546875,2842.27392578125
6377.7138671875,2844.128662109375
6377.779296875,2845.964111328125
6377.83837890625,2847.777099609375
6377.8916015625,2849.566650390625
6377.9384765625,2851.33203125
6377.9794921875,2853.075439453125
6378.013671875,2854.800048828125
6378.04248046875,2856.467041015625
6378.0654296875,2858.159912109375
6378.07763671875,2859.832763671875
6378.0771484375,2861.48583984375
6378.06591796875,2863.12158203125
6378.0458984375,2864.740478515625
6378.01708984375,2866.342529296875
6377.9765625,2867.9287109375
6377.921875,2869.501953125
6377.85400390625,2871.064208984375
6377.7734375,2872.617431640625
6377.6796875,2874.161865234375
6377.57470703125,2875.698974609375
6377.45849609375,2877.228759765625
6377.3310546875,2878.750732421875
6377.19140625,2880.2646484375
6377.03955078125,2881.771240234375
6376.8759765625,2883.270751953125
6376.69921875,2884.7646484375
6376.5087890625,2886.254150390625
6376.2509765625,2888.109375
6375.97119140625,2889.957275390625
6375.6689453125,2891.7978515625
6375.34375,2893.630126953125
6375.0009765625,2895.4169921875
6374.626953125,2897.23095703125
6374.228515625,2899.03515625
6373.80517578125,2900.830078125
6373.345703125,2902.6513671875
6372.875,2904.392578125
6372.3623046875,2906.158447265625
6371.8173828125,2907.911376953125
6371.24267578125,2909.650390625
6370.6376953125,2911.37353515625
6370.00341796875,2913.0791015625
6369.33837890625,2914.767578125
6368.64501953125,2916.438232421875
6367.92578125,2918.093017578125
6367.181640625,2919.73291015625
6366.412109375,2921.357666015625
6365.61474609375,2922.968017578125
6364.79052734375,2924.56494140625
6363.93896484375,2926.14892578125
6363.06201171875,2927.720947265625
6362.177734375,2929.250244140625
6361.25048828125,2930.798583984375
6360.29638671875,2932.33251953125
6359.3134765625,2933.850341796875
6358.302734375,2935.351806640625
6357.265625,2936.83837890625
6356.2060546875,2938.312744140625
6355.126953125,2939.77685546875
6354.029296875,2941.23193359375
6352.9140625,2942.677978515625
6351.78173828125,2944.114501953125
6350.6318359375,2945.541015625
6349.4658203125,2946.9580078125
6348.28466796875,2948.3662109375
6347.087890625,2949.766357421875
6345.875,2951.15673828125
6344.64501953125,2952.53515625
6343.396484375,2953.900634765625
6342.12939453125,2955.2529296875
6340.84375,2956.591552734375
6339.56640625,2957.89013671875
6338.24462890625,2959.20166015625
6336.90576171875,2960.498779296875
6335.54833984375,2961.77978515625
6334.1708984375,2963.04296875
6332.7734375,2964.285888671875
6330.49560546875,2966.23388671875
6329.33837890625,2967.18994140625
6328.16943359375,2968.133544921875
6326.98828125,2969.064453125
6325.7958984375,2969.982666015625
6324.59228515625,2970.89013671875
6323.37939453125,2971.787353515625
6322.15673828125,2972.67529296875
6320.92529296875,2973.55419921875
6319.68505859375,2974.423583984375
6318.43603515625,2975.284423828125
6317.17822265625,2976.13427734375
6315.91162109375,2976.97412109375
6314.63623046875,2977.80224609375
6313.35205078125,2978.618408203125
6312.0595703125,2979.42529296875
6310.759765625,2980.224365234375
6309.15869140625,2981.193359375
6307.8427734375,2981.974609375
6306.51708984375,2982.742431640625
6305.181640625,2983.4951171875
6303.83642578125,2984.23388671875
6302.48291015625,2984.9609375
6301.1220703125,2985.677490234375
6299.54736328125,2986.48876953125
6298.16943359375,2987.181884765625
6296.78369140625,2987.862060546875
6295.3896484375,2988.528564453125
6293.9873046875,2989.181396484375
6292.5771484375,2989.8203125
6291.1591796875,2990.4453125
6289.7333984375,2991.055419921875
6288.2998046875,2991.649658203125
6286.8583984375,2992.228759765625
6285.40966796875,2992.79345703125
6283.9541015625,2993.344970703125
6282.49169921875,2993.883544921875
6281.0224609375,2994.407470703125
6279.546875,2994.916259765625
6278.064453125,2995.41015625
6276.5751953125,2995.889892578125
6275.1181640625,2996.344970703125
6273.6171875,2996.799072265625
6272.11083984375,2997.239501953125
6270.5986328125,2997.66552734375
6269.0810546875,2998.077880859375
6267.55859375,2998.478515625
6266.03125,2998.870361328125
6264.49951171875,2999.255126953125
6262.9638671875,2999.63525390625
6261.4248046875,3000.011962890625
6259.8828125,3000.38720703125
6258.3388671875,3000.763427734375
6256.79296875,3001.14306640625
6255.24658203125,3001.5283203125
6253.70068359375,3001.921875
6252.154296875,3002.323974609375
6250.607421875,3002.734130859375
6249.0595703125,3003.150634765625
6247.51171875,3003.57373046875
6245.96337890625,3004.005126953125
6244.41455078125,3004.445068359375
6242.8662109375,3004.894287109375
6241.31787109375,3005.3525390625
6239.76953125,3005.820556640625
6238.22119140625,3006.29736328125
6236.7109375,3006.769775390625
6235.162109375,3007.26025390625
6233.61279296875,3007.757080078125
6232.0634765625,3008.263427734375
6230.51416015625,3008.77978515625
6228.96484375,3009.30615234375
6227.416015625,3009.841064453125
6225.86572265625,3010.3828125
6224.314453125,3010.929931640625
6222.76220703125,3011.4814453125
6221.20849609375,3012.038818359375
6219.65478515625,3012.60400390625
6218.10107421875,3013.17919921875
6216.54833984375,3013.7646484375
6214.99609375,3014.360107421875
6213.4443359375,3014.9658203125
6211.89404296875,3015.58154296875
6210.3447265625,3016.20751953125
6208.796875,3016.843994140625
6207.2509765625,3017.491455078125
6205.7080078125,3018.1513671875
6204.16796875,3018.825439453125
6202.6328125,3019.515625
6201.10205078125,3020.22119140625
6199.57470703125,3020.9423828125
6198.08984375,3021.66015625
6196.57177734375,3022.4130859375
6195.05859375,3023.181640625
6193.55126953125,3023.96630859375
6192.04833984375,3024.765869140625
6190.55078125,3025.580322265625
6189.05859375,3026.409423828125
6187.57275390625,3027.25439453125
6186.09326171875,3028.11474609375
6184.6201171875,3028.990478515625
6183.15283203125,3029.88037109375
6181.69140625,3030.78515625
6180.23828125,3031.7060546875
6178.79443359375,3032.644775390625
6177.361328125,3033.602294921875
6175.93701171875,3034.5771484375
6174.5185546875,3035.566650390625
6173.10546875,3036.56787109375
6171.697265625,3037.580078125
6170.29541015625,3038.60498046875
6168.900390625,3039.64306640625
6167.51318359375,3040.694580078125
6166.13330078125,3041.759765625
6164.76123046875,3042.838623046875
6163.39697265625,3043.931396484375
6162.0751953125,3045.009765625
6160.72705078125,3046.12890625
6159.38623046875,3047.26025390625
6158.05078125,3048.40234375
6156.720703125,3049.554931640625
6155.39697265625,3050.718017578125
6154.0791015625,3051.891357421875
6152.76806640625,3053.075439453125
6151.4619140625,3054.26904296875
6150.16015625,3055.471435546875
6148.86279296875,3056.681884765625
6147.57080078125,3057.900634765625
6146.28369140625,3059.128173828125
6145.00244140625,3060.3642578125
6143.72509765625,3061.6083984375
6142.4501953125,3062.859375
6141.17724609375,3064.1162109375
6139.90576171875,3065.3779296875
6138.63671875,3066.64501953125
6137.3701171875,3067.917724609375
6136.10498046875,3069.196044921875
6134.84130859375,3070.47998046875
6133.5791015625,3071.7685546875
6132.318359375,3073.06201171875
6131.060546875,3074.361083984375
6129.83642578125,3075.633056640625
6128.58447265625,3076.944091796875
6127.33447265625,3078.26123046875
6126.08740234375,3079.583984375
6124.841796875,3080.91162109375
6123.59814453125,3082.244384765625
6122.3564453125,3083.58251953125
6121.1162109375,3084.925537109375
6119.876953125,3086.27294921875
6118.638671875,3087.624755859375
6117.40185546875,3088.98095703125
6116.166015625,3090.341552734375
6114.93115234375,3091.706787109375
6113.69775390625,3093.076171875
6112.46630859375,3094.448974609375
6111.23876953125,3095.823974609375
6109.9853515625,3097.236083984375
6108.79736328125,3098.581787109375
6107.5849609375,3099.965576171875
6106.37939453125,3101.353515625
6105.1826171875,3102.746826171875
6103.99169921875,3104.148193359375
6102.80615234375,3105.557861328125
6101.6259765625,3106.975341796875
6100.45361328125,3108.40087890625
6099.3173828125,3109.79931640625
6098.16015625,3111.2421875
6097.00927734375,3112.693359375
6095.8662109375,3114.15283203125
6094.73095703125,3115.620849609375
6093.60302734375,3117.097412109375
6092.48193359375,3118.581787109375
6091.3671875,3120.07373046875
6090.2021484375,3121.6474609375
6089.09765625,3123.15283203125
6087.998046875,3124.664306640625
6086.90283203125,3126.181884765625
6085.81201171875,3127.70556640625
6084.7265625,3129.235595703125
6083.619140625,3130.81005859375
6082.57177734375,3132.314208984375
6081.50390625,3133.8642578125
6080.44287109375,3135.421142578125
6079.38916015625,3136.985595703125
6078.34326171875,3138.557861328125
6077.3046875,3140.137451171875
6076.27392578125,3141.724609375
6075.251953125,3143.319580078125
6074.23974609375,3144.923583984375
6073.23828125,3146.536865234375
6072.27392578125,3148.11962890625
6071.296875,3149.7529296875
6070.33251953125,3151.396484375
6069.3798828125,3153.050048828125
6068.4365234375,3154.7119140625
6067.50048828125,3156.38134765625
6066.5712890625,3158.057373046875
6065.64599609375,3159.739013671875
6064.7236328125,3161.424560546875
6063.8037109375,3163.11328125
6062.884765625,3164.804931640625
6061.966796875,3166.4990234375
6061.0517578125,3168.1962890625
6060.14111328125,3169.899169921875
6059.23486328125,3171.609375
6058.33349609375,3173.325927734375
6057.43896484375,3175.049072265625
6056.55078125,3176.779541015625
6055.6708984375,3178.517333984375
6054.79833984375,3180.262451171875
6053.9306640625,3182.01416015625
6053.06689453125,3183.77001953125
6052.20703125,3185.529541015625
6051.35107421875,3187.294921875
6050.50146484375,3189.067626953125
6049.67822265625,3190.80224609375
6048.83984375,3192.587890625
6048.00732421875,3194.38037109375
6047.18115234375,3196.179931640625
6045.95068359375,3198.892578125
6044.724609375,3201.619140625
6043.49755859375,3204.355224609375
6042.88232421875,3205.72607421875
6042.26513671875,3207.09814453125
6041.64697265625,3208.471923828125
6041.0263671875,3209.84716796875
6040.404296875,3211.223876953125
6039.78125,3212.60302734375
6039.15625,3213.98486328125
6038.53125,3215.369384765625
6037.9052734375,3216.7568359375
6037.279296875,3218.14697265625
6036.65283203125,3219.5390625
6036.02587890625,3220.933349609375
6035.39794921875,3222.3291015625
6034.76904296875,3223.72705078125
6034.138671875,3225.126953125
6033.50634765625,3226.529296875
6032.8720703125,3227.93408203125
6032.23486328125,3229.3408203125
6031.59521484375,3230.748779296875
6030.95263671875,3232.15771484375
6030.3095703125,3233.567626953125
6029.66455078125,3234.978759765625
6029.01708984375,3236.390869140625
6028.3896484375,3237.7568359375
6027.73779296875,3239.17041015625
6027.0830078125,3240.583740234375
6026.42431640625,3241.996337890625
6025.76171875,3243.408447265625
6025.09326171875,3244.820068359375
6024.41943359375,3246.231201171875
6023.740234375,3247.642333984375
6023.05615234375,3249.05224609375
6022.36767578125,3250.461669921875
6021.67431640625,3251.869873046875
6020.9765625,3253.276611328125
6020.2724609375,3254.680419921875
6019.56201171875,3256.080810546875
6018.84423828125,3257.47607421875
6018.1162109375,3258.8662109375
6017.37939453125,3260.25341796875
6016.63671875,3261.64013671875
6015.89208984375,3263.0263671875
6015.1455078125,3264.4111328125
6014.39599609375,3265.794189453125
6013.64208984375,3267.175048828125
6012.884765625,3268.552978515625
6012.123046875,3269.927490234375
6011.35546875,3271.298095703125
6010.58056640625,3272.66357421875
6009.7978515625,3274.02294921875
6009.005859375,3275.376220703125
6008.2041015625,3276.72314453125
6007.39404296875,3278.0634765625
6006.57421875,3279.396728515625
6005.74462890625,3280.720947265625
6004.90380859375,3282.03466796875
6004.0791015625,3283.293701171875
6003.185546875,3284.628662109375
6002.33984375,3285.86865234375
6001.45556640625,3287.143798828125
6000.564453125,3288.41259765625
5999.66748046875,3289.67578125
5998.76416015625,3290.932373046875
5997.853515625,3292.181884765625
5996.93603515625,3293.42431640625
5995.94970703125,3294.7421875
5994.76904296875,3296.29833984375
5993.82958984375,3297.520751953125
5992.88427734375,3298.7373046875
5991.93310546875,3299.947509765625
5990.974609375,3301.151123046875
5990.01025390625,3302.34765625
5989.03857421875,3303.536865234375
5988.060546875,3304.71875
5987.0751953125,3305.893310546875
5986.08251953125,3307.060546875
5985.08251953125,3308.22021484375
5984.07470703125,3309.372314453125
5983.0595703125,3310.517822265625
5982.0380859375,3311.65771484375
5981.01123046875,3312.79296875
5979.9794921875,3313.92431640625
5978.94384765625,3315.052490234375
5977.90380859375,3316.177001953125
5976.85888671875,3317.297607421875
5975.80712890625,3318.41259765625
5974.748046875,3319.520263671875
5973.681640625,3320.6201171875
5972.6064453125,3321.711669921875
5971.19775390625,3323.117919921875
5970.1044921875,3324.18994140625
5969.00341796875,3325.253662109375
5967.89501953125,3326.310302734375
5966.78076171875,3327.360595703125
5965.66064453125,3328.406005859375
5964.53564453125,3329.44677734375
5963.40625,3330.483642578125
5962.27197265625,3331.5166015625
5961.13330078125,3332.545166015625
5959.9892578125,3333.5693359375
5958.8408203125,3334.589111328125
5957.68701171875,3335.604736328125
5956.52880859375,3336.615478515625
5955.36572265625,3337.621826171875
5954.19775390625,3338.623291015625
5953.02490234375,3339.618896484375
5951.84619140625,3340.609130859375
5950.662109375,3341.593017578125
5949.47265625,3342.570556640625
5948.27685546875,3343.540771484375
5947.07421875,3344.503173828125
5945.865234375,3345.45703125
5944.6494140625,3346.40283203125
5943.427734375,3347.34130859375
5942.19970703125,3348.273681640625
5940.966796875,3349.200439453125
5939.72900390625,3350.121826171875
5938.48681640625,3351.036865234375
5937.23876953125,3351.945068359375
5935.9853515625,3352.84521484375
5934.7265625,3353.737548828125
5933.4619140625,3354.6220703125
5931.8095703125,3355.761962890625
5930.53369140625,3356.63330078125
5929.25390625,3357.499267578125
5927.970703125,3358.359375
5926.6826171875,3359.21240234375
5925.3896484375,3360.05810546875
5924.09228515625,3360.8974609375
5922.79052734375,3361.73095703125
5921.48486328125,3362.560302734375
5920.1767578125,3363.38671875
5918.8662109375,3364.210693359375
5917.55322265625,3365.03271484375
5916.23876953125,3365.853271484375
5914.9228515625,3366.67333984375
5913.60546875,3367.493408203125
5912.24365234375,3368.34130859375
5910.9697265625,3369.135498046875
5909.6513671875,3369.957763671875
5908.33251953125,3370.78125
5907.013671875,3371.60546875
5905.6943359375,3372.4306640625
5904.33056640625,3373.285400390625
5903.0556640625,3374.087158203125
5901.7373046875,3374.919677734375
5900.42041015625,3375.755859375
5899.10498046875,3376.595703125
5897.79150390625,3377.43994140625
5896.4794921875,3378.288330078125
5895.16943359375,3379.141357421875
5893.86181640625,3379.998779296875
5892.55615234375,3380.861083984375
5891.251953125,3381.72802734375
5889.9501953125,3382.599609375
5888.693359375,3383.44677734375
5887.39501953125,3384.328125
5886.099609375,3385.21435546875
5884.80615234375,3386.105712890625
5883.515625,3387.002685546875
5882.22802734375,3387.90478515625
5880.94189453125,3388.81103515625
5879.65673828125,3389.72119140625
5878.37255859375,3390.634521484375
5877.08837890625,3391.55078125
5875.8056640625,3392.469482421875
5874.5224609375,3393.39013671875
5873.2392578125,3394.3125
5871.9541015625,3395.2353515625
5870.66796875,3396.158203125
5869.38037109375,3397.0810546875
5868.09130859375,3398.003173828125
5866.7998046875,3398.92333984375
5865.50537109375,3399.8408203125
5864.20703125,3400.754638671875
5862.904296875,3401.664306640625
5861.59814453125,3402.57080078125
5860.2880859375,3403.47412109375
5858.9755859375,3404.374755859375
5857.6591796875,3405.27294921875
5856.34033203125,3406.16845703125
5855.0185546875,3407.0615234375
5853.69384765625,3407.952392578125
5852.3662109375,3408.841796875
5851.03662109375,3409.72998046875
5849.705078125,3410.616943359375
5848.37158203125,3411.5029296875
5847.0361328125,3412.387451171875
5845.7431640625,3413.24169921875
5844.4033203125,3414.124755859375
5843.06298828125,3415.0068359375
5841.7216796875,3415.887939453125
5840.3779296875,3416.766845703125
5839.0302734375,3417.64306640625
5837.6787109375,3418.51611328125
5836.32373046875,3419.385986328125
5834.96484375,3420.25244140625
5833.60302734375,3421.11572265625
5832.23779296875,3421.9755859375
5830.86865234375,3422.83203125
5829.49560546875,3423.6845703125
5828.11865234375,3424.5322265625
5826.7373046875,3425.374267578125
5825.35107421875,3426.2099609375
5823.95947265625,3427.038818359375
5822.56298828125,3427.860107421875
5821.16015625,3428.67431640625
5819.75244140625,3429.48193359375
5818.33984375,3430.28271484375
5816.921875,3431.07763671875
5815.49951171875,3431.865234375
5814.072265625,3432.645263671875
5812.63916015625,3433.41552734375
5811.2001953125,3434.175537109375
5809.75537109375,3434.92431640625
5808.3037109375,3435.661865234375
5806.84619140625,3436.38818359375
5805.3818359375,3437.103271484375
5803.91162109375,3437.80810546875
5802.43603515625,3438.50439453125
5800.9560546875,3439.1923828125
5799.5205078125,3439.848388671875
5798.03076171875,3440.51708984375
5796.5361328125,3441.174560546875
5795.0361328125,3441.8212890625
5793.53125,3442.45947265625
5791.9716796875,3443.113525390625
5790.4599609375,3443.743408203125
5788.94677734375,3444.369873046875
5787.431640625,3444.9921875
5785.91259765625,3445.609375
5784.39013671875,3446.220947265625
5782.86474609375,3446.826904296875
5781.33642578125,3447.427001953125
5779.8046875,3448.021484375
5778.26953125,3448.609619140625
5776.7314453125,3449.190673828125
5775.18994140625,3449.765869140625
5773.6455078125,3450.335205078125
5772.09814453125,3450.899169921875
5770.54736328125,3451.456787109375
5768.994140625,3452.007568359375
5767.4375,3452.55078125
5765.87744140625,3453.0859375
5764.314453125,3453.6123046875
5762.74755859375,3454.130126953125
5761.17724609375,3454.640380859375
5759.603515625,3455.144775390625
5758.02685546875,3455.64501953125
5756.4482421875,3456.1416015625
5754.86767578125,3456.634033203125
5753.28515625,3457.121826171875
5751.69970703125,3457.605224609375
5750.1123046875,3458.083984375
5748.5224609375,3458.557861328125
5746.9833984375,3459.011474609375
5745.38916015625,3459.47607421875
5743.79248046875,3459.936279296875
5742.19384765625,3460.39208984375
5740.59326171875,3460.843994140625
5738.990234375,3461.291748046875
5737.3857421875,3461.7353515625
5735.77880859375,3462.17431640625
5734.169921875,3462.609130859375
5732.55859375,3463.039794921875
5730.94580078125,3463.466552734375
5729.3310546875,3463.8896484375
5727.71435546875,3464.309814453125
5726.09619140625,3464.7275390625
5724.47607421875,3465.144287109375
5722.85546875,3465.560791015625
5721.23388671875,3465.977783203125
5719.61181640625,3466.396484375
5717.9892578125,3466.816650390625
5716.3662109375,3467.2392578125
5714.7421875,3467.663818359375
5713.1181640625,3468.0908203125
5711.49365234375,3468.520751953125
5709.86865234375,3468.953369140625
5708.24365234375,3469.388671875
5706.61767578125,3469.82568359375
5704.99072265625,3470.263916015625
5703.36279296875,3470.703125
5701.734375,3471.142822265625
5700.10498046875,3471.58349609375
5698.47509765625,3472.02490234375
5696.8447265625,3472.46728515625
5695.21337890625,3472.91015625
5693.63623046875,3473.3388671875
5692.00341796875,3473.78271484375
5690.369140625,3474.2275390625
5688.734375,3474.673828125
5687.09912109375,3475.121826171875
5685.46337890625,3475.572021484375
5683.828125,3476.02490234375
5682.1923828125,3476.480712890625
5680.556640625,3476.93896484375
5678.92041015625,3477.399658203125
5677.28369140625,3477.862548828125
5675.64697265625,3478.328125
5674.009765625,3478.796142578125
5672.373046875,3479.2666015625
5670.73583984375,3479.7392578125
5669.09814453125,3480.21337890625
5667.4599609375,3480.68896484375
5665.82080078125,3481.1669921875
5664.18212890625,3481.647705078125
5662.54345703125,3482.1318359375
5660.90576171875,3482.61962890625
5659.2685546875,3483.111572265625
5657.63232421875,3483.608642578125
5655.99755859375,3484.111083984375
5654.3095703125,3484.635986328125
5652.73046875,3485.13134765625
5651.09716796875,3485.647216796875
5649.46435546875,3486.1669921875
5647.83203125,3486.68994140625
5646.2001953125,3487.216796875
5644.5693359375,3487.747802734375
5642.939453125,3488.283203125
5641.310546875,3488.8232421875
5639.73681640625,3489.349609375
5638.10888671875,3489.898193359375
5636.4814453125,3490.4501953125
5634.8544921875,3491.005859375
5633.2275390625,3491.56494140625
5631.60107421875,3492.12744140625
5629.9755859375,3492.693603515625
5628.3515625,3493.264404296875
5626.72802734375,3493.83935546875
5625.1064453125,3494.419189453125
5623.4853515625,3495.00341796875
5621.86572265625,3495.591796875
5620.24658203125,3496.183837890625
5618.62841796875,3496.779296875
5617.01025390625,3497.377685546875
5615.392578125,3497.978271484375
5613.77490234375,3498.580322265625
5612.1572265625,3499.183837890625
5610.53955078125,3499.7880859375
5608.921875,3500.393310546875
5607.3037109375,3500.999755859375
5605.685546875,3501.60693359375
5604.06689453125,3502.215087890625
5602.447265625,3502.82421875
5600.82763671875,3503.43408203125
5599.20751953125,3504.045166015625
5597.5888671875,3504.6572265625
5595.97119140625,3505.27001953125
5594.35546875,3505.8837890625
5592.74072265625,3506.49853515625
5591.1279296875,3507.1142578125
5589.51708984375,3507.731201171875
5587.90771484375,3508.34912109375
5586.2998046875,3508.968505859375
5584.7470703125,3509.568115234375
5583.14013671875,3510.1904296875
5581.53173828125,3510.814208984375
5579.923828125,3511.439208984375
5578.31591796875,3512.0654296875
5576.70849609375,3512.692626953125
5575.1015625,3513.320068359375
5573.494140625,3513.94775390625
5571.88671875,3514.574951171875
5570.27880859375,3515.200927734375
5568.669921875,3515.82568359375
5567.060546875,3516.448486328125
5565.44921875,3517.0693359375
5563.8369140625,3517.687744140625
5562.2236328125,3518.30322265625
5560.60888671875,3518.915283203125
5558.9921875,3519.52294921875
5557.3740234375,3520.126220703125
5555.75341796875,3520.725341796875
5554.1318359375,3521.320556640625
5552.5078125,3521.912109375
5550.8828125,3522.49951171875
5549.25634765625,3523.082275390625
5547.62744140625,3523.6591796875
5545.9970703125,3524.23046875
5544.3642578125,3524.795166015625
5542.72900390625,3525.353515625
5541.091796875,3525.90478515625
5539.45263671875,3526.4482421875
5537.81103515625,3526.983642578125
5536.1669921875,3527.511474609375
5534.521484375,3528.031494140625
5532.8740234375,3528.544189453125
5531.28125,3529.033203125
5529.6357421875,3529.53173828125
5527.994140625,3530.0224609375
5526.3564453125,3530.505126953125
5524.72412109375,3530.98046875
5523.0966796875,3531.44873046875
5521.47412109375,3531.911376953125
5519.85693359375,3532.368408203125
5518.24560546875,3532.820068359375
5516.6396484375,3533.265625
5515.03857421875,3533.704833984375
5513.443359375,3534.136962890625
5511.853515625,3534.5615234375
5510.27001953125,3534.978515625
5508.6923828125,3535.386962890625
5507.12060546875,3535.786376953125
5505.5546875,3536.17626953125
5503.994140625,3536.556396484375
5502.43896484375,3536.92724609375
5500.88916015625,3537.2900390625
5499.34375,3537.645263671875
5497.80419921875,3537.992431640625
5496.2705078125,3538.33056640625
5494.7431640625,3538.6591796875
5493.22216796875,3538.97705078125
5491.70703125,3539.284912109375
5490.19775390625,3539.584228515625
5488.69384765625,3539.876708984375
5487.1953125,3540.163818359375
5485.70263671875,3540.44580078125
5484.21728515625,3540.72314453125
5482.73876953125,3540.994384765625
5480.77880859375,3541.345458984375
5478.8779296875,3541.67431640625
5476.93701171875,3541.997314453125
5475.00537109375,3542.305908203125
5473.0830078125,3542.601318359375
5471.1689453125,3542.884521484375
5469.263671875,3543.155517578125
5467.3671875,3543.412841796875
5465.47998046875,3543.6552734375
5463.60205078125,3543.881591796875
5461.73388671875,3544.091796875
5459.8759765625,3544.283935546875
5458.02734375,3544.45703125
5456.18701171875,3544.611328125
5454.35498046875,3544.748291015625
5452.5302734375,3544.870361328125
5450.7119140625,3544.978271484375
5448.900390625,3545.071533203125
5447.09326171875,3545.148681640625
5445.2890625,3545.208984375
5443.4873046875,3545.251708984375
5441.6875,3545.275634765625
5439.8916015625,3545.2802734375
5438.099609375,3545.266357421875
5436.3125,3545.234375
5434.53125,3545.183837890625
5432.80078125,3545.11572265625
5431.033203125,3545.025390625
5429.27197265625,3544.91357421875
5427.51513671875,3544.781494140625
5425.7626953125,3544.63037109375
5424.01513671875,3544.46044921875
5422.2734375,3544.270263671875
5420.53759765625,3544.058349609375
5418.76611328125,3543.815673828125
5417.00146484375,3543.5478515625
5415.45703125,3543.2939453125
5413.83056640625,3543.009765625
5411.99609375,3542.66845703125
5410.3388671875,3542.338623046875
5408.60498046875,3541.9677734375
5406.92333984375,3541.57958984375
5405.166015625,3541.1435546875
5403.58349609375,3540.726318359375
5401.88330078125,3540.255126953125
5400.31494140625,3539.7998046875
5398.6337890625,3539.2861328125
5397.00634765625,3538.7607421875
5395.4326171875,3538.223876953125
5393.791015625,3537.634765625
5392.2021484375,3537.038330078125
5390.6640625,3536.437255859375
5389.1357421875,3535.818603515625
5387.54052734375,3535.150634765625
5385.994140625,3534.482177734375
5384.4951171875,3533.814697265625
5382.9287109375,3533.09619140625
5381.40869140625,3532.377685546875
5379.8603515625,3531.623046875
5378.3583984375,3530.86865234375
5376.86474609375,3530.097412109375
5375.37939453125,3529.31005859375
5373.90234375,3528.5068359375
5372.4345703125,3527.68701171875
5370.97705078125,3526.849853515625
5369.5302734375,3525.99560546875
5368.0947265625,3525.12451171875
5366.669921875,3524.236572265625
5365.25537109375,3523.332763671875
5363.8515625,3522.413330078125
5362.458984375,3521.4775390625
5361.07763671875,3520.52587890625
5359.708984375,3519.557373046875
5358.35302734375,3518.572021484375
5357.0087890625,3517.570556640625
5355.6767578125,3516.553466796875
5354.38916015625,3515.547607421875
5353.0810546875,3514.50048828125
5351.7880859375,3513.439208984375
5350.50927734375,3512.3642578125
5349.24462890625,3511.27734375
5347.99169921875,3510.179931640625
5346.7509765625,3509.072509765625
5345.52197265625,3507.95556640625
5344.30224609375,3506.826904296875
5343.0927734375,3505.68701171875
5341.89697265625,3504.5380859375
5340.71484375,3503.382568359375
5339.54541015625,3502.22412109375
5338.38818359375,3501.067138671875
5337.2421875,3499.9150390625
5336.1064453125,3498.7705078125
5334.9814453125,3497.635498046875
5333.865234375,3496.51025390625
5332.75634765625,3495.395263671875
5331.654296875,3494.291015625
5330.55859375,3493.19921875
5329.46875,3492.12255859375
5328.38427734375,3491.06201171875
5327.30322265625,3490.016357421875
5325.95751953125,3488.728271484375
5324.6435546875,3487.484375
5323.30810546875,3486.235107421875
5321.97607421875,3485.00830078125
5320.6455078125,3483.80419921875
5319.31494140625,3482.623291015625
5317.98291015625,3481.464111328125
5316.64697265625,3480.3251953125
5315.30322265625,3479.206298828125
5313.94873046875,3478.108642578125
5312.58447265625,3477.03271484375
5311.20947265625,3475.978759765625
5309.82421875,3474.94775390625
5308.4287109375,3473.940185546875
5307.02197265625,3472.954833984375
5305.603515625,3471.991455078125
5304.17333984375,3471.050537109375
5302.73291015625,3470.132080078125
5301.283203125,3469.2373046875
5299.82568359375,3468.366455078125
5298.35986328125,3467.519775390625
5296.91357421875,3466.713623046875
5295.42724609375,3465.9140625
5293.93017578125,3465.1376953125
5292.423828125,3464.38671875
5290.9111328125,3463.6611328125
5289.39306640625,3462.963134765625
5287.869140625,3462.2919921875
5286.3408203125,3461.64990234375
5284.8076171875,3461.036865234375
5283.27001953125,3460.449462890625
5281.72900390625,3459.88720703125
5280.185546875,3459.3505859375
5278.6396484375,3458.843505859375
5277.0888671875,3458.3662109375
5275.5322265625,3457.91796875
5273.9677734375,3457.496337890625
5272.39599609375,3457.10009765625
5270.81640625,3456.728759765625
5269.2294921875,3456.381591796875
5267.6357421875,3456.060546875
5266.06787109375,3455.772216796875
5264.4619140625,3455.50634765625
5262.85009765625,3455.27001953125
5261.2333984375,3455.062255859375
5259.61376953125,3454.8818359375
5257.9931640625,3454.728515625
5256.37109375,3454.602294921875
5254.7470703125,3454.503173828125
5253.12060546875,3454.43212890625
5251.49072265625,3454.38818359375
5249.85888671875,3454.37109375
5248.22509765625,3454.380615234375
5246.58935546875,3454.416015625
5244.95263671875,3454.47705078125
5243.31494140625,3454.5634765625
5241.6767578125,3454.67578125
5240.04052734375,3454.814697265625
5238.40625,3454.979736328125
5236.775390625,3455.171142578125
5235.146484375,3455.387939453125
5233.552734375,3455.625
5231.9287109375,3455.892333984375
5230.30712890625,3456.1865234375
5228.68896484375,3456.50732421875
5227.07470703125,3456.855224609375
5225.46337890625,3457.228271484375
5223.7919921875,3457.641845703125
5222.22216796875,3458.054443359375
5220.5966796875,3458.508056640625
5219.01123046875,3458.9775390625
5217.46337890625,3459.4609375
5215.85791015625,3459.98876953125
5214.2890625,3460.53076171875
5212.75732421875,3461.0849609375
5211.16796875,3461.68603515625
5209.61474609375,3462.298095703125
5208.06689453125,3462.932373046875
5206.525390625,3463.590087890625
5204.990234375,3464.271240234375
5203.49267578125,3464.961181640625
5201.97021484375,3465.68701171875
5200.48388671875,3466.4169921875
5198.94287109375,3467.197021484375
5197.43896484375,3467.982666015625
5195.970703125,3468.772216796875
5194.44775390625,3469.6123046875
5192.95703125,3470.45068359375
5191.5009765625,3471.287109375
5189.9912109375,3472.1767578125
5188.51611328125,3473.067138671875
5187.07470703125,3473.954833984375
5185.57763671875,3474.89306640625
5184.11181640625,3475.826171875
5182.6767578125,3476.753173828125
5181.185546875,3477.7294921875
5179.724609375,3478.6982421875
5178.294921875,3479.658935546875
5176.8076171875,3480.669921875
5175.349609375,3481.6708984375
5173.9189453125,3482.658935546875
5172.45751953125,3483.67431640625
5171.02392578125,3484.67578125
5169.5302734375,3485.725830078125
5168.064453125,3486.762451171875
5166.62646484375,3487.785400390625
5165.1279296875,3488.857177734375
5163.65625,3489.914794921875
5162.21142578125,3490.955810546875
5160.70263671875,3492.043212890625
5159.21875,3493.111572265625
5157.759765625,3494.1611328125
5156.53515625,3495.04150390625
5155.06689453125,3496.095458984375
5153.83447265625,3496.97900390625
5152.3564453125,3498.03662109375
5151.11572265625,3498.9228515625
5149.6279296875,3499.984375
5148.37890625,3500.87451171875
5145.625,3502.833740234375
5144.3955078125,3503.707275390625
5142.9150390625,3504.756591796875
5141.6455078125,3505.65283203125
5140.40234375,3506.527099609375
5138.8427734375,3507.620849609375
5137.59033203125,3508.4970703125
5136.01904296875,3509.5927734375
5134.7578125,3510.4697265625
5133.52490234375,3511.325927734375
5132.03466796875,3512.360595703125
5130.763671875,3513.243896484375
5129.52197265625,3514.107421875
5128.21435546875,3515.01806640625
5126.9365234375,3515.909912109375
5125.689453125,3516.78369140625
5124.376953125,3517.70703125
5123.09521484375,3518.61181640625
5121.84521484375,3519.497802734375
5120.5322265625,3520.432373046875
5119.2548828125,3521.346435546875
5118.01416015625,3522.23779296875
5116.71630859375,3523.17333984375
5115.4580078125,3524.083740234375
5114.2119140625,3524.990478515625
5112.9814453125,3525.89306640625
5111.49755859375,3526.993408203125
5110.0146484375,3528.114501953125
5108.5888671875,3529.21337890625
5107.12890625,3530.3515625
5105.72021484375,3531.45947265625
5104.33837890625,3532.556884765625
5102.92822265625,3533.685546875
5101.59521484375,3534.758056640625
5100.28369140625,3535.816650390625
5098.9931640625,3536.8623046875
5097.724609375,3537.89599609375
5096.4765625,3538.919189453125
5095.24951171875,3539.933837890625
5094.044921875,3540.940673828125
5092.86279296875,3541.941162109375
5091.7041015625,3542.936279296875
5090.56982421875,3543.927490234375
5089.24462890625,3545.116455078125
5087.96044921875,3546.31103515625
5086.7314453125,3547.497802734375
5085.5087890625,3548.71826171875
5084.314453125,3549.95556640625
5083.1513671875,3551.212158203125
5082.02001953125,3552.489013671875
5080.919921875,3553.78564453125
5079.85205078125,3555.102294921875
5078.81884765625,3556.438720703125
5077.8232421875,3557.79541015625
5076.86962890625,3559.173095703125
5075.96337890625,3560.5732421875
5075.10498046875,3561.994873046875
5074.2890625,3563.434326171875
5073.51318359375,3564.88916015625
5072.77783203125,3566.35888671875
5072.0830078125,3567.844482421875
5071.427734375,3569.345947265625
5070.826171875,3570.83837890625
5070.27099609375,3572.374755859375
5069.77197265625,3573.931884765625
5069.3203125,3575.507568359375
5068.91064453125,3577.098876953125
5068.5478515625,3578.703125
5068.2314453125,3580.3212890625
5067.95654296875,3581.951416015625
5067.7216796875,3583.59228515625
5067.53271484375,3585.24267578125
5067.39892578125,3586.899169921875
5067.33056640625,3588.55615234375
5067.3291015625,3590.211669921875
5067.38330078125,3591.893310546875
5067.482421875,3593.544921875
5067.6396484375,3595.21630859375
5067.87744140625,3596.928466796875
5068.185546875,3598.575439453125
5068.5322265625,3600.1640625
5068.91796875,3601.7724609375
5069.3115234375,3603.2392578125
5069.7802734375,3604.775146484375
5070.32421875,3606.3486328125
5070.91796875,3607.90625
5071.54833984375,3609.449951171875
5072.22314453125,3610.982177734375
5072.94970703125,3612.495849609375
5073.7197265625,3613.9951171875
5074.5126953125,3615.487548828125
5075.326171875,3616.974853515625
5076.1689453125,3618.45751953125
5077.03564453125,3619.93798828125
5077.91943359375,3621.41796875
5078.81103515625,3622.870361328125
5079.7529296875,3624.338134765625
5080.728515625,3625.7958984375
5081.73046875,3627.247802734375
5082.7490234375,3628.69970703125
5083.7802734375,3630.154541015625
5084.82763671875,3631.609375
5085.71533203125,3632.8193359375
5086.61767578125,3634.026123046875
5087.53466796875,3635.230224609375
5088.6533203125,3636.671630859375
5089.79345703125,3638.1083984375
5090.74169921875,3639.276611328125
5091.74609375,3640.48583984375
5092.74951171875,3641.663818359375
5093.751953125,3642.810302734375
5094.8154296875,3643.994873046875
5095.87451171875,3645.150634765625
5096.92626953125,3646.279296875
5098.01220703125,3647.42724609375
5099.11279296875,3648.5703125
5100.2294921875,3649.70703125
5101.3623046875,3650.83740234375
5102.48779296875,3651.938720703125
5103.67431640625,3653.078369140625
5104.85302734375,3654.1904296875
5106.021484375,3655.27490234375
5107.25146484375,3656.39794921875
5108.47265625,3657.4921875
5109.708984375,3658.578125
5110.96142578125,3659.65478515625
5112.23095703125,3660.721435546875
5113.49169921875,3661.755126953125
5114.82275390625,3662.817138671875
5116.14697265625,3663.84375
5117.4892578125,3664.8564453125
5118.8486328125,3665.85693359375
5120.2236328125,3666.84521484375
5121.61572265625,3667.81982421875
5122.99658203125,3668.7607421875
5124.39306640625,3669.6884765625
5125.86181640625,3670.642333984375
5127.3154296875,3671.567138671875
5128.7529296875,3672.46435546875
5130.26171875,3673.38916015625
5131.75341796875,3674.287109375
5133.2265625,3675.158935546875
5134.77197265625,3676.057861328125
5136.298828125,3676.9306640625
5137.80615234375,3677.77783203125
5139.38720703125,3678.65185546875
5140.947265625,3679.5029296875
5142.5166015625,3680.349609375
5144.0947265625,3681.192626953125
5145.68212890625,3682.031005859375
5147.27880859375,3682.864990234375
5148.88525390625,3683.69482421875
5150.50048828125,3684.519775390625
5152.09228515625,3685.32373046875
5153.7255859375,3686.138671875
5155.36376953125,3686.944580078125
5157.005859375,3687.740478515625
5158.65234375,3688.525146484375
5160.27099609375,3689.28271484375
5161.96142578125,3690.058837890625
5163.62890625,3690.811279296875
5165.27587890625,3691.54150390625
5166.6611328125,3692.146484375
5168.35986328125,3692.878662109375
5170.0673828125,3693.60498046875
5171.783203125,3694.326904296875
5173.50732421875,3695.043701171875
5175.23974609375,3695.756103515625
5176.6318359375,3696.3232421875
5178.029296875,3696.88818359375
5179.431640625,3697.45166015625
5180.83837890625,3698.013671875
5182.25,3698.57470703125
5183.666015625,3699.134521484375
5185.0869140625,3699.69287109375
5186.833984375,3700.374755859375
5188.26513671875,3700.929931640625
5189.70068359375,3701.483642578125
5191.14111328125,3702.0361328125
5192.5859375,3702.58740234375
5194.03564453125,3703.137451171875
5195.48974609375,3703.686767578125
5196.94775390625,3704.23486328125
5198.41015625,3704.781982421875
5199.876953125,3705.32763671875
5201.3486328125,3705.871826171875
5202.82421875,3706.414794921875
5204.30419921875,3706.95654296875
5205.78857421875,3707.49755859375
5207.27685546875,3708.038330078125
5208.7685546875,3708.579345703125
5210.26416015625,3709.12060546875
5211.763671875,3709.662109375
5213.26611328125,3710.2041015625
5214.7724609375,3710.74658203125
5216.28173828125,3711.28955078125
5217.79443359375,3711.833251953125
5219.31103515625,3712.377685546875
5220.830078125,3712.92236328125
5222.3525390625,3713.46728515625
5223.8408203125,3713.998779296875
5225.3701171875,3714.54443359375
5226.9033203125,3715.090576171875
5228.43896484375,3715.6376953125
5229.9775390625,3716.185302734375
5231.51953125,3716.733154296875
5233.06396484375,3717.281005859375
5234.611328125,3717.828857421875
5236.16162109375,3718.377685546875
5237.71533203125,3718.927734375
5239.27197265625,3719.478515625
5240.83154296875,3720.029296875
5242.39404296875,3720.580322265625
5243.95947265625,3721.130859375
5245.52734375,3721.681396484375
5247.09814453125,3722.23193359375
5248.671875,3722.78173828125
5250.24951171875,3723.330322265625
5251.82958984375,3723.876708984375
5253.41357421875,3724.420166015625
5255.00048828125,3724.960693359375
5256.591796875,3725.498291015625
5258.18603515625,3726.033447265625
5259.783203125,3726.56640625
5261.3837890625,3727.096923828125
5262.9462890625,3727.611083984375
5264.55224609375,3728.135498046875
5266.16162109375,3728.656982421875
5267.77294921875,3729.176513671875
5269.38720703125,3729.693603515625
5271.00341796875,3730.2080078125
5272.6220703125,3730.719482421875
5274.24267578125,3731.228515625
5275.86572265625,3731.735595703125
5277.49072265625,3732.2421875
5279.11767578125,3732.748291015625
5280.74609375,3733.254150390625
5282.37646484375,3733.75927734375
5284.0078125,3734.26416015625
5285.64111328125,3734.76904296875
5287.275390625,3735.2744140625
5288.9111328125,3735.780029296875
5290.54833984375,3736.2861328125
5292.1865234375,3736.7919921875
5293.82568359375,3737.297607421875
5295.46484375,3737.802978515625
5297.1005859375,3738.307373046875
5298.73095703125,3738.810791015625
5300.3544921875,3739.3125
5301.96826171875,3739.812744140625
5303.5322265625,3740.299072265625
5305.125,3740.797607421875
5306.70703125,3741.297119140625
5308.27685546875,3741.799560546875
5309.83544921875,3742.306640625
5311.3828125,3742.818115234375
5312.9189453125,3743.33447265625
5314.4423828125,3743.857177734375
5315.95263671875,3744.387451171875
5317.4501953125,3744.927734375
5318.9365234375,3745.478515625
5320.412109375,3746.038818359375
5321.87744140625,3746.609130859375
5323.33056640625,3747.191650390625
5324.77197265625,3747.788330078125
5326.201171875,3748.3994140625
5327.61865234375,3749.02490234375
5329.02587890625,3749.66455078125
5330.42333984375,3750.31640625
5331.81298828125,3750.9794921875
5333.19384765625,3751.65283203125
5334.56591796875,3752.33740234375
5335.92822265625,3753.033203125
5337.2802734375,3753.7412109375
5338.62255859375,3754.460693359375
5340.2529296875,3755.358642578125
5341.57275390625,3756.104736328125
5342.8837890625,3756.86376953125
5344.18798828125,3757.6357421875
5345.48779296875,3758.41943359375
5346.78271484375,3759.214111328125
5348.0732421875,3760.02001953125
5349.35693359375,3760.839111328125
5350.630859375,3761.673095703125
5351.89453125,3762.523681640625
5353.14453125,3763.391357421875
5354.38330078125,3764.275390625
5355.61083984375,3765.174072265625
5356.828125,3766.0859375
5358.03369140625,3767.01171875
5359.22705078125,3767.95263671875
5360.4072265625,3768.909423828125
5361.5732421875,3769.8828125
5362.7275390625,3770.871337890625
5363.8701171875,3771.8759765625
5365.00048828125,3772.8955078125
5366.1171875,3773.93017578125
5367.22021484375,3774.98046875
5368.3095703125,3776.045654296875
5369.38818359375,3777.123779296875
5370.6982421875,3778.458740234375
5371.75927734375,3779.5595703125
5372.810546875,3780.671142578125
5373.8505859375,3781.79443359375
5374.87939453125,3782.930419921875
5375.89599609375,3784.07861328125
5376.90478515625,3785.237060546875
5377.90771484375,3786.4033203125
5378.90576171875,3787.574951171875
5379.89697265625,3788.7548828125
5380.88037109375,3789.9453125
5381.85498046875,3791.146484375
5382.81982421875,3792.357421875
5383.775390625,3793.578125
5384.72216796875,3794.808837890625
5385.66015625,3796.048583984375
5386.59130859375,3797.296630859375
5387.515625,3798.552734375
5388.43359375,3799.816162109375
5389.3447265625,3801.087646484375
5390.24755859375,3802.3671875
5391.14208984375,3803.655517578125
5392.02587890625,3804.953125
5392.89892578125,3806.260009765625
5393.76025390625,3807.576904296875
5394.58984375,3808.869873046875
5395.431640625,3810.20458984375
5396.2646484375,3811.54736328125
5397.0888671875,3812.89794921875
5397.90283203125,3814.257080078125
5398.70654296875,3815.624755859375
5399.49755859375,3817.00146484375
5400.27587890625,3818.387451171875
5401.041015625,3819.78271484375
5401.79296875,3821.18701171875
5402.5341796875,3822.599853515625
5403.26611328125,3824.02001953125
5403.98974609375,3825.447265625
5404.7041015625,3826.88134765625
5405.40869140625,3828.322509765625
5406.10205078125,3829.771240234375
5406.78369140625,3831.2275390625
5407.4541015625,3832.691162109375
5408.11328125,3834.162353515625
5408.76171875,3835.640380859375
5409.400390625,3837.125
5410.0302734375,3838.615966796875
5410.65234375,3840.11279296875
5411.267578125,3841.615234375
5411.87744140625,3843.122802734375
5412.46728515625,3844.597412109375
5413.0673828125,3846.114501953125
5413.66064453125,3847.636474609375
5414.24658203125,3849.163818359375
5414.8251953125,3850.696533203125
5415.39697265625,3852.234375
5415.96142578125,3853.777587890625
5416.51953125,3855.32568359375
5417.0693359375,3856.87890625
5417.611328125,3858.437255859375
5418.14501953125,3860.0009765625
5418.67041015625,3861.56982421875
5419.18798828125,3863.1435546875
5419.69873046875,3864.72216796875
5420.2021484375,3866.30517578125
5420.6982421875,3867.892578125
5421.1865234375,3869.484375
5421.66552734375,3871.080322265625
5422.134765625,3872.6806640625
5422.59423828125,3874.285400390625
5423.04248046875,3875.89404296875
5423.478515625,3877.506591796875
5423.9033203125,3879.122802734375
5424.31689453125,3880.74267578125
5424.72119140625,3882.365234375
5425.10595703125,3883.950439453125
5425.490234375,3885.579345703125
5425.86376953125,3887.21142578125
5426.2265625,3888.84716796875
5426.578125,3890.486572265625
5426.9189453125,3892.12939453125
5427.248046875,3893.775146484375
5427.5654296875,3895.424560546875
5427.869140625,3897.077392578125
5428.15869140625,3898.733642578125
5428.43310546875,3900.39306640625
5428.69189453125,3902.054931640625
5428.93603515625,3903.71923828125
5429.166015625,3905.385009765625
5429.38134765625,3907.052490234375
5429.5830078125,3908.721923828125
5429.76904296875,3910.3935546875
5429.939453125,3912.0673828125
5430.09375,3913.743408203125
5430.23095703125,3915.421142578125
5430.35107421875,3917.099853515625
5430.45556640625,3918.779296875
5430.54443359375,3920.45947265625
5430.61962890625,3922.14013671875
5430.681640625,3923.821044921875
5430.72998046875,3925.4599609375
5430.76708984375,3927.14111328125
5430.78955078125,3928.821533203125
5430.796875,3930.501708984375
5430.7880859375,3932.180908203125
5430.76220703125,3933.859130859375
5430.71826171875,3935.5361328125
5430.65576171875,3937.211181640625
5430.57568359375,3938.884033203125
5430.4775390625,3940.55419921875
5430.36181640625,3942.221435546875
5430.2294921875,3943.88623046875
5430.0810546875,3945.5478515625
5429.9169921875,3947.20654296875
5429.73779296875,3948.8623046875
5429.54296875,3950.514404296875
5429.33349609375,3952.16357421875
5429.10888671875,3953.810302734375
5428.87109375,3955.456298828125
5428.6201171875,3957.101806640625
5428.35595703125,3958.74755859375
5428.07666015625,3960.393310546875
5427.78271484375,3962.0390625
5427.47265625,3963.684326171875
5427.14599609375,3965.328857421875
5426.81005859375,3966.93115234375
5426.44775390625,3968.5732421875
5426.06640625,3970.214111328125
5425.66845703125,3971.853515625
5425.25439453125,3973.49169921875
5424.82470703125,3975.12841796875
5424.3779296875,3976.763427734375
5423.91259765625,3978.395751953125
5423.4267578125,3980.02490234375
5422.91943359375,3981.64990234375
5422.3896484375,3983.270751953125
5421.837890625,3984.887451171875
5421.2646484375,3986.499755859375
5420.6708984375,3988.10791015625
5420.0576171875,3989.712158203125
5419.42724609375,3991.313232421875
5418.78125,3992.911376953125
5418.11962890625,3994.50634765625
5417.4423828125,3996.097412109375
5416.74853515625,3997.68408203125
5416.03662109375,3999.265380859375
5415.306640625,4000.8408203125
5414.5576171875,4002.410400390625
5413.79052734375,4003.9736328125
5413.00439453125,4005.5302734375
5412.21875,4007.04052734375
5411.39208984375,4008.58056640625
5410.54345703125,4010.110595703125
5409.67236328125,4011.630615234375
5408.77978515625,4013.140869140625
5407.86669921875,4014.64208984375
5406.93310546875,4016.133544921875
5406.05126953125,4017.50341796875
5405.07666015625,4018.97314453125
5404.0810546875,4020.43115234375
5403.0654296875,4021.879150390625
5402.03125,4023.318115234375
5400.95361328125,4024.783203125
5399.88427734375,4026.201904296875
5398.82470703125,4027.574951171875
5397.72119140625,4028.973876953125
5396.60302734375,4030.364501953125
5395.47119140625,4031.748046875
5394.29736328125,4033.157958984375
5393.16796875,4034.490478515625
5391.9951171875,4035.84814453125
5390.80908203125,4037.197265625
5389.580078125,4038.5712890625
5388.39794921875,4039.8701171875
5387.1728515625,4041.193115234375
5385.93359375,4042.505615234375
5384.6806640625,4043.807861328125
5383.4462890625,4045.067626953125
5382.134765625,4046.381591796875
5380.841796875,4047.65283203125
5379.56884765625,4048.8818359375
5378.216796875,4050.16259765625
5376.88623046875,4051.403076171875
5375.578125,4052.60498046875
5374.19287109375,4053.861328125
5372.8662109375,4055.04833984375
5371.4951171875,4056.25732421875
5370.07861328125,4057.486572265625
5368.68505859375,4058.6748046875
5367.31591796875,4059.8232421875
5365.8642578125,4061.018798828125
5364.4365234375,4062.173828125
5363.0341796875,4063.289306640625
5361.548828125,4064.451171875
5360.08935546875,4065.574462890625
5358.6572265625,4066.660888671875
5357.14208984375,4067.79296875
5355.654296875,4068.886962890625
5354.1943359375,4069.94384765625
5352.650390625,4071.04541015625
5351.17333984375,4072.0849609375
5349.65087890625,4073.14306640625
5348.1591796875,4074.165771484375
5346.5849609375,4075.2294921875
5345.04443359375,4076.255615234375
5343.537109375,4077.24609375
5341.9482421875,4078.2783203125
5340.39404296875,4079.277587890625
5338.8369140625,4080.268310546875
5337.23486328125,4081.27587890625
5335.625,4082.276123046875
5334.0078125,4083.2685546875
5332.34375,4084.27685546875
5330.712890625,4085.253662109375
5329.11474609375,4086.19970703125
5327.51123046875,4087.140625
5325.9033203125,4088.077392578125
5324.29052734375,4089.00927734375
5322.6328125,4089.958740234375
5321.0107421875,4090.880615234375
5319.34326171875,4091.822998046875
5317.71240234375,4092.7412109375
5316.0791015625,4093.657958984375
5314.44287109375,4094.573486328125
5312.7626953125,4095.510009765625
5311.1201171875,4096.42236328125
5309.43310546875,4097.35693359375
5308.11474609375,4098.08544921875
5306.4228515625,4099.0185546875
5304.728515625,4099.95068359375
5303.07275390625,4100.8603515625
5301.4150390625,4101.76953125
5299.7548828125,4102.67919921875
5298.0927734375,4103.58935546875
5296.4287109375,4104.49951171875
5294.76171875,4105.41064453125
5293.0927734375,4106.32275390625
5291.38037109375,4107.25830078125
5289.70751953125,4108.171875
5287.9912109375,4109.109375
5286.314453125,4110.025390625
5284.63623046875,4110.9423828125
5282.91455078125,4111.88330078125
5281.23291015625,4112.8017578125
5279.5068359375,4113.74462890625
5277.7783203125,4114.6875
5276.09033203125,4115.6083984375
5274.400390625,4116.52978515625
5272.70849609375,4117.4521484375
5271.01416015625,4118.375
5269.275390625,4119.32177734375
5267.5341796875,4120.2705078125
5266.216796875,4120.98876953125
5264.89892578125,4121.7080078125
5263.197265625,4122.6376953125
5261.49462890625,4123.5703125
5259.791015625,4124.50537109375
5258.47021484375,4125.232421875
5257.14892578125,4125.96044921875
5255.82666015625,4126.69091796875
5254.4189453125,4127.4697265625
5253.09521484375,4128.203125
5251.72802734375,4128.96240234375
5250.36083984375,4129.72265625
5249.03515625,4130.4609375
5247.70947265625,4131.201171875
5246.3828125,4131.94287109375
5245.05615234375,4132.6865234375
5243.68603515625,4133.4560546875
5242.35888671875,4134.20361328125
5241.03125,4134.953125
5239.703125,4135.705078125
5238.3740234375,4136.45849609375
5236.6162109375,4137.45751953125
5234.8994140625,4138.43505859375
5233.568359375,4139.1943359375
5232.193359375,4139.9794921875
5230.861328125,4140.74169921875
5229.5283203125,4141.5048828125
5227.7646484375,4142.517578125
5226.00048828125,4143.53271484375
5224.2783203125,4144.5263671875
5222.94287109375,4145.29833984375
5221.21826171875,4146.2958984375
5219.880859375,4147.07080078125
5218.54248046875,4147.8466796875
5217.20361328125,4148.6240234375
5215.82080078125,4149.42822265625
5214.48046875,4150.20849609375
5213.1826171875,4150.96484375
5211.84033203125,4151.7470703125
5210.49658203125,4152.5302734375
5209.15234375,4153.314453125
5207.85107421875,4154.07470703125
5206.548828125,4154.8359375
5205.24658203125,4155.59814453125
5203.900390625,4156.38671875
5202.59765625,4157.15087890625
5201.25048828125,4157.94189453125
5199.90185546875,4158.73388671875
5198.50830078125,4159.552734375
5197.2021484375,4160.32080078125
5195.85205078125,4161.1142578125
5194.54443359375,4161.8837890625
5193.23486328125,4162.654296875
5191.880859375,4163.451171875
5190.5693359375,4164.2236328125
5189.2568359375,4164.99658203125
5187.9423828125,4165.77099609375
5186.62890625,4166.544921875
5185.31494140625,4167.31982421875
5184,4168.095703125
5182.68408203125,4168.8720703125
5181.3671875,4169.6494140625
5180.048828125,4170.427734375
5178.72998046875,4171.20703125
5177.40966796875,4171.98828125
5176.08935546875,4172.77001953125
5174.767578125,4173.55224609375
5173.4453125,4174.33544921875
5172.12158203125,4175.119140625
5170.796875,4175.9033203125
5169.47119140625,4176.68798828125
5168.14453125,4177.47314453125
5166.8173828125,4178.25830078125
5165.48876953125,4179.0439453125
5164.1591796875,4179.83056640625
5162.82861328125,4180.61767578125
5161.4970703125,4181.40478515625
5160.16455078125,4182.19287109375
5158.8310546875,4182.98193359375
5157.4970703125,4183.77099609375
5156.16259765625,4184.56103515625
5154.82666015625,4185.3515625
5153.48974609375,4186.14306640625
5152.15234375,4186.93505859375
5150.8134765625,4187.72802734375
5149.4736328125,4188.521484375
5148.13330078125,4189.31591796875
5146.7919921875,4190.111328125
5145.4501953125,4190.90673828125
5144.10791015625,4191.70361328125
5142.7646484375,4192.5009765625
5141.42041015625,4193.29931640625
5140.12060546875,4194.07177734375
5138.77490234375,4194.87158203125
5137.42822265625,4195.67236328125
5136.0810546875,4196.4736328125
5134.73291015625,4197.27587890625
5133.38427734375,4198.0791015625
5132.0341796875,4198.8828125
5130.68359375,4199.6875
5129.33203125,4200.49267578125
5127.97998046875,4201.298828125
5126.626953125,4202.10546875
5125.27294921875,4202.91259765625
5123.91845703125,4203.720703125
5122.56298828125,4204.529296875
5121.20703125,4205.3388671875
5119.85009765625,4206.14892578125
5118.49267578125,4206.9599609375
5117.13427734375,4207.771484375
5115.77490234375,4208.583984375
5114.41455078125,4209.3974609375
5113.05322265625,4210.21142578125
5111.64599609375,4211.05322265625
5110.328125,4211.84130859375
5108.96435546875,4212.65673828125
5107.60009765625,4213.4736328125
5106.23486328125,4214.29052734375
5104.86865234375,4215.1083984375
5103.501953125,4215.9267578125
5102.13427734375,4216.74609375
5100.76611328125,4217.56640625
5099.39697265625,4218.38720703125
5098.02685546875,4219.20849609375
5096.6552734375,4220.03125
5095.283203125,4220.8544921875
5093.91064453125,4221.67822265625
5092.537109375,4222.50244140625
5091.1630859375,4223.32763671875
5089.7880859375,4224.1533203125
5088.412109375,4224.9794921875
5087.03564453125,4225.80712890625
5085.658203125,4226.634765625
5084.2802734375,4227.46337890625
5082.90087890625,4228.2919921875
5081.5205078125,4229.12158203125
5080.1396484375,4229.9521484375
5078.75732421875,4230.78271484375
5077.3740234375,4231.6142578125
5075.990234375,4232.4462890625
5074.60498046875,4233.2783203125
5073.21923828125,4234.11083984375
5071.83251953125,4234.94384765625
5070.44482421875,4235.77734375
5069.05615234375,4236.61083984375
5067.666015625,4237.44482421875
5066.27490234375,4238.27978515625
5064.88330078125,4239.11474609375
5063.490234375,4239.9501953125
5062.09619140625,4240.7861328125
5060.701171875,4241.62255859375
5059.30517578125,4242.458984375
5057.908203125,4243.29638671875
5056.51025390625,4244.1337890625
5055.11181640625,4244.97216796875
5053.7119140625,4245.810546875
5052.3115234375,4246.6494140625
5050.91015625,4247.48876953125
5049.55419921875,4248.30078125
5048.15087890625,4249.1416015625
5046.7939453125,4249.95458984375
5045.341796875,4250.82470703125
5043.935546875,4251.66748046875
5042.5283203125,4252.5107421875
5041.12060546875,4253.35498046875
5039.71240234375,4254.19921875
5038.302734375,4255.04443359375
5036.892578125,4255.890625
5035.48193359375,4256.73681640625
5034.0703125,4257.583984375
5032.65771484375,4258.43212890625
5031.24462890625,4259.28076171875
5029.830078125,4260.1298828125
5028.4150390625,4260.9794921875
5026.99951171875,4261.830078125
5025.58251953125,4262.68115234375
5024.1650390625,4263.533203125
5022.74658203125,4264.3857421875
5021.32763671875,4265.2392578125
5019.9072265625,4266.0927734375
5018.48681640625,4266.947265625
5017.06494140625,4267.802734375
5015.642578125,4268.65869140625
5014.2197265625,4269.515625
5012.7958984375,4270.373046875
5011.37109375,4271.2314453125
5009.9453125,4272.0908203125
5008.5185546875,4272.95068359375
5007.091796875,4273.81103515625
5005.6640625,4274.67236328125
5004.2353515625,4275.53369140625
5002.806640625,4276.39599609375
5001.47216796875,4277.20166015625
5000.0419921875,4278.06591796875
4998.61083984375,4278.9306640625
4997.17919921875,4279.7958984375
4995.69873046875,4280.69091796875
4994.31298828125,4281.529296875
4992.83056640625,4282.42626953125
4991.44384765625,4283.26513671875
4990.01025390625,4284.1328125
4988.57763671875,4285.00048828125
4987.146484375,4285.86767578125
4985.71533203125,4286.73486328125
4984.28515625,4287.60205078125
4982.85546875,4288.46875
4981.4267578125,4289.33544921875
4979.998046875,4290.2021484375
4978.568359375,4291.0693359375
4977.13720703125,4291.9375
4975.70556640625,4292.806640625
4974.2734375,4293.67529296875
4972.84033203125,4294.544921875
4971.40625,4295.41455078125
4969.97119140625,4296.28466796875
4968.53564453125,4297.1552734375
4967.099609375,4298.025390625
4965.66259765625,4298.896484375
4964.224609375,4299.767578125
4962.78662109375,4300.63916015625
4961.34716796875,4301.51123046875
4959.859375,4302.41259765625
4958.466796875,4303.25634765625
4957.025390625,4304.1298828125
4955.58349609375,4305.0029296875
4954.14111328125,4305.876953125
4952.69775390625,4306.7509765625
4951.25439453125,4307.62548828125
4949.810546875,4308.5
4948.365234375,4309.375
4946.91943359375,4310.2509765625
4945.47314453125,4311.126953125
4944.0263671875,4312.00341796875
4942.57861328125,4312.8798828125
4941.130859375,4313.7568359375
4939.68212890625,4314.6337890625
4938.23291015625,4315.51171875
4936.78271484375,4316.39013671875
4935.33154296875,4317.26904296875
4933.8798828125,4318.1484375
4932.42822265625,4319.02734375
4930.97607421875,4319.90673828125
4929.5234375,4320.7861328125
4928.0703125,4321.666015625
4926.61572265625,4322.546875
4925.16015625,4323.427734375
4923.70458984375,4324.30908203125
4922.248046875,4325.18994140625
4920.79150390625,4326.0712890625
4919.333984375,4326.95263671875
4917.8759765625,4327.833984375
4916.4169921875,4328.7158203125
4914.95751953125,4329.5986328125
4913.4970703125,4330.48193359375
4912.0361328125,4331.36474609375
4910.57470703125,4332.248046875
4909.11279296875,4333.13134765625
4907.650390625,4334.01513671875
4906.236328125,4334.869140625
4904.7724609375,4335.75341796875
4903.3076171875,4336.6376953125
4901.84228515625,4337.52197265625
4900.3759765625,4338.40673828125
4898.90966796875,4339.29150390625
4897.44287109375,4340.17626953125
4895.9755859375,4341.06103515625
4894.50830078125,4341.9462890625
4893.03955078125,4342.83203125
4891.57080078125,4343.7177734375
4890.10107421875,4344.60400390625
4888.63037109375,4345.49072265625
4887.15966796875,4346.3779296875
4885.6884765625,4347.2646484375
4884.216796875,4348.15234375
4882.74462890625,4349.04052734375
4881.271484375,4349.9287109375
4879.7978515625,4350.81689453125
4878.32373046875,4351.70556640625
4876.84912109375,4352.59423828125
4875.3740234375,4353.4833984375
4873.89794921875,4354.37255859375
4872.421875,4355.26220703125
4870.94482421875,4356.15185546875
4869.4677734375,4357.04150390625
4867.990234375,4357.931640625
4866.51220703125,4358.82177734375
4865.03369140625,4359.7119140625
4863.5546875,4360.6025390625
4862.07470703125,4361.49365234375
4860.5947265625,4362.384765625
4859.1142578125,4363.2763671875
4857.6328125,4364.16796875
4856.2001953125,4365.0302734375
4854.767578125,4365.89306640625
4853.28466796875,4366.78564453125
4851.80126953125,4367.6787109375
4850.31787109375,4368.57177734375
4848.833984375,4369.46533203125
4847.30029296875,4370.38818359375
4845.865234375,4371.25244140625
4844.3798828125,4372.146484375
4842.89404296875,4373.041015625
4841.40771484375,4373.935546875
4839.9208984375,4374.83056640625
4838.43359375,4375.7255859375
4836.94580078125,4376.62109375
4835.4580078125,4377.5166015625
4833.96923828125,4378.41259765625
4832.48046875,4379.30859375
4830.99072265625,4380.205078125
4829.5009765625,4381.1015625
4828.0107421875,4381.99853515625
4826.52001953125,4382.89501953125
4824.9794921875,4383.822265625
4823.537109375,4384.689453125
4822.044921875,4385.58740234375
4820.501953125,4386.51513671875
4819.00830078125,4387.4130859375
4817.5146484375,4388.31103515625
4816.02001953125,4389.20947265625
4814.525390625,4390.10791015625
4813.02978515625,4391.00634765625
4811.5341796875,4391.90478515625
4810.03759765625,4392.8037109375
4808.5908203125,4393.67236328125
4807.09375,4394.5712890625
4805.595703125,4395.47021484375
4804.09765625,4396.36962890625
4802.5986328125,4397.26953125
4801.099609375,4398.16943359375
4799.60009765625,4399.0693359375
4798.10009765625,4399.96923828125
4796.599609375,4400.869140625
4795.09814453125,4401.76953125
4793.5966796875,4402.66943359375
4792.0947265625,4403.5703125
4790.59228515625,4404.47119140625
4789.0888671875,4405.3720703125
4787.58544921875,4406.2734375
4786.08154296875,4407.17529296875
4784.5771484375,4408.0771484375
4783.072265625,4408.9794921875
4781.5673828125,4409.8818359375
4780.06201171875,4410.78466796875
4778.55615234375,4411.6875
4777.0498046875,4412.5908203125
4775.54345703125,4413.494140625
4774.03662109375,4414.39794921875
4772.529296875,4415.30224609375
4771.021484375,4416.20654296875
4769.51318359375,4417.11181640625
4768.00439453125,4418.01708984375
4766.4951171875,4418.9228515625
4764.9853515625,4419.82861328125
4763.4755859375,4420.734375
4761.96484375,4421.64013671875
4760.4541015625,4422.5458984375
4758.943359375,4423.4521484375
4757.482421875,4424.328125
4755.970703125,4425.23486328125
4754.45849609375,4426.14208984375
4752.94580078125,4427.0498046875
4751.43212890625,4427.95751953125
4749.91748046875,4428.865234375
4748.4033203125,4429.7734375
4746.88818359375,4430.68115234375
4745.37353515625,4431.58935546875
4743.8583984375,4432.49755859375
4742.34326171875,4433.40576171875
4740.8271484375,4434.314453125
4739.31103515625,4435.2236328125
4737.7939453125,4436.13330078125
4736.27685546875,4437.0439453125
4734.7587890625,4437.95458984375
4733.24072265625,4438.86572265625
4731.72265625,4439.77783203125
4730.2041015625,4440.68994140625
4728.685546875,4441.60302734375
4727.1669921875,4442.5166015625
4725.6484375,4443.4306640625
4724.12939453125,4444.345703125
4722.6103515625,4445.26123046875
4721.0908203125,4446.17724609375
4719.5712890625,4447.09375
4718.0517578125,4448.01123046875
4716.53173828125,4448.92919921875
4715.01171875,4449.84716796875
4713.49169921875,4450.76611328125
4711.97119140625,4451.68505859375
4710.4501953125,4452.60498046875
4708.9287109375,4453.525390625
4707.4072265625,4454.44580078125
4705.93603515625,4455.3359375
4704.41357421875,4456.25732421875
4702.89111328125,4457.1787109375
4701.3681640625,4458.1005859375
4699.84423828125,4459.02294921875
4698.32080078125,4459.9453125
4696.79638671875,4460.8681640625
4695.27197265625,4461.79150390625
4693.74755859375,4462.71484375
4692.22216796875,4463.638671875
4690.69677734375,4464.56298828125
4689.17138671875,4465.4873046875
4687.64501953125,4466.412109375
4686.11865234375,4467.33740234375
4684.591796875,4468.26318359375
4683.06494140625,4469.189453125
4681.537109375,4470.11572265625
4680.009765625,4471.04248046875
4678.48193359375,4471.9697265625
4676.95361328125,4472.89697265625
4675.42529296875,4473.82470703125
4673.896484375,4474.7529296875
4672.3671875,4475.68115234375
4670.83740234375,4476.6103515625
4669.3076171875,4477.53955078125
4667.77734375,4478.46923828125
4666.24658203125,4479.39892578125
4664.71533203125,4480.3291015625
4663.18408203125,4481.25927734375
4661.65234375,4482.18994140625
4660.1201171875,4483.12060546875
4658.58740234375,4484.05126953125
4657.05419921875,4484.982421875
4655.572265625,4485.88232421875
4654.0380859375,4486.8134765625
4652.50390625,4487.7451171875
4650.96923828125,4488.6767578125
4649.43408203125,4489.60888671875
4647.8984375,4490.54150390625
4646.36279296875,4491.474609375
4644.82666015625,4492.4072265625
4643.291015625,4493.34033203125
4641.75439453125,4494.27392578125
4640.21728515625,4495.2080078125
4638.67919921875,4496.142578125
4637.14111328125,4497.0771484375
4635.6025390625,4498.01220703125
4634.06396484375,4498.94677734375
4632.525390625,4499.8818359375
4630.986328125,4500.8173828125
4629.447265625,4501.7529296875
4627.90771484375,4502.68896484375
4626.36767578125,4503.625
4624.82763671875,4504.56201171875
4623.28662109375,4505.4990234375
4621.7451171875,4506.4365234375
4620.20361328125,4507.3740234375
4618.66162109375,4508.31201171875
4617.11962890625,4509.25048828125
4615.57666015625,4510.18896484375
4614.03369140625,4511.12841796875
4612.49072265625,4512.06787109375
4610.947265625,4513.0078125
4609.4033203125,4513.94775390625
4607.859375,4514.88818359375
4606.31494140625,4515.82958984375
4604.77001953125,4516.77099609375
4603.2763671875,4517.68115234375
4601.7314453125,4518.62255859375
4600.1865234375,4519.564453125
4598.6416015625,4520.50634765625
4597.09619140625,4521.44873046875
4595.54931640625,4522.39208984375
4594.00244140625,4523.33544921875
4592.45458984375,4524.27880859375
4590.90673828125,4525.22265625
4589.35888671875,4526.16650390625
4587.81103515625,4527.1103515625
4586.26220703125,4528.0546875
4584.71337890625,4528.9990234375
4583.1640625,4529.94384765625
4581.61376953125,4530.88916015625
4580.0634765625,4531.83447265625
4578.5126953125,4532.77978515625
4576.96142578125,4533.7255859375
4575.40966796875,4534.67138671875
4573.85791015625,4535.61767578125
4572.30615234375,4536.56396484375
4570.75390625,4537.51025390625
4569.201171875,4538.45703125
4567.6484375,4539.404296875
4566.0947265625,4540.3515625
4564.541015625,4541.298828125
4562.98681640625,4542.24658203125
4561.43212890625,4543.19482421875
4559.876953125,4544.14306640625
4558.32177734375,4545.09130859375
4556.76611328125,4546.04052734375
4555.2099609375,4546.9892578125
4553.65380859375,4547.93896484375
4552.1494140625,4548.8564453125
4550.5927734375,4549.80615234375
4549.03515625,4550.755859375
4547.4775390625,4551.7060546875
4545.91943359375,4552.65673828125
4544.3603515625,4553.60791015625
4542.80126953125,4554.55908203125
4541.24169921875,4555.5107421875
4539.68212890625,4556.4619140625
4538.1220703125,4557.41357421875
4536.56201171875,4558.365234375
4535.00146484375,4559.31787109375
4533.44091796875,4560.27001953125
4531.87939453125,4561.22265625
4530.31787109375,4562.17578125
4528.75634765625,4563.12890625
4527.19384765625,4564.08251953125
4525.630859375,4565.0361328125
4524.06787109375,4565.98974609375
4522.5048828125,4566.94384765625
4520.94189453125,4567.8974609375
4519.37841796875,4568.8515625
4517.814453125,4569.80615234375
4516.24951171875,4570.76171875
4514.68408203125,4571.71728515625
4513.11865234375,4572.67333984375
4511.552734375,4573.62890625
4509.98681640625,4574.5849609375
4508.4208984375,4575.541015625
4506.8544921875,4576.49755859375
4505.28759765625,4577.4541015625
4503.72021484375,4578.4111328125
4502.15234375,4579.3681640625
4500.63671875,4580.2939453125
4499.06787109375,4581.25146484375
4497.4990234375,4582.20947265625
4495.93017578125,4583.16748046875
4494.361328125,4584.12548828125
4492.7919921875,4585.083984375
4491.2216796875,4586.04296875
4489.6513671875,4587.001953125
4488.08056640625,4587.96142578125
4486.51025390625,4588.9208984375
4484.939453125,4589.88037109375
4483.3681640625,4590.84033203125
4481.7958984375,4591.80078125
4480.2236328125,4592.76171875
4478.65087890625,4593.72265625
4477.07763671875,4594.68408203125
4475.50439453125,4595.64599609375
4473.9306640625,4596.607421875
4472.3564453125,4597.5693359375
4470.78271484375,4598.53125
4469.20849609375,4599.49365234375
4467.6337890625,4600.45556640625
4466.05908203125,4601.41845703125
4464.48388671875,4602.38134765625
4462.908203125,4603.3447265625
4461.33203125,4604.30859375
4459.75537109375,4605.2724609375
4458.177734375,4606.23681640625
4456.6005859375,4607.201171875
4455.0224609375,4608.16552734375
4453.44482421875,4609.1298828125
4451.86669921875,4610.0947265625
4450.2880859375,4611.0595703125
4448.76220703125,4611.99267578125
4447.18310546875,4612.9580078125
4445.60400390625,4613.923828125
4444.0244140625,4614.89013671875
4442.4443359375,4615.8564453125
4440.86376953125,4616.8232421875
4439.28271484375,4617.7900390625
4437.70166015625,4618.75732421875
4436.1201171875,4619.724609375
4434.5380859375,4620.6923828125
4432.9560546875,4621.66064453125
4431.3740234375,4622.62939453125
4429.791015625,4623.59814453125
4428.20849609375,4624.5673828125
4426.62548828125,4625.5361328125
4425.04345703125,4626.50537109375
4423.4609375,4627.47509765625
4421.8779296875,4628.44482421875
4420.294921875,4629.41552734375
4418.71142578125,4630.38671875
4417.1279296875,4631.3583984375
4415.54443359375,4632.330078125
4413.9609375,4633.30224609375
4412.37744140625,4634.27490234375
4410.79345703125,4635.248046875
4409.20849609375,4636.2216796875
4407.6240234375,4637.19580078125
4406.03857421875,4638.169921875
4404.453125,4639.14453125
4402.8671875,4640.11962890625
4401.28173828125,4641.0947265625
4399.69580078125,4642.0703125
4398.10986328125,4643.04638671875
4396.5234375,4644.02294921875
4394.990234375,4644.96728515625
4393.40380859375,4645.9443359375
4391.81689453125,4646.921875
4390.23046875,4647.900390625
4388.6435546875,4648.87841796875
4387.05712890625,4649.857421875
4385.470703125,4650.83642578125
4383.8837890625,4651.81591796875
4382.29736328125,4652.7958984375
4380.71044921875,4653.7763671875
4379.123046875,4654.75732421875
4377.53564453125,4655.73876953125
4375.9482421875,4656.720703125
4374.3603515625,4657.70263671875
4372.7724609375,4658.68505859375
4371.1845703125,4659.66796875
4369.5966796875,4660.65087890625
4368.00927734375,4661.63427734375
4366.42138671875,4662.61767578125
4364.8330078125,4663.60205078125
4363.24462890625,4664.58642578125
4361.65625,4665.57080078125
4360.0673828125,4666.5556640625
4358.478515625,4667.54052734375
4356.8896484375,4668.52587890625
4355.30078125,4669.5107421875
4353.71142578125,4670.49609375
4352.1220703125,4671.4814453125
4350.53173828125,4672.46728515625
4348.94140625,4673.45361328125
4347.3505859375,4674.43994140625
4345.75927734375,4675.42626953125
4344.16796875,4676.41259765625
4342.62939453125,4677.36669921875
4341.0380859375,4678.35302734375
4339.4462890625,4679.33984375
4337.85498046875,4680.32666015625
4336.26318359375,4681.3134765625
4334.67138671875,4682.30029296875
4333.07958984375,4683.28759765625
4331.4873046875,4684.2744140625
4329.8955078125,4685.26171875
4328.30322265625,4686.24951171875
4326.7109375,4687.2373046875
4325.11767578125,4688.22509765625
4323.52490234375,4689.21337890625
4321.93212890625,4690.20166015625
4320.3388671875,4691.1904296875
4318.74560546875,4692.17919921875
4317.15283203125,4693.16796875
4315.5595703125,4694.15673828125
4313.9658203125,4695.14599609375
4312.37255859375,4696.13525390625
4310.7783203125,4697.125
4309.18408203125,4698.11474609375
4307.58984375,4699.1044921875
4305.99560546875,4700.09423828125
4304.40087890625,4701.083984375
4302.806640625,4702.07373046875
4301.2119140625,4703.0634765625
4299.6171875,4704.05322265625
4298.02197265625,4705.04345703125
4296.4267578125,4706.033203125
4294.8310546875,4707.02294921875
4293.23583984375,4708.01318359375
4291.6396484375,4709.0029296875
4290.09716796875,4709.9599609375
4288.501953125,4710.9501953125
4286.90625,4711.9404296875
4285.31005859375,4712.9306640625
4283.71337890625,4713.9208984375
4282.11669921875,4714.91162109375
4280.51953125,4715.90185546875
4278.9228515625,4716.8916015625
4277.32568359375,4717.88134765625
4275.728515625,4718.87109375
4274.13134765625,4719.86083984375
4272.53369140625,4720.85107421875
4270.93603515625,4721.8408203125
4269.33740234375,4722.83056640625
4267.7392578125,4723.8203125
4266.140625,4724.8095703125
4264.54150390625,4725.79931640625
4262.9423828125,4726.78857421875
4261.3427734375,4727.77783203125
4259.7431640625,4728.76708984375
4258.1435546875,4729.75634765625
4256.5439453125,4730.74560546875
4254.9443359375,4731.734375
4253.34521484375,4732.72265625
4251.74609375,4733.71142578125
4250.146484375,4734.69970703125
4248.5478515625,4735.6884765625
4246.94921875,4736.67724609375
4245.35009765625,4737.666015625
4243.75048828125,4738.65478515625
4242.1513671875,4739.64404296875
4240.55126953125,4740.63330078125
4238.95068359375,4741.623046875
4237.3505859375,4742.6123046875
4235.8037109375,4743.568359375
4234.20361328125,4744.5576171875
4232.60400390625,4745.54638671875
4231.00439453125,4746.53515625
4229.404296875,4747.52392578125
4227.8046875,4748.5126953125
4226.20458984375,4749.50146484375
4224.6044921875,4750.490234375
4223.00390625,4751.4794921875
4221.4033203125,4752.46826171875
4219.802734375,4753.45751953125
4218.20263671875,4754.44677734375
4216.6025390625,4755.43603515625
4215.00244140625,4756.4248046875
4213.40234375,4757.4140625
4211.802734375,4758.40283203125
4210.203125,4759.39208984375
4208.603515625,4760.38134765625
4207.00341796875,4761.37109375
4205.4033203125,4762.36083984375
4203.802734375,4763.3505859375
4202.20263671875,4764.33984375
4200.60302734375,4765.32958984375
4199.00390625,4766.31884765625
4197.40478515625,4767.30810546875
4195.8056640625,4768.29736328125
4194.20654296875,4769.28662109375
4192.60693359375,4770.27587890625
4191.00732421875,4771.265625
4189.40771484375,4772.25537109375
4187.80810546875,4773.2451171875
4186.208984375,4774.23486328125
4184.60986328125,4775.224609375
4183.06396484375,4776.18115234375
4181.46533203125,4777.1708984375
4179.86669921875,4778.16015625
4178.26806640625,4779.14990234375
4176.66943359375,4780.1396484375
4175.07080078125,4781.12939453125
4173.47265625,4782.119140625
4171.87451171875,4783.10888671875
4170.2763671875,4784.0986328125
4168.67822265625,4785.08837890625
4167.08056640625,4786.078125
4165.482421875,4787.06787109375
4163.884765625,4788.05810546875
4162.287109375,4789.0478515625
4160.689453125,4790.0380859375
4159.091796875,4791.0283203125
4157.494140625,4792.01806640625
4155.896484375,4793.00830078125
4154.298828125,4793.99853515625
4152.70068359375,4794.98876953125
4151.10302734375,4795.97900390625
4149.505859375,4796.96923828125
4147.908203125,4797.95947265625
4146.31103515625,4798.94970703125
4144.7138671875,4799.939453125
4143.1171875,4800.92919921875
4141.5205078125,4801.9189453125
4139.923828125,4802.9091796875
4138.32666015625,4803.89892578125
4136.72998046875,4804.88916015625
4135.13330078125,4805.87890625
4133.53662109375,4806.86865234375
4131.93994140625,4807.85888671875
4130.396484375,4808.81591796875
4128.80029296875,4809.80615234375
4127.2041015625,4810.79638671875
4125.60791015625,4811.78662109375
4124.01171875,4812.77734375
4122.41552734375,4813.767578125
4120.8193359375,4814.7578125
4119.22314453125,4815.748046875
4117.62744140625,4816.73828125
4116.03173828125,4817.728515625
4114.43603515625,4818.71875
4112.8408203125,4819.708984375
4111.24560546875,4820.69970703125
4109.650390625,4821.6904296875
4108.05517578125,4822.6806640625
4106.45947265625,4823.6708984375
4104.8642578125,4824.66162109375
4103.2685546875,4825.65283203125
4101.67333984375,4826.6435546875
4100.078125,4827.63427734375
4098.4833984375,4828.625
4096.888671875,4829.61572265625
4095.29443359375,4830.6064453125
4093.699951171875,4831.59716796875
4092.10546875,4832.587890625
4090.510986328125,4833.5791015625
4088.91650390625,4834.5703125
4087.322021484375,4835.5615234375
4085.7275390625,4836.55322265625
4084.1328125,4837.54443359375
4082.538330078125,4838.5361328125
4080.94384765625,4839.52783203125
4079.349609375,4840.51904296875
4077.755615234375,4841.5107421875
4076.21484375,4842.46923828125
4074.621337890625,4843.46044921875
4073.02783203125,4844.45166015625
4071.434326171875,4845.44287109375
4069.84033203125,4846.4345703125
4068.24658203125,4847.42578125
4066.65283203125,4848.41748046875
4065.059326171875,4849.4091796875
4063.465576171875,4850.40087890625
4061.8720703125,4851.39208984375
4060.27880859375,4852.3837890625
4058.632568359375,4853.40771484375
4057.092529296875,4854.3662109375
4055.4990234375,4855.35791015625
4053.905029296875,4856.349609375
4052.310791015625,4857.341796875
4050.716552734375,4858.3330078125
4049.122314453125,4859.32470703125
4047.5283203125,4860.31591796875
4045.9345703125,4861.30712890625
4044.3408203125,4862.2978515625
4042.7470703125,4863.28857421875
4041.153076171875,4864.27880859375
4039.558837890625,4865.26953125
4037.96435546875,4866.259765625
4036.36962890625,4867.25048828125
4034.7744140625,4868.24072265625
4033.179443359375,4869.2314453125
4031.58447265625,4870.2216796875
4029.989990234375,4871.21142578125
4028.395263671875,4872.201171875
4026.800537109375,4873.1904296875
4025.20556640625,4874.18017578125
4023.66357421875,4875.13671875
4022.068603515625,4876.1259765625
4020.47314453125,4877.115234375
4018.87744140625,4878.10498046875
4017.281494140625,4879.09423828125
4015.68505859375,4880.08349609375
4014.088623046875,4881.0732421875
4012.492919921875,4882.06201171875
4010.89697265625,4883.05029296875
4009.301025390625,4884.03857421875
4007.705078125,4885.0263671875
4006.10888671875,4886.01416015625
4004.51171875,4887.001953125
4002.914306640625,4887.990234375
4001.31689453125,4888.97802734375
3999.719482421875,4889.9658203125
3998.122314453125,4890.9541015625
3996.52490234375,4891.94189453125
3994.92724609375,4892.93017578125
3993.330078125,4893.91796875
3991.733154296875,4894.9052734375
3990.135986328125,4895.89306640625
3988.53857421875,4896.880859375
3986.940673828125,4897.869140625
3985.34228515625,4898.85693359375
3983.743408203125,4899.84521484375
3982.144775390625,4900.8330078125
3980.546142578125,4901.8203125
3978.94775390625,4902.80712890625
3977.349365234375,4903.7939453125
3975.750732421875,4904.78076171875
3974.1513671875,4905.767578125
3972.552001953125,4906.75390625
3970.9521484375,4907.740234375
3969.352294921875,4908.72705078125
3967.751953125,4909.712890625
3966.1513671875,4910.69873046875
3964.551025390625,4911.6845703125
3962.950439453125,4912.669921875
3961.349609375,4913.6552734375
3959.748779296875,4914.64013671875
3958.14794921875,4915.62548828125
3956.546875,4916.6103515625
3954.94580078125,4917.59521484375
3953.344482421875,4918.58056640625
3951.742431640625,4919.5654296875
3950.139892578125,4920.55126953125
3948.53759765625,4921.53662109375
3946.935302734375,4922.52197265625
3945.3330078125,4923.50732421875
3943.73095703125,4924.49267578125
3942.129150390625,4925.4775390625
3940.527099609375,4926.46240234375
3938.92529296875,4927.447265625
3937.322998046875,4928.431640625
3935.720458984375,4929.41650390625
3934.1171875,4930.40185546875
3932.513671875,4931.38720703125
3930.91015625,4932.37255859375
3929.306640625,4933.357421875
3927.703125,4934.34228515625
3926.099853515625,4935.32666015625
3924.49609375,4936.31103515625
3922.892578125,4937.2958984375
3921.288818359375,4938.2802734375
3919.684814453125,4939.26513671875
3918.08056640625,4940.24951171875
3916.529541015625,4941.201171875
3914.9248046875,4942.185546875
3913.320068359375,4943.17041015625
3911.715087890625,4944.154296875
3910.110107421875,4945.138671875
3908.5048828125,4946.123046875
3906.899658203125,4947.10693359375
3905.294677734375,4948.09033203125
3903.689453125,4949.0732421875
3902.083740234375,4950.056640625
3900.47802734375,4951.04052734375
3898.871826171875,4952.0244140625
3897.265625,4953.0078125
3895.658935546875,4953.99169921875
3894.052490234375,4954.97509765625
3892.44580078125,4955.95849609375
3890.839599609375,4956.94140625
3889.2333984375,4957.92431640625
3887.62744140625,4958.90673828125
3886.02099609375,4959.888671875
3884.414306640625,4960.87109375
3882.80712890625,4961.853515625
3881.19970703125,4962.83544921875
3879.59228515625,4963.81787109375
3877.98486328125,4964.7998046875
3876.377197265625,4965.78173828125
3874.769775390625,4966.763671875
3873.161865234375,4967.74560546875
3871.55419921875,4968.7275390625
3869.946533203125,4969.7099609375
3868.33837890625,4970.69189453125
3866.72998046875,4971.67431640625
3865.121337890625,4972.65673828125
3863.61962890625,4973.57373046875
3862.010986328125,4974.556640625
3860.40234375,4975.5390625
3858.7939453125,4976.52099609375
3857.185546875,4977.5029296875
3855.5771484375,4978.4853515625
3853.968994140625,4979.46728515625
3852.36083984375,4980.44873046875
3850.751953125,4981.43115234375
3849.142822265625,4982.4130859375
3847.53369140625,4983.39501953125
3845.92431640625,4984.37744140625
3844.31494140625,4985.359375
3842.705322265625,4986.34130859375
3841.095703125,4987.32373046875
3839.486328125,4988.30517578125
3837.876708984375,4989.287109375
3836.26708984375,4990.2685546875
3834.6572265625,4991.25
3833.046875,4992.23193359375
3831.436279296875,4993.21435546875
3829.825439453125,4994.19677734375
3828.214599609375,4995.1787109375
3826.603759765625,4996.16064453125
3824.9931640625,4997.14208984375
3823.38232421875,4998.123046875
3821.771240234375,4999.1044921875
3820.16015625,5000.0859375
3818.54931640625,5001.0673828125
3816.938232421875,5002.04833984375
3815.326416015625,5003.02880859375
3813.7138671875,5004.01025390625
3812.101318359375,5004.9912109375
3810.488525390625,5005.97265625
3808.875732421875,5006.9541015625
3807.263671875,5007.93505859375
3805.651611328125,5008.91650390625
3804.039794921875,5009.8974609375
3802.427978515625,5010.87841796875
3800.81591796875,5011.859375
3799.203125,5012.84130859375
3797.58984375,5013.82275390625
3795.976318359375,5014.8046875
3794.363037109375,5015.7861328125
3792.749755859375,5016.76806640625
3791.13671875,5017.7490234375
3789.52392578125,5018.72998046875
3787.9111328125,5019.7109375
3786.29833984375,5020.69140625
3784.685302734375,5021.67236328125
3783.07177734375,5022.65380859375
3781.458251953125,5023.634765625
3779.844482421875,5024.615234375
3778.230712890625,5025.59619140625
3776.61669921875,5026.57666015625
3775.0029296875,5027.55712890625
3773.388916015625,5028.537109375
3771.774658203125,5029.517578125
3770.16015625,5030.498046875
3768.5458984375,5031.478515625
3766.931640625,5032.458984375
3765.31689453125,5033.439453125
3763.70166015625,5034.42041015625
3762.0859375,5035.4013671875
3760.469970703125,5036.38232421875
3758.854248046875,5037.36376953125
3757.23876953125,5038.34521484375
3755.6767578125,5039.2939453125
3754.061279296875,5040.27587890625
3752.446044921875,5041.2578125
3750.8310546875,5042.240234375
3749.216064453125,5043.22265625
3747.601318359375,5044.2060546875
3745.98681640625,5045.189453125
3744.3720703125,5046.17333984375
3742.757568359375,5047.15771484375
3741.142822265625,5048.142578125
3739.52783203125,5049.12744140625
3737.912841796875,5050.11279296875
3736.2978515625,5051.0986328125
3734.682861328125,5052.08447265625
3733.06787109375,5053.0712890625
3731.453125,5054.05810546875
3729.838623046875,5055.04541015625
3728.224365234375,5056.033203125
3726.610107421875,5057.02197265625
3724.99658203125,5058.0107421875
3723.383056640625,5059.00048828125
3721.76953125,5059.99072265625
3720.156005859375,5060.98193359375
3718.542724609375,5061.97314453125
3716.929443359375,5062.96533203125
3715.31640625,5063.9580078125
3713.703369140625,5064.951171875
3712.090087890625,5065.94482421875
3710.476806640625,5066.93896484375
3708.86376953125,5067.93408203125
3707.250732421875,5068.92919921875
3705.63818359375,5069.9248046875
3704.026123046875,5070.9208984375
3702.468017578125,5071.884765625
3700.856201171875,5072.88232421875
3699.24462890625,5073.8798828125
3697.63330078125,5074.87890625
3696.021484375,5075.8779296875
3694.40966796875,5076.8779296875
3692.797607421875,5077.8779296875
3691.185791015625,5078.87841796875
3689.573974609375,5079.8798828125
3687.96240234375,5080.88134765625
3686.350830078125,5081.8837890625
3684.7392578125,5082.88671875
3683.128173828125,5083.890625
3681.517333984375,5084.89501953125
3679.9072265625,5085.90087890625
3678.297119140625,5086.9072265625
3676.687744140625,5087.9150390625
3675.07861328125,5088.923828125
3673.469970703125,5089.93359375
3671.86181640625,5090.94482421875
3670.254150390625,5091.95703125
3668.646728515625,5092.970703125
3667.0400390625,5093.98583984375
3665.43408203125,5095.00244140625
3663.829345703125,5096.0205078125
3662.225830078125,5097.041015625
3660.623046875,5098.0625
3659.021484375,5099.08642578125
3657.420654296875,5100.11181640625
3655.820556640625,5101.13916015625
3654.22119140625,5102.16845703125
3652.6220703125,5103.19873046875
3651.02392578125,5104.23095703125
3649.47998046875,5105.22998046875
3647.884033203125,5106.26513671875
3646.289306640625,5107.302734375
3644.695556640625,5108.341796875
3643.1025390625,5109.38330078125
3641.510498046875,5110.42626953125
3639.91943359375,5111.4716796875
3638.329345703125,5112.5185546875
3636.740478515625,5113.5673828125
3635.152587890625,5114.61865234375
3633.566162109375,5115.671875
3631.98095703125,5116.7275390625
3630.397216796875,5117.78564453125
3628.814453125,5118.84619140625
3627.23291015625,5119.90869140625
3625.65283203125,5120.97412109375
3624.07373046875,5122.04150390625
3622.49609375,5123.11083984375
3620.919677734375,5124.18310546875
3619.3447265625,5125.2578125
3617.7705078125,5126.33447265625
3616.19775390625,5127.41357421875
3614.62646484375,5128.4951171875
3613.056640625,5129.5791015625
3611.488037109375,5130.66552734375
3609.921142578125,5131.7548828125
3608.355712890625,5132.8466796875
3606.7919921875,5133.94091796875
3605.229736328125,5135.0380859375
3603.6689453125,5136.1376953125
3602.109619140625,5137.240234375
3600.5517578125,5138.34521484375
3598.994873046875,5139.45263671875
3597.439697265625,5140.5625
3595.937744140625,5141.6376953125
3594.3857421875,5142.75244140625
3592.83544921875,5143.8701171875
3591.28662109375,5144.99072265625
3589.73876953125,5146.11328125
3588.191650390625,5147.23828125
3586.645263671875,5148.36474609375
3585.100830078125,5149.49365234375
3583.55859375,5150.62548828125
3582.0185546875,5151.76025390625
3580.48046875,5152.89892578125
3578.944580078125,5154.04052734375
3577.409912109375,5155.185546875
3575.876220703125,5156.3330078125
3574.34375,5157.482421875
3572.8125,5158.63427734375
3571.283203125,5159.7890625
3569.603271484375,5161.0625
3568.078369140625,5162.22412109375
3566.55615234375,5163.38916015625
3565.036376953125,5164.5576171875
3563.51904296875,5165.72998046875
3562.004150390625,5166.90625
3560.490966796875,5168.0859375
3558.979736328125,5169.26904296875
3557.47021484375,5170.45458984375
3555.96240234375,5171.64306640625
3554.456298828125,5172.83447265625
3552.9521484375,5174.02880859375
3551.450439453125,5175.2265625
3549.950927734375,5176.42724609375
3548.45361328125,5177.63134765625
3546.95849609375,5178.83935546875
3545.515380859375,5180.01025390625
3544.024658203125,5181.224609375
3542.536376953125,5182.4423828125
3541.050048828125,5183.66357421875
3539.566162109375,5184.88818359375
3538.08447265625,5186.11572265625
3536.605712890625,5187.34716796875
3535.12939453125,5188.58251953125
3533.656005859375,5189.8212890625
3532.185302734375,5191.06396484375
3530.716796875,5192.31005859375
3529.250732421875,5193.56005859375
3527.786865234375,5194.81298828125
3526.32568359375,5196.06982421875
3524.866943359375,5197.32958984375
3523.41015625,5198.5927734375
3521.95556640625,5199.85888671875
3520.50390625,5201.12841796875
3519.05517578125,5202.40185546875
3517.609130859375,5203.67919921875
3516.16552734375,5204.9599609375
3514.72509765625,5206.24462890625
3513.287353515625,5207.53271484375
3511.85205078125,5208.82470703125
3510.419189453125,5210.11962890625
3508.988525390625,5211.41796875
3507.560302734375,5212.7197265625
3506.13525390625,5214.02490234375
3504.7138671875,5215.33349609375
3503.2958984375,5216.646484375
3501.881591796875,5217.9638671875
3500.47021484375,5219.28564453125
3499.06103515625,5220.61083984375
3497.70068359375,5221.89453125
3496.295166015625,5223.22509765625
3494.892333984375,5224.55859375
3493.492431640625,5225.89501953125
3492.095703125,5227.2353515625
3490.7021484375,5228.57958984375
3489.3115234375,5229.92724609375
3487.923583984375,5231.27880859375
3486.53857421875,5232.6337890625
3485.15625,5233.9921875
3483.77685546875,5235.35400390625
3482.400146484375,5236.71875
3481.0263671875,5238.0869140625
3479.655029296875,5239.45849609375
3478.2861328125,5240.83349609375
3476.919677734375,5242.21142578125
3475.555419921875,5243.591796875
3474.193115234375,5244.97509765625
3472.8330078125,5246.361328125
3471.47509765625,5247.75
3470.119384765625,5249.1416015625
3468.76611328125,5250.5361328125
3467.4150390625,5251.93310546875
3466.066650390625,5253.33349609375
3464.721435546875,5254.73681640625
3463.379638671875,5256.1435546875
3462.04150390625,5257.55419921875
3460.707275390625,5258.96826171875
3459.376220703125,5260.38671875
3458.046875,5261.80859375
3456.718994140625,5263.232421875
3455.392822265625,5264.658203125
3454.068603515625,5266.0859375
3452.74609375,5267.5166015625
3451.469970703125,5268.90185546875
3450.152587890625,5270.337890625
3448.837890625,5271.77734375
3447.525390625,5273.21923828125
3446.21484375,5274.6640625
3444.90673828125,5276.111328125
3443.601318359375,5277.5615234375
3442.29931640625,5279.01513671875
3441.001220703125,5280.47265625
3439.6640625,5281.982421875
3438.41650390625,5283.3984375
3437.12890625,5284.8671875
3435.8447265625,5286.3388671875
3434.563232421875,5287.814453125
3433.284912109375,5289.29248046875
3432.00927734375,5290.77392578125
3430.73583984375,5292.2578125
3429.464111328125,5293.744140625
3428.194091796875,5295.232421875
3426.925537109375,5296.72216796875
3425.65771484375,5298.2138671875
3424.390869140625,5299.70703125
3423.124267578125,5301.201171875
3421.8583984375,5302.69677734375
3420.5927734375,5304.19384765625
3419.285400390625,5305.74169921875
3418.062744140625,5307.19091796875
3416.798095703125,5308.69091796875
3415.5341796875,5310.19140625
3414.270751953125,5311.693359375
3413.008056640625,5313.1962890625
3411.74560546875,5314.701171875
3410.48388671875,5316.20654296875
3409.264892578125,5317.6630859375
3408.00439453125,5319.17138671875
3406.744384765625,5320.6806640625
3405.484619140625,5322.19140625
3404.225341796875,5323.70263671875
3402.967041015625,5325.21484375
3401.709228515625,5326.728515625
3400.4521484375,5328.2431640625
3399.1953125,5329.7587890625
3397.93896484375,5331.27587890625
3396.68310546875,5332.79345703125
3395.42724609375,5334.31201171875
3394.171630859375,5335.83154296875
3392.916015625,5337.35205078125
3391.66015625,5338.873046875
3390.404296875,5340.39453125
3389.14794921875,5341.91650390625
3387.891357421875,5343.439453125
3386.634521484375,5344.96240234375
3385.377197265625,5346.486328125
3384.119384765625,5348.0107421875
3382.861083984375,5349.53564453125
3381.6025390625,5351.060546875
3380.34326171875,5352.5859375
3379.083740234375,5354.111328125
3377.823486328125,5355.63671875
3376.562744140625,5357.16259765625
3375.30126953125,5358.6884765625
3374.03955078125,5360.21435546875
3372.77734375,5361.74072265625
3371.51513671875,5363.26708984375
3370.252685546875,5364.79345703125
3368.990234375,5366.31982421875
3367.76953125,5367.79541015625
3366.506591796875,5369.32177734375
3365.243408203125,5370.84814453125
3363.97998046875,5372.3759765625
3362.717041015625,5373.90380859375
3361.453857421875,5375.43310546875
3360.190673828125,5376.96240234375
3358.927001953125,5378.49267578125
3357.6630859375,5380.0224609375
3356.39892578125,5381.55224609375
3355.135009765625,5383.08203125
3353.871337890625,5384.61181640625
3352.60791015625,5386.14208984375
3351.344482421875,5387.6728515625
3350.080810546875,5389.2041015625
3348.81640625,5390.73583984375
3347.5517578125,5392.26708984375
3346.287841796875,5393.796875
3345.025146484375,5395.3251953125
3343.763671875,5396.85205078125
3342.50439453125,5398.376953125
3341.2470703125,5399.90087890625
3339.990478515625,5401.42578125
3338.734619140625,5402.9521484375
3337.47900390625,5404.48046875
3336.2255859375,5406.009765625
3334.975830078125,5407.54052734375
3333.7314453125,5409.07275390625
3332.4931640625,5410.6064453125
3331.261474609375,5412.142578125
3330.03515625,5413.6806640625
3328.772216796875,5415.27197265625
3327.553466796875,5416.814453125
3326.296142578125,5418.41064453125
3325.082275390625,5419.95654296875
3323.83203125,5421.55615234375
3322.588623046875,5423.15771484375
3321.3125,5424.814453125
3320.08447265625,5426.42333984375
3318.823974609375,5428.087890625
3317.609130859375,5429.70458984375
3316.39990234375,5431.32421875
3315.19775390625,5432.947265625
3313.966064453125,5434.626953125
3312.782470703125,5436.25830078125
3311.646484375,5437.8408203125
3310.44287109375,5439.53369140625
3309.282470703125,5441.17578125
3308.124755859375,5442.8193359375
3306.931396484375,5444.515625
3305.81396484375,5446.10595703125
3304.6630859375,5447.7509765625
3303.55615234375,5449.3466796875
3302.422119140625,5450.99951171875
3301.3349609375,5452.603515625
3300.222412109375,5454.2646484375
3299.15478515625,5455.876953125
3298.094482421875,5457.4921875
3297.038330078125,5459.109375
3295.984375,5460.72802734375
3294.89599609375,5462.400390625
3293.80810546875,5464.07177734375
3292.686279296875,5465.79638671875
3291.56689453125,5467.52099609375
3290.485107421875,5469.19189453125
3289.440673828125,5470.80859375
3288.3984375,5472.42431640625
3287.358154296875,5474.03955078125
3286.285400390625,5475.70849609375
3285.25,5477.32373046875
3284.217529296875,5478.93896484375
3283.188232421875,5480.55419921875
3282.162109375,5482.169921875
3281.14013671875,5483.7861328125
3280.123291015625,5485.40283203125
3279.112060546875,5487.0205078125
3278.1064453125,5488.6396484375
3277.107177734375,5490.2587890625
3276.115234375,5491.87646484375
3275.130859375,5493.49267578125
3274.154296875,5495.107421875
3273.185546875,5496.72021484375
3272.22412109375,5498.33203125
3271.27001953125,5499.9423828125
3270.3212890625,5501.55224609375
3269.37646484375,5503.16162109375
3268.434814453125,5504.7705078125
3267.49609375,5506.3779296875
3266.56201171875,5507.9833984375
3265.6328125,5509.5869140625
3264.708740234375,5511.1884765625
3263.789794921875,5512.78857421875
3262.8759765625,5514.38623046875
3261.969970703125,5515.97802734375
3261.07177734375,5517.56396484375
3260.179931640625,5519.146484375
3259.29296875,5520.724609375
3258.4111328125,5522.29736328125
3257.534912109375,5523.86376953125
3256.69287109375,5525.37109375
3255.825927734375,5526.923828125
3254.962158203125,5528.4677734375
3254.10107421875,5530.00390625
3253.24169921875,5531.53173828125
3252.384033203125,5533.052734375
3251.527587890625,5534.56591796875
3250.643798828125,5536.12255859375
3249.8173828125,5537.572265625
3248.962890625,5539.06640625
3248.10888671875,5540.55419921875
3247.255126953125,5542.0361328125
3246.40087890625,5543.51171875
3245.545166015625,5544.9814453125
3244.686767578125,5546.4453125
3243.825439453125,5547.90234375
3242.960693359375,5549.3525390625
3242.09228515625,5550.794921875
3241.22021484375,5552.23046875
3240.344482421875,5553.65869140625
3239.465087890625,5555.080078125
3238.58251953125,5556.49560546875
3237.69677734375,5557.90673828125
3236.80810546875,5559.31298828125
3235.916015625,5560.71435546875
3235.02001953125,5562.11181640625
3234.120849609375,5563.50537109375
3233.218505859375,5564.8955078125
3232.31298828125,5566.28173828125
3231.403564453125,5567.66259765625
3230.490234375,5569.0390625
3229.572998046875,5570.41064453125
3228.652099609375,5571.77880859375
3227.726318359375,5573.14208984375
3226.826416015625,5574.45458984375
3225.8896484375,5575.80517578125
3224.94677734375,5577.150390625
3223.998779296875,5578.49072265625
3223.0458984375,5579.8271484375
3222.0888671875,5581.15966796875
3221.126708984375,5582.48828125
3220.1591796875,5583.81103515625
3219.186279296875,5585.12890625
3218.208251953125,5586.44140625
3217.225341796875,5587.74853515625
3216.237548828125,5589.05126953125
3215.2451171875,5590.3486328125
3214.248779296875,5591.642578125
3213.248779296875,5592.93359375
3212.24609375,5594.2216796875
3211.2412109375,5595.50732421875
3210.23388671875,5596.78955078125
3209.223876953125,5598.06884765625
3208.210205078125,5599.34375
3207.191650390625,5600.61474609375
3206.167236328125,5601.88134765625
3205.136962890625,5603.14453125
3204.098876953125,5604.4013671875
3203.05126953125,5605.64892578125
3201.993896484375,5606.88623046875
3200.927978515625,5608.11376953125
3199.853759765625,5609.3330078125
3198.772216796875,5610.54541015625
3197.684814453125,5611.75390625
3196.59423828125,5612.95947265625
3195.50048828125,5614.1630859375
3194.40283203125,5615.36328125
3193.300048828125,5616.55810546875
3192.19140625,5617.74609375
3191.076904296875,5618.92822265625
3189.95751953125,5620.10498046875
3188.8349609375,5621.2763671875
3187.710205078125,5622.4404296875
3186.583984375,5623.59619140625
3185.457763671875,5624.7451171875
3184.294921875,5625.92529296875
3183.20849609375,5627.02392578125
3182.011474609375,5628.22900390625
3180.8916015625,5629.3505859375
3179.73583984375,5630.5009765625
3178.544921875,5631.67919921875
3177.39306640625,5632.81298828125
3176.243408203125,5633.94091796875
3175.13427734375,5635.02734375
3173.994140625,5636.14306640625
3172.896240234375,5637.21728515625
3171.803955078125,5638.2861328125
3170.716552734375,5639.35009765625
3169.634765625,5640.4091796875
3168.558837890625,5641.46240234375
3167.1357421875,5642.85791015625
3165.728271484375,5644.2412109375
3164.337646484375,5645.61328125
3162.965576171875,5646.974609375
3161.6123046875,5648.3271484375
3160.276123046875,5649.67333984375
3158.95361328125,5651.01513671875
3157.64306640625,5652.35302734375
3156.3759765625,5653.65380859375
3155.08935546875,5654.98388671875
3153.818115234375,5656.31005859375
3152.530517578125,5657.6650390625
3151.288330078125,5658.98388671875
3150.058349609375,5660.29833984375
3148.839599609375,5661.6083984375
3147.632080078125,5662.9150390625
3146.435302734375,5664.21923828125
3145.2197265625,5665.5537109375
3144.044189453125,5666.85400390625
3142.878662109375,5668.15380859375
3141.72216796875,5669.45361328125
3140.57421875,5670.75341796875
3139.434814453125,5672.0537109375
3138.3056640625,5673.35498046875
3137.18798828125,5674.65673828125
3136.082763671875,5675.958984375
3134.990478515625,5677.26220703125
3133.910888671875,5678.56689453125
3132.8427734375,5679.8740234375
3131.78564453125,5681.18359375
3130.739990234375,5682.49755859375
3129.707275390625,5683.8154296875
3128.714111328125,5685.10546875
3127.71142578125,5686.43359375
3126.72509765625,5687.765625
3125.731201171875,5689.13427734375
3124.801513671875,5690.4375
3123.86279296875,5691.7744140625
3122.939453125,5693.11181640625
3122.03564453125,5694.44775390625
3121.15673828125,5695.78369140625
3120.3056640625,5697.1201171875
3119.483154296875,5698.45751953125
3118.682861328125,5699.79541015625
3117.893310546875,5701.13427734375
3117.106689453125,5702.47265625
3116.32421875,5703.8056640625
3115.552734375,5705.12939453125
3114.799072265625,5706.4423828125
3113.1630859375,5709.37158203125
3112.282470703125,5710.9853515625
3111.419921875,5712.5888671875
3110.57421875,5714.1826171875
3109.746337890625,5715.76416015625
3108.93603515625,5717.33544921875
3108.160400390625,5718.85986328125
3107.386474609375,5720.396484375
3106.62841796875,5721.91357421875
3105.882568359375,5723.41357421875
3105.146484375,5724.89599609375
3104.375732421875,5726.4462890625
3103.657470703125,5727.88623046875
3102.960205078125,5729.27587890625
3102.239990234375,5730.701171875
3101.537353515625,5732.078125
3100.137451171875,5734.77392578125
3099.299560546875,5736.3564453125
3098.462158203125,5737.9111328125
3097.6240234375,5739.43896484375
3096.7841796875,5740.93994140625
3095.938232421875,5742.4091796875
3095.08447265625,5743.84765625
3094.2314453125,5745.23486328125
3093.346923828125,5746.6162109375
3092.445068359375,5747.9677734375
3091.52587890625,5749.2890625
3090.58984375,5750.5791015625
3089.6357421875,5751.83642578125
3088.66015625,5753.0615234375
3087.66015625,5754.25341796875
3086.63427734375,5755.41015625
3085.5830078125,5756.5302734375
3084.5078125,5757.611328125
3083.409912109375,5758.6533203125
3082.289794921875,5759.65576171875
3080.955322265625,5760.77685546875
3079.613525390625,5761.83349609375
3078.206787109375,5762.869140625
3076.811767578125,5763.818359375
3075.369140625,5764.720703125
3073.921630859375,5765.5625
3072.411376953125,5766.3837890625
3070.905029296875,5767.142578125
3069.398193359375,5767.8427734375
3067.82470703125,5768.52001953125
3066.253173828125,5769.1455078125
3064.683837890625,5769.72216796875
3063.04638671875,5770.2724609375
3061.412109375,5770.77490234375
3059.781982421875,5771.22705078125
3058.084716796875,5771.62744140625
3056.391357421875,5771.94970703125
3054.682373046875,5772.2275390625
3053.011962890625,5772.46923828125
3051.5,5772.65380859375
3050.001708984375,5772.80029296875
3048.49462890625,5772.9091796875
3046.726318359375,5772.99365234375
3045.2021484375,5773.03173828125
3043.6708984375,5773.0390625
3042.132080078125,5773.02001953125
3040.586181640625,5772.97900390625
3039.032958984375,5772.91552734375
3037.47314453125,5772.83154296875
3035.90673828125,5772.73095703125
3034.332763671875,5772.61962890625
3032.750732421875,5772.50634765625
3031.16064453125,5772.39892578125
3029.56201171875,5772.302734375
3027.981689453125,5772.224609375
3026.366455078125,5772.16552734375
3024.742919921875,5772.12890625
3023.111328125,5772.11474609375
3021.472412109375,5772.12451171875
3019.82666015625,5772.16162109375
3018.1748046875,5772.22998046875
3016.517333984375,5772.33056640625
3014.85546875,5772.46435546875
3013.189697265625,5772.6318359375
3011.520751953125,5772.83349609375
3009.849365234375,5773.0703125
3008.17626953125,5773.341796875
3006.501708984375,5773.64697265625
3004.826904296875,5773.98681640625
3003.153076171875,5774.35986328125
3001.478515625,5774.76318359375
2999.83056640625,5775.185546875
2998.15380859375,5775.64013671875
2996.475830078125,5776.11962890625
2994.798095703125,5776.62548828125
2993.121337890625,5777.158203125
2991.44677734375,5777.72021484375
2989.775146484375,5778.3134765625
2988.10791015625,5778.93896484375
2986.4443359375,5779.5947265625
2984.783447265625,5780.27783203125
2983.40185546875,5780.86767578125
2982.0224609375,5781.47705078125
2980.645751953125,5782.1044921875
2979.271728515625,5782.7509765625
2977.89990234375,5783.41455078125
2976.530517578125,5784.09619140625
2975.16357421875,5784.79443359375
2973.799072265625,5785.50927734375
2972.4638671875,5786.2255859375
2971.103271484375,5786.97119140625
2969.744384765625,5787.73193359375
2968.386962890625,5788.5068359375
2967.03125,5789.2958984375
2965.677001953125,5790.09912109375
2964.32470703125,5790.91650390625
2962.974365234375,5791.748046875
2961.626220703125,5792.59326171875
2960.280029296875,5793.45263671875
2958.935791015625,5794.32568359375
2957.593017578125,5795.2119140625
2956.25146484375,5796.1103515625
2954.91064453125,5797.02001953125
2953.5703125,5797.94140625
2952.22998046875,5798.87353515625
2950.890625,5799.81689453125
2949.5517578125,5800.771484375
2948.21337890625,5801.73681640625
2946.87548828125,5802.71240234375
2945.564208984375,5803.677734375
2944.2255859375,5804.671875
2942.8857421875,5805.67431640625
2941.544677734375,5806.6845703125
2940.201416015625,5807.7021484375
2938.856201171875,5808.7265625
2937.50927734375,5809.7578125
2936.160888671875,5810.79638671875
2934.810546875,5811.841796875
2933.457763671875,5812.89404296875
2932.102294921875,5813.95263671875
2930.74462890625,5815.0166015625
2929.385009765625,5816.08740234375
2928.024169921875,5817.1650390625
2926.662353515625,5818.25048828125
2925.298583984375,5819.34228515625
2923.9326171875,5820.44140625
2922.56494140625,5821.546875
2921.1953125,5822.65869140625
2919.82421875,5823.77685546875
2918.479248046875,5824.87939453125
2917.105712890625,5826.01123046875
2915.73046875,5827.14990234375
2914.354248046875,5828.29541015625
2912.97607421875,5829.447265625
2911.5966796875,5830.60546875
2910.215576171875,5831.7705078125
2908.83349609375,5832.94189453125
2907.449951171875,5834.12060546875
2906.0654296875,5835.30615234375
2904.68017578125,5836.49853515625
2903.294677734375,5837.69873046875
2901.9111328125,5838.904296875
2900.53271484375,5840.11376953125
2899.1591796875,5841.326171875
2897.790771484375,5842.54150390625
2896.427734375,5843.76025390625
2895.069091796875,5844.9833984375
2893.708740234375,5846.21533203125
2892.347900390625,5847.45654296875
2891.01513671875,5848.68017578125
2889.65478515625,5849.9365234375
2888.295166015625,5851.19970703125
2886.936767578125,5852.47021484375
2885.580322265625,5853.75048828125
2884.225830078125,5855.0400390625
2883.142333984375,5856.07763671875
2882.058349609375,5857.119140625
2880.974853515625,5858.1650390625
2879.891845703125,5859.21533203125
2878.809814453125,5860.27099609375
2877.72900390625,5861.3330078125
2876.648681640625,5862.39990234375
2875.568359375,5863.4716796875
2874.48779296875,5864.5478515625
2873.406982421875,5865.62744140625
2872.3251953125,5866.7109375
2871.242431640625,5867.79833984375
2870.157958984375,5868.888671875
2869.07275390625,5869.982421875
2867.986572265625,5871.07958984375
2866.899658203125,5872.18017578125
2865.811279296875,5873.2841796875
2864.748779296875,5874.36328125
2863.6572265625,5875.47412109375
2862.5654296875,5876.587890625
2861.472412109375,5877.705078125
2860.37890625,5878.82666015625
2859.2841796875,5879.951171875
2858.1884765625,5881.0791015625
2857.09130859375,5882.2099609375
2855.992431640625,5883.34375
2854.89111328125,5884.48046875
2853.7880859375,5885.61962890625
2852.6826171875,5886.76123046875
2851.57421875,5887.904296875
2850.462158203125,5889.048828125
2849.34814453125,5890.1953125
2848.232666015625,5891.34375
2847.115234375,5892.49560546875
2845.99609375,5893.650390625
2844.875,5894.80810546875
2843.751953125,5895.96826171875
2842.626708984375,5897.130859375
2841.499755859375,5898.29638671875
2840.370361328125,5899.4638671875
2839.2392578125,5900.6337890625
2838.10595703125,5901.80615234375
2836.999267578125,5902.95166015625
2835.8623046875,5904.12939453125
2834.72314453125,5905.30908203125
2833.58203125,5906.4912109375
2832.438720703125,5907.67529296875
2831.293701171875,5908.86181640625
2830.146728515625,5910.05078125
2828.99755859375,5911.24169921875
2827.8466796875,5912.435546875
2826.693603515625,5913.63134765625
2825.53857421875,5914.8291015625
2824.381591796875,5916.029296875
2823.22265625,5917.23193359375
2822.061767578125,5918.4365234375
2820.898681640625,5919.6435546875
2819.73388671875,5920.8525390625
2818.56689453125,5922.06396484375
2817.398193359375,5923.27783203125
2816.2275390625,5924.49365234375
2815.054931640625,5925.7119140625
2813.880615234375,5926.9326171875
2812.70458984375,5928.1552734375
2811.52685546875,5929.380859375
2810.347412109375,5930.60888671875
2809.166015625,5931.8388671875
2808.012451171875,5933.041015625
2806.82763671875,5934.275390625
2805.640869140625,5935.5126953125
2804.4521484375,5936.751953125
2803.261474609375,5937.9931640625
2802.06884765625,5939.23681640625
2800.874267578125,5940.48193359375
2799.677490234375,5941.7294921875
2798.478515625,5942.97900390625
2797.27734375,5944.23046875
2796.07421875,5945.48388671875
2794.868896484375,5946.73876953125
2793.66162109375,5947.99609375
2792.452392578125,5949.255859375
2791.241943359375,5950.51806640625
2790.030029296875,5951.78271484375
2788.81640625,5953.0498046875
2787.601318359375,5954.3193359375
2786.38525390625,5955.59130859375
2785.168212890625,5956.86669921875
2783.950439453125,5958.14501953125
2782.731689453125,5959.4267578125
2781.51220703125,5960.71142578125
2780.291748046875,5961.9990234375
2779.07080078125,5963.28955078125
2777.879638671875,5964.55078125
2776.657470703125,5965.84765625
2775.43505859375,5967.14794921875
2774.211669921875,5968.45166015625
2772.987548828125,5969.7578125
2771.76220703125,5971.06640625
2770.53515625,5972.37744140625
2769.306640625,5973.69091796875
2768.075927734375,5975.005859375
2766.84326171875,5976.322265625
2765.6083984375,5977.640625
2764.370849609375,5978.9599609375
2763.130615234375,5980.28076171875
2761.887939453125,5981.6025390625
2760.642578125,5982.92529296875
2759.39453125,5984.24951171875
2758.1435546875,5985.57373046875
2756.88916015625,5986.89892578125
2755.631591796875,5988.224609375
2754.37109375,5989.55078125
2753.107666015625,5990.87841796875
2751.84130859375,5992.20654296875
2750.572265625,5993.53515625
2749.30029296875,5994.865234375
2748.025390625,5996.19580078125
2746.77978515625,5997.49462890625
2745.499755859375,5998.8271484375
2744.217041015625,6000.16064453125
2742.931640625,6001.4951171875
2741.643798828125,6002.8310546875
2740.353515625,6004.16796875
2739.060791015625,6005.505859375
2737.765625,6006.84521484375
2736.468017578125,6008.185546875
2735.168212890625,6009.52734375
2733.865966796875,6010.8701171875
2732.562255859375,6012.21337890625
2731.2587890625,6013.55615234375
2729.9560546875,6014.89794921875
2728.65380859375,6016.23876953125
2727.352294921875,6017.57861328125
2726.05126953125,6018.91796875
2724.750732421875,6020.25634765625
2723.44970703125,6021.59521484375
2722.146240234375,6022.93701171875
2720.841064453125,6024.2802734375
2719.534423828125,6025.62548828125
2718.226318359375,6026.97265625
2716.91650390625,6028.32177734375
2715.60546875,6029.6728515625
2714.32568359375,6030.9912109375
2713.01171875,6032.345703125
2711.6962890625,6033.7021484375
2710.379638671875,6035.06005859375
2709.0615234375,6036.419921875
2707.741943359375,6037.78173828125
2706.4208984375,6039.14501953125
2705.098388671875,6040.509765625
2703.774169921875,6041.87646484375
2702.448486328125,6043.2451171875
2701.12109375,6044.615234375
2699.7919921875,6045.98681640625
2698.461181640625,6047.35986328125
2697.12890625,6048.734375
2695.794921875,6050.1103515625
2694.458984375,6051.48779296875
2693.121337890625,6052.8671875
2691.781982421875,6054.24755859375
2690.44091796875,6055.62939453125
2689.09814453125,6057.0126953125
2687.753662109375,6058.39794921875
2686.407470703125,6059.7841796875
2685.0595703125,6061.171875
2683.710205078125,6062.5615234375
2682.35888671875,6063.9521484375
2681.0400390625,6065.3095703125
2679.685791015625,6066.70361328125
2678.330322265625,6068.099609375
2676.973388671875,6069.4970703125
2675.614990234375,6070.896484375
2674.25537109375,6072.29736328125
2672.89404296875,6073.7001953125
2671.531494140625,6075.10498046875
2670.16748046875,6076.51123046875
2668.802001953125,6077.9189453125
2667.435302734375,6079.32861328125
2666.06689453125,6080.73974609375
2664.697021484375,6082.15234375
2663.325439453125,6083.56689453125
2661.952392578125,6084.982421875
2660.577392578125,6086.3994140625
2659.200927734375,6087.81787109375
2657.82275390625,6089.23779296875
2656.442626953125,6090.6591796875
2655.060791015625,6092.08203125
2653.67724609375,6093.505859375
2652.2919921875,6094.93115234375
2650.9052734375,6096.357421875
2649.516845703125,6097.78564453125
2648.126708984375,6099.21484375
2646.769775390625,6100.6103515625
2645.376220703125,6102.04248046875
2644.330078125,6103.11767578125
2643.282958984375,6104.19384765625
2642.235107421875,6105.2705078125
2641.186279296875,6106.34814453125
2640.13671875,6107.42626953125
2639.0859375,6108.5048828125
2638.034423828125,6109.58447265625
2636.98193359375,6110.6650390625
2635.928466796875,6111.74609375
2634.8740234375,6112.828125
2633.818603515625,6113.91064453125
2632.76220703125,6114.994140625
2631.704833984375,6116.078125
2630.646484375,6117.16259765625
2629.587158203125,6118.248046875
2628.527099609375,6119.33447265625
2627.4658203125,6120.4208984375
2626.40380859375,6121.5087890625
2625.3408203125,6122.59716796875
2624.27685546875,6123.68603515625
2623.2119140625,6124.77587890625
2622.14599609375,6125.8662109375
2621.079345703125,6126.95751953125
2620.011474609375,6128.04931640625
2618.943115234375,6129.14208984375
2617.87353515625,6130.2353515625
2616.803466796875,6131.32958984375
2615.732421875,6132.4248046875
2614.66064453125,6133.5205078125
2613.588134765625,6134.6171875
2612.514892578125,6135.71435546875
2611.1181640625,6137.14208984375
2610.04296875,6138.24169921875
2608.967041015625,6139.341796875
2607.89013671875,6140.4423828125
2606.812744140625,6141.54443359375
2605.734375,6142.64697265625
2604.655517578125,6143.75
2603.57568359375,6144.8544921875
2602.495361328125,6145.95947265625
2601.414306640625,6147.06591796875
2600.332763671875,6148.1728515625
2599.25048828125,6149.28076171875
2598.16748046875,6150.3896484375
2597.083984375,6151.49951171875
2595.999755859375,6152.60986328125
2594.9150390625,6153.7216796875
2593.829345703125,6154.833984375
2592.7431640625,6155.94775390625
2591.656494140625,6157.06201171875
2590.56884765625,6158.177734375
2589.48095703125,6159.2939453125
2588.392333984375,6160.4111328125
2587.30322265625,6161.529296875
2586.21337890625,6162.6484375
2585.122802734375,6163.7685546875
2584.03173828125,6164.88916015625
2582.939697265625,6166.01025390625
2581.846923828125,6167.1328125
2580.753662109375,6168.255859375
2579.659423828125,6169.37939453125
2578.564453125,6170.50390625
2577.46875,6171.62939453125
2576.372314453125,6172.75537109375
2575.311767578125,6173.8447265625
2574.213623046875,6174.97216796875
2573.11474609375,6176.1005859375
2572.01513671875,6177.2294921875
2570.91455078125,6178.359375
2569.813232421875,6179.48974609375
2568.711181640625,6180.62060546875
2567.608154296875,6181.751953125
2566.50439453125,6182.88427734375
2565.399658203125,6184.017578125
2564.294189453125,6185.15087890625
2563.187744140625,6186.28515625
2562.080322265625,6187.42041015625
2560.97216796875,6188.5556640625
2559.863037109375,6189.69189453125
2558.753173828125,6190.8291015625
2557.642333984375,6191.96630859375
2556.531005859375,6193.1044921875
2555.41845703125,6194.2431640625
2554.305419921875,6195.3828125
2553.191162109375,6196.52294921875
2552.076416015625,6197.6640625
2550.92333984375,6198.84375
2549.84423828125,6199.94775390625
2548.72705078125,6201.0908203125
2547.609130859375,6202.234375
2546.490478515625,6203.37890625
2545.371337890625,6204.52392578125
2544.25146484375,6205.67041015625
2543.130859375,6206.81689453125
2542.009765625,6207.96484375
2540.887939453125,6209.11328125
2539.765625,6210.2626953125
2538.642578125,6211.41259765625
2537.55615234375,6212.525390625
2536.431884765625,6213.67724609375
2535.306884765625,6214.82958984375
2534.18115234375,6215.9833984375
2533.054931640625,6217.1376953125
2531.927978515625,6218.29296875
2530.800537109375,6219.44873046875
2529.67236328125,6220.60498046875
2528.54345703125,6221.7626953125
2527.4140625,6222.92041015625
2526.28369140625,6224.0791015625
2525.152587890625,6225.23876953125
2524.020751953125,6226.39892578125
2522.888427734375,6227.5595703125
2521.755126953125,6228.72119140625
2520.62109375,6229.8837890625
2519.486328125,6231.04638671875
2518.350830078125,6232.2099609375
2517.21435546875,6233.3740234375
2516.077392578125,6234.53857421875
2514.939697265625,6235.7041015625
2513.801025390625,6236.8701171875
2512.62353515625,6238.07568359375
2511.521240234375,6239.20361328125
2510.380126953125,6240.37158203125
2509.23828125,6241.54052734375
2508.095703125,6242.70947265625
2506.952392578125,6243.87939453125
2505.770263671875,6245.08837890625
2504.66357421875,6246.22021484375
2503.517822265625,6247.39208984375
2502.37158203125,6248.56396484375
2501.224365234375,6249.73681640625
2500.114501953125,6250.87109375
2498.965576171875,6252.044921875
2497.816162109375,6253.21923828125
2496.665771484375,6254.39453125
2495.5146484375,6255.5703125
2494.32421875,6256.78564453125
2493.17138671875,6257.96240234375
2492.05615234375,6259.10107421875
2490.863525390625,6260.318359375
2489.554443359375,6261.654296875
2488.3984375,6262.83349609375
2487.241943359375,6264.013671875
2486.08447265625,6265.1943359375
2484.92626953125,6266.37548828125
2483.767333984375,6267.55712890625
2482.607421875,6268.73974609375
2481.44677734375,6269.92236328125
2480.285400390625,6271.10595703125
2479.123046875,6272.2900390625
2477.9599609375,6273.47509765625
2476.796142578125,6274.66015625
2475.631591796875,6275.845703125
2471.302978515625,6280.3271484375
2466.109130859375,6285.72705078125
2463.427001953125,6288.52099609375
2462.1328125,6289.87255859375
2461.5576171875,6290.47509765625
2461.326904296875,6290.7177734375
2461.2451171875,6290.80419921875
2461.214111328125,6290.83740234375
2461.212158203125,6290.83984375