x,z
1105.5103759765625,558.5314331054688
1105.510986328125,558.5245361328125
1105.5137939453125,558.4939575195312
1105.5506591796875,558.0859985351562
1105.6328125,557.17822265625
1105.7857666015625,555.487548828125
1106.183837890625,551.0919189453125
1107.0185546875,541.875
1107.4432373046875,537.1934204101562
1107.6138916015625,535.3173217773438
1107.7537841796875,533.7807006835938
1107.8939208984375,532.2427368164062
1108.0341796875,530.7033081054688
1108.205810546875,528.8198852539062
1108.377685546875,526.9343872070312
1108.5184326171875,525.3900756835938
1108.6904296875,523.5006103515625
1108.8624267578125,521.6090087890625
1109.0341796875,519.7152709960938
1109.205810546875,517.8193969726562
1109.377197265625,515.9214477539062
1109.5482177734375,514.0213623046875
1109.71875,512.1192016601562
1109.888916015625,510.21490478515625
1110.05859375,508.3085021972656
1110.2276611328125,506.3999938964844
1110.3653564453125,504.83795166015625
1110.5328369140625,502.92950439453125
1110.699462890625,501.0218200683594
1110.865234375,499.11492919921875
1111.0301513671875,497.2088623046875
1111.194091796875,495.3036193847656
1111.357177734375,493.3992004394531
1111.5194091796875,491.49554443359375
1111.6513671875,489.9384460449219
1111.81201171875,488.035400390625
1111.971923828125,486.13177490234375
1112.1312255859375,484.2267150878906
1112.26123046875,482.666259765625
1112.419921875,480.7563781738281
1112.5782470703125,478.84356689453125
1112.7364501953125,476.9279479980469
1112.89453125,475.0103454589844
1113.052490234375,473.09100341796875
1113.2105712890625,471.169921875
1113.368896484375,469.2471008300781
1113.5277099609375,467.3226318359375
1113.68701171875,465.39642333984375
1113.846923828125,463.4684753417969
1114.007568359375,461.5387878417969
1114.1689453125,459.6073303222656
1114.3310546875,457.6741943359375
1114.464111328125,456.0912780761719
1114.62744140625,454.1550598144531
1114.79150390625,452.2171630859375
1114.9561767578125,450.2776184082031
1115.1217041015625,448.3363952636719
1115.287841796875,446.39349365234375
1115.454833984375,444.44891357421875
1115.6226806640625,442.50262451171875
1115.7606201171875,440.90899658203125
1115.9298095703125,438.95965576171875
1116.099853515625,437.00860595703125
1116.2706298828125,435.055908203125
1116.4422607421875,433.10150146484375
1116.6148681640625,431.1453552246094
1116.7884521484375,429.1875305175781
1116.962890625,427.2279357910156
1117.1383056640625,425.26654052734375
1117.2822265625,423.6605224609375
1117.4427490234375,421.87469482421875
1117.61962890625,419.9086608886719
1117.7806396484375,418.119873046875
1117.9580078125,416.1505432128906
1118.13525390625,414.17950439453125
1118.3125,412.2066955566406
1118.4732666015625,410.4116516113281
1118.64990234375,408.4353332519531
1118.826171875,406.4571533203125
1118.986083984375,404.6571960449219
1119.1297607421875,403.0359802246094
1119.2889404296875,401.2332458496094
1119.4637451171875,399.24853515625
1119.637939453125,397.2620849609375
1119.7958984375,395.4546813964844
1119.9691162109375,393.4658508300781
1120.110107421875,391.8404235839844
1120.28125,389.8594055175781
1120.450927734375,387.88726806640625
1120.588623046875,386.2815246582031
1120.75537109375,384.3290710449219
1120.920654296875,382.3882141113281
1121.0546875,380.80877685546875
1121.21728515625,378.8889465332031
1121.349365234375,377.3267517089844
1121.509521484375,375.4277648925781
1121.66845703125,373.539794921875
1121.797607421875,372.00323486328125
1121.95458984375,370.1356506347656
1122.08203125,368.6164245605469
1122.23681640625,366.7705078125
1122.3626708984375,365.2691345214844
1122.515625,363.4450988769531
1122.667724609375,361.63323974609375
1122.8328857421875,359.6708068847656
1122.983642578125,357.88494873046875
1123.134033203125,356.1114807128906
1123.2974853515625,354.1910095214844
1123.44677734375,352.44366455078125
1123.5955810546875,350.7089538574219
1123.75732421875,348.83111572265625
1123.905029296875,347.1231689453125
1124.0655517578125,345.2738342285156
1124.2120361328125,343.59100341796875
1124.3707275390625,341.76837158203125
1124.515380859375,340.109375
1124.67236328125,338.3115539550781
1124.8153076171875,336.6745300292969
1124.9703369140625,334.900390625
1125.11181640625,333.2847900390625
1125.2529296875,331.6800231933594
1125.4063720703125,329.9423522949219
1125.5467529296875,328.3616638183594
1125.6868896484375,326.7926025390625
1125.8392333984375,325.09417724609375
1126.003662109375,323.2694396972656
1126.1549072265625,321.5987243652344
1126.2930908203125,320.0788269042969
1126.4306640625,318.5701904296875
1126.5802001953125,316.93780517578125
1126.75390625,315.0512390136719
1126.90234375,313.44903564453125
1127.074951171875,311.59661865234375
1127.2470703125,309.7624816894531
1127.3941650390625,308.2049560546875
1127.5653076171875,306.4040832519531
1127.7362060546875,304.6210021972656
1127.9068603515625,302.8549499511719
1128.0772705078125,301.1043701171875
1128.2471923828125,299.36895751953125
1128.4161376953125,297.64898681640625
1128.583984375,295.9446105957031
1128.739013671875,294.3763732910156
1128.9051513671875,292.7033386230469
1129.0704345703125,291.0470275878906
1129.2347412109375,289.4067687988281
1129.3983154296875,287.78240966796875
1129.5615234375,286.1740417480469
1129.7486572265625,284.3553161621094
1129.9144287109375,282.7796936035156
1130.08251953125,281.2189636230469
1130.25341796875,279.6729736328125
1130.4517822265625,277.9239501953125
1130.627685546875,276.4098815917969
1130.8055419921875,274.91119384765625
1131.02392578125,273.11199951171875
1131.2320556640625,271.4386291503906
1131.4564208984375,269.68115234375
1131.6854248046875,267.9449157714844
1131.9217529296875,266.22979736328125
1132.16796875,264.53533935546875
1132.4266357421875,262.8612976074219
1132.6988525390625,261.2081604003906
1132.9857177734375,259.5772705078125
1133.28955078125,257.9673767089844
1133.59228515625,256.4697265625
1133.912109375,254.98886108398438
1134.2496337890625,253.52410888671875
1134.62939453125,251.98387145996094
1135.056396484375,250.37123107910156
1135.484375,248.8663330078125
1135.93701171875,247.37916564941406
1136.4439697265625,245.8237762451172
1136.94873046875,244.373046875
1137.54296875,242.7721405029297
1138.136474609375,241.2730712890625
1138.759765625,239.7903289794922
1139.449951171875,238.2438201904297
1140.1341552734375,236.79714965820312
1140.8477783203125,235.36952209472656
1141.632568359375,233.88397216796875
1142.4052734375,232.49746704101562
1143.2064208984375,231.13230895996094
1144.0357666015625,229.78964233398438
1144.941650390625,228.3975067138672
1145.82763671875,227.10244750976562
1146.791259765625,225.76138305664062
1147.730712890625,224.51622009277344
1148.696044921875,223.2970733642578
1149.744873046875,222.03997802734375
1150.77001953125,220.8760223388672
1151.8292236328125,219.73486328125
1152.9239501953125,218.6155242919922
1154.0562744140625,217.521240234375
1155.2283935546875,216.45632934570312
1156.4390869140625,215.42071533203125
1157.684814453125,214.4122314453125
1158.9619140625,213.4287109375
1160.26953125,212.46987915039062
1161.5328369140625,211.58914184570312
1162.823486328125,210.7335205078125
1164.1409912109375,209.9034881591797
1165.5638427734375,209.05227661132812
1167.014404296875,208.2293243408203
1168.4918212890625,207.43472290039062
1169.910888671875,206.71041870117188
1171.2672119140625,206.05184936523438
1172.729248046875,205.37635803222656
1174.1246337890625,204.7634735107422
1175.627197265625,204.13645935058594
1177.0596923828125,203.56948852539062
1178.6920166015625,202.959228515625
1180.345703125,202.37896728515625
1182.020263671875,201.82937622070312
1183.7144775390625,201.3108673095703
1185.426513671875,200.8231201171875
1187.1551513671875,200.36581420898438
1188.8990478515625,199.9385223388672
1190.363037109375,199.6057891845703
1191.9351806640625,199.2744598388672
1193.41845703125,198.986083984375
1194.9105224609375,198.7194061279297
1196.5113525390625,198.458984375
1198.0205078125,198.23739624023438
1199.6387939453125,198.0251922607422
1201.1636962890625,197.8487548828125
1202.7982177734375,197.6845703125
1204.3380126953125,197.55322265625
1205.9886474609375,197.43687438964844
1207.5438232421875,197.34991455078125
1209.2109375,197.2801513671875
1210.8863525390625,197.2342529296875
1212.4644775390625,197.213134765625
1214.155517578125,197.21449279785156
1215.8543701171875,197.24029541015625
1217.454345703125,197.28607177734375
1219.16845703125,197.35662841796875
1220.8905029296875,197.4479217529297
1222.5115966796875,197.5510711669922
1224.138916015625,197.67051696777344
1225.773193359375,197.80459594726562
1227.413330078125,197.9520721435547
1229.1695556640625,198.12408447265625
1230.932861328125,198.3128662109375
1232.7027587890625,198.5190887451172
1234.4796142578125,198.7445068359375
1236.2630615234375,198.98863220214844
1238.05224609375,199.2522735595703
1239.7354736328125,199.51708984375
1241.5367431640625,199.81703186035156
1243.3436279296875,200.1343536376953
1245.1563720703125,200.47030639648438
1246.6336669921875,200.75636291503906
1248.1151123046875,201.0529022216797
1249.7158203125,201.3819122314453
1251.2076416015625,201.69383239746094
1252.7052001953125,202.00950622558594
1254.3240966796875,202.35220336914062
1255.8328857421875,202.6727752685547
1257.34716796875,202.9952392578125
1258.9835205078125,203.34457397460938
1260.509033203125,203.671142578125
1262.157958984375,204.025146484375
1263.812744140625,204.3814697265625
1265.3543701171875,204.71461486816406
1267.0206298828125,205.0767364501953
1268.692626953125,205.44247436523438
1270.2508544921875,205.7843475341797
1271.93505859375,206.15464782714844
1273.6253662109375,206.52703857421875
1275.3216552734375,206.9018096923828
1277.0242919921875,207.27862548828125
1278.611328125,207.62965393066406
1280.326416015625,208.0085906982422
1281.924560546875,208.3616485595703
1283.4039306640625,208.68829345703125
1285.0074462890625,209.04200744628906
1286.6107177734375,209.3950653076172
1288.3377685546875,209.77484130859375
1290.06494140625,210.15419006347656
1291.668701171875,210.50587463378906
1293.395263671875,210.8843994140625
1294.998779296875,211.23622131347656
1296.6038818359375,211.58848571777344
1298.3359375,211.96815490722656
1299.9495849609375,212.3217010498047
1301.5692138671875,212.67689514160156
1303.3209228515625,213.06192016601562
1304.953125,213.42117309570312
1306.58984375,213.78196716308594
1308.23095703125,214.14431762695312
1310.0032958984375,214.53627014160156
1311.6536865234375,214.9019317626953
1313.3082275390625,215.2696075439453
1314.9671630859375,215.6390838623047
1316.6300048828125,216.00975036621094
1318.42578125,216.41030883789062
1320.0977783203125,216.7832489013672
1321.774169921875,217.1576385498047
1323.455078125,217.53347778320312
1325.270263671875,217.93980407714844
1326.96044921875,218.31813049316406
1328.6549072265625,218.69735717773438
1330.3536376953125,219.0775909423828
1332.056884765625,219.4589385986328
1333.7646484375,219.841552734375
1335.476806640625,220.22486877441406
1337.3255615234375,220.6382598876953
1339.0469970703125,221.02281188964844
1340.7728271484375,221.40882873535156
1342.5029296875,221.7964324951172
1344.2374267578125,222.18527221679688
1345.976318359375,222.57525634765625
1347.7191162109375,222.96649169921875
1349.46630859375,223.3590850830078
1351.08251953125,223.72305297851562
1352.5670166015625,224.0581817626953
1354.3250732421875,224.45596313476562
1355.95166015625,224.82470703125
1357.4459228515625,225.1639404296875
1359.2156982421875,225.56683349609375
1360.98974609375,225.97193908691406
1362.76806640625,226.3791961669922
1364.5498046875,226.7894287109375
1366.1971435546875,227.1715087890625
1367.7099609375,227.52499389648438
1369.2249755859375,227.88177490234375
1370.742431640625,228.24221801757812
1372.5384521484375,228.6733856201172
1374.337646484375,229.11048889160156
1376.0009765625,229.51956176757812
1377.666748046875,229.93417358398438
1379.19580078125,230.31918334960938
1380.7264404296875,230.7092742919922
1382.537353515625,231.17742919921875
1384.3499755859375,231.65452575683594
1386.16455078125,232.1405792236328
1387.7015380859375,232.5588836669922
1389.51953125,233.06134033203125
1391.058837890625,233.4938507080078
1392.87939453125,234.0140380859375
1394.70166015625,234.54388427734375
1396.244873046875,234.99905395507812
1398.0703125,235.54464721679688
1399.89697265625,236.09889221191406
1401.7247314453125,236.66249084472656
1403.553466796875,237.2361297607422
1405.10107421875,237.7301025390625
1406.9295654296875,238.32528686523438
1408.7572021484375,238.93421936035156
1410.583740234375,239.55783081054688
1412.40869140625,240.19676208496094
1414.231689453125,240.85147094726562
1416.052978515625,241.52171325683594
1417.8724365234375,242.206787109375
1419.41064453125,242.7975616455078
1422.203125,243.8970947265625
1423.736328125,244.5157470703125
1425.1280517578125,245.08682250976562
1426.6566162109375,245.7247772216797
1428.18212890625,246.37306213378906
1429.5662841796875,246.9713134765625
1431.0855712890625,247.6393280029297
1432.4635009765625,248.25584411621094
1433.9754638671875,248.9442901611328
1435.3465576171875,249.57957458496094
1436.8509521484375,250.28866577148438
1438.2149658203125,250.94259643554688
1439.711669921875,251.6719512939453
1441.0687255859375,252.34396362304688
1442.5574951171875,253.0930938720703
1444.0416259765625,253.85293579101562
1445.3865966796875,254.5533447265625
1446.8609619140625,255.33477783203125
1448.196533203125,256.0552978515625
1449.5272216796875,256.7856750488281
1450.9853515625,257.6005859375
1452.4376220703125,258.4277648925781
1453.8836669921875,259.267333984375
1455.19287109375,260.04144287109375
1456.62646484375,260.9050598144531
1457.923828125,261.7012023925781
1459.3438720703125,262.5890197753906
1460.75634765625,263.4892883300781
1462.0335693359375,264.3183898925781
1463.4307861328125,265.2419738769531
1464.8197021484375,266.1777038574219
1466.2000732421875,267.1254577636719
1467.696044921875,268.1730651855469
1469.05810546875,269.1458435058594
1470.5333251953125,270.2206115722656
1471.8756103515625,271.21826171875
1473.0869140625,272.1355285644531
1474.5291748046875,273.24920654296875
1475.9588623046875,274.3768005371094
1477.4932861328125,275.6136779785156
1478.66357421875,276.5757141113281
1480.1715087890625,277.8398132324219
1481.321044921875,278.8224792480469
1482.4613037109375,279.8141174316406
1483.592041015625,280.8147888183594
1484.713134765625,281.824462890625
1485.8245849609375,282.84320068359375
1486.9266357421875,283.8709716796875
1488.1282958984375,285.01177978515625
1489.2109375,286.05810546875
1490.391357421875,287.2190246582031
1491.4544677734375,288.28363037109375
1492.6121826171875,289.4649658203125
1493.75732421875,290.6573791503906
1494.8895263671875,291.8609924316406
1495.9075927734375,292.9649353027344
1497.015380859375,294.1898193359375
1498.110595703125,295.4253845214844
1499.095703125,296.5576171875
1500.16748046875,297.8128356933594
1501.131591796875,298.9627685546875
1502.18115234375,300.2373352050781
1503.219970703125,301.5218505859375
1504.155517578125,302.6981506347656
1505.175048828125,304.00146484375
1506.0927734375,305.19488525390625
1507.09228515625,306.5170593261719
1508.0809326171875,307.8489685058594
1508.9691162109375,309.06781005859375
1509.846435546875,310.294189453125
1510.7982177734375,311.6516418457031
1511.7362060546875,313.017822265625
1512.57763671875,314.2672119140625
1513.491455078125,315.6494445800781
1514.3115234375,316.9130554199219
1515.12158203125,318.1833190917969
1515.9212646484375,319.4602966308594
1516.7105712890625,320.7441711425781
1517.4891357421875,322.0350646972656
1518.257080078125,323.3331298828125
1519.164306640625,324.9003601074219
1520.0560302734375,326.4779357910156
1520.8599853515625,327.9328918457031
1521.5794677734375,329.2627868652344
1522.3582763671875,330.73345947265625
1523.12353515625,332.2123107910156
1523.8753662109375,333.6991882324219
1524.6136474609375,335.1940002441406
1525.2733154296875,336.5596618652344
1525.9862060546875,338.06915283203125
1526.6859130859375,339.5860290527344
1527.3726806640625,341.1100769042969
1528.04638671875,342.6411437988281
1528.7069091796875,344.1791076660156
1529.2960205078125,345.5831604003906
1529.931640625,347.1339111328125
1530.55419921875,348.6911315917969
1531.1636962890625,350.25469970703125
1531.7064208984375,351.6815490722656
1532.2908935546875,353.2568359375
1532.81103515625,354.6940612792969
1533.3709716796875,356.28045654296875
1533.9183349609375,357.87237548828125
1534.4532470703125,359.4696960449219
1534.928955078125,360.92633056640625
1535.4405517578125,362.5334777832031
1535.940185546875,364.1455383300781
1536.38427734375,365.6151428222656
1536.8616943359375,367.2360534667969
1537.327880859375,368.8614196777344
1537.7418212890625,370.3427429199219
1538.186767578125,371.97613525390625
1538.6207275390625,373.61358642578125
1539.0435791015625,375.2549133300781
1539.4185791015625,376.7503356933594
1539.82080078125,378.3987731933594
1540.1773681640625,379.9004211425781
1540.5596923828125,381.55548095703125
1540.9320068359375,383.21380615234375
1541.261962890625,384.7240905761719
1541.61572265625,386.3882751464844
1541.9293212890625,387.9036865234375
1542.265869140625,389.5733337402344
1542.5645751953125,391.0935363769531
1542.8861083984375,392.7682189941406
1543.172119140625,394.292724609375
1543.45263671875,395.81915283203125
1543.7552490234375,397.50030517578125
1544.0252685546875,399.03033447265625
1544.3173828125,400.715087890625
1544.5789794921875,402.2481994628906
1544.8634033203125,403.93621826171875
1545.145263671875,405.6258850097656
1545.42578125,407.3170166015625
1545.70556640625,409.009521484375
1545.9854736328125,410.703369140625
1546.2664794921875,412.3983154296875
1546.523193359375,413.940185546875
1546.8077392578125,415.6371765136719
1547.0950927734375,417.33514404296875
1547.3590087890625,418.8795471191406
1547.652587890625,420.5791015625
1547.9501953125,422.2793884277344
1548.2520751953125,423.9803771972656
1548.530517578125,425.5272521972656
1548.8414306640625,427.2293395996094
1549.15771484375,428.931884765625
1549.4501953125,430.47991943359375
1549.7772216796875,432.1829528808594
1550.1103515625,433.885986328125
1550.41845703125,435.4341735839844
1550.7635498046875,437.1371154785156
1551.114990234375,438.8399353027344
1551.4403076171875,440.3877868652344
1551.8043212890625,442.0903015136719
1552.1749267578125,443.7925720214844
1552.51806640625,445.3396911621094
1552.9027099609375,447.04095458984375
1553.2591552734375,448.5869140625
1553.658935546875,450.2867736816406
1554.0291748046875,451.83135986328125
1554.4444580078125,453.5293273925781
1554.8681640625,455.2262268066406
1555.260498046875,456.7679138183594
1555.659423828125,458.3087463378906
1556.10546875,460.0028991699219
1556.5587158203125,461.6964416503906
1556.976806640625,463.2353210449219
1557.4439697265625,464.9271240234375
1557.9193115234375,466.6177062988281
1558.403076171875,468.30682373046875
1558.8505859375,469.84075927734375
1559.3516845703125,471.5259094238281
1559.8626708984375,473.2082824707031
1560.3839111328125,474.88726806640625
1560.8668212890625,476.4102478027344
1561.4085693359375,478.0815124511719
1561.9609375,479.7485656738281
1562.472412109375,481.2606201171875
1563.0447998046875,482.92022705078125
1563.627197265625,484.576171875
1564.2193603515625,486.22845458984375
1564.7662353515625,487.727294921875
1565.376953125,489.3723449707031
1565.9974365234375,491.0133361816406
1566.5701904296875,492.50140380859375
1567.2095947265625,494.1341552734375
1567.859130859375,495.7622985839844
1568.45849609375,497.23834228515625
1569.1278076171875,498.85723876953125
1569.8077392578125,500.470947265625
1570.4984130859375,502.0794677734375
1571.1356201171875,503.5371398925781
1571.8465576171875,505.1355895996094
1572.5018310546875,506.5842590332031
1573.2322998046875,508.1729431152344
1573.972900390625,509.7564392089844
1574.7237548828125,511.3345947265625
1575.4853515625,512.9074096679688
1576.1865234375,514.33251953125
1576.9677734375,515.8950805664062
1577.75927734375,517.4527587890625
1578.487548828125,518.8648071289062
1579.3721923828125,520.5547485351562
1580.1934814453125,522.0994262695312
1581.0245361328125,523.6402587890625
1581.7884521484375,525.037841796875
1582.637451171875,526.5715942382812
1583.495849609375,528.1018676757812
1584.363525390625,529.6283569335938
1585.2413330078125,531.1505126953125
1586.0487060546875,532.5299072265625
1586.9476318359375,534.041748046875
1587.8580322265625,535.5477294921875
1588.780029296875,537.0477294921875
1589.6278076171875,538.4063110351562
1590.5712890625,539.8950805664062
1591.526123046875,541.3778686523438
1592.491943359375,542.854736328125
1593.37939453125,544.1923217773438
1594.36572265625,545.6580200195312
1595.3626708984375,547.1180419921875
1596.2777099609375,548.4406127929688
1597.29345703125,549.8905029296875
1598.3189697265625,551.3350219726562
1599.259521484375,552.6436767578125
1600.30322265625,554.0782470703125
1601.2596435546875,555.3782958984375
1602.3199462890625,556.803955078125
1603.388671875,558.2252197265625
1604.3673095703125,559.5134887695312
1605.4515380859375,560.92626953125
1606.4444580078125,562.2066040039062
1607.5445556640625,563.6104125976562
1608.552001953125,564.8825073242188
1609.66796875,566.2771606445312
1610.689697265625,567.5409545898438
1611.8212890625,568.9265747070312
1612.85693359375,570.1820068359375
1614.0040283203125,571.558349609375
1615.0538330078125,572.8052368164062
1616.2164306640625,574.1719970703125
1617.2802734375,575.4102783203125
1618.4581298828125,576.767822265625
1619.535400390625,577.9979248046875
1620.618896484375,579.2244262695312
1621.708251953125,580.4473876953125
1622.913330078125,581.7886962890625
1624.125244140625,583.1260986328125
1625.232666015625,584.3387451171875
1626.45703125,585.6694946289062
1627.6871337890625,586.9971313476562
1628.810546875,588.20166015625
1630.05126953125,589.5243530273438
1631.296875,590.8450927734375
1632.4332275390625,592.0443115234375
1633.6875,593.3619384765625
1634.8314208984375,594.5584716796875
1636.093994140625,595.8731079101562
1637.24560546875,597.0669555664062
1638.5166015625,598.378662109375
1639.7918701171875,599.6888427734375
1640.954833984375,600.878662109375
1642.238037109375,602.186279296875
1643.4080810546875,603.3740234375
1644.6988525390625,604.6795654296875
1645.993408203125,605.984130859375
1647.1734619140625,607.1693115234375
1648.47509765625,608.4722290039062
1649.661376953125,609.6561279296875
1650.969482421875,610.9578247070312
1652.16162109375,612.140869140625
1653.4757080078125,613.4419555664062
1654.672607421875,614.6249389648438
1655.9915771484375,615.9266357421875
1657.1925048828125,617.1106567382812
1658.394775390625,618.295654296875
1659.5982666015625,619.4818115234375
1660.923095703125,620.788330078125
1662.1280517578125,621.97802734375
1663.3331298828125,623.169921875
1664.5380859375,624.3643188476562
1665.7427978515625,625.5614013671875
1666.9468994140625,626.7613525390625
1668.150634765625,627.9642333984375
1669.3536376953125,629.170166015625
1670.555908203125,630.3790283203125
1671.757568359375,631.5910034179688
1672.9586181640625,632.8060913085938
1674.278564453125,634.1463623046875
1675.4776611328125,635.3681640625
1676.67529296875,636.593505859375
1677.9908447265625,637.94580078125
1679.1845703125,639.179443359375
1680.4949951171875,640.54150390625
1681.68359375,641.78466796875
1682.869140625,643.03271484375
1684.1695556640625,644.4114990234375
1685.34814453125,645.6704711914062
1686.5228271484375,646.93505859375
1687.8101806640625,648.332763671875
1688.97607421875,649.609619140625
1690.2532958984375,651.0210571289062
1691.52490234375,652.4398193359375
1692.6763916015625,653.7357788085938
1693.8236083984375,655.0375366210938
1695.080322265625,656.4762573242188
1696.3311767578125,657.922119140625
1697.5760498046875,659.3754272460938
1698.7022705078125,660.7030639648438
1699.934814453125,662.170654296875
1700.9384765625,663.376953125
1702.15966796875,664.8579711914062
1703.374755859375,666.3461303710938
1704.5828857421875,667.840576171875
1705.78271484375,669.340087890625
1706.97412109375,670.8445434570312
1708.156982421875,672.3539428710938
1709.2249755859375,673.7303466796875
1710.391357421875,675.2491455078125
1711.5487060546875,676.7730102539062
1712.5927734375,678.162841796875
1713.7322998046875,679.6968994140625
1714.76025390625,681.0965576171875
1715.8826904296875,682.64208984375
1716.8961181640625,684.0528564453125
1717.9039306640625,685.4692993164062
1718.9061279296875,686.891845703125
1719.902587890625,688.3206176757812
1720.8927001953125,689.75537109375
1721.8759765625,691.1959228515625
1722.9495849609375,692.7872924804688
1723.91796875,694.240234375
1724.87939453125,695.6990356445312
1725.8336181640625,697.1636352539062
1726.781005859375,698.6338500976562
1727.7215576171875,700.109619140625
1728.655517578125,701.5908203125
1729.6754150390625,703.2261962890625
1730.595947265625,704.7183837890625
1731.51025390625,706.2156372070312
1732.4183349609375,707.7178344726562
1733.320556640625,709.2249145507812
1734.2166748046875,710.7367553710938
1735.106689453125,712.25341796875
1735.990478515625,713.7748413085938
1736.86767578125,715.3011474609375
1737.7381591796875,716.8323974609375
1738.6019287109375,718.3685913085938
1739.4588623046875,719.9097290039062
1740.3089599609375,721.4557495117188
1741.152099609375,723.0066528320312
1742.071533203125,724.7182006835938
1742.89990234375,726.279296875
1743.72119140625,727.84521484375
1744.534912109375,729.4159545898438
1745.3411865234375,730.9915161132812
1746.139892578125,732.572021484375
1746.930908203125,734.1572875976562
1747.7142333984375,735.7474365234375
1748.48974609375,737.34228515625
1749.333740234375,739.1021728515625
1750.092529296875,740.70703125
1750.8431396484375,742.316650390625
1751.5118408203125,743.7693481445312
1752.246826171875,745.3878784179688
1752.9732666015625,747.0110473632812
1753.7625732421875,748.802001953125
1754.4710693359375,750.4349975585938
1755.1707763671875,752.0726318359375
1755.86181640625,753.71484375
1756.544189453125,755.3615112304688
1757.218017578125,757.0125732421875
1757.88330078125,758.66796875
1758.539794921875,760.3276977539062
1759.1878662109375,761.9915771484375
1759.8272705078125,763.65966796875
1760.52099609375,765.4992065429688
1761.142578125,767.1757202148438
1761.7557373046875,768.856201171875
1762.3603515625,770.54052734375
1762.95654296875,772.2286987304688
1763.5443115234375,773.920654296875
1764.181396484375,775.7860107421875
1764.751953125,777.485595703125
1765.314453125,779.1886596679688
1765.86865234375,780.8952026367188
1766.4149169921875,782.6051635742188
1766.9530029296875,784.3184814453125
1767.48291015625,786.0350952148438
1768.0562744140625,787.9271240234375
1768.5687255859375,789.6505737304688
1769.072998046875,791.3772583007812
1769.5689697265625,793.1070556640625
1770.056884765625,794.8399658203125
1770.5364990234375,796.575927734375
1770.961181640625,798.1408081054688
1771.4251708984375,799.8823852539062
1771.880615234375,801.6268920898438
1772.3717041015625,803.5491943359375
1772.8092041015625,805.2997436523438
1773.238037109375,807.0531005859375
1773.6580810546875,808.8092651367188
1774.110107421875,810.744140625
1774.5113525390625,812.5059814453125
1774.9033203125,814.2704467773438
1775.285400390625,816.0374755859375
1775.69384765625,817.9842529296875
1776.05419921875,819.7567749023438
1776.404052734375,821.5318603515625
1776.7437744140625,823.3095703125
1777.106201171875,825.2678833007812
1777.426025390625,827.0506591796875
1777.7374267578125,828.835693359375
1778.0714111328125,830.8016967773438
1778.3671875,832.591064453125
1778.68359375,834.5614624023438
1778.9630126953125,836.3547973632812
1779.234375,838.14990234375
1779.5238037109375,840.126708984375
1779.7784423828125,841.9255981445312
1780.0487060546875,843.9064331054688
1780.2855224609375,845.7090454101562
1780.5137939453125,847.5133056640625
1780.7550048828125,849.4999389648438
1780.96533203125,851.3076782226562
1781.1673583984375,853.1170654296875
1781.3612060546875,854.927978515625
1781.5289306640625,856.5591430664062
1781.707763671875,858.3728637695312
1781.8787841796875,860.1879272460938
1782.0576171875,862.1861572265625
1782.2119140625,864.0040893554688
1782.3582763671875,865.8233642578125
1782.5106201171875,867.8261108398438
1782.6414794921875,869.648193359375
1782.7652587890625,871.4714965820312
1782.8936767578125,873.478515625
1783.0035400390625,875.304443359375
1783.1170654296875,877.3142700195312
1783.2137451171875,879.1426391601562
1783.304443359375,880.9720458984375
1783.396728515625,882.9856567382812
1783.4739990234375,884.8172607421875
1783.5516357421875,886.8333129882812
1783.6151123046875,888.6669921875
1783.671630859375,890.50146484375
1783.7255859375,892.5206298828125
1783.767822265625,894.3572998046875
1783.80712890625,896.3788452148438
1783.83642578125,898.2175903320312
1783.85986328125,900.0572509765625
1783.8792724609375,902.0819702148438
1783.8914794921875,903.9234619140625
1783.899169921875,905.9501342773438
1783.9013671875,907.7935791015625
1783.89990234375,909.6380004882812
1783.8944091796875,911.6676635742188
1783.8865966796875,913.5136108398438
1783.876220703125,915.3605346679688
1783.863037109375,917.3934936523438
1783.85009765625,919.2425537109375
1783.835205078125,921.27783203125
1783.8214111328125,923.1293334960938
1783.8076171875,924.9819946289062
1783.7926025390625,927.0211181640625
1783.7796630859375,928.8753051757812
1783.7667236328125,930.9161376953125
1783.7559814453125,932.7725219726562
1783.74609375,934.6294555664062
1783.73583984375,936.672607421875
1783.7265625,938.53076171875
1783.7158203125,940.576416015625
1783.7064208984375,942.437255859375
1783.697509765625,944.2991333007812
1783.6883544921875,946.3485107421875
1783.6802978515625,948.2127075195312
1783.6722412109375,950.0777587890625
1783.6632080078125,952.1302490234375
1783.6546630859375,953.9971923828125
1783.64697265625,955.6781616210938
1783.638427734375,957.5467529296875
1783.631103515625,959.229248046875
1783.622802734375,961.28662109375
1783.6158447265625,963.157958984375
1783.609130859375,965.2174072265625
1783.60400390625,967.0906982421875
1783.5994873046875,969.15234375
1783.59619140625,971.0276489257812
1783.5943603515625,972.5286254882812
1783.5931396484375,974.0300903320312
1783.5924072265625,975.9077758789062
1783.592529296875,977.4105224609375
1783.59326171875,978.913818359375
1783.594970703125,980.793701171875
1783.59716796875,982.2982177734375
1783.599853515625,983.80322265625
1783.60400390625,985.6852416992188
1783.6080322265625,987.1915283203125
1783.6126708984375,988.6983032226562
1783.6190185546875,990.5826416015625
1783.624755859375,992.0907592773438
1783.632568359375,993.9765625
1783.63916015625,995.4859008789062
1783.646240234375,996.995849609375
1783.6536865234375,998.5064086914062
1783.6634521484375,1000.3954467773438
1783.671630859375,1001.9074096679688
1783.68017578125,1003.4199829101562
1783.69140625,1005.3114624023438
1783.7008056640625,1006.8253173828125
1783.71044921875,1008.3397827148438
1783.7205810546875,1009.8547973632812
1783.7310791015625,1011.370361328125
1783.7447509765625,1013.265625
1783.7562255859375,1014.782470703125
1783.7681884765625,1016.2998657226562
1783.7835693359375,1018.1973876953125
1783.79638671875,1019.7160034179688
1783.8096923828125,1021.2351684570312
1783.8233642578125,1022.7549438476562
1783.8372802734375,1024.2752685546875
1783.8553466796875,1026.1763916015625
1783.8701171875,1027.697998046875
1783.8851318359375,1029.22021484375
1783.900390625,1030.7430419921875
1783.9158935546875,1032.266357421875
1783.9356689453125,1034.1712646484375
1783.9515380859375,1035.69580078125
1783.9676513671875,1037.220947265625
1783.98388671875,1038.74658203125
1784.004150390625,1040.654541015625
1784.0203857421875,1042.1815185546875
1784.03662109375,1043.708984375
1784.056884765625,1045.6192626953125
1784.0731201171875,1047.1480712890625
1784.08935546875,1048.677490234375
1784.109619140625,1050.590087890625
1784.1259765625,1052.1207275390625
1784.142333984375,1053.652099609375
1784.1629638671875,1055.5670166015625
1784.179443359375,1057.099609375
1784.196044921875,1058.6328125
1784.212646484375,1060.1666259765625
1784.2293701171875,1061.7008056640625
1784.2503662109375,1063.6195068359375
1784.267333984375,1065.1551513671875
1784.2843017578125,1066.6912841796875
1784.301513671875,1068.22802734375
1784.318603515625,1069.765380859375
1784.3402099609375,1071.6878662109375
1784.357421875,1073.2264404296875
1784.374755859375,1074.765625
1784.39208984375,1076.305419921875
1784.409423828125,1077.8458251953125
1784.4266357421875,1079.38671875
1784.44384765625,1080.92822265625
1784.4610595703125,1082.4703369140625
1784.480224609375,1084.205810546875
1784.4991455078125,1085.94189453125
1784.5159912109375,1087.485595703125
1784.5325927734375,1089.0299072265625
1784.5491943359375,1090.57470703125
1784.565673828125,1092.1199951171875
1784.5821533203125,1093.665771484375
1784.5985107421875,1095.212158203125
1784.6148681640625,1096.7591552734375
1784.631103515625,1098.3065185546875
1784.6474609375,1099.8544921875
1784.663818359375,1101.403076171875
1784.68017578125,1102.9521484375
1784.69677734375,1104.501953125
1784.7135009765625,1106.05224609375
1784.7303466796875,1107.6031494140625
1784.747314453125,1109.1546630859375
1784.7686767578125,1111.094970703125
1784.785888671875,1112.6478271484375
1784.80322265625,1114.2012939453125
1784.820556640625,1115.75537109375
1784.838134765625,1117.3099365234375
1784.855712890625,1118.8651123046875
1784.8734130859375,1120.4207763671875
1784.8912353515625,1121.97705078125
1784.91357421875,1123.923095703125
1784.931640625,1125.4805908203125
1784.94970703125,1127.03857421875
1784.9677734375,1128.5970458984375
1784.98583984375,1130.156005859375
1785.00390625,1131.7154541015625
1785.0264892578125,1133.6654052734375
1785.0445556640625,1135.2259521484375
1785.0626220703125,1136.7869873046875
1785.0806884765625,1138.3485107421875
1785.0987548828125,1139.91064453125
1785.1214599609375,1141.8641357421875
1785.1396484375,1143.4276123046875
1785.157958984375,1144.99169921875
1785.1763916015625,1146.5565185546875
1785.19482421875,1148.121826171875
1785.21337890625,1149.687744140625
1785.236572265625,1151.6458740234375
1785.255126953125,1153.2130126953125
1785.2738037109375,1154.78076171875
1785.297119140625,1156.7410888671875
1785.31591796875,1158.31005859375
1785.334716796875,1159.8795166015625
1785.3536376953125,1161.449462890625
1785.3724365234375,1163.0198974609375
1785.391357421875,1164.5909423828125
1785.4149169921875,1166.5552978515625
1785.433837890625,1168.12744140625
1785.45263671875,1169.7000732421875
1785.471435546875,1171.2730712890625
1785.494873046875,1173.240234375
1785.5135498046875,1174.8145751953125
1785.5322265625,1176.389404296875
1785.5509033203125,1177.96484375
1785.5740966796875,1179.9346923828125
1785.5926513671875,1181.51123046875
1785.6112060546875,1183.0882568359375
1785.6341552734375,1185.060302734375
1785.652587890625,1186.6385498046875
1785.6708984375,1188.21728515625
1785.6915283203125,1189.9940185546875
1785.7120361328125,1191.7713623046875
1785.730224609375,1193.3519287109375
1785.7530517578125,1195.3282470703125
1785.771240234375,1196.909912109375
1785.78955078125,1198.4920654296875
1785.812255859375,1200.4703369140625
1785.8304443359375,1202.0535888671875
1785.853271484375,1204.0333251953125
1785.8714599609375,1205.61767578125
1785.8897705078125,1207.2027587890625
1785.9124755859375,1209.1846923828125
1785.9307861328125,1210.7708740234375
1785.9490966796875,1212.357421875
1785.971923828125,1214.3414306640625
1785.990234375,1215.9290771484375
1786.0084228515625,1217.5172119140625
1786.03125,1219.5029296875
1786.0494384765625,1221.0921630859375
1786.067626953125,1222.6820068359375
1786.09033203125,1224.669921875
1786.108642578125,1226.260986328125
1786.126953125,1227.8524169921875
1786.149658203125,1229.842529296875
1786.1678466796875,1231.4351806640625
1786.1859130859375,1233.0281982421875
1786.20849609375,1235.0203857421875
1786.2264404296875,1236.614501953125
1786.248779296875,1238.6080322265625
1786.2664794921875,1240.203369140625
1786.28857421875,1242.1982421875
1786.30615234375,1243.7945556640625
1786.3280029296875,1245.79052734375
1786.3453369140625,1247.3878173828125
1786.366943359375,1249.3851318359375
1786.3841552734375,1250.9835205078125
1786.4012451171875,1252.5823974609375
1786.422607421875,1254.5816650390625
1786.4439697265625,1256.5816650390625
1786.4610595703125,1258.182373046875
1786.47802734375,1259.78369140625
1786.4993896484375,1261.7860107421875
1786.5164794921875,1263.3885498046875
1786.5335693359375,1264.9915771484375
1786.554931640625,1266.9959716796875
1786.5721435546875,1268.60009765625
1786.593505859375,1270.60595703125
1786.6107177734375,1272.2113037109375
1786.6279296875,1273.817138671875
1786.6495361328125,1275.8251953125
1786.6668701171875,1277.43212890625
1786.6885986328125,1279.4415283203125
1786.7060546875,1281.049560546875
1786.7279052734375,1283.0601806640625
1786.7454833984375,1284.669189453125
1786.7674560546875,1286.6810302734375
1786.7850341796875,1288.2908935546875
1786.80712890625,1290.3038330078125
1786.8248291015625,1291.9146728515625
1786.846923828125,1293.9288330078125
1786.8646240234375,1295.540771484375
1786.886962890625,1297.556396484375
1786.9093017578125,1299.5728759765625
1786.92724609375,1301.1866455078125
1786.94970703125,1303.20458984375
1786.9676513671875,1304.8194580078125
1786.9901123046875,1306.8388671875
1787.012451171875,1308.859130859375
1787.0302734375,1310.4759521484375
1787.0523681640625,1312.4976806640625
1787.06982421875,1314.1156005859375
1787.0914306640625,1316.138671875
1787.11279296875,1318.16259765625
1787.129638671875,1319.7822265625
1787.146484375,1321.40234375
1787.1632080078125,1323.0230712890625
1787.1817626953125,1324.846923828125
1787.2021484375,1326.8741455078125
1787.2225341796875,1328.9022216796875
1787.238525390625,1330.525146484375
1787.2584228515625,1332.5545654296875
1787.278076171875,1334.584716796875
1787.2935791015625,1336.20947265625
1787.31298828125,1338.2410888671875
1787.3321533203125,1340.273681640625
1787.3511962890625,1342.3070068359375
1787.3702392578125,1344.3411865234375
1787.3853759765625,1345.9691162109375
1787.4041748046875,1348.004638671875
1787.4228515625,1350.040771484375
1787.44140625,1352.0777587890625
1787.4598388671875,1354.1153564453125
1787.474609375,1355.7459716796875
1787.492919921875,1357.784912109375
1787.51123046875,1359.8245849609375
1787.5296630859375,1361.864990234375
1787.548095703125,1363.90625
1787.566650390625,1365.9482421875
1787.58154296875,1367.5823974609375
1787.600341796875,1369.6258544921875
1787.6192626953125,1371.670166015625
1787.638427734375,1373.715087890625
1787.65380859375,1375.3515625
1787.6732177734375,1377.39794921875
1787.69287109375,1379.4451904296875
1787.7127685546875,1381.4932861328125
1787.7327880859375,1383.5421142578125
1787.7530517578125,1385.591552734375
1787.769287109375,1387.2315673828125
1787.7899169921875,1389.2822265625
1787.810546875,1391.33349609375
1787.831298828125,1393.385498046875
1787.8521728515625,1395.4381103515625
1787.8729248046875,1397.4915771484375
1787.893798828125,1399.545654296875
1787.9146728515625,1401.6004638671875
1787.935546875,1403.65625
1787.9564208984375,1405.712890625
1787.9775390625,1407.7703857421875
1787.998779296875,1409.8287353515625
1788.0203857421875,1411.8878173828125
1788.0423583984375,1413.947509765625
1788.064697265625,1416.0078125
1788.0875244140625,1418.0687255859375
1788.1085205078125,1419.924072265625
1788.12744140625,1421.57373046875
1788.1514892578125,1423.6363525390625
1788.1737060546875,1425.4932861328125
1788.19384765625,1427.14453125
1788.2193603515625,1429.2093505859375
1788.2427978515625,1431.068359375
1788.2637939453125,1432.721435546875
1788.284912109375,1434.375
1788.3089599609375,1436.2357177734375
1788.3304443359375,1437.8902587890625
1788.354736328125,1439.752197265625
1788.37646484375,1441.4075927734375
1788.40380859375,1443.4776611328125
1788.4312744140625,1445.5484619140625
1788.458740234375,1447.6199951171875
1788.4835205078125,1449.485107421875
1788.5054931640625,1451.1434326171875
1788.5330810546875,1453.2169189453125
1788.5606689453125,1455.2908935546875
1788.5882568359375,1457.365478515625
1788.6131591796875,1459.2332763671875
1788.6353759765625,1460.8941650390625
1788.663330078125,1462.970703125
1788.6884765625,1464.84033203125
1788.7109375,1466.502685546875
1788.7362060546875,1468.37353515625
1788.7589111328125,1470.0369873046875
1788.787353515625,1472.116943359375
1788.8160400390625,1474.1976318359375
1788.842041015625,1476.07080078125
1788.8653564453125,1477.7364501953125
1788.894775390625,1479.8189697265625
1788.92138671875,1481.69384765625
1788.9453125,1483.3609619140625
1788.9754638671875,1485.4451904296875
1789.0028076171875,1487.3216552734375
1789.02734375,1488.9901123046875
1789.0582275390625,1491.0762939453125
1789.0863037109375,1492.954345703125
1789.1114501953125,1494.623779296875
1789.1429443359375,1496.7091064453125
1789.168212890625,1498.374755859375
1789.1998291015625,1500.4515380859375
1789.2249755859375,1502.107421875
1789.25634765625,1504.1697998046875
1789.2813720703125,1505.81298828125
1789.3126220703125,1507.8582763671875
1789.3436279296875,1509.89404296875
1789.3682861328125,1511.515380859375
1789.3988037109375,1513.532958984375
1789.423095703125,1515.14013671875
1789.4471435546875,1516.7413330078125
1789.4771728515625,1518.734375
1789.5010986328125,1520.322021484375
1789.5308837890625,1522.2977294921875
1789.5545654296875,1523.8712158203125
1789.5782470703125,1525.4388427734375
1789.6016845703125,1527.0001220703125
1789.631103515625,1528.9425048828125
1789.65478515625,1530.4888916015625
1789.6785888671875,1532.0286865234375
1789.708740234375,1533.9437255859375
1789.7393798828125,1535.8477783203125
1789.7645263671875,1537.3631591796875
1789.79638671875,1539.2474365234375
1789.8223876953125,1540.74755859375
1789.855224609375,1542.6138916015625
1789.8885498046875,1544.4708251953125
1789.925537109375,1546.5032958984375
1789.959716796875,1548.3416748046875
1789.994140625,1550.170654296875
1790.0321044921875,1552.1702880859375
1790.0667724609375,1553.9779052734375
1790.101806640625,1555.7747802734375
1790.13720703125,1557.559326171875
1790.1761474609375,1559.5074462890625
1790.211669921875,1561.2659912109375
1790.2470703125,1563.0137939453125
1790.2789306640625,1564.579345703125
1790.3145751953125,1566.3123779296875
1790.346923828125,1567.867431640625
1790.3828125,1569.590087890625
1790.4227294921875,1571.4781494140625
1790.459228515625,1573.1878662109375
1790.4962158203125,1574.8897705078125
1790.5335693359375,1576.5823974609375
1790.574462890625,1578.4306640625
1790.61083984375,1580.097412109375
1790.6456298828125,1581.7513427734375
1790.67822265625,1583.3934326171875
1790.711181640625,1585.1871337890625
1790.7386474609375,1586.806884765625
1790.7640380859375,1588.4176025390625
1790.787841796875,1590.019775390625
1790.8104248046875,1591.6141357421875
1790.8341064453125,1593.3585205078125
1790.854736328125,1594.9364013671875
1790.8746337890625,1596.5064697265625
1790.893798828125,1598.06884765625
1790.9139404296875,1599.7779541015625
1790.9312744140625,1601.3226318359375
1790.9473876953125,1602.8582763671875
1790.9632568359375,1604.53662109375
1790.97607421875,1606.052734375
1790.987060546875,1607.5595703125
1790.9969482421875,1609.2061767578125
1791.0052490234375,1611.1376953125
1791.009521484375,1613.0535888671875
1791.00927734375,1614.9542236328125
1791.0035400390625,1616.8399658203125
1790.9915771484375,1618.7109375
1790.972900390625,1620.5679931640625
1790.9476318359375,1622.4114990234375
1790.9158935546875,1624.2413330078125
1790.8773193359375,1626.0562744140625
1790.831298828125,1627.8548583984375
1790.7779541015625,1629.6363525390625
1790.715576171875,1631.4012451171875
1790.6435546875,1633.1502685546875
1790.5611572265625,1634.884521484375
1790.46923828125,1636.6051025390625
1790.368408203125,1638.3131103515625
1790.259521484375,1640.0089111328125
1790.14306640625,1641.6912841796875
1790.019287109375,1643.3607177734375
1789.8885498046875,1645.017333984375
1789.7613525390625,1646.5357666015625
1789.6043701171875,1648.2952880859375
1789.4617919921875,1649.7933349609375
1789.298095703125,1651.406005859375
1789.1240234375,1653.00830078125
1788.938720703125,1654.600830078125
1788.7413330078125,1656.18359375
1788.531494140625,1657.756591796875
1788.3089599609375,1659.3193359375
1788.073974609375,1660.8709716796875
1787.8270263671875,1662.4112548828125
1787.5482177734375,1664.057373046875
1787.2762451171875,1665.57568359375
1786.9454345703125,1667.317138671875
1786.642822265625,1668.8179931640625
1786.3243408203125,1670.31103515625
1785.936279296875,1672.0244140625
1785.52490234375,1673.7283935546875
1785.0899658203125,1675.4227294921875
1784.631103515625,1677.1072998046875
1784.148681640625,1678.781982421875
1783.6429443359375,1680.4476318359375
1783.1143798828125,1682.1048583984375
1782.563232421875,1683.75439453125
1781.9892578125,1685.3968505859375
1781.473388671875,1686.8145751953125
1780.856689453125,1688.4439697265625
1780.217041015625,1690.06591796875
1779.5548095703125,1691.6802978515625
1778.963134765625,1693.0733642578125
1778.2608642578125,1694.674072265625
1777.537841796875,1696.267578125
1776.794677734375,1697.85400390625
1776.1341552734375,1699.2227783203125
1775.3533935546875,1700.795166015625
1774.552490234375,1702.359375
1773.7310791015625,1703.914794921875
1772.889404296875,1705.459716796875
1772.02783203125,1706.9920654296875
1771.146728515625,1708.510498046875
1770.245849609375,1710.01416015625
1769.3250732421875,1711.5023193359375
1768.3841552734375,1712.9736328125
1767.5526123046875,1714.2347412109375
1766.5745849609375,1715.6732177734375
1765.7113037109375,1716.9052734375
1764.83349609375,1718.12353515625
1763.802734375,1719.511474609375
1762.7528076171875,1720.8800048828125
1761.683837890625,1722.229248046875
1760.5960693359375,1723.55908203125
1759.416015625,1724.9559326171875
1758.2918701171875,1726.24462890625
1757.074462890625,1727.5968017578125
1755.9166259765625,1728.8433837890625
1754.7431640625,1730.0694580078125
1753.474609375,1731.3543701171875
1752.2694091796875,1732.5367431640625
1751.04833984375,1733.6982421875
1749.7279052734375,1734.9150390625
1748.473388671875,1736.0357666015625
1747.118408203125,1737.2099609375
1745.8336181640625,1738.2896728515625
1744.44921875,1739.4180908203125
1743.0511474609375,1740.522216796875
1741.728515625,1741.53564453125
1740.4842529296875,1742.46240234375
1739.1405029296875,1743.4346923828125
1737.6954345703125,1744.447998046875
1736.2384033203125,1745.436279296875
1734.76953125,1746.3992919921875
1733.289306640625,1747.3367919921875
1731.7978515625,1748.2490234375
1730.2958984375,1749.1361083984375
1728.783203125,1749.99853515625
1727.25927734375,1750.8365478515625
1725.9156494140625,1751.5499267578125
1724.36865234375,1752.342529296875
1722.81005859375,1753.1109619140625
1721.240478515625,1753.8551025390625
1719.6600341796875,1754.5743408203125
1718.0687255859375,1755.2679443359375
1716.5672607421875,1755.89453125
1715.1573486328125,1756.458740234375
1713.7391357421875,1757.0030517578125
1712.311767578125,1757.5281982421875
1710.8743896484375,1758.0350341796875
1709.42626953125,1758.5245361328125
1707.7572021484375,1759.0634765625
1706.2843017578125,1759.5177001953125
1704.7998046875,1759.95556640625
1703.303955078125,1760.3773193359375
1701.79736328125,1760.7828369140625
1700.2806396484375,1761.1717529296875
1698.5357666015625,1761.595947265625
1697,1761.9486083984375
1695.4569091796875,1762.283935546875
1693.9073486328125,1762.601318359375
1692.351806640625,1762.9007568359375
1690.790283203125,1763.181884765625
1689.22265625,1763.4451904296875
1687.6490478515625,1763.690673828125
1686.0694580078125,1763.918212890625
1684.483642578125,1764.1275634765625
1682.7774658203125,1764.331298828125
1681.1783447265625,1764.5020751953125
1679.5726318359375,1764.6539306640625
1677.9600830078125,1764.787109375
1676.224365234375,1764.9088134765625
1674.5968017578125,1765.002685546875
1672.9619140625,1765.0767822265625
1671.20263671875,1765.133544921875
1669.553466796875,1765.1654052734375
1667.8978271484375,1765.17724609375
1666.236083984375,1765.169677734375
1664.687744140625,1765.1448974609375
1663.014892578125,1765.0992431640625
1661.21630859375,1765.028564453125
1659.5321044921875,1764.942138671875
1657.8427734375,1764.836181640625
1656.0277099609375,1764.7001953125
1654.3291015625,1764.55224609375
1652.5078125,1764.3712158203125
1650.8109130859375,1764.1812744140625
1648.9962158203125,1763.955322265625
1647.1856689453125,1763.7056884765625
1645.3795166015625,1763.43212890625
1643.5782470703125,1763.1346435546875
1641.901123046875,1762.8350830078125
1640.2269287109375,1762.5137939453125
1638.553955078125,1762.170166015625
1636.76025390625,1761.7767333984375
1634.96435546875,1761.35693359375
1633.167724609375,1760.9100341796875
1631.3726806640625,1760.435546875
1629.699462890625,1759.967041015625
1627.9093017578125,1759.4375
1625.05126953125,1758.5322265625
1623.625244140625,1758.0537109375
1622.2012939453125,1757.558349609375
1620.779541015625,1757.0462646484375
1619.360107421875,1756.5177001953125
1617.9429931640625,1755.97265625
1616.29296875,1755.3162841796875
1614.881591796875,1754.736328125
1613.472900390625,1754.140625
1612.067138671875,1753.5291748046875
1610.6646728515625,1752.90185546875
1609.265869140625,1752.25830078125
1607.6390380859375,1751.486572265625
1606.24951171875,1750.8065185546875
1604.864990234375,1750.1092529296875
1603.4854736328125,1749.39501953125
1602.111328125,1748.6636962890625
1600.5150146484375,1747.7894287109375
1599.1529541015625,1747.022216796875
1597.796630859375,1746.23876953125
1596.4461669921875,1745.439208984375
1595.1019287109375,1744.6236572265625
1593.7640380859375,1743.792236328125
1592.43310546875,1742.945068359375
1590.999267578125,1742.009521484375
1589.6832275390625,1741.129638671875
1588.374755859375,1740.2344970703125
1587.073486328125,1739.3243408203125
1585.779541015625,1738.39990234375
1584.38623046875,1737.3822021484375
1583.108154296875,1736.4278564453125
1581.837646484375,1735.4591064453125
1580.5748291015625,1734.4761962890625
1579.110595703125,1733.3121337890625
1577.86328125,1732.300048828125
1576.623291015625,1731.2750244140625
1575.3907470703125,1730.237548828125
1574.165771484375,1729.1876220703125
1572.8472900390625,1728.0364990234375
1571.6385498046875,1726.9609375
1570.4381103515625,1725.8731689453125
1569.2464599609375,1724.7728271484375
1567.9656982421875,1723.5667724609375
1566.793212890625,1722.4405517578125
1565.6298828125,1721.3018798828125
1564.4754638671875,1720.1513671875
1563.328369140625,1718.9903564453125
1562.092041015625,1717.7225341796875
1560.956787109375,1716.54345703125
1559.8284912109375,1715.355224609375
1558.707763671875,1714.15673828125
1557.5950927734375,1712.94775390625
1556.3983154296875,1711.6260986328125
1555.3011474609375,1710.3958740234375
1554.21044921875,1709.1563720703125
1553.1278076171875,1707.907470703125
1551.9637451171875,1706.543212890625
1550.8975830078125,1705.27294921875
1549.8406982421875,1703.9923095703125
1548.7928466796875,1702.70068359375
1547.75537109375,1701.3974609375
1546.7259521484375,1700.083740234375
1545.7012939453125,1698.7613525390625
1544.595703125,1697.32080078125
1543.5782470703125,1695.9847412109375
1542.5638427734375,1694.642333984375
1541.552490234375,1693.2939453125
1540.4620361328125,1691.82568359375
1539.459716796875,1690.4632568359375
1538.461181640625,1689.0938720703125
1537.465576171875,1687.718505859375
1536.473876953125,1686.3367919921875
1535.4862060546875,1684.948486328125
1534.422119140625,1683.436279296875
1533.445068359375,1682.0328369140625
1532.4727783203125,1680.6221923828125
1531.50537109375,1679.2047119140625
1530.541748046875,1677.7803955078125
1529.580322265625,1676.350341796875
1528.6202392578125,1674.917236328125
1527.6622314453125,1673.479736328125
1526.705810546875,1672.0367431640625
1525.7510986328125,1670.5885009765625
1524.7994384765625,1669.1353759765625
1523.8509521484375,1667.6751708984375
1522.90673828125,1666.2083740234375
1521.9661865234375,1664.7340087890625
1521.0281982421875,1663.25390625
1520.169677734375,1661.892578125
1519.2342529296875,1660.4029541015625
1518.299560546875,1658.908935546875
1517.365478515625,1657.4105224609375
1516.431640625,1655.9078369140625
1515.420166015625,1654.2752685546875
1514.4862060546875,1652.76416015625
1513.5517578125,1651.2491455078125
1512.61669921875,1649.73046875
1511.6807861328125,1648.2081298828125
1510.6658935546875,1646.5548095703125
1509.72802734375,1645.0250244140625
1508.789306640625,1643.49169921875
1507.849365234375,1641.955078125
1506.9080810546875,1640.415283203125
1506.1224365234375,1639.1297607421875
1505.1776123046875,1637.5845947265625
1504.23046875,1636.0367431640625
1503.2803955078125,1634.486572265625
1502.3271484375,1632.9344482421875
1501.52978515625,1631.6395263671875
1500.5692138671875,1630.08447265625
1499.6036376953125,1628.5284423828125
1498.6328125,1626.9716796875
1497.65625,1625.414306640625
1496.6739501953125,1623.856689453125
1495.8507080078125,1622.55859375
1494.85693359375,1621.0010986328125
1493.8565673828125,1619.44384765625
1492.849365234375,1617.8870849609375
1492.0048828125,1616.5899658203125
1490.9853515625,1615.033935546875
1489.9588623046875,1613.4783935546875
1489.0982666015625,1612.1824951171875
1488.0594482421875,1610.6275634765625
1487.1888427734375,1609.33203125
1486.0504150390625,1607.648193359375
1484.9925537109375,1606.0946044921875
1484.1058349609375,1604.8004150390625
1482.946044921875,1603.1182861328125
1481.8687744140625,1601.566162109375
1480.9659423828125,1600.27294921875
1480.058837890625,1598.97998046875
1478.9649658203125,1597.42919921875
1478.050048828125,1596.13916015625
1477.1337890625,1594.853271484375
1476.2176513671875,1593.5733642578125
1475.1201171875,1592.046875
1474.11669921875,1590.6575927734375
1472.9345703125,1589.0283203125
1472.028564453125,1587.7847900390625
1471.12548828125,1586.5498046875
1470.2257080078125,1585.323486328125
1469.3292236328125,1584.105712890625
1468.43603515625,1582.8963623046875
1467.279296875,1581.336181640625
1466.1280517578125,1579.7894287109375
1464.982421875,1578.2564697265625
1463.841796875,1576.736572265625
1462.705078125,1575.2296142578125
1461.5716552734375,1573.7362060546875
1460.4404296875,1572.25634765625
1459.224365234375,1570.6785888671875
1458.1834716796875,1569.339111328125
1457.05712890625,1567.9019775390625
1455.9322509765625,1566.4803466796875
1454.808837890625,1565.073974609375
1453.687255859375,1563.6834716796875
1452.568115234375,1562.3089599609375
1451.4508056640625,1560.9505615234375
1450.335205078125,1559.6080322265625
1449.2208251953125,1558.2811279296875
1448.1072998046875,1556.9693603515625
1446.9942626953125,1555.6719970703125
1445.9678955078125,1554.4866943359375
1444.857421875,1553.2156982421875
1443.748779296875,1551.95849609375
1442.6417236328125,1550.7154541015625
1441.5362548828125,1549.4871826171875
1440.4315185546875,1548.2733154296875
1439.3271484375,1547.073974609375
1438.2242431640625,1545.8892822265625
1437.1226806640625,1544.7196044921875
1435.7672119140625,1543.3006591796875
1434.4957275390625,1541.9910888671875
1433.3929443359375,1540.8729248046875
1432.1201171875,1539.6026611328125
1431.0174560546875,1538.5196533203125
1429.745361328125,1537.291015625
1428.642822265625,1536.244873046875
1427.368896484375,1535.0587158203125
1426.0936279296875,1533.8948974609375
1424.73291015625,1532.6778564453125
1423.4573974609375,1531.5589599609375
1422.182861328125,1530.4609375
1420.8245849609375,1529.31298828125
1419.551513671875,1528.2593994140625
1418.2772216796875,1527.2276611328125
1417.0008544921875,1526.2183837890625
1415.8076171875,1525.297119140625
1414.5283203125,1524.3326416015625
1413.2479248046875,1523.3916015625
1411.9676513671875,1522.4739990234375
1410.6871337890625,1521.580322265625
1409.406494140625,1520.710693359375
1408.1265869140625,1519.8653564453125
1406.84765625,1519.0443115234375
1405.569580078125,1518.24755859375
1404.037109375,1517.3243408203125
1402.505615234375,1516.4373779296875
1400.974609375,1515.5867919921875
1399.4437255859375,1514.7723388671875
1397.911376953125,1513.993896484375
1396.37646484375,1513.2513427734375
1394.8358154296875,1512.54443359375
1393.2879638671875,1511.8729248046875
1391.820068359375,1511.27197265625
1390.25927734375,1510.671142578125
1388.69189453125,1510.107421875
1387.030517578125,1509.5528564453125
1385.538330078125,1509.092041015625
1384.0408935546875,1508.6641845703125
1382.361083984375,1508.2252197265625
1380.853515625,1507.86767578125
1379.164794921875,1507.508544921875
1377.47412109375,1507.19287109375
1375.96142578125,1506.9481201171875
1374.4500732421875,1506.73876953125
1372.9412841796875,1506.56494140625
1371.4351806640625,1506.42578125
1369.931884765625,1506.3209228515625
1368.343017578125,1506.2467041015625
1366.7574462890625,1506.210205078125
1365.0882568359375,1506.212158203125
1363.424560546875,1506.25537109375
1361.7674560546875,1506.339599609375
1360.1180419921875,1506.46435546875
1358.4769287109375,1506.629150390625
1356.8453369140625,1506.8338623046875
1355.22412109375,1507.0782470703125
1353.6143798828125,1507.3624267578125
1352.01708984375,1507.686279296875
1350.51611328125,1508.0294189453125
1348.9456787109375,1508.4296875
1347.4718017578125,1508.844482421875
1345.931640625,1509.319580078125
1344.4075927734375,1509.8328857421875
1342.976318359375,1510.3553466796875
1341.4736328125,1510.9453125
1340.0543212890625,1511.5399169921875
1338.5599365234375,1512.205078125
1337.0703125,1512.9091796875
1335.66455078125,1513.612060546875
1334.18701171875,1514.3916015625
1332.871337890625,1515.121337890625
1331.40869140625,1515.973388671875
1330.031494140625,1516.8157958984375
1328.7398681640625,1517.6427001953125
1327.308349609375,1518.602294921875
1325.8902587890625,1519.5989990234375
1324.4859619140625,1520.6324462890625
1323.0963134765625,1521.7022705078125
1321.8658447265625,1522.690185546875
1320.5062255859375,1523.8287353515625
1319.3751220703125,1524.8160400390625
1318.1875,1525.8934326171875
1316.9466552734375,1527.0660400390625
1315.7904052734375,1528.2030029296875
1314.6490478515625,1529.367431640625
1313.5230712890625,1530.5589599609375
1312.4788818359375,1531.705322265625
1311.386474609375,1532.9500732421875
1310.3756103515625,1534.147216796875
1309.3204345703125,1535.4466552734375
1308.3460693359375,1536.69580078125
1307.33056640625,1538.0504150390625
1306.335205078125,1539.4320068359375
1305.417236328125,1540.756103515625
1304.463134765625,1542.1883544921875
1303.5867919921875,1543.5604248046875
1302.6802978515625,1545.0439453125
1301.849853515625,1546.4639892578125
1300.9906005859375,1547.996337890625
1300.2027587890625,1549.4595947265625
1299.388427734375,1551.0361328125
1298.64404296875,1552.5404052734375
1297.9210205078125,1554.0643310546875
1297.1767578125,1555.7044677734375
1296.4984130859375,1557.2672119140625
1295.841552734375,1558.84765625
1295.284912109375,1560.2451171875
1294.66943359375,1561.8583984375
1294.1488037109375,1563.283935546875
1293.5743408203125,1564.928955078125
1293.021728515625,1566.590576171875
1292.4913330078125,1568.2681884765625
1291.982421875,1569.9615478515625
1291.49462890625,1571.6700439453125
1291.0269775390625,1573.39306640625
1290.57861328125,1575.1302490234375
1290.1749267578125,1576.771240234375
1289.8126220703125,1578.313232421875
1289.4154052734375,1580.087646484375
1289.03564453125,1581.8746337890625
1288.6729736328125,1583.6739501953125
1288.369384765625,1585.2581787109375
1288.0992431640625,1586.737060546875
1287.8408203125,1588.2236328125
1287.5755615234375,1589.8328857421875
1287.341796875,1591.3349609375
1287.1033935546875,1592.960693359375
1286.89404296875,1594.4776611328125
1286.696044921875,1596.00146484375
1286.4951171875,1597.6502685546875
1286.319580078125,1599.188232421875
1286.14208984375,1600.851806640625
1285.987548828125,1602.4031982421875
1285.8424072265625,1603.9608154296875
1285.6968994140625,1605.6448974609375
1285.5628662109375,1607.3360595703125
1285.441162109375,1609.0341796875
1285.3321533203125,1610.7392578125
1285.2359619140625,1612.4510498046875
1285.15771484375,1614.046630859375
1285.0849609375,1615.771240234375
1285.0242919921875,1617.502197265625
1284.97607421875,1619.2393798828125
1284.9407958984375,1620.982666015625
1284.91943359375,1622.7293701171875
1284.9124755859375,1624.350830078125
1284.9183349609375,1626.0965576171875
1284.9373779296875,1627.841552734375
1284.9697265625,1629.5860595703125
1285.0146484375,1631.3299560546875
1285.0714111328125,1633.0731201171875
1285.1395263671875,1634.8170166015625
1285.21240234375,1636.438720703125
1285.2998046875,1638.18994140625
1285.395751953125,1639.9478759765625
1285.5003662109375,1641.7132568359375
1285.605224609375,1643.358154296875
1285.7257080078125,1645.13427734375
1285.852783203125,1646.9154052734375
1285.98486328125,1648.7017822265625
1286.11083984375,1650.364990234375
1286.229248046875,1651.904296875
1286.359375,1653.575927734375
1286.4808349609375,1655.1231689453125
1286.61376953125,1656.803466796875
1286.747802734375,1658.4884033203125
1286.8829345703125,1660.1776123046875
1287.0296630859375,1662.0018310546875
1287.177978515625,1663.8314208984375
1287.3275146484375,1665.6663818359375
1287.477783203125,1667.5068359375
1287.617919921875,1669.2205810546875
1287.76904296875,1671.0711669921875
1287.9202880859375,1672.9271240234375
1288.0716552734375,1674.7882080078125
1288.2230224609375,1676.654541015625
1288.37451171875,1678.5260009765625
1288.5260009765625,1680.402587890625
1288.6663818359375,1682.14990234375
1288.7957763671875,1683.7669677734375
1288.946533203125,1685.6583251953125
1289.086181640625,1687.41943359375
1289.3323974609375,1690.5462646484375
1289.4498291015625,1692.046630859375
1289.56689453125,1693.5504150390625
1289.6837158203125,1695.0572509765625
1289.8001708984375,1696.5673828125
1289.91650390625,1698.0809326171875
1290.0325927734375,1699.59765625
1290.1485595703125,1701.11767578125
1290.2645263671875,1702.6409912109375
1290.3804931640625,1704.16748046875
1290.496337890625,1705.6971435546875
1290.63330078125,1707.5091552734375
1290.7490234375,1709.0458984375
1290.8648681640625,1710.585693359375
1290.990966796875,1712.269287109375
1291.1065673828125,1713.8160400390625
1291.2220458984375,1715.3658447265625
1291.3375244140625,1716.9188232421875
1291.4527587890625,1718.47509765625
1291.568115234375,1720.034423828125
1291.6834716796875,1721.596923828125
1291.7989501953125,1723.1627197265625
1291.91455078125,1724.7315673828125
1292.0302734375,1726.3037109375
1292.1671142578125,1728.1656494140625
1292.3043212890625,1730.0321044921875
1292.4207763671875,1731.61474609375
1292.5374755859375,1733.2005615234375
1292.65478515625,1734.7894287109375
1292.7725830078125,1736.3814697265625
1292.89111328125,1737.9766845703125
1293.0103759765625,1739.574951171875
1293.1522216796875,1741.4677734375
1293.27294921875,1743.07275390625
1293.3941650390625,1744.680908203125
1293.5380859375,1746.58544921875
1293.6602783203125,1748.2003173828125
1293.80517578125,1750.1126708984375
1293.92822265625,1751.7342529296875
1294.051513671875,1753.35888671875
1294.197509765625,1755.2828369140625
1294.321044921875,1756.9141845703125
1294.4443359375,1758.548583984375
1294.5672607421875,1760.1861572265625
1294.7119140625,1762.1253662109375
1294.8336181640625,1763.7696533203125
1294.95458984375,1765.4169921875
1295.0748291015625,1767.0675048828125
1295.1943359375,1768.72119140625
1295.3023681640625,1770.2271728515625
1295.420654296875,1771.88671875
1295.5382080078125,1773.5494384765625
1295.6549072265625,1775.2152099609375
1295.7708740234375,1776.8841552734375
1295.87548828125,1778.404052734375
1295.98974609375,1780.0787353515625
1296.10302734375,1781.756591796875
1296.21533203125,1783.4375
1296.32666015625,1785.1214599609375
1296.4368896484375,1786.8084716796875
1296.535888671875,1788.3448486328125
1296.6435546875,1790.0377197265625
1296.7496337890625,1791.7335205078125
1296.8446044921875,1793.27783203125
1296.9473876953125,1794.9794921875
1297.04833984375,1796.6842041015625
1297.1474609375,1798.3919677734375
1297.2357177734375,1799.9471435546875
1297.330810546875,1801.6607666015625
1297.415283203125,1803.22119140625
1297.5059814453125,1804.9405517578125
1297.5946044921875,1806.6630859375
1297.68115234375,1808.3885498046875
1297.75830078125,1809.959716796875
1297.8414306640625,1811.69091796875
1297.9232177734375,1813.4251708984375
1298.0035400390625,1815.1624755859375
1298.0755615234375,1816.744384765625
1298.1536865234375,1818.4873046875
1298.2308349609375,1820.2318115234375
1298.313720703125,1822.1329345703125
1298.388427734375,1823.869873046875
1298.4617919921875,1825.59814453125
1298.54052734375,1827.4715576171875
1298.611328125,1829.1766357421875
1298.6805419921875,1830.8695068359375
1298.74853515625,1832.549560546875
1298.8150634765625,1834.2169189453125
1298.8800048828125,1835.87158203125
1298.943603515625,1837.513916015625
1299.00537109375,1839.1439208984375
1299.0653076171875,1840.76171875
1299.123046875,1842.3673095703125
1299.1834716796875,1844.1051025390625
1299.2362060546875,1845.685546875
1299.2862548828125,1847.25390625
1299.3333740234375,1848.8096923828125
1299.3812255859375,1850.4923095703125
1299.4215087890625,1852.0205078125
1299.4583740234375,1853.5345458984375
1299.5281982421875,1856.9228515625
1299.55517578125,1858.5245361328125
1299.5797119140625,1860.2425537109375
1299.5980224609375,1861.8123779296875
1299.6138916015625,1863.62548828125
1299.622802734375,1865.2916259765625
1299.624755859375,1867.0670166015625
1299.6175537109375,1868.8236083984375
1299.599609375,1870.5635986328125
1299.5701904296875,1872.286865234375
1299.528564453125,1873.9931640625
1299.4791259765625,1875.5623779296875
1299.41357421875,1877.23583984375
1299.3348388671875,1878.892822265625
1299.2430419921875,1880.5328369140625
1299.1370849609375,1882.1563720703125
1299.016357421875,1883.7635498046875
1298.8807373046875,1885.3541259765625
1298.70703125,1887.151611328125
1298.537841796875,1888.707275390625
1298.35205078125,1890.2467041015625
1298.1181640625,1891.986328125
1297.894287109375,1893.4920654296875
1297.6156005859375,1895.1951904296875
1297.312744140625,1896.8790283203125
1296.986572265625,1898.542236328125
1296.637939453125,1900.18359375
1296.29052734375,1901.7030029296875
1295.8984375,1903.302490234375
1295.45654296875,1904.9779052734375
1295.0162353515625,1906.531494140625
1294.521728515625,1908.1572265625
1294.0306396484375,1909.6640625
1293.5155029296875,1911.1470947265625
1292.9769287109375,1912.604736328125
1292.4140625,1914.0374755859375
1291.826416015625,1915.44677734375
1291.21435546875,1916.8328857421875
1290.578369140625,1918.19580078125
1289.79248046875,1919.784912109375
1289.017578125,1921.2613525390625
1288.2119140625,1922.7109375
1287.3751220703125,1924.133056640625
1286.507568359375,1925.5272216796875
1285.60986328125,1926.8934326171875
1284.6824951171875,1928.230224609375
1283.7796630859375,1929.4637451171875
1282.7952880859375,1930.7373046875
1281.782470703125,1931.9771728515625
1280.8011474609375,1933.11767578125
1279.7371826171875,1934.292236328125
1278.648193359375,1935.431884765625
1277.4093017578125,1936.6558837890625
1276.141845703125,1937.8343505859375
1274.9132080078125,1938.911376953125
1273.7283935546875,1939.89306640625
1272.4573974609375,1940.8880615234375
1271.2353515625,1941.7923583984375
1269.927734375,1942.706298828125
1268.673828125,1943.5345458984375
1267.2642822265625,1944.411376953125
1265.9107666015625,1945.2017822265625
1264.399658203125,1946.0269775390625
1263.02001953125,1946.7301025390625
1261.6298828125,1947.3922119140625
1260.156494140625,1948.044189453125
1258.6737060546875,1948.6490478515625
1257.182861328125,1949.205810546875
1255.68505859375,1949.71435546875
1254.03125,1950.2181396484375
1252.372802734375,1950.664306640625
1250.8612060546875,1951.0201416015625
1249.191162109375,1951.3583984375
1247.5101318359375,1951.6435546875
1245.81787109375,1951.876220703125
1244.1148681640625,1952.0565185546875
1242.4796142578125,1952.18017578125
1240.756591796875,1952.2593994140625
1237.6824951171875,1952.27197265625
1236.1778564453125,1952.218505859375
1234.5897216796875,1952.120849609375
1233.0762939453125,1951.990234375
1231.55908203125,1951.8231201171875
1230.038818359375,1951.61962890625
1228.5169677734375,1951.378662109375
1226.9951171875,1951.0992431640625
1225.4744873046875,1950.7806396484375
1223.8765869140625,1950.4034423828125
1222.3621826171875,1950.006103515625
1220.7728271484375,1949.5472412109375
1217.847900390625,1948.590576171875
1216.355224609375,1948.045654296875
1214.9478759765625,1947.4962158203125
1213.4703369140625,1946.880859375
1212.0010986328125,1946.2298583984375
1210.540283203125,1945.5428466796875
1209.088134765625,1944.820556640625
1207.645263671875,1944.0634765625
1206.211181640625,1943.2723388671875
1204.7869873046875,1942.4471435546875
1203.3739013671875,1941.5875244140625
1201.9730224609375,1940.693115234375
1200.58544921875,1939.763671875
1199.3555908203125,1938.9027099609375
1197.99462890625,1937.908447265625
1196.6480712890625,1936.8812255859375
1195.455322265625,1935.9349365234375
1194.2740478515625,1934.96337890625
1192.9683837890625,1933.84765625
1191.81396484375,1932.8226318359375
1190.67333984375,1931.7724609375
1189.546630859375,1930.69775390625
1188.434326171875,1929.5986328125
1187.33642578125,1928.475830078125
1186.18994140625,1927.2613525390625
1185.1224365234375,1926.0908203125
1184.070068359375,1924.8975830078125
1183.033203125,1923.6820068359375
1182.0118408203125,1922.4444580078125
1181.0067138671875,1921.18505859375
1179.960693359375,1919.8282470703125
1178.9908447265625,1918.524658203125
1177.9835205078125,1917.1212158203125
1177.05126953125,1915.774169921875
1176.084716796875,1914.3251953125
1175.19189453125,1912.9359130859375
1174.3194580078125,1911.5263671875
1173.418701171875,1910.011962890625
1172.58984375,1908.5611572265625
1171.73583984375,1907.0045166015625
1170.9515380859375,1905.515625
1170.23291015625,1904.0982666015625
1168.93603515625,1901.4002685546875
1168.3126220703125,1900.032470703125
1167.7066650390625,1898.6524658203125
1167.1180419921875,1897.2606201171875
1166.509765625,1895.762939453125
1165.9578857421875,1894.34716796875
1165.424072265625,1892.92041015625
1164.875,1891.3868408203125
1164.379150390625,1889.938232421875
1163.9017333984375,1888.4791259765625
1163.44287109375,1887.009521484375
1162.9737548828125,1885.4305419921875
1162.552734375,1883.9395751953125
1162.1495361328125,1882.438232421875
1161.7384033203125,1880.825439453125
1161.370361328125,1879.30322265625
1160.996337890625,1877.6688232421875
1160.64111328125,1876.0238037109375
1160.3253173828125,1874.4720458984375
1160.025390625,1872.9112548828125
1159.7225341796875,1871.236572265625
1159.43701171875,1869.55224609375
1159.168701171875,1867.8582763671875
1158.917236328125,1866.155029296875
1158.7108154296875,1864.6571044921875
1158.4901123046875,1862.9368896484375
1158.31005859375,1861.42431640625
1158.1304931640625,1859.79638671875
1157.96484375,1858.1607666015625
1157.8031005859375,1856.4080810546875
1157.6739501953125,1854.8673095703125
1157.5552978515625,1853.3203125
1157.431884765625,1851.5447998046875
1157.3336181640625,1849.9847412109375
1157.2314453125,1848.1942138671875
1157.1390380859375,1846.3961181640625
1157.065185546875,1844.8162841796875
1156.99755859375,1843.2308349609375
1156.9351806640625,1841.6392822265625
1156.86962890625,1839.8134765625
1156.8160400390625,1838.209716796875
1156.758544921875,1836.3697509765625
1156.7108154296875,1834.7540283203125
1156.6680908203125,1833.2490234375
1156.62353515625,1831.623046875
1156.579833984375,1829.99169921875
1156.5390625,1828.47216796875
1156.493896484375,1826.830810546875
1156.45068359375,1825.302001953125
1156.4024658203125,1823.6502685546875
1156.352294921875,1821.993408203125
1156.3040771484375,1820.450439453125
1156.2506103515625,1818.7838134765625
1156.199951171875,1817.231689453125
1156.144775390625,1815.55517578125
1156.093017578125,1813.993896484375
1156.03662109375,1812.3076171875
1155.9837646484375,1810.7371826171875
1155.9259033203125,1809.041015625
1155.8670654296875,1807.33984375
1155.8114013671875,1805.755615234375
1155.75,1804.044677734375
1155.6868896484375,1802.328857421875
1155.626708984375,1800.731201171875
1155.56005859375,1799.0057373046875
1155.49658203125,1797.3992919921875
1155.4261474609375,1795.66455078125
1155.3538818359375,1793.925048828125
1155.2850341796875,1792.305419921875
1155.208984375,1790.5567626953125
1155.131103515625,1788.8033447265625
1155.05712890625,1787.1710205078125
1154.9755859375,1785.40869140625
1154.8983154296875,1783.76806640625
1154.8193359375,1782.12353515625
1154.7452392578125,1780.60205078125
1154.669677734375,1779.0772705078125
1154.5799560546875,1777.2940673828125
1154.488525390625,1775.5062255859375
1154.402099609375,1773.842041015625
1154.3074951171875,1772.0455322265625
1154.211181640625,1770.24462890625
1154.11328125,1768.439208984375
1154.0211181640625,1766.7587890625
1153.9205322265625,1764.94482421875
1153.826171875,1763.2598876953125
1153.723876953125,1761.4471435546875
1153.6280517578125,1759.765380859375
1153.5244140625,1757.9559326171875
1153.427734375,1756.27734375
1153.33056640625,1754.60009765625
1153.2255859375,1752.79541015625
1153.127685546875,1751.11962890625
1153.0294189453125,1749.4423828125
1152.9229736328125,1747.63232421875
1152.82373046875,1745.9461669921875
1152.7239990234375,1744.2542724609375
1152.6236572265625,1742.557373046875
1152.52294921875,1740.8570556640625
1152.4219970703125,1739.1534423828125
1152.3206787109375,1737.4462890625
1152.211181640625,1735.60400390625
1152.1092529296875,1733.889892578125
1152.0069580078125,1732.17236328125
1151.904296875,1730.451416015625
1151.80126953125,1728.7271728515625
1151.697998046875,1726.9996337890625
1151.59423828125,1725.2686767578125
1151.489990234375,1723.534423828125
1151.38525390625,1721.7967529296875
1151.2799072265625,1720.0557861328125
1151.174072265625,1718.3115234375
1151.0675048828125,1716.56396484375
1150.960205078125,1714.8131103515625
1150.852294921875,1713.0589599609375
1150.752197265625,1711.436767578125
1150.6429443359375,1709.67626953125
1150.5245361328125,1707.776611328125
1150.413818359375,1706.0091552734375
1150.3197021484375,1704.5111083984375
1150.2078857421875,1702.7376708984375
1150.095458984375,1700.960693359375
1149.982421875,1699.1805419921875
1149.8690185546875,1697.39697265625
1149.7725830078125,1695.8851318359375
1149.658203125,1694.0953369140625
1149.54345703125,1692.3021240234375
1149.42822265625,1690.505615234375
1149.3304443359375,1688.98291015625
1149.21435546875,1687.180419921875
1149.097900390625,1685.37451171875
1148.98095703125,1683.565185546875
1148.863525390625,1681.752685546875
1148.763916015625,1680.21630859375
1148.645751953125,1678.3975830078125
1148.5272216796875,1676.575439453125
1148.4083251953125,1674.7498779296875
1148.289306640625,1672.9210205078125
1148.1883544921875,1671.370849609375
1148.0687255859375,1669.5357666015625
1147.948974609375,1667.697265625
1147.8289794921875,1665.85546875
1147.708740234375,1664.010498046875
1147.58837890625,1662.1619873046875
1147.4864501953125,1660.595458984375
1147.36572265625,1658.740966796875
1147.244873046875,1656.883056640625
1147.142333984375,1655.3084716796875
1147.0396728515625,1653.7315673828125
1146.9180908203125,1651.8648681640625
1146.8150634765625,1650.2825927734375
1146.69287109375,1648.40966796875
1146.58935546875,1646.822265625
1146.4854736328125,1645.232421875
1146.3814697265625,1643.6402587890625
1146.2581787109375,1641.7554931640625
1146.1536865234375,1640.158203125
1146.049072265625,1638.5584716796875
1145.9444580078125,1636.956298828125
1145.8397216796875,1635.351806640625
1145.73486328125,1633.7449951171875
1145.630126953125,1632.1356201171875
1145.5255126953125,1630.52392578125
1145.4019775390625,1628.6160888671875
1145.2974853515625,1626.9991455078125
1145.1932373046875,1625.3797607421875
1145.089111328125,1623.7578125
1144.985107421875,1622.133544921875
1144.88134765625,1620.5068359375
1144.7777099609375,1618.8775634765625
1144.6744384765625,1617.2459716796875
1144.5712890625,1615.6119384765625
1144.4683837890625,1613.9754638671875
1144.3658447265625,1612.3365478515625
1144.25439453125,1610.5458984375
1144.152587890625,1608.9019775390625
1144.05126953125,1607.255615234375
1143.950439453125,1605.6068115234375
1143.8502197265625,1603.9556884765625
1143.7503662109375,1602.302001953125
1143.6600341796875,1600.796630859375
1143.552001953125,1598.9874267578125
1143.4532470703125,1597.3265380859375
1143.354736328125,1595.663330078125
1143.25634765625,1593.99755859375
1143.158203125,1592.3294677734375
1143.06005859375,1590.6590576171875
1142.9617919921875,1588.9862060546875
1142.8636474609375,1587.3111572265625
1142.765380859375,1585.633544921875
1142.6669921875,1583.95361328125
1142.5684814453125,1582.271240234375
1142.478759765625,1580.7398681640625
1142.3798828125,1579.0531005859375
1142.2808837890625,1577.364013671875
1142.181640625,1575.6724853515625
1142.082275390625,1573.9786376953125
1141.9737548828125,1572.1280517578125
1141.8741455078125,1570.4293212890625
1141.7742919921875,1568.72802734375
1141.67431640625,1567.0245361328125
1141.57421875,1565.318603515625
1141.47412109375,1563.6102294921875
1141.3646240234375,1561.7440185546875
1141.264404296875,1560.03076171875
1141.1639404296875,1558.315185546875
1141.0543212890625,1556.4410400390625
1140.9537353515625,1554.720458984375
1140.85302734375,1552.9976806640625
1140.7427978515625,1551.1156005859375
1140.6414794921875,1549.3878173828125
1140.539794921875,1547.6578369140625
1140.42822265625,1545.767822265625
1140.325439453125,1544.0330810546875
1140.22216796875,1542.2958984375
1140.1087646484375,1540.3983154296875
1140.004150390625,1538.65625
1139.8895263671875,1536.753173828125
1139.7838134765625,1535.00634765625
1139.6871337890625,1533.4161376953125
1139.580322265625,1531.6649169921875
1139.482421875,1530.0709228515625
1139.3642578125,1528.1556396484375
1139.255126953125,1526.3975830078125
1139.1353759765625,1524.4771728515625
1139.02490234375,1522.71435546875
1138.9139404296875,1520.9493408203125
1138.7921142578125,1519.0211181640625
1138.679931640625,1517.2513427734375
1138.5570068359375,1515.3179931640625
1138.443603515625,1513.54345703125
1138.3193359375,1511.6051025390625
1138.2049560546875,1509.825927734375
1138.07958984375,1507.882568359375
1137.9642333984375,1506.098876953125
1137.837890625,1504.1505126953125
1137.7216796875,1502.3621826171875
1137.5943603515625,1500.408935546875
1137.4771728515625,1498.615966796875
1137.3489990234375,1496.6575927734375
1137.2310791015625,1494.860107421875
1137.1019287109375,1492.896728515625
1136.9722900390625,1490.9306640625
1136.85302734375,1489.1260986328125
1136.72216796875,1487.1551513671875
1136.5906982421875,1485.1817626953125
1136.4696044921875,1483.37060546875
1136.3365478515625,1481.3924560546875
1136.2027587890625,1479.411865234375
1136.0792236328125,1477.5941162109375
1135.9437255859375,1475.608642578125
1135.807373046875,1473.6207275390625
1135.681884765625,1471.7962646484375
1135.5443115234375,1469.8033447265625
1135.40625,1467.8079833984375
1135.2789306640625,1465.976806640625
1135.174560546875,1464.4769287109375
1135.06982421875,1462.9755859375
1134.96484375,1461.472900390625
1134.8363037109375,1459.63427734375
1134.7308349609375,1458.128662109375
1134.625244140625,1456.622802734375
1134.519775390625,1455.118896484375
1134.41455078125,1453.61962890625
1134.27490234375,1451.6302490234375
1134.1363525390625,1449.65380859375
1133.998779296875,1447.6912841796875
1133.862548828125,1445.743408203125
1133.7276611328125,1443.8104248046875
1133.6160888671875,1442.210693359375
1133.4832763671875,1440.3033447265625
1133.351806640625,1438.4091796875
1133.221435546875,1436.5283203125
1133.0924072265625,1434.6610107421875
1132.964599609375,1432.8076171875
1132.8592529296875,1431.2738037109375
1132.7340087890625,1429.4459228515625
1132.6103515625,1427.63232421875
1132.4884033203125,1425.833251953125
1132.368408203125,1424.0487060546875
1132.2408447265625,1422.1322021484375
1132.1256103515625,1420.378173828125
1132.0125732421875,1418.6387939453125
1131.9019775390625,1416.9136962890625
1131.7847900390625,1415.06103515625
1131.6790771484375,1413.3658447265625
1131.57568359375,1411.6851806640625
1131.4744873046875,1410.0196533203125
1131.37548828125,1408.36962890625
1131.2706298828125,1406.5992431640625
1131.1759033203125,1404.980224609375
1131.0830078125,1403.37548828125
1130.9921875,1401.7847900390625
1130.8961181640625,1400.0767822265625
1130.8095703125,1398.5145263671875
1130.7252197265625,1396.96630859375
1130.6435546875,1395.43212890625
1130.564453125,1393.912353515625
1130.48193359375,1392.2822265625
1130.3924560546875,1390.4215087890625
1130.3094482421875,1388.5828857421875
1130.2344970703125,1386.765869140625
1130.176025390625,1385.20849609375
1130.1168212890625,1383.4312744140625
1130.0673828125,1381.675048828125
1130.0274658203125,1379.9403076171875
1129.99658203125,1378.1131591796875
1129.97998046875,1376.4215087890625
1129.975830078125,1374.750244140625
1129.9844970703125,1373.0994873046875
1130.0059814453125,1371.4691162109375
1130.0430908203125,1369.7525634765625
1130.0911865234375,1368.1639404296875
1130.152099609375,1366.594970703125
1130.2320556640625,1364.94189453125
1130.3211669921875,1363.411376953125
1130.423583984375,1361.9000244140625
1130.564453125,1360.1116943359375
1130.7061767578125,1358.5447998046875
1130.86474609375,1356.997802734375
1131.064453125,1355.2796630859375
1131.28466796875,1353.5870361328125
1131.5391845703125,1351.828125
1131.787841796875,1350.2764892578125
1132.0902099609375,1348.56640625
1132.40185546875,1346.9700927734375
1132.756591796875,1345.312255859375
1133.5279541015625,1342.1611328125
1133.944091796875,1340.662841796875
1134.4381103515625,1339.02490234375
1134.9644775390625,1337.4178466796875
1135.5250244140625,1335.8402099609375
1136.1527099609375,1334.212158203125
1136.7882080078125,1332.6885986328125
1137.494873046875,1331.1181640625
1138.2052001953125,1329.651123046875
1138.9512939453125,1328.2130126953125
1139.733154296875,1326.80517578125
1140.5506591796875,1325.427734375
1141.4033203125,1324.0811767578125
1142.24560546875,1322.8314208984375
1143.11962890625,1321.612060546875
1144.0728759765625,1320.3626708984375
1145.05908203125,1319.1490478515625
1146.0771484375,1317.97216796875
1147.1785888671875,1316.777099609375
1148.366943359375,1315.5709228515625
1149.476806640625,1314.5159912109375
1150.614501953125,1313.5008544921875
1151.780517578125,1312.525146484375
1152.974365234375,1311.5892333984375
1154.2569580078125,1310.64990234375
1155.5069580078125,1309.7945556640625
1156.915771484375,1308.8934326171875
1158.22802734375,1308.108154296875
1159.570068359375,1307.3553466796875
1160.94140625,1306.6363525390625
1162.5535888671875,1305.852294921875
1164.2021484375,1305.1156005859375
1165.5904541015625,1304.54345703125
1167.07666015625,1303.9774169921875
1168.587646484375,1303.4486083984375
1170.1226806640625,1302.9566650390625
1171.6807861328125,1302.5010986328125
1173.26123046875,1302.08251953125
1174.863037109375,1301.7022705078125
1176.485107421875,1301.3609619140625
1178.1263427734375,1301.05908203125
1179.7860107421875,1300.7965087890625
1181.463623046875,1300.57080078125
1183.1588134765625,1300.381591796875
1184.870849609375,1300.230712890625
1186.5992431640625,1300.1195068359375
1188.3427734375,1300.0478515625
1190.0125732421875,1300.014404296875
1191.5172119140625,1300.0108642578125
1193.03125,1300.03125
1194.734375,1300.081298828125
1196.4486083984375,1300.1597900390625
1198.17333984375,1300.2672119140625
1199.90771484375,1300.404052734375
1201.467529296875,1300.5521240234375
1203.0345458984375,1300.724609375
1204.886474609375,1300.95947265625
1206.3741455078125,1301.172607421875
1207.9603271484375,1301.424072265625
1209.6453857421875,1301.718505859375
1211.1478271484375,1302.0047607421875
1212.8428955078125,1302.3544921875
1214.4481201171875,1302.711669921875
1216.151611328125,1303.118408203125
1217.859130859375,1303.5538330078125
1219.475341796875,1303.9908447265625
1221.1905517578125,1304.4798583984375
1222.8134765625,1304.9666748046875
1224.43896484375,1305.4779052734375
1225.8753662109375,1305.9495849609375
1227.5054931640625,1306.5067138671875
1228.946044921875,1307.017333984375
1230.581298828125,1307.6170654296875
1232.0267333984375,1308.1629638671875
1233.4742431640625,1308.7237548828125
1235.1175537109375,1309.377197265625
1236.569580078125,1309.9700927734375
1238.0230712890625,1310.5789794921875
1239.6717529296875,1311.2900390625
1241.1275634765625,1311.9365234375
1242.5841064453125,1312.6009521484375
1243.944580078125,1313.236328125
1245.403564453125,1313.9320068359375
1246.8638916015625,1314.6429443359375
1248.3253173828125,1315.3690185546875
1249.7877197265625,1316.110595703125
1251.2508544921875,1316.867919921875
1252.714111328125,1317.6417236328125
1254.177490234375,1318.43212890625
1255.7391357421875,1319.2928466796875
1257.2041015625,1320.1151123046875
1258.671142578125,1320.9501953125
1260.140380859375,1321.797119140625
1261.514404296875,1322.5970458984375
1262.9893798828125,1323.463623046875
1264.46728515625,1324.3399658203125
1265.9476318359375,1325.2266845703125
1267.4300537109375,1326.1243896484375
1268.71630859375,1326.9114990234375
1270.203125,1327.8302001953125
1271.6923828125,1328.759521484375
1272.985595703125,1329.57275390625
1274.4810791015625,1330.5191650390625
1275.9801025390625,1331.4735107421875
1277.2822265625,1332.30712890625
1278.7880859375,1333.2762451171875
1280.2978515625,1334.2528076171875
1281.6094970703125,1335.1048583984375
1283.1270751953125,1336.09423828125
1284.64892578125,1337.0899658203125
1286.1751708984375,1338.091552734375
1287.5015869140625,1338.964111328125
1289.0360107421875,1339.976318359375
1290.574462890625,1340.994384765625
1291.9110107421875,1341.881591796875
1293.4566650390625,1342.91064453125
1295.0064697265625,1343.9454345703125
1296.560791015625,1344.9854736328125
1297.807861328125,1345.82080078125
1299.05810546875,1346.65869140625
1300.3118896484375,1347.49853515625
1301.5693359375,1348.340087890625
1302.93603515625,1349.252685546875
1304.2017822265625,1350.0955810546875
1305.471923828125,1350.9384765625
1306.746337890625,1351.781005859375
1308.025146484375,1352.6229248046875
1309.5223388671875,1353.6046142578125
1310.809814453125,1354.446533203125
1312.10107421875,1355.28955078125
1313.395751953125,1356.1343994140625
1314.6937255859375,1356.9805908203125
1316.1033935546875,1357.8983154296875
1317.6263427734375,1358.8870849609375
1319.1546630859375,1359.8753662109375
1320.689208984375,1360.8621826171875
1322.009765625,1361.7059326171875
1323.556884765625,1362.6876220703125
1325.111328125,1363.6656494140625
1326.6729736328125,1364.6395263671875
1328.0174560546875,1365.4705810546875
1329.591796875,1366.4344482421875
1330.9454345703125,1367.2547607421875
1332.5291748046875,1368.2042236328125
1334.117919921875,1369.1453857421875
1335.7117919921875,1370.078125
1337.0819091796875,1370.8712158203125
1338.684814453125,1371.7889404296875
1340.2916259765625,1372.6986083984375
1341.669921875,1373.4710693359375
1343.27294921875,1374.3604736328125
1344.63916015625,1375.111328125
1346.2225341796875,1375.9727783203125
1347.569580078125,1376.69873046875
1348.9075927734375,1377.4130859375
1350.455810546875,1378.232177734375
1351.98974609375,1379.0361328125
1353.6181640625,1379.8819580078125
1355.1241455078125,1380.657958984375
1356.6170654296875,1381.421875
1358.2020263671875,1382.2274169921875
1359.6678466796875,1382.9666748046875
1361.1207275390625,1383.693603515625
1362.66455078125,1384.4583740234375
1364.0943603515625,1385.15869140625
1365.514404296875,1385.8455810546875
1367.0235595703125,1386.5662841796875
1368.422119140625,1387.2244873046875
1369.8121337890625,1387.8690185546875
1371.292236328125,1388.5438232421875
1372.66552734375,1389.15869140625
1374.1290283203125,1389.801513671875
1375.77734375,1390.51025390625
1377.41455078125,1391.1971435546875
1379.040283203125,1391.86083984375
1380.4661865234375,1392.4267578125
1382.07275390625,1393.0465087890625
1383.6693115234375,1393.6444091796875
1385.2559814453125,1394.22119140625
1386.8326416015625,1394.7769775390625
1388.3994140625,1395.3104248046875
1389.956298828125,1395.8201904296875
1391.5040283203125,1396.305419921875
1393.0447998046875,1396.76708984375
1394.57958984375,1397.20654296875
1396.1094970703125,1397.624267578125
1397.6331787109375,1398.0191650390625
1399.148681640625,1398.390380859375
1400.830322265625,1398.7769775390625
1402.3236083984375,1399.097900390625
1403.9769287109375,1399.4298095703125
1405.6126708984375,1399.7330322265625
1407.3155517578125,1400.02001953125
1408.9158935546875,1400.2608642578125
1410.5819091796875,1400.4801025390625
1412.14892578125,1400.6551513671875
1413.783447265625,1400.8031005859375
1415.3228759765625,1400.908203125
1416.9337158203125,1400.9805908203125
1418.6180419921875,1401.0135498046875
1420.2945556640625,1401.00146484375
1421.8828125,1400.947021484375
1423.5408935546875,1400.8447265625
1425.1890869140625,1400.6966552734375
1426.8267822265625,1400.5035400390625
1428.3759765625,1400.278564453125
1429.989501953125,1400.000244140625
1431.5870361328125,1399.6800537109375
1433.1669921875,1399.31884765625
1434.7283935546875,1398.9176025390625
1436.343017578125,1398.454345703125
1437.863037109375,1397.9718017578125
1439.3614501953125,1397.4503173828125
1440.90673828125,1396.86279296875
1442.3575439453125,1396.263427734375
1443.7845458984375,1395.6265869140625
1445.2540283203125,1394.9195556640625
1446.632080078125,1394.2061767578125
1448.0501708984375,1393.4183349609375
1449.3802490234375,1392.62744140625
1450.7501220703125,1391.7579345703125
1452.0982666015625,1390.8463134765625
1453.4874267578125,1389.8480224609375
1454.7984619140625,1388.849853515625
1455.974853515625,1387.9061279296875
1457.25048828125,1386.828125
1458.3924560546875,1385.8125
1459.6275634765625,1384.6568603515625
1460.7303466796875,1383.5718994140625
1461.8125,1382.455322265625
1462.8719482421875,1381.3084716796875
1463.907958984375,1380.13232421875
1464.920654296875,1378.9273681640625
1465.9097900390625,1377.69384765625
1466.8743896484375,1376.4324951171875
1467.813232421875,1375.1436767578125
1468.7254638671875,1373.8284912109375
1469.566650390625,1372.5556640625
1470.424560546875,1371.19287109375
1471.2135009765625,1369.877685546875
1471.977294921875,1368.543701171875
1472.75341796875,1367.120361328125
1473.5008544921875,1365.678466796875
1474.21923828125,1364.218505859375
1474.9090576171875,1362.7410888671875
1475.6033935546875,1361.1707763671875
1476.269287109375,1359.5802001953125
1476.90625,1357.969970703125
1477.5098876953125,1356.3389892578125
1478.0538330078125,1354.7659912109375
1478.5196533203125,1353.334228515625
1478.9884033203125,1351.8065185546875
1479.4322509765625,1350.2608642578125
1479.849853515625,1348.6966552734375
1480.2197265625,1347.197509765625
1480.5816650390625,1345.597412109375
1480.9140625,1343.9794921875
1481.232666015625,1342.2578125
1481.5068359375,1340.6053466796875
1481.7542724609375,1338.93701171875
1481.953369140625,1337.43115234375
1482.15185546875,1335.7340087890625
1482.33447265625,1333.931884765625
1482.4835205078125,1332.20556640625
1482.614990234375,1330.373291015625
1482.7156982421875,1328.6190185546875
1482.7965087890625,1326.75830078125
1482.84716796875,1325.071533203125
1482.876220703125,1323.3736572265625
1482.8834228515625,1321.8555908203125
1482.8726806640625,1320.3289794921875
1482.8441162109375,1318.794189453125
1482.7982177734375,1317.2513427734375
1482.721923828125,1315.4085693359375
1482.6397705078125,1313.8482666015625
1482.541259765625,1312.2803955078125
1482.410888671875,1310.507568359375
1482.2779541015625,1308.9239501953125
1482.109375,1307.1339111328125
1481.943115234375,1305.53515625
1481.7734375,1304.0301513671875
1481.5777587890625,1302.418212890625
1481.381103515625,1300.9007568359375
1481.1573486328125,1299.2755126953125
1480.934814453125,1297.745849609375
1480.683837890625,1296.10791015625
1480.43603515625,1294.56640625
1480.15869140625,1292.9158935546875
1479.886962890625,1291.362548828125
1479.5848388671875,1289.699462890625
1479.2904052734375,1288.134521484375
1478.985107421875,1286.56396484375
1478.64794921875,1284.8826904296875
1478.3214111328125,1283.3006591796875
1477.9852294921875,1281.7130126953125
1477.6165771484375,1280.01318359375
1477.2620849609375,1278.4134521484375
1476.9002685546875,1276.8076171875
1476.5323486328125,1275.1954345703125
1476.159423828125,1273.576416015625
1475.75732421875,1271.842041015625
1475.377197265625,1270.208740234375
1474.9947509765625,1268.5682373046875
1474.6107177734375,1266.9202880859375
1474.2254638671875,1265.2650146484375
1473.839599609375,1263.602294921875
1473.453369140625,1261.93212890625
1473.06689453125,1260.2542724609375
1472.680419921875,1258.56884765625
1472.2943115234375,1256.8758544921875
1471.9345703125,1255.288818359375
1471.60107421875,1253.80908203125
1471.2427978515625,1252.209228515625
1470.859619140625,1250.4876708984375
1470.477294921875,1248.7586669921875
1470.095703125,1247.022216796875
1469.7147216796875,1245.2784423828125
1469.3345947265625,1243.5272216796875
1468.955078125,1241.768798828125
1468.6016845703125,1240.12109375
1468.2235107421875,1238.3487548828125
1467.8460693359375,1236.5693359375
1467.4691162109375,1234.7828369140625
1467.1177978515625,1233.1092529296875
1466.7418212890625,1231.309326171875
1466.3663330078125,1229.5025634765625
1466.0164794921875,1227.81005859375
1465.64208984375,1225.9901123046875
1465.26806640625,1224.163330078125
1464.9195556640625,1222.4522705078125
1464.62109375,1220.9810791015625
1464.3228759765625,1219.5057373046875
1464.0247802734375,1218.0260009765625
1463.6773681640625,1216.2945556640625
1463.3800048828125,1214.80615234375
1463.0831298828125,1213.3134765625
1462.7371826171875,1211.5670166015625
1462.4407958984375,1210.0655517578125
1462.14453125,1208.5601806640625
1461.798828125,1206.799560546875
1461.503173828125,1205.2906494140625
1461.158935546875,1203.5311279296875
1460.864501953125,1202.02392578125
1460.521728515625,1200.2664794921875
1460.228759765625,1198.7607421875
1459.8875732421875,1197.005126953125
1459.595703125,1195.5008544921875
1459.30419921875,1193.99609375
1458.96435546875,1192.2384033203125
1458.6485595703125,1190.6019287109375
1458.356689453125,1189.08642578125
1458.0155029296875,1187.3116455078125
1457.72265625,1185.7855224609375
1457.4293212890625,1184.2562255859375
1457.1357421875,1182.7236328125
1456.8416748046875,1181.18798828125
1456.547119140625,1179.6490478515625
1456.2274169921875,1177.978271484375
1455.931884765625,1176.4327392578125
1455.6358642578125,1174.884033203125
1455.33935546875,1173.33203125
1455.017822265625,1171.6470947265625
1454.720703125,1170.0885009765625
1454.3988037109375,1168.396240234375
1454.07666015625,1166.7001953125
1453.7791748046875,1165.1312255859375
1453.4818115234375,1163.55908203125
1453.184326171875,1161.983642578125
1452.8619384765625,1160.2733154296875
1452.5640869140625,1158.6912841796875
1452.265869140625,1157.10595703125
1451.9674072265625,1155.517578125
1451.6435546875,1153.793212890625
1451.3441162109375,1152.1982421875
1451.0445556640625,1150.6002197265625
1450.74462890625,1148.9989013671875
1450.419677734375,1147.2607421875
1450.11962890625,1145.6529541015625
1449.8194580078125,1144.0421142578125
1449.4942626953125,1142.29345703125
1449.194091796875,1140.676025390625
1448.8941650390625,1139.0555419921875
1448.5943603515625,1137.4317626953125
1448.294921875,1135.804931640625
1447.995849609375,1134.1749267578125
1447.697021484375,1132.5416259765625
1447.3984375,1130.9052734375
1447.0997314453125,1129.265625
1446.8006591796875,1127.623046875
1446.5009765625,1125.9775390625
1446.22509765625,1124.466552734375
1445.92236328125,1122.8155517578125
1445.642333984375,1121.2999267578125
1445.33349609375,1119.6441650390625
1445.046630859375,1118.1246337890625
1444.7286376953125,1116.465576171875
1444.405029296875,1114.8062744140625
1444.1031494140625,1113.2860107421875
1443.767822265625,1111.629150390625
1443.4549560546875,1110.1121826171875
1443.107421875,1108.4598388671875
1442.753662109375,1106.8118896484375
1442.39404296875,1105.16943359375
1442.028564453125,1103.533447265625
1441.6575927734375,1101.9049072265625
1441.281005859375,1100.2852783203125
1440.866943359375,1098.5416259765625
1440.47900390625,1096.94287109375
1440.0858154296875,1095.3548583984375
1439.687255859375,1093.77734375
1439.283203125,1092.2103271484375
1438.8734130859375,1090.6539306640625
1438.457763671875,1089.108154296875
1438.0360107421875,1087.57275390625
1437.6082763671875,1086.0478515625
1437.174560546875,1084.533203125
1436.697509765625,1082.903564453125
1436.250244140625,1081.4095458984375
1435.7960205078125,1079.92529296875
1435.33447265625,1078.4510498046875
1434.825439453125,1076.865234375
1434.3465576171875,1075.4119873046875
1433.8585205078125,1073.9686279296875
1433.3603515625,1072.53466796875
1432.808349609375,1070.9915771484375
1432.2864990234375,1069.5762939453125
1431.7520751953125,1068.16943359375
1431.2044677734375,1066.77099609375
1430.500732421875,1065.03515625
1429.82470703125,1063.4273681640625
1429.079833984375,1061.717529296875
1428.31396484375,1060.02099609375
1427.5277099609375,1058.3377685546875
1426.72119140625,1056.6683349609375
1425.9503173828125,1055.122802734375
1425.1048583984375,1053.4810791015625
1424.2974853515625,1051.9622802734375
1423.4129638671875,1050.349853515625
1422.5693359375,1048.859130859375
1421.646240234375,1047.2774658203125
1420.76708984375,1045.81591796875
1419.8707275390625,1044.3690185546875
1418.9573974609375,1042.9368896484375
1418.02734375,1041.5198974609375
1417.0126953125,1040.0186767578125
1416.0487060546875,1038.633544921875
1415.1392822265625,1037.361572265625
1414.2159423828125,1036.103271484375
1413.206298828125,1034.76416015625
1412.1070556640625,1033.3477783203125
1411.0653076171875,1032.04296875
1410.008544921875,1030.7550048828125
1408.936767578125,1029.484375
1407.8499755859375,1028.2314453125
1406.74853515625,1026.99658203125
1405.6322021484375,1025.7801513671875
1404.501708984375,1024.58203125
1403.3570556640625,1023.4024047851562
1402.198974609375,1022.2412109375
1401.0274658203125,1021.0987548828125
1399.843017578125,1019.97509765625
1398.645751953125,1018.8702392578125
1397.4361572265625,1017.7841796875
1396.213623046875,1016.7163696289062
1394.9769287109375,1015.6658325195312
1393.815185546875,1014.7046508789062
1392.548828125,1013.6839599609375
1391.2669677734375,1012.6783447265625
1390.0623779296875,1011.7587280273438
1388.8441162109375,1010.853515625
1387.5169677734375,1009.8944702148438
1386.2708740234375,1009.0187377929688
1384.9144287109375,1008.09130859375
1383.6417236328125,1007.24462890625
1382.2574462890625,1006.347900390625
1380.9599609375,1005.5286254882812
1379.6512451171875,1004.7218017578125
1378.2296142578125,1003.86669921875
1376.8983154296875,1003.0858154296875
1375.4527587890625,1002.2591552734375
1373.9947509765625,1001.4478149414062
1372.5244140625,1000.65234375
1371.0418701171875,999.873046875
1369.5472412109375,999.1099853515625
1368.040771484375,998.3630981445312
1366.52294921875,997.6324462890625
1364.993896484375,996.9183959960938
1363.45361328125,996.2214965820312
1361.90234375,995.5419311523438
1360.3402099609375,994.879638671875
1358.767578125,994.234375
1357.184814453125,993.6061401367188
1355.592041015625,992.9948120117188
1353.9893798828125,992.4009399414062
1352.492431640625,991.865234375
1350.870849609375,991.3055419921875
1349.2398681640625,990.7637939453125
1347.5994873046875,990.2396240234375
1345.8321533203125,989.697021484375
1344.1737060546875,989.2080078125
1342.5069580078125,988.7353515625
1340.8321533203125,988.278564453125
1339.1495361328125,987.8375854492188
1337.459228515625,987.412109375
1335.761474609375,987.0014038085938
1334.3004150390625,986.6607055664062
1332.589599609375,986.2759399414062
1330.871826171875,985.9052124023438
1329.1474609375,985.5489501953125
1327.6639404296875,985.255615234375
1326.0511474609375,984.9506225585938
1324.3079833984375,984.6375122070312
1322.5584716796875,984.3408203125
1320.802490234375,984.0607299804688
1319.166259765625,983.8154296875
1317.3983154296875,983.5668334960938
1315.7513427734375,983.350341796875
1313.9720458984375,983.1326904296875
1312.31494140625,982.9451904296875
1310.525146484375,982.7589111328125
1308.858154296875,982.6002807617188
1307.1868896484375,982.455322265625
1305.38232421875,982.3138427734375
1303.7022705078125,982.1954956054688
1302.018310546875,982.0891723632812
1300.3304443359375,981.99365234375
1298.638427734375,981.908935546875
1296.8123779296875,981.8294067382812
1295.11279296875,981.765869140625
1293.4093017578125,981.7120361328125
1291.701904296875,981.6674194335938
1289.9906005859375,981.6323852539062
1288.1435546875,981.6051025390625
1286.424560546875,981.5894165039062
1284.7021484375,981.5833740234375
1282.976318359375,981.5872802734375
1281.2471923828125,981.6018676757812
1279.64794921875,981.6250610351562
1277.912353515625,981.660888671875
1276.0396728515625,981.7119750976562
1274.2972412109375,981.7703247070312
1272.5513916015625,981.8381958007812
1270.8021240234375,981.9141845703125
1269.184326171875,981.9903564453125
1267.29296875,982.0851440429688
1265.532958984375,982.1775512695312
1263.7694091796875,982.2731323242188
1262.0020751953125,982.3707275390625
1260.2310791015625,982.46923828125
1258.456298828125,982.5673828125
1256.677734375,982.6641845703125
1254.8953857421875,982.7588500976562
1253.2464599609375,982.8438720703125
1251.732177734375,982.9197387695312
1249.938720703125,983.0066528320312
1248.2796630859375,983.0842895507812
1246.7559814453125,983.1531982421875
1244.95166015625,983.2315673828125
1243.28271484375,983.30078125
1241.75,983.3611450195312
1240.07470703125,983.4232177734375
1238.5362548828125,983.4762573242188
1236.854736328125,983.5292358398438
1235.3106689453125,983.5726928710938
1233.623046875,983.6141357421875
1232.0733642578125,983.6461791992188
1230.3797607421875,983.67431640625
1228.54150390625,983.6965942382812
1226.6995849609375,983.7105102539062
1224.8541259765625,983.716064453125
1223.1474609375,983.7136840820312
1221.29541015625,983.7025756835938
1219.43994140625,983.682373046875
1217.5811767578125,983.65283203125
1215.862548828125,983.6173706054688
1214.2857666015625,983.5780639648438
1212.4229736328125,983.5232543945312
1210.564697265625,983.4599609375
1208.99853515625,983.400634765625
1207.157470703125,983.3248291015625
1205.6094970703125,983.2567749023438
1203.792724609375,983.17236328125
1202.2666015625,983.0980224609375
1200.4761962890625,983.0066528320312
1198.971923828125,982.926025390625
1197.20751953125,982.8267822265625
1195.4580078125,982.7225952148438
1193.7232666015625,982.6129150390625
1192.135498046875,982.5057983398438
1190.43017578125,982.3831787109375
1188.7401123046875,982.2528686523438
1186.93701171875,982.1030883789062
1185.278564453125,981.9552001953125
1183.5098876953125,981.7867431640625
1181.8841552734375,981.6220703125
1180.2738037109375,981.4483032226562
1178.5570068359375,981.251220703125
1176.9779052734375,981.0581665039062
1175.4132080078125,980.8551635742188
1173.7440185546875,980.6251220703125
1172.0908203125,980.3836059570312
1170.5703125,980.1491088867188
1169.0631103515625,979.904541015625
1167.4549560546875,979.629638671875
1165.97509765625,979.3638916015625
1164.3955078125,979.0665893554688
1162.6085205078125,978.712646484375
1160.8411865234375,978.343017578125
1159.3109130859375,978.0059814453125
1157.579345703125,977.6041259765625
1156.077880859375,977.2367553710938
1154.3746337890625,976.7967529296875
1152.787841796875,976.3631591796875
1151.105712890625,975.8780517578125
1149.434814453125,975.3692626953125
1147.8797607421875,974.86962890625
1146.23388671875,974.3117065429688
1144.6021728515625,973.7275390625
1142.9852294921875,973.1167602539062
1141.4833984375,972.5199584960938
1140.09423828125,971.94189453125
1138.5220947265625,971.2567138671875
1136.8699951171875,970.5004272460938
1135.2374267578125,969.7154541015625
1133.7191162109375,968.9508666992188
1132.2186279296875,968.1619262695312
1130.8284912109375,967.400634765625
1129.3636474609375,966.5657348632812
1127.828369140625,965.6529541015625
1126.3155517578125,964.7139282226562
1124.825439453125,963.7489013671875
1123.358642578125,962.7582397460938
1121.915771484375,961.742431640625
1120.49755859375,960.70166015625
1119.1046142578125,959.6361083984375
1117.738037109375,958.5457763671875
1116.5546875,957.5634155273438
1115.162841796875,956.3598022460938
1113.8760986328125,955.1976928710938
1112.613525390625,954.009033203125
1111.5169677734375,952.936767578125
1110.4349365234375,951.8421020507812
1109.225341796875,950.5746459960938
1108.1734619140625,949.4326782226562
1106.999267578125,948.1119995117188
1105.9794921875,946.9234619140625
1104.842041015625,945.55078125
1103.854248046875,944.3175659179688
1102.751708984375,942.896240234375
1101.6668701171875,941.4507446289062
1100.5997314453125,939.9818725585938
1099.7347412109375,938.7546997070312
1098.822509765625,937.42236328125
1097.98486328125,936.1624755859375
1097.160888671875,934.8870849609375
1096.350830078125,933.5962524414062
1095.5552978515625,932.2902221679688
1094.7744140625,930.9691162109375
1094.0087890625,929.633056640625
1093.259033203125,928.2821655273438
1092.5260009765625,926.91650390625
1091.760498046875,925.4371948242188
1091.0655517578125,924.041748046875
1090.3902587890625,922.6325073242188
1089.688720703125,921.10791015625
1089.0546875,919.6715087890625
1088.39697265625,918.1187133789062
1087.8028564453125,916.6571655273438
1087.227783203125,915.1844482421875
1086.6322021484375,913.5947265625
1086.09521484375,912.1005249023438
1085.53955078125,910.4889526367188
1085.0386962890625,908.9752197265625
1084.5550537109375,907.4522705078125
1084.0885009765625,905.9199829101562
1083.6072998046875,904.2676391601562
1083.1759033203125,902.7153930664062
1082.7620849609375,901.1531372070312
1082.3665771484375,899.5811157226562
1081.990234375,897.99951171875
1081.6090087890625,896.29443359375
1081.27392578125,894.693359375
1080.9581298828125,893.083251953125
1080.639892578125,891.3484497070312
1080.341552734375,889.6038818359375
1080.0804443359375,887.9674072265625
1079.8193359375,886.2054443359375
1079.57763671875,884.434814453125
1079.3699951171875,882.7745971679688
1079.16650390625,880.98779296875
1078.994140625,879.3128662109375
1078.8275146484375,877.5106201171875
1078.6884765625,875.82177734375
1078.5565185546875,874.0051879882812
1078.4493408203125,872.30322265625
1078.3514404296875,870.472900390625
1078.27587890625,868.7584838867188
1078.21142578125,866.9152221679688
1078.1661376953125,865.1893310546875
1078.133056640625,863.3347778320312
1078.1180419921875,861.6038818359375
1078.1204833984375,859.7510986328125
1078.1402587890625,858.0231323242188
1078.1776123046875,856.1730346679688
1078.22607421875,854.4476928710938
1078.282470703125,852.8471069335938
1078.363037109375,851.00146484375
1078.4541015625,849.2782592773438
1078.56005859375,847.5520629882812
1078.688720703125,845.6963500976562
1078.831787109375,843.8333129882812
1078.95654296875,842.3380126953125
1079.089599609375,840.83984375
1079.230712890625,839.3389892578125
1079.404052734375,837.583984375
1079.5584716796875,836.076171875
1079.716552734375,834.56494140625
1079.87646484375,833.0499877929688
1080.0374755859375,831.5320434570312
1080.1988525390625,830.0106201171875
1080.3878173828125,828.2311401367188
1080.5504150390625,826.7021484375
1080.7138671875,825.169677734375
1080.8780517578125,823.6336669921875
1081.0703125,821.8370971679688
1081.2354736328125,820.2932739257812
1081.400634765625,818.7459106445312
1081.566162109375,817.1948852539062
1081.7596435546875,815.3809204101562
1081.926025390625,813.8222045898438
1082.0927734375,812.260009765625
1082.260009765625,810.6942749023438
1082.455322265625,808.863037109375
1082.62255859375,807.2897338867188
1082.7891845703125,805.712890625
1082.98291015625,803.8689575195312
1083.1484375,802.2846069335938
1083.31396484375,800.6968383789062
1083.4796142578125,799.10546875
1083.6728515625,797.244384765625
1083.8385009765625,795.6453857421875
1084.004150390625,794.0427856445312
1084.197509765625,792.1685791015625
1084.3634033203125,790.5582885742188
1084.5291748046875,788.9444580078125
1084.6951904296875,787.3272094726562
1084.888671875,785.43603515625
1085.0543212890625,783.8113403320312
1085.2198486328125,782.1831665039062
1085.3848876953125,780.551513671875
1085.535888671875,779.052734375
1085.7001953125,777.4143676757812
1085.864013671875,775.7725219726562
1086.0274658203125,774.127197265625
1086.1903076171875,772.4783325195312
1086.3526611328125,770.8260498046875
1086.5010986328125,769.3084106445312
1086.662353515625,767.6494750976562
1086.809814453125,766.1256713867188
1086.969970703125,764.4600219726562
1087.142822265625,762.6516723632812
1087.3018798828125,760.9788818359375
1087.447021484375,759.4423828125
1087.6048583984375,757.7628784179688
1087.76220703125,756.079833984375
1087.919189453125,754.3933715820312
1088.07568359375,752.7034912109375
1088.2188720703125,751.1513671875
1088.374755859375,749.454833984375
1088.5303955078125,747.7549438476562
1088.6856689453125,746.0516967773438
1088.8408203125,744.3450317382812
1088.995849609375,742.6349487304688
1089.1380615234375,741.064453125
1089.293212890625,739.3479614257812
1089.4486083984375,737.6280517578125
1089.6041259765625,735.90478515625
1089.7598876953125,734.17822265625
1089.90283203125,732.5926513671875
1090.05908203125,730.8598022460938
1090.2156982421875,729.1235961914062
1090.3726806640625,727.3840942382812
1090.5169677734375,725.78662109375
1090.6748046875,724.0408325195312
1090.8330078125,722.2916259765625
1090.99169921875,720.5391845703125
1091.1376953125,718.929931640625
1091.2972412109375,717.1712036132812
1091.457275390625,715.4091796875
1091.6177978515625,713.6439208984375
1091.7652587890625,712.02294921875
1091.9263916015625,710.25146484375
1092.074462890625,708.624755859375
1092.236328125,706.8470458984375
1092.3983154296875,705.0661010742188
1092.547119140625,703.4306640625
1092.7095947265625,701.6434936523438
1092.8587646484375,700.00244140625
1093.021728515625,698.2091064453125
1093.1846923828125,696.4125366210938
1093.334228515625,694.762939453125
1093.49755859375,692.9603271484375
1093.6473388671875,691.3050537109375
1093.81103515625,689.4962158203125
1093.961181640625,687.8352661132812
1094.097900390625,686.3228759765625
1094.24853515625,684.6565551757812
1094.4129638671875,682.8357543945312
1094.56396484375,681.1638793945312
1094.728759765625,679.3369140625
1094.880126953125,677.6594848632812
1095.04541015625,675.8265380859375
1095.197265625,674.1436157226562
1095.36328125,672.3046875
1095.515625,670.6162109375
1095.6822509765625,668.7713623046875
1095.835205078125,667.0774536132812
1096.0025634765625,665.2265625
1096.1563720703125,663.5272216796875
1096.324462890625,661.6703491210938
1096.47900390625,659.9654541015625
1096.64794921875,658.1026000976562
1096.8031005859375,656.3922119140625
1096.9727783203125,654.5233764648438
1097.1287841796875,652.8075561523438
1097.2994384765625,650.932861328125
1097.456298828125,649.211669921875
1097.6280517578125,647.3311767578125
1097.7860107421875,645.604736328125
1097.94482421875,643.875732421875
1098.11865234375,641.9866943359375
1098.278564453125,640.2523803710938
1098.4537353515625,638.3574829101562
1098.61474609375,636.6177978515625
1098.791015625,634.7171630859375
1098.952880859375,632.9722900390625
1099.114990234375,631.2249145507812
1099.2921142578125,629.3157958984375
1099.4544677734375,627.5631713867188
1099.6314697265625,625.6483764648438
1099.7935791015625,623.8905029296875
1099.9554443359375,622.1300659179688
1100.131591796875,620.2067260742188
1100.278076171875,618.6016845703125
1100.43896484375,616.833740234375
1100.6141357421875,614.9022216796875
1100.7745361328125,613.1290283203125
1100.94921875,611.1918334960938
1101.109130859375,609.4135131835938
1101.2686767578125,607.6327514648438
1101.4278564453125,605.8495483398438
1101.5867919921875,604.0639038085938
1101.7598876953125,602.11328125
1101.918212890625,600.3226928710938
1102.0762939453125,598.5296630859375
1102.24853515625,596.5708618164062
1102.4061279296875,594.7728271484375
1102.5635986328125,592.972412109375
1102.720947265625,591.1696166992188
1102.8924560546875,589.2003173828125
1103.0496826171875,587.3926391601562
1103.2210693359375,585.41796875
1103.3782958984375,583.60546875
1103.521240234375,581.9556884765625
1104.1685791015625,574.4700317382812
1104.744140625,567.8135375976562
1105.0499267578125,564.2753295898438
1105.1787109375,562.7849731445312
1105.2283935546875,562.2100219726562
1105.2413330078125,562.060302734375
1105.244384765625,562.0259399414062
1105.244873046875,562.020263671875