x,z
638.4342651367188,-63.50517654418945
638.4414672851562,-63.4998664855957
638.5293579101562,-63.4351806640625
638.7212524414062,-63.29397964477539
639.2080078125,-62.935768127441406
640.3272705078125,-62.11194610595703
642.700439453125,-60.36514663696289
647.403076171875,-56.90333938598633
654.7154541015625,-51.51973342895508
656.0591430664062,-50.52939987182617
657.4019775390625,-49.53947830200195
658.7439575195312,-48.55000686645508
660.0850830078125,-47.56097412109375
661.4253540039062,-46.57238006591797
662.6618041992188,-45.66021728515625
664.1068115234375,-44.593997955322266
665.4548950195312,-43.59914016723633
666.701904296875,-42.678619384765625
668.0557250976562,-41.67906951904297
669.30810546875,-40.75417709350586
670.5633544921875,-39.827064514160156
671.926513671875,-38.82009506225586
673.293212890625,-37.81031036376953
674.6636352539062,-36.7976188659668
676.0379028320312,-35.781959533691406
677.4160766601562,-34.76327133178711
678.7981567382812,-33.74150848388672
680.0775756835938,-32.79560470581055
681.5746459960938,-31.688785552978516
682.9691772460938,-30.65789794921875
684.367919921875,-29.62401580810547
685.7709350585938,-28.587181091308594
687.1782836914062,-27.547447204589844
688.5899658203125,-26.504859924316406
690.0060424804688,-25.459461212158203
691.4264526367188,-24.411293029785156
692.7415161132812,-23.441322326660156
694.280517578125,-22.306764602661133
695.7141723632812,-21.250442504882812
697.0414428710938,-20.27298927307129
698.4835815429688,-19.211503982543945
699.93017578125,-18.14734649658203
701.3811645507812,-17.080509185791016
702.8365478515625,-16.011011123657227
704.29638671875,-14.938848495483398
705.6477661132812,-13.946788787841797
707.1160278320312,-12.869502067565918
708.5886840820312,-11.78954792022705
710.0657348632812,-10.706932067871094
711.5471801757812,-9.621665000915527
713.032958984375,-8.533767700195312
714.4083862304688,-7.5272216796875
715.9026489257812,-6.434286594390869
717.285888671875,-5.423120021820068
718.7886352539062,-4.325214385986328
720.2958374023438,-3.224731683731079
721.807373046875,-2.1216578483581543
723.3232421875,-1.0159332752227783
724.8434448242188,0.09249991923570633
726.3678588867188,1.2036725282669067
727.8965454101562,2.317613363265991
729.4293823242188,3.4343602657318115
730.9664306640625,4.553971767425537
732.507568359375,5.676496982574463
734.052734375,6.801967620849609
735.6019897460938,7.930421829223633
737.1552734375,9.061894416809082
738.5925903320312,10.109033584594727
740.153564453125,11.246376037597656
741.7183837890625,12.386801719665527
743.1663818359375,13.442285537719727
744.7387084960938,14.588807106018066
746.1934204101562,15.65004825592041
747.4081420898438,16.53659439086914
748.625,17.425134658813477
749.8440551757812,18.315671920776367
751.309814453125,19.386962890625
752.7786254882812,20.461170196533203
754.0049438476562,21.358598709106445
755.602294921875,22.528364181518555
757.079833984375,23.611303329467773
758.3134155273438,24.51607894897461
759.5490112304688,25.422977447509766
761.1583251953125,26.60511589050293
762.6468505859375,27.69951057434082
764.1383056640625,28.796972274780273
765.3833618164062,29.713871002197266
767.0048828125,30.90903663635254
768.504638671875,32.01547622680664
769.7566528320312,32.93986892700195
771.2615966796875,34.05195999145508
772.5178833007812,34.98106002807617
774.0280151367188,36.09878921508789
775.5409545898438,37.219573974609375
777.0567016601562,38.3433837890625
778.3219604492188,39.28218460083008
779.8429565429688,40.411460876464844
781.3667602539062,41.543670654296875
782.6387329101562,42.48938751220703
784.1677856445312,43.62687301635742
785.6997680664062,44.76716995239258
787.1065673828125,45.81487274169922
788.6441040039062,46.96041488647461
790.1846313476562,48.10860824584961
791.4706420898438,49.06740951538086
793.1455688476562,50.316490173339844
794.6948852539062,51.472084045410156
796.3766479492188,52.726741790771484
797.9322509765625,53.88740921020508
799.4908447265625,55.05047607421875
801.052490234375,56.2159423828125
802.4866333007812,57.286399841308594
804.0540161132812,58.45647430419922
805.6243286132812,59.62894058227539
807.1976318359375,60.80377960205078
808.7738647460938,61.98098373413086
810.0896606445312,62.96379089355469
811.5393676757812,64.04676055908203
812.859375,65.03298950195312
814.4461059570312,66.21859741210938
815.9031372070312,67.30745697021484
817.4954223632812,68.49751281738281
819.090576171875,69.68988800048828
820.4220581054688,70.6852798461914
822.0224609375,71.88182830810547
823.2246704101562,72.78071594238281
824.4285278320312,73.68085479736328
825.6339111328125,74.58224487304688
826.8410034179688,75.48486328125
828.0496215820312,76.38871002197266
829.2599487304688,77.29377746582031
830.4718017578125,78.2000503540039
831.9552001953125,79.30936431884766
833.170654296875,80.21832275390625
834.3876953125,81.12848663330078
835.6063842773438,82.03985595703125
836.8265991210938,82.95243072509766
838.320068359375,84.06942749023438
839.5437622070312,84.98468017578125
840.76904296875,85.9011459350586
841.995849609375,86.81881713867188
843.4973754882812,87.94206237792969
844.7275390625,88.86243438720703
845.959228515625,89.7840347290039
847.1924438476562,90.7068862915039
848.4271240234375,91.63098907470703
849.9381103515625,92.76215362548828
851.176025390625,93.68904876708984
852.4154052734375,94.61719512939453
853.4027099609375,96.05482482910156
854.9197998046875,97.18970489501953
856.4390869140625,98.32637786865234
857.683837890625,99.25768280029297
858.9300537109375,100.19014739990234
860.177734375,101.1237564086914
861.7047729492188,102.2663803100586
862.955810546875,103.20249938964844
864.20703125,104.13874816894531
865.7354736328125,105.28242492675781
866.9853515625,106.21764373779297
868.51220703125,107.36009216308594
869.7607421875,108.29434204101562
871.0086059570312,109.22820281982422
872.5328369140625,110.36911010742188
874.0560302734375,111.50955200195312
875.5799560546875,112.65098571777344
877.1069946289062,113.79523468017578
878.634765625,114.94071960449219
880.1632080078125,116.08745574951172
881.4143676757812,117.02672576904297
882.9442138671875,118.17605590820312
884.4750366210938,119.3269271850586
886.0067749023438,120.47940826416016
887.5396118164062,121.63353729248047
889.073486328125,122.78936004638672
890.6084594726562,123.9469223022461
891.8651733398438,124.89532470703125
893.4022827148438,126.05606079101562
894.9405517578125,127.21853637695312
896.4801025390625,128.38275146484375
897.8807373046875,129.44261169433594
899.2825317382812,130.50387573242188
900.82568359375,131.67286682128906
902.3701782226562,132.84353637695312
903.6348266601562,133.80258178710938
905.1817016601562,134.97618103027344
906.7300415039062,136.15127563476562
908.27978515625,137.3278350830078
909.8309326171875,138.5057830810547
911.3836059570312,139.68504333496094
912.9378051757812,140.86549377441406
914.49365234375,142.04705810546875
915.767822265625,143.01455688476562
917.3267211914062,144.1978759765625
918.8873901367188,145.382080078125
920.4497680664062,146.56707763671875
922.0139770507812,147.75282287597656
923.5800170898438,148.93927001953125
925.1478271484375,150.12640380859375
926.4319458007812,151.0981903076172
928.0029907226562,152.2865753173828
929.5758056640625,153.47567749023438
931.1502685546875,154.66558837890625
932.726318359375,155.85630798339844
934.0169677734375,156.8311767578125
936.0267333984375,158.34884643554688
937.6074829101562,159.54241943359375
939.1895751953125,160.7370147705078
940.7730102539062,161.93270874023438
942.3577270507812,163.1295623779297
943.6552124023438,164.1096954345703
945.2421264648438,165.30873107910156
946.8301391601562,166.50897216796875
948.4193115234375,167.71041870117188
950.0096435546875,168.9130859375
951.60107421875,170.11697387695312
953.1935424804688,171.32208251953125
954.787109375,172.52841186523438
956.0917358398438,173.5162811279297
957.6873168945312,174.7247314453125
959.283935546875,175.9342498779297
960.8817749023438,177.14480590820312
962.480712890625,178.35633850097656
964.0808715820312,179.56881713867188
965.6821899414062,180.78219604492188
966.9932861328125,181.77560424804688
968.5967407226562,182.9905548095703
970.2014770507812,184.206298828125
971.8074340820312,185.42282104492188
973.41455078125,186.64007568359375
975.02294921875,187.85804748535156
976.632568359375,189.07672119140625
977.9503784179688,190.07432556152344
979.5621948242188,191.29421997070312
981.1752319335938,192.5147705078125
982.7894287109375,193.7359619140625
984.4048461914062,194.957763671875
986.0214233398438,196.18017578125
987.6392211914062,197.4031982421875
988.9636840820312,198.404296875
990.58349609375,199.62840270996094
992.2045288085938,200.85308837890625
993.8265991210938,202.07839965820312
995.4497680664062,203.30429077148438
997.073974609375,204.5308074951172
998.6992797851562,205.7579345703125
1000.0298461914062,206.76239013671875
1001.656982421875,207.99061584472656
1003.2850952148438,209.2194366455078
1004.9141845703125,210.44886779785156
1006.5443115234375,211.6789093017578
1008.1752319335938,212.9095916748047
1009.5103149414062,213.91702270507812
1011.1429443359375,215.14881896972656
1012.7764282226562,216.3812713623047
1014.410888671875,217.61419677734375
1016.04638671875,218.8475799560547
1017.6826782226562,220.081298828125
1019.3182983398438,221.31417846679688
1020.9503173828125,222.5438690185547
1022.280517578125,223.54579162597656
1023.8974609375,224.76327514648438
1025.503173828125,225.97195434570312
1027.096435546875,227.17076110839844
1028.67626953125,228.35897827148438
1030.2420654296875,229.53614807128906
1031.793212890625,230.7017364501953
1033.0517578125,231.64678955078125
1034.578369140625,232.79241943359375
1036.094482421875,233.92919921875
1037.597900390625,235.055419921875
1039.0885009765625,236.17112731933594
1040.56591796875,237.27618408203125
1042.030029296875,238.37037658691406
1043.480224609375,239.45352172851562
1045.046630859375,240.6226348876953
1046.468017578125,241.68316650390625
1047.87548828125,242.73292541503906
1049.2694091796875,243.77200317382812
1050.6500244140625,244.80068969726562
1052.01708984375,245.8186492919922
1053.3712158203125,246.82614135742188
1054.712158203125,247.8227996826172
1056.03955078125,248.80859375
1057.353515625,249.78387451171875
1058.7720947265625,250.836669921875
1060.0587158203125,251.79168701171875
1061.33251953125,252.73739624023438
1062.5936279296875,253.67388916015625
1063.84228515625,254.60104370117188
1065.078369140625,255.51881408691406
1066.3017578125,256.4271240234375
1067.51318359375,257.3264465332031
1070.006103515625,259.17694091796875
1071.3914794921875,260.2052307128906
1072.656005859375,261.1435852050781
1074.0107421875,262.1485900878906
1075.2476806640625,263.06591796875
1076.5732421875,264.048828125
1077.78369140625,264.9461364746094
1079.081298828125,265.9070739746094
1080.465576171875,266.9306945800781
1081.8380126953125,267.9436950683594
1083.1951904296875,268.9433288574219
1084.53662109375,269.9293212890625
1085.862060546875,270.9014587402344
1087.17138671875,271.8594055175781
1088.4644775390625,272.8030090332031
1089.7413330078125,273.73175048828125
1091.1806640625,274.77447509765625
1092.4228515625,275.66986083984375
1093.64892578125,276.5488586425781
1095.1158447265625,277.5940246582031
1096.47509765625,278.5557861328125
1097.8975830078125,279.5552978515625
1099.298828125,280.5323791503906
1100.5992431640625,281.4316711425781
1101.9627685546875,282.3668518066406
1103.3077392578125,283.2822265625
1104.7127685546875,284.23095703125
1107.241943359375,285.91796875
1108.532470703125,286.7681884765625
1109.964111328125,287.7028503417969
1111.2320556640625,288.5236511230469
1112.635498046875,289.4249267578125
1114.0980224609375,290.3554992675781
1115.4730224609375,291.2213439941406
1116.83251953125,292.06744384765625
1118.2445068359375,292.9347839355469
1119.5662841796875,293.7354431152344
1120.936279296875,294.5519714355469
1122.419677734375,295.4162902832031
1123.879150390625,296.24298095703125
1126.60986328125,297.714599609375
1128.0125732421875,298.4272155761719
1129.4005126953125,299.09820556640625
1130.837646484375,299.7536315917969
1132.38720703125,300.4109802246094
1133.926513671875,301.0097961425781
1135.4609375,301.5479431152344
1136.9969482421875,302.0252380371094
1138.5382080078125,302.4397888183594
1140.0845947265625,302.7896728515625
1141.6351318359375,303.0724182128906
1143.189208984375,303.2857360839844
1144.7454833984375,303.4283142089844
1146.3013916015625,303.49969482421875
1147.8519287109375,303.5001220703125
1149.39306640625,303.4317321777344
1150.9224853515625,303.2959899902344
1152.4383544921875,303.0947570800781
1153.93701171875,302.82977294921875
1155.4117431640625,302.5009765625
1156.9700927734375,302.0719909667969
1158.541259765625,301.5437316894531
1160.0626220703125,300.9321594238281
1161.5321044921875,300.24365234375
1162.896484375,299.510498046875
1164.2515869140625,298.68072509765625
1165.53955078125,297.7814025878906
1166.7557373046875,296.8160705566406
1167.900634765625,295.790283203125
1169.052490234375,294.6248474121094
1170.0552978515625,293.4732360839844
1170.991455078125,292.2659912109375
1171.875,291.0052795410156
1172.70654296875,289.69696044921875
1173.5272216796875,288.2538757324219
1174.2181396484375,286.8633117675781
1174.8348388671875,285.42340087890625
1175.3828125,283.9383544921875
1175.8538818359375,282.46234130859375
1176.284912109375,280.8848876953125
1176.6571044921875,279.26300048828125
1176.9404296875,277.7789001464844
1177.1781005859375,276.2643127441406
1177.3829345703125,274.5992736816406
1177.52783203125,272.9706115722656
1177.6131591796875,271.44708251953125
1177.6514892578125,269.7782897949219
1177.632568359375,268.0927429199219
1177.5594482421875,266.45977783203125
1177.4381103515625,264.8823547363281
1177.2587890625,263.23089599609375
1177.0272216796875,261.5708312988281
1176.7333984375,259.83349609375
1176.4007568359375,258.1522216796875
1176.0191650390625,256.4612731933594
1175.644775390625,254.96290588378906
1175.2359619140625,253.45211791992188
1174.7738037109375,251.8602752685547
1174.298583984375,250.32444763183594
1173.7919921875,248.7716522216797
1173.2552490234375,247.20294189453125
1172.6900634765625,245.62356567382812
1172.0947265625,244.0330810546875
1171.437744140625,242.35208129882812
1170.86962890625,240.95071411132812
1170.21826171875,239.39276123046875
1169.6063232421875,237.97235107421875
1168.970947265625,236.54039001464844
1167.7042236328125,233.80758666992188
1167.000732421875,232.35446166992188
1166.311279296875,230.9686737060547
1165.600341796875,229.5771026611328
1164.8665771484375,228.18231201171875
1164.150390625,226.86183166503906
1163.3663330078125,225.45864868164062
1162.55517578125,224.04910278320312
1161.7642822265625,222.71182250976562
1160.9013671875,221.28976440429688
1160.012939453125,219.861328125
1159.15087890625,218.50611877441406
1158.266845703125,217.14456176757812
1157.3076171875,215.69528198242188
1156.380859375,214.3187713623047
1155.435302734375,212.9341278076172
1153.610595703125,210.30279541015625
1152.6207275390625,208.88961791992188
1151.7379150390625,207.6324920654297
1150.733154296875,206.20028686523438
1149.731201171875,204.76397705078125
1148.8519287109375,203.49154663085938
1147.8631591796875,202.04229736328125
1146.999267578125,200.7561492919922
1146.1427001953125,199.458984375
1145.2913818359375,198.14418029785156
1144.4482421875,196.8125762939453
1143.6148681640625,195.46461486816406
1142.79150390625,194.10011291503906
1141.9781494140625,192.71875
1141.1217041015625,191.22634887695312
1140.2772216796875,189.7140350341797
1139.4970703125,188.27793884277344
1138.728515625,186.82395935058594
1137.97265625,185.35189819335938
1137.2298583984375,183.8614501953125
1136.4525146484375,182.25137329101562
1135.738037109375,180.72323608398438
1134.9913330078125,179.07376098632812
1134.305908203125,177.50953674316406
1133.6351318359375,175.92835998535156
1132.9796142578125,174.33035278320312
1132.3402099609375,172.7156524658203
1131.7991943359375,171.30303955078125
1131.190673828125,169.6582489013672
1130.599365234375,167.9977569580078
1130.025634765625,166.3217315673828
1129.4697265625,164.63075256347656
1128.9322509765625,162.92526245117188
1128.41357421875,161.20555114746094
1127.9464111328125,159.58827209472656
1127.4637451171875,157.84300231933594
1126.9996337890625,156.08529663085938
1126.58349609375,154.43392944335938
1126.1566162109375,152.65338134765625
1125.750732421875,150.86143493652344
1125.3663330078125,149.05831909179688
1125.004150390625,147.24440002441406
1124.6859130859375,145.5420379638672
1124.38671875,143.83087158203125
1124.08740234375,141.98794555664062
1123.6209716796875,138.77084350585938
1123.428466796875,137.2765655517578
1123.2506103515625,135.77650451660156
1123.0875244140625,134.27078247070312
1122.916015625,132.50721740722656
1122.7650146484375,130.73672485351562
1122.6522216796875,129.21435546875
1122.55517578125,127.68846130371094
1122.46240234375,125.9054183959961
1122.4007568359375,124.3761978149414
1122.3494873046875,122.59255981445312
1122.3233642578125,121.06480407714844
1122.3134765625,119.53843688964844
1122.3199462890625,118.01367950439453
1122.34814453125,116.23712158203125
1122.389892578125,114.716552734375
1122.4593505859375,112.94532775878906
1122.53662109375,111.4296646118164
1122.6563720703125,109.53853607177734
1122.791748046875,107.77699279785156
1122.9261474609375,106.26986694335938
1123.0775146484375,104.76534271240234
1123.245849609375,103.26353454589844
1123.463623046875,101.51493835449219
1123.66845703125,100.01924896240234
1123.8900146484375,98.52655029296875
1124.1282958984375,97.03702545166016
1124.427490234375,95.3035659790039
1124.7020263671875,93.82180786132812
1124.993408203125,92.3441162109375
1125.3544921875,90.6255111694336
1125.6820068359375,89.15702819824219
1126.0850830078125,87.44911193847656
1126.44873046875,85.98958587646484
1126.894287109375,84.29165649414062
1127.2940673828125,82.8402099609375
1127.71044921875,81.39228057861328
1128.2174072265625,79.7071533203125
1128.6697998046875,78.26602935791016
1129.138671875,76.82795715332031
1129.7064208984375,75.1541519165039
1130.210693359375,73.72233581542969
1130.8193359375,72.05484008789062
1131.3580322265625,70.62825012207031
1131.912353515625,69.2041244506836
1132.4822998046875,67.78182983398438
1133.0677490234375,66.36152648925781
1133.668701171875,64.94377136230469
1134.3892822265625,63.29295349121094
1135.02392578125,61.881099700927734
1135.8389892578125,60.12197494506836
1136.6778564453125,58.37052917480469
1137.4820556640625,56.74327087402344
1138.1875,55.35505676269531
1138.90771484375,53.97317886352539
1139.642822265625,52.597801208496094
1140.392822265625,51.22929000854492
1141.28662109375,49.64194107055664
1142.06884765625,48.289573669433594
1142.86572265625,46.94481658935547
1143.8140869140625,45.386234283447266
1144.6427001953125,44.059505462646484
1145.6279296875,42.52241134643555
1146.6331787109375,40.99757766723633
1147.6578369140625,39.485389709472656
1148.702392578125,37.985992431640625
1149.7664794921875,36.499271392822266
1150.7718505859375,35.13002014160156
1151.7147216796875,33.87529373168945
1152.8326416015625,32.42243957519531
1153.9700927734375,30.981807708740234
1155.127197265625,29.553266525268555
1156.3040771484375,28.13639259338379
1157.500244140625,26.730993270874023
1158.7154541015625,25.336496353149414
1159.94970703125,23.952516555786133
1161.20263671875,22.57904052734375
1162.473876953125,21.216001510620117
1163.7633056640625,19.863460540771484
1165.0704345703125,18.521549224853516
1166.3953857421875,17.190345764160156
1167.640625,15.964531898498535
1168.9937744140625,14.659302711486816
1170.1630859375,13.553003311157227
1171.4393310546875,12.367378234863281
1173.023193359375,10.926624298095703
1174.3209228515625,9.771317481994629
1175.7296142578125,8.541973114013672
1177.15380859375,7.323190689086914
1178.5938720703125,6.116303443908691
1180.0496826171875,4.922637939453125
1181.4151611328125,3.82686185836792
1182.6871337890625,2.8262434005737305
1184.0775146484375,1.7537696361541748
1185.3724365234375,0.7740822434425354
1186.7874755859375,-0.27649733424186707
1188.10498046875,-1.2365984916687012
1189.5443115234375,-2.2664217948913574
1190.8839111328125,-3.2076785564422607
1192.1207275390625,-4.062788009643555
1193.3662109375,-4.910732746124268
1194.619873046875,-5.751775741577148
1195.8817138671875,-6.5862250328063965
1197.1514892578125,-7.414364337921143
1198.428955078125,-8.23635482788086
1199.7139892578125,-9.052277565002441
1201.0064697265625,-9.862205505371094
1202.4248046875,-10.739023208618164
1203.7325439453125,-11.536663055419922
1205.04736328125,-12.328558921813965
1206.369140625,-13.11487865447998
1207.69775390625,-13.895803451538086
1209.0330810546875,-14.67149543762207
1210.7420654296875,-15.651467323303223
1212.215087890625,-16.48532485961914
1213.57177734375,-17.2451229095459
1215.05859375,-18.06947135925293
1216.4273681640625,-18.821428298950195
1217.8016357421875,-19.570276260375977
1219.1810302734375,-20.316387176513672
1220.5655517578125,-21.060161590576172
1221.9547119140625,-21.802080154418945
1223.348388671875,-22.54279327392578
1224.74609375,-23.2832088470459
1226.1470947265625,-24.024457931518555
1227.6785888671875,-24.835540771484375
1229.0843505859375,-25.582582473754883
1230.491455078125,-26.33403778076172
1231.8994140625,-27.0906982421875
1233.3077392578125,-27.853288650512695
1234.716064453125,-28.622455596923828
1236.251953125,-29.469730377197266
1237.6591796875,-30.2544002532959
1239.0655517578125,-31.047021865844727
1240.470703125,-31.84776496887207
1241.8746337890625,-32.65675354003906
1243.404541015625,-33.54878234863281
1244.8056640625,-34.37525177001953
1246.205322265625,-35.21015167236328
1247.73046875,-36.130550384521484
1249.1270751953125,-36.98310852050781
1250.52197265625,-37.844215393066406
1251.9151611328125,-38.71391677856445
1253.306396484375,-39.592247009277344
1254.6951904296875,-40.47909927368164
1256.0809326171875,-41.374141693115234
1257.5885009765625,-42.35929870605469
1258.9658203125,-43.269466400146484
1260.4622802734375,-44.26853561401367
1261.8271484375,-45.18852996826172
1263.3076171875,-46.195465087890625
1264.656005859375,-47.12096405029297
1266.11669921875,-48.133235931396484
1267.445556640625,-49.06346130371094
1268.88427734375,-50.080448150634766
1270.3116455078125,-51.0993537902832
1271.6102294921875,-52.0347900390625
1273.016845703125,-53.05682373046875
1274.297607421875,-53.9952278137207
1275.6859130859375,-55.020992279052734
1276.9501953125,-55.9629020690918
1278.3199462890625,-56.991878509521484
1279.679443359375,-58.022457122802734
1281.0283203125,-59.05493927001953
1282.255615234375,-60.00334930419922
1283.584716796875,-61.040489196777344
1284.9046630859375,-62.08076477050781
1286.107421875,-63.03771209716797
1287.41259765625,-64.0860366821289
1288.710693359375,-65.13970947265625
1290.0010986328125,-66.19935607910156
1291.1768798828125,-67.17636108398438
1292.4515380859375,-68.24877166748047
1293.6121826171875,-69.23810577392578
1294.86962890625,-70.32440948486328
1296.117919921875,-71.41817474365234
1297.35693359375,-72.51956176757812
1298.5867919921875,-73.6288070678711
1299.7060546875,-74.65287017822266
1300.9178466796875,-75.77830505371094
1302.0198974609375,-76.8177261352539
1303.212646484375,-77.96016693115234
1304.297119140625,-79.01519775390625
1305.470703125,-80.17459869384766
1306.5379638671875,-81.24510955810547
1307.69287109375,-82.42145538330078
1308.7427978515625,-83.50776672363281
1309.878173828125,-84.70170593261719
1310.9095458984375,-85.80437469482422
1312.024169921875,-87.01624298095703
1313.1279296875,-88.23735046386719
1314.220947265625,-89.46748352050781
1315.3033447265625,-90.7064437866211
1316.3753662109375,-91.95421600341797
1317.3486328125,-93.1058349609375
1318.3128662109375,-94.26494598388672
1319.3544921875,-95.53792572021484
1320.38525390625,-96.8196792602539
1321.4052734375,-98.11004638671875
1322.4149169921875,-99.40870666503906
1323.331298828125,-100.60604095458984
1324.32080078125,-101.9196548461914
1325.2183837890625,-103.13072967529297
1326.1875,-104.45944213867188
1327.0662841796875,-105.6842041015625
1328.0142822265625,-107.02781677246094
1328.87353515625,-108.26631164550781
1329.800048828125,-109.62450408935547
1330.639404296875,-110.87620544433594
1331.5438232421875,-112.24925994873047
1332.3624267578125,-113.51480102539062
1333.244140625,-114.90274047851562
1334.1134033203125,-116.29851531982422
1334.8988037109375,-117.58485412597656
1335.7430419921875,-118.99527740478516
1336.57373046875,-120.41242218017578
1337.3907470703125,-121.83454132080078
1338.3272705078125,-123.4966049194336
1339.247314453125,-125.1578369140625
1340.0244140625,-126.57817077636719
1340.9188232421875,-128.22833251953125
1341.6761474609375,-129.6351318359375
1342.4259033203125,-131.0335693359375
1343.16943359375,-132.42242431640625
1344.0311279296875,-134.0292510986328
1344.7667236328125,-135.39404296875
1345.6239013671875,-136.97103881835938
1346.3590087890625,-138.30934143066406
1347.2188720703125,-139.85475158691406
1348.14453125,-141.4915771484375
1349.0145263671875,-143.0016632080078
1349.955078125,-144.601318359375
1350.9056396484375,-146.18251037597656
1351.802978515625,-147.6424102783203
1352.7769775390625,-149.1909637451172
1353.6990966796875,-150.62237548828125
1354.634521484375,-152.0403594970703
1355.583984375,-153.4449005126953
1356.5474853515625,-154.83583068847656
1357.5247802734375,-156.21310424804688
1358.5865478515625,-157.67391967773438
1359.5906982421875,-159.02389526367188
1360.60693359375,-160.3611602783203
1361.5611572265625,-161.59156799316406
1362.5255126953125,-162.8108673095703
1363.575439453125,-164.1114044189453
1364.7132568359375,-165.490234375
1365.787353515625,-166.7633819580078
1366.872802734375,-168.02308654785156
1368.0484619140625,-169.3577423095703
1369.2373046875,-170.67660522460938
1370.3587646484375,-171.89320373535156
1371.5731201171875,-173.18136596679688
1372.71875,-174.36959838867188
1373.7930908203125,-175.46109008789062
1374.9613037109375,-176.6239471435547
1376.1409912109375,-177.77403259277344
1377.417724609375,-178.9925994873047
1378.7078857421875,-180.19680786132812
1380.011962890625,-181.38624572753906
1381.24169921875,-182.4828643798828
1382.57275390625,-183.64321899414062
1383.9169921875,-184.7889862060547
1385.1839599609375,-185.84530639648438
1386.5548095703125,-186.9626922607422
1387.7545166015625,-187.91839599609375
1389.1519775390625,-189.0057830810547
1390.5635986328125,-190.07643127441406
1391.9891357421875,-191.13059997558594
1393.331787109375,-192.1000518798828
1394.685791015625,-193.05592346191406
1396.05078125,-193.9984130859375
1397.5252685546875,-194.99374389648438
1398.9117431640625,-195.90957641601562
1400.30712890625,-196.81312561035156
1401.709716796875,-197.7047882080078
1403.2178955078125,-198.64810180664062
1404.627197265625,-199.51876831054688
1406.0338134765625,-200.38206481933594
1407.4334716796875,-201.24005126953125
1408.7239990234375,-202.03392028808594
1410.1998291015625,-202.94786071777344
1411.755615234375,-203.92300415039062
1413.1927490234375,-204.84202575683594
1414.5115966796875,-205.70584106445312
1415.81005859375,-206.57872009277344
1417.1845703125,-207.52427673339844
1418.4539794921875,-208.4148712158203
1419.7093505859375,-209.3146514892578
1420.94921875,-210.22708129882812
1422.1727294921875,-211.1547393798828
1423.3790283203125,-212.09854125976562
1424.568115234375,-213.05831909179688
1425.9061279296875,-214.17381286621094
1427.058837890625,-215.16534423828125
1428.19384765625,-216.17108154296875
1429.3106689453125,-217.19102478027344
1430.408935546875,-218.22512817382812
1431.4881591796875,-219.2731475830078
1432.5484619140625,-220.33468627929688
1433.73681640625,-221.5638885498047
1434.9715576171875,-222.88804626464844
1436.1773681640625,-224.23049926757812
1437.2852783203125,-225.5104522705078
1438.4337158203125,-226.8874053955078
1439.4871826171875,-228.1988525390625
1440.5777587890625,-229.60845947265625
1441.638916015625,-231.0347900390625
1442.6114501953125,-232.39242553710938
1443.5594482421875,-233.7643585205078
1444.5413818359375,-235.2370147705078
1445.4417724609375,-236.6368408203125
1446.3731689453125,-238.1390380859375
1447.2779541015625,-239.6573944091797
1448.1055908203125,-241.10122680664062
1448.960205078125,-242.65093994140625
1449.7906494140625,-244.2172088623047
1450.551025390625,-245.70680236816406
1451.3370361328125,-247.30613708496094
1452.100830078125,-248.92283630371094
1452.7994384765625,-250.45997619628906
1453.5206298828125,-252.1091766357422
1454.2198486328125,-253.77456665039062
1454.8575439453125,-255.35641479492188
1455.5135498046875,-257.0519104003906
1456.0367431640625,-258.4593505859375
1456.5447998046875,-259.8766174316406
1457.037353515625,-261.3034973144531
1457.5145263671875,-262.73974609375
1458.0413818359375,-264.3922119140625
1458.4866943359375,-265.84747314453125
1458.91796875,-267.31134033203125
1459.3353271484375,-268.7839660644531
1459.7392578125,-270.265625
1460.1300048828125,-271.75653076171875
1460.50830078125,-273.25677490234375
1460.926513671875,-274.9826354980469
1461.2811279296875,-276.5021667480469
1461.6268310546875,-278.0294189453125
1461.9656982421875,-279.5632629394531
1462.30078125,-281.10272216796875
1462.6353759765625,-282.6468505859375
1462.972900390625,-284.1947326660156
1463.3665771484375,-285.9671325683594
1463.721435546875,-287.5199279785156
1464.0882568359375,-289.07379150390625
1464.4688720703125,-290.6280212402344
1464.8641357421875,-292.1820373535156
1465.275146484375,-293.73529052734375
1465.70263671875,-295.2872009277344
1466.2120361328125,-297.0583801269531
1466.6761474609375,-298.6053771972656
1467.157470703125,-300.1490783691406
1467.6561279296875,-301.68841552734375
1468.172119140625,-303.2221984863281
1468.7054443359375,-304.74957275390625
1469.21630859375,-306.1616516113281
1469.783203125,-307.6752624511719
1470.3673095703125,-309.1812744140625
1470.9686279296875,-310.6794738769531
1471.587158203125,-312.169677734375
1472.2227783203125,-313.65167236328125
1472.875732421875,-315.1252746582031
1473.5457763671875,-316.5901184082031
1474.2330322265625,-318.0458068847656
1475.0390625,-319.697509765625
1475.7620849609375,-321.13153076171875
1476.5013427734375,-322.5543518066406
1477.25634765625,-323.9653625488281
1478.027099609375,-325.3641052246094
1478.8133544921875,-326.750244140625
1479.6151123046875,-328.1235046386719
1480.43212890625,-329.4836120605469
1481.3843994140625,-331.0215148925781
1482.233642578125,-332.3524475097656
1483.0975341796875,-333.6692199707031
1483.97607421875,-334.9715881347656
1484.8687744140625,-336.2593078613281
1485.7757568359375,-337.5321350097656
1486.8292236328125,-338.9682312011719
1487.7657470703125,-340.2083435058594
1488.7156982421875,-341.432861328125
1489.6788330078125,-342.6414794921875
1490.6551513671875,-343.8338928222656
1491.6444091796875,-345.0098876953125
1492.6463623046875,-346.16925048828125
1493.80712890625,-347.4737548828125
1494.836181640625,-348.5972900390625
1495.8778076171875,-349.70404052734375
1496.931640625,-350.79400634765625
1497.997802734375,-351.8671569824219
1499.076171875,-352.9234924316406
1500.16650390625,-353.962890625
1501.4273681640625,-355.1300048828125
1502.5430908203125,-356.13287353515625
1503.913330078125,-357.3274841308594
1505.21875,-358.4272155761719
1506.623046875,-359.5671691894531
1508.042724609375,-360.6824035644531
1509.4754638671875,-361.7762145996094
1510.833984375,-362.7870788574219
1512.2943115234375,-363.8359680175781
1513.6864013671875,-364.7961120605469
1515.1826171875,-365.7891540527344
1516.6942138671875,-366.7579040527344
1518.1302490234375,-367.6502990722656
1519.6702880859375,-368.5771484375
1521.2247314453125,-369.4801330566406
1522.700439453125,-370.30780029296875
1524.2816162109375,-371.16412353515625
1525.8753662109375,-371.99700927734375
1527.385498046875,-372.7586975097656
1528.9991455078125,-373.54315185546875
1530.6212158203125,-374.3008728027344
1532.1553955078125,-374.9891357421875
1533.79345703125,-375.6936340332031
1535.439453125,-376.3702087402344
1536.9954833984375,-376.9810485839844
1538.4599609375,-377.53045654296875
1540.0277099609375,-378.0914001464844
1541.698974609375,-378.6586608886719
1543.2763671875,-379.1651916503906
1544.95654296875,-379.6741027832031
1546.640869140625,-380.1527099609375
1548.2291259765625,-380.5753173828125
1549.9195556640625,-380.9947204589844
1551.6126708984375,-381.3833923339844
1553.2083740234375,-381.72100830078125
1554.90576171875,-382.0497741699219
1556.6043701171875,-382.34808349609375
1558.203369140625,-382.60137939453125
1559.9019775390625,-382.84173583984375
1561.5997314453125,-383.0524597167969
1563.1964111328125,-383.2237548828125
1564.8909912109375,-383.3770751953125
1566.583251953125,-383.5013427734375
1568.1734619140625,-383.59234619140625
1569.8599853515625,-383.661865234375
1571.5433349609375,-383.70343017578125
1573.224609375,-383.71710205078125
1574.9049072265625,-383.7029724121094
1576.5859375,-383.661376953125
1578.2684326171875,-383.5927429199219
1579.9527587890625,-383.49749755859375
1581.638916015625,-383.3758850097656
1583.3267822265625,-383.2279052734375
1585.015869140625,-383.0536193847656
1586.705810546875,-382.853271484375
1588.2969970703125,-382.64105224609375
1589.988037109375,-382.39056396484375
1591.6793212890625,-382.1142272949219
1593.370361328125,-381.8121032714844
1594.96142578125,-381.5042724609375
1596.651123046875,-381.1524353027344
1598.14111328125,-380.8206787109375
1599.7293701171875,-380.4444274902344
1601.4151611328125,-380.01861572265625
1603.0986328125,-379.56561279296875
1604.6806640625,-379.1145324707031
1606.3590087890625,-378.6097412109375
1608.03466796875,-378.079345703125
1609.6090087890625,-377.5570068359375
1611.27880859375,-376.9775085449219
1612.9449462890625,-376.3726806640625
1614.5098876953125,-375.7807312011719
1616.1690673828125,-375.1283874511719
1617.8251953125,-374.4521484375
1619.380859375,-373.7937927246094
1621.0306396484375,-373.0709533691406
1622.6776123046875,-372.3244323730469
1624.2259521484375,-371.6007080078125
1625.5799560546875,-370.95098876953125
1626.9329833984375,-370.2862548828125
1628.4774169921875,-369.508544921875
1629.8265380859375,-368.8130187988281
1631.173583984375,-368.1044921875
1632.519287109375,-367.3843688964844
1633.8648681640625,-366.65460205078125
1635.2113037109375,-365.9180908203125
1636.5599365234375,-365.1786804199219
1637.911865234375,-364.4403076171875
1639.26806640625,-363.70654296875
1640.6287841796875,-362.9801330566406
1642.1898193359375,-362.1612854003906
1643.5609130859375,-361.4559326171875
1644.9366455078125,-360.7618408203125
1646.316162109375,-360.07977294921875
1647.698974609375,-359.4103088378906
1649.0841064453125,-358.753662109375
1650.669677734375,-358.0189514160156
1652.058837890625,-357.3899841308594
1653.448974609375,-356.7740478515625
1654.8399658203125,-356.1717529296875
1656.2315673828125,-355.5842590332031
1657.6236572265625,-355.0126647949219
1659.2149658203125,-354.3799743652344
1660.9061279296875,-353.7327575683594
1662.5980224609375,-353.1118469238281
1664.19189453125,-352.55145263671875
1665.888671875,-351.9813232421875
1667.589599609375,-351.4379577636719
1669.2943115234375,-350.9226379394531
1670.902099609375,-350.464111328125
1672.61328125,-350.0054931640625
1674.326904296875,-349.5765380859375
1675.9415283203125,-349.2000732421875
1677.658447265625,-348.8291320800781
1679.376708984375,-348.48828125
1680.994873046875,-348.1950378417969
1682.7149658203125,-347.9126892089844
1684.4356689453125,-347.6604919433594
1686.05517578125,-347.4505920410156
1687.7755126953125,-347.2568664550781
1689.4947509765625,-347.09332275390625
1691.1114501953125,-346.9669189453125
1692.8271484375,-346.86181640625
1694.5401611328125,-346.7866516113281
1696.1495361328125,-346.7430725097656
1697.85595703125,-346.7253723144531
1699.558349609375,-346.73699951171875
1701.156005859375,-346.7756042480469
1702.8477783203125,-346.8482666015625
1704.53271484375,-346.9549560546875
1706.1114501953125,-347.0872497558594
1707.781005859375,-347.26123046875
1709.442138671875,-347.4689025878906
1710.9970703125,-347.6950378417969
1712.6387939453125,-347.9695129394531
1714.268798828125,-348.2809753417969
1715.7921142578125,-348.60687255859375
1717.4007568359375,-348.9852294921875
1719.0010986328125,-349.3926696777344
1720.501220703125,-349.801025390625
1722.088623046875,-350.2619323730469
1723.6689453125,-350.7521057128906
1725.1495361328125,-351.24072265625
1726.71533203125,-351.7889099121094
1728.2735595703125,-352.3670959472656
1729.732666015625,-352.939208984375
1731.2742919921875,-353.5771484375
1732.80615234375,-354.24615478515625
1734.2388916015625,-354.9039001464844
1735.75146484375,-355.63226318359375
1737.25390625,-356.39080810546875
1738.658203125,-357.1321716308594
1740.1396484375,-357.9488220214844
1741.6094970703125,-358.79510498046875
1743.0675048828125,-359.67083740234375
1744.4285888671875,-360.5216064453125
1745.862548828125,-361.4533386230469
1747.200927734375,-362.35595703125
1748.6107177734375,-363.34197998046875
1750.0078125,-364.3556213378906
1751.310791015625,-365.3345947265625
1752.682373046875,-366.40093994140625
1754.04052734375,-367.49395751953125
1755.3067626953125,-368.5467529296875
1756.6400146484375,-369.6907958984375
1757.9613037109375,-370.86114501953125
1759.1943359375,-371.98681640625
1760.4927978515625,-373.2085266113281
1761.7794189453125,-374.4565124511719
1762.9791259765625,-375.65478515625
1764.0941162109375,-376.79901123046875
1765.2724609375,-378.0417785644531
1766.2939453125,-379.1479797363281
1767.3060302734375,-380.2715148925781
1768.3087158203125,-381.4121398925781
1769.3017578125,-382.5696105957031
1770.2852783203125,-383.7436218261719
1771.2593994140625,-384.9338684082031
1772.361083984375,-386.3133239746094
1773.314697265625,-387.5362243652344
1774.258544921875,-388.77337646484375
1775.193359375,-390.024658203125
1776.1181640625,-391.2879333496094
1777.0299072265625,-392.5565490722656
1778.0548095703125,-394.0045166015625
1778.9373779296875,-395.2651672363281
1779.807861328125,-396.5168151855469
1780.667236328125,-397.7569580078125
1781.697021484375,-399.2445373535156
1782.6534423828125,-400.6240539550781
1783.6573486328125,-402.06597900390625
1784.649658203125,-403.4814147949219
1785.574462890625,-404.7879943847656
1786.5501708984375,-406.1485290527344
1787.5242919921875,-407.4852294921875
1788.444091796875,-408.7273254394531
1789.4224853515625,-410.0245361328125
1790.400390625,-411.2963562011719
1791.4908447265625,-412.68505859375
1792.46484375,-413.89715576171875
1793.55322265625,-415.21685791015625
1794.528076171875,-416.36541748046875
1795.61962890625,-417.6122741699219
1796.77197265625,-418.8828430175781
1797.8719482421875,-420.0511474609375
1799.039306640625,-421.2421569824219
1800.16064453125,-422.33770751953125
1801.2965087890625,-423.3988342285156
1802.51171875,-424.4793701171875
1803.685302734375,-425.470458984375
1804.9390869140625,-426.4752197265625
1806.14501953125,-427.3927917480469
1807.4285888671875,-428.3200378417969
1808.858154296875,-429.2947692871094
1810.3062744140625,-430.221435546875
1811.6378173828125,-431.0213623046875
1813.117919921875,-431.8539123535156
1814.6126708984375,-432.63629150390625
1816.120361328125,-433.36785888671875
1817.5010986328125,-433.98828125
1819.029296875,-434.62139892578125
1820.5660400390625,-435.2024841308594
1822.10986328125,-435.73126220703125
1823.7298583984375,-436.22760009765625
1825.2833251953125,-436.6483459472656
1826.839111328125,-437.0161437988281
1828.395263671875,-437.3308410644531
1829.9508056640625,-437.5927734375
1831.5772705078125,-437.81024169921875
1833.135009765625,-437.9649658203125
1834.696044921875,-438.0679931640625
1836.2613525390625,-438.1201477050781
1837.9019775390625,-438.1208801269531
1839.474853515625,-438.0705261230469
1841.0504150390625,-437.9705505371094
1842.6275634765625,-437.8210754394531
1844.2764892578125,-437.6120910644531
1845.8519287109375,-437.362548828125
1847.424560546875,-437.06536865234375
1848.991943359375,-436.72100830078125
1850.5517578125,-436.3298645019531
1852.1732177734375,-435.8703918457031
1853.7138671875,-435.38348388671875
1855.2427978515625,-434.85107421875
1856.75830078125,-434.2732238769531
1858.2586669921875,-433.649658203125
1859.808349609375,-432.9473571777344
1861.2716064453125,-432.2281494140625
1862.7178955078125,-431.46405029296875
1864.1478271484375,-430.6567077636719
1866.8358154296875,-429.0045471191406
1868.224365234375,-428.0831604003906
1869.474853515625,-427.212646484375
1870.8360595703125,-426.2195129394531
1872.1834716796875,-425.189208984375
1873.396728515625,-424.2213134765625
1874.71875,-423.1239013671875
1876.0286865234375,-421.9942321777344
1877.15380859375,-420.9956359863281
1878.33740234375,-419.9239196777344
1879.4649658203125,-418.89312744140625
1880.6607666015625,-417.8020324707031
1881.810302734375,-416.76739501953125
1883.0382080078125,-415.6870422363281
1884.223876953125,-414.6736145019531
1885.493408203125,-413.6236877441406
1886.72021484375,-412.6439514160156
1887.9674072265625,-411.68231201171875
1889.30224609375,-410.6906433105469
1890.591552734375,-409.76885986328125
1891.9715576171875,-408.8215026855469
1893.305419921875,-407.94610595703125
1894.7352294921875,-407.05401611328125
1896.119384765625,-406.23681640625
1897.603515625,-405.4100036621094
1899.1138916015625,-404.6186218261719
1900.5723876953125,-403.9010009765625
1902.0517578125,-403.2186279296875
1903.62255859375,-402.5421447753906
1905.1251220703125,-401.9387512207031
1906.7158203125,-401.3433837890625
1908.2347412109375,-400.8138427734375
1909.8470458984375,-400.29010009765625
1911.3916015625,-399.8240661621094
1913.029296875,-399.3670654296875
1914.5960693359375,-398.9655456542969
1916.1728515625,-398.596435546875
1917.8431396484375,-398.2427673339844
1919.4404296875,-397.9378967285156
1921.132568359375,-397.6463623046875
1922.749755859375,-397.3958740234375
1924.4625244140625,-397.161865234375
1926.1009521484375,-396.9709777832031
1927.8375244140625,-396.8045654296875
1929.4979248046875,-396.6778564453125
1931.1689453125,-396.579345703125
1932.674072265625,-396.51397705078125
1934.1888427734375,-396.4700012207031
1935.89306640625,-396.4462585449219
1937.427734375,-396.4473571777344
1938.9720458984375,-396.46893310546875
1940.709716796875,-396.51654052734375
1942.275390625,-396.57958984375
1944.037353515625,-396.6723937988281
1945.624755859375,-396.77508544921875
1947.1282958984375,-396.888427734375
1948.735595703125,-397.0263366699219
1950.353271484375,-397.1817932128906
1951.8851318359375,-397.34356689453125
1953.5228271484375,-397.53094482421875
1955.1712646484375,-397.7335205078125
1956.7322998046875,-397.9374694824219
1958.4010009765625,-398.1675109863281
1960.080078125,-398.41021728515625
1961.669921875,-398.64935302734375
1963.3692626953125,-398.9141845703125
1965.0792236328125,-399.18975830078125
1966.6978759765625,-399.4589538574219
1968.427734375,-399.7554931640625
1970.16796875,-400.0628356933594
1971.8153076171875,-400.36187744140625
1973.5753173828125,-400.68994140625
1975.3455810546875,-401.02874755859375
1977.021240234375,-401.3575439453125
1978.4947509765625,-401.6530456542969
1979.9747314453125,-401.95587158203125
1981.461669921875,-402.26605224609375
1982.95556640625,-402.5834655761719
1984.4561767578125,-402.9078674316406
1985.96337890625,-403.2389831542969
1987.4776611328125,-403.57647705078125
1989.216796875,-403.9697265625
1990.7459716796875,-404.3201599121094
1992.2822265625,-404.6762390136719
1993.82568359375,-405.03778076171875
1995.37646484375,-405.4045715332031
1996.9342041015625,-405.7764892578125
1998.4989013671875,-406.1534118652344
1999.9583740234375,-406.50787353515625
2001.536865234375,-406.89447021484375
2003.12255859375,-407.2861633300781
2004.71533203125,-407.682861328125
2006.3154296875,-408.0845947265625
2007.9224853515625,-408.4912109375
2009.535400390625,-408.90252685546875
2011.1551513671875,-409.31878662109375
2012.781982421875,-409.74005126953125
2014.4154052734375,-410.1663513183594
2015.9381103515625,-410.5668029785156
2017.58447265625,-411.0033874511719
2019.2373046875,-411.44610595703125
2020.8963623046875,-411.8957824707031
2022.5615234375,-412.3529968261719
2024.2325439453125,-412.81793212890625
2025.9093017578125,-413.29083251953125
2027.591552734375,-413.7720947265625
2029.158447265625,-414.2268981933594
2030.608642578125,-414.6538391113281
2032.1837158203125,-415.1245422363281
2033.6412353515625,-415.5669250488281
2035.220947265625,-416.05438232421875
2036.67626953125,-416.5113525390625
2038.24951171875,-417.01446533203125
2039.6983642578125,-417.4864807128906
2041.264404296875,-418.00634765625
2042.70654296875,-418.49420166015625
2044.2652587890625,-419.03167724609375
2045.705810546875,-419.5372314453125
2047.2679443359375,-420.0963134765625
2048.71044921875,-420.6232604980469
2050.272705078125,-421.205810546875
2051.71435546875,-421.7543640136719
2053.275634765625,-422.3602294921875
2054.717041015625,-422.9301452636719
2056.27880859375,-423.55914306640625
2057.720947265625,-424.1504821777344
2059.283203125,-424.80267333984375
2060.725830078125,-425.41534423828125
2062.288818359375,-426.090576171875
2063.732177734375,-426.72442626953125
2065.29638671875,-427.4223937988281
2066.740966796875,-428.07708740234375
2068.30615234375,-428.79754638671875
2069.751708984375,-429.4729309082031
2071.318115234375,-430.2157897949219
2072.764404296875,-430.91192626953125
2074.33154296875,-431.6774597167969
2075.778076171875,-432.394775390625
2077.344970703125,-433.18353271484375
2078.791259765625,-433.92254638671875
2080.357666015625,-434.7350769042969
2081.80322265625,-435.4962463378906
2083.12744140625,-436.2034606933594
2084.451171875,-436.91986083984375
2085.774169921875,-437.6455078125
2087.096435546875,-438.3804931640625
2088.41748046875,-439.124755859375
2089.738037109375,-439.8779602050781
2091.058349609375,-440.63934326171875
2092.378173828125,-441.4076843261719
2093.81787109375,-442.2524719238281
2095.13525390625,-443.0318908691406
2096.449951171875,-443.8175048828125
2097.762939453125,-444.6126403808594
2099.0732421875,-445.4194030761719
2100.38037109375,-446.2389831542969
2101.68359375,-447.0710144042969
2102.982666015625,-447.9156494140625
2104.39501953125,-448.8514099121094
2105.685302734375,-449.7234191894531
2106.970458984375,-450.6106872558594
2108.2490234375,-451.513916015625
2109.52099609375,-452.4329833984375
2110.787353515625,-453.3666076660156
2112.04931640625,-454.31292724609375
2113.30859375,-455.26959228515625
2114.566650390625,-456.23455810546875
2115.82373046875,-457.2066955566406
2117.194091796875,-458.2754821777344
2118.44873046875,-459.2637634277344
2119.701171875,-460.2608642578125
2120.950927734375,-461.2671813964844
2122.197998046875,-462.2831115722656
2123.4423828125,-463.3089294433594
2124.68359375,-464.3448181152344
2125.921875,-465.39068603515625
2127.1572265625,-466.44635009765625
2128.50146484375,-467.6090393066406
2129.730224609375,-468.684814453125
2130.9560546875,-469.7701110839844
2132.178466796875,-470.86492919921875
2133.397705078125,-471.96929931640625
2134.61376953125,-473.0832214355469
2135.825927734375,-474.2066955566406
2137.03466796875,-475.33978271484375
2138.23974609375,-476.48248291015625
2139.5498046875,-477.74005126953125
2140.74658203125,-478.90289306640625
2141.939208984375,-480.07537841796875
2143.12744140625,-481.2574768066406
2144.311767578125,-482.4491882324219
2145.49169921875,-483.6505126953125
2146.6669921875,-484.8614196777344
2147.837890625,-486.0819396972656
2149.004150390625,-487.3119812011719
2150.271240234375,-488.66461181640625
2151.427734375,-489.9143981933594
2152.579345703125,-491.1737060546875
2153.726318359375,-492.4423828125
2154.868896484375,-493.7200012207031
2156.0068359375,-495.0062561035156
2157.140625,-496.3010559082031
2158.269775390625,-497.6042785644531
2159.39453125,-498.91583251953125
2160.6171875,-500.355712890625
2161.734375,-501.68341064453125
2162.84814453125,-503.018798828125
2163.95849609375,-504.3619689941406
2165.064697265625,-505.7130432128906
2166.1669921875,-507.07177734375
2167.26611328125,-508.4382019042969
2168.361572265625,-509.8120422363281
2169.4541015625,-511.1929931640625
2170.64306640625,-512.7073364257812
2171.72998046875,-514.1023559570312
2172.81494140625,-515.5037841796875
2173.897705078125,-516.9112548828125
2174.97900390625,-518.3245849609375
2176.058837890625,-519.7433471679688
2177.137451171875,-521.1673583984375
2178.21533203125,-522.5968017578125
2179.292724609375,-524.0309448242188
2180.467529296875,-525.6004028320312
2181.544921875,-527.0433959960938
2182.622314453125,-528.4896850585938
2183.700439453125,-529.939453125
2184.780029296875,-531.392578125
2185.86083984375,-532.8486938476562
2186.943359375,-534.30712890625
2188.028076171875,-535.76806640625
2189.114990234375,-537.2312622070312
2190.3037109375,-538.8295288085938
2191.396240234375,-540.296630859375
2192.491943359375,-541.7657470703125
2193.590576171875,-543.2366943359375
2194.69287109375,-544.7092895507812
2195.79833984375,-546.1834716796875
2196.907470703125,-547.6592407226562
2197.8173828125,-548.86767578125
2198.932861328125,-550.3460083007812
2200.05224609375,-551.8256225585938
2201.175048828125,-553.3065185546875
2202.3017578125,-554.7886352539062
2203.43212890625,-556.27197265625
2204.566650390625,-557.7564086914062
2205.49755859375,-558.9716796875
2206.63916015625,-560.4580078125
2207.784423828125,-561.9453125
2208.933837890625,-563.4334716796875
2210.087158203125,-564.9225463867188
2211.24462890625,-566.4124145507812
2212.40625,-567.9030151367188
2213.359375,-569.1232299804688
2214.528076171875,-570.6154174804688
2215.7001953125,-572.108642578125
2216.662109375,-573.3311157226562
2217.8408203125,-574.8262939453125
2219.02294921875,-576.322509765625
2220.20849609375,-577.8198852539062
2221.397216796875,-579.3184814453125
2222.589111328125,-580.818359375
2223.783935546875,-582.3197021484375
2224.763671875,-583.5491333007812
2225.96337890625,-585.0532836914062
2227.166015625,-586.55908203125
2228.370849609375,-588.06640625
2229.578369140625,-589.5753784179688
2230.788330078125,-591.0859985351562
2232.000732421875,-592.5982666015625
2233.21533203125,-594.1122436523438
2234.2109375,-595.3521118164062
2235.429443359375,-596.8690185546875
2236.650390625,-598.3875122070312
2237.87353515625,-599.9075317382812
2239.098876953125,-601.4291381835938
2240.326416015625,-602.9522705078125
2241.33203125,-604.1996459960938
2242.563232421875,-605.7256469726562
2243.796142578125,-607.2532958984375
2245.03076171875,-608.7825317382812
2246.267333984375,-610.3134155273438
2247.50537109375,-611.8460083007812
2248.744873046875,-613.3804321289062
2249.985595703125,-614.916748046875
2251.001708984375,-616.1751708984375
2252.244384765625,-617.7151489257812
2253.488037109375,-619.2572021484375
2254.732177734375,-620.8013305664062
2255.9755859375,-622.3458862304688
2257.216064453125,-623.88818359375
2258.450927734375,-625.4252319335938
2259.455810546875,-626.6768798828125
2260.675537109375,-628.1978759765625
2261.885498046875,-629.7080688476562
2263.084228515625,-631.2062377929688
2264.272216796875,-632.6922607421875
2265.449462890625,-634.1661376953125
2266.615234375,-635.6275024414062
2267.560791015625,-636.8137817382812
2268.70654296875,-638.2527465820312
2269.84130859375,-639.6795043945312
2270.96533203125,-641.09423828125
2272.0791015625,-642.496826171875
2273.182373046875,-643.887451171875
2274.275390625,-645.2654418945312
2275.358154296875,-646.6309814453125
2276.43017578125,-647.9838256835938
2277.587890625,-649.4451904296875
2278.63818359375,-650.7715454101562
2279.678466796875,-652.0856323242188
2280.70849609375,-653.38720703125
2281.728759765625,-654.6763305664062
2282.739501953125,-655.9533081054688
2283.74072265625,-657.2182006835938
2284.732666015625,-658.470703125
2285.716796875,-659.7125854492188
2286.781005859375,-661.0548706054688
2287.74755859375,-662.2731323242188
2288.70556640625,-663.47998046875
2289.654541015625,-664.6753540039062
2290.59423828125,-665.8592529296875
2291.777099609375,-667.3500366210938
2292.944091796875,-668.8221435546875
2294.09619140625,-670.2762451171875
2295.232666015625,-671.7119750976562
2296.274169921875,-673.0286254882812
2297.2236328125,-674.2296752929688
2298.2392578125,-675.5158081054688
2299.318115234375,-676.8842163085938
2300.3818359375,-678.2366943359375
2301.4306640625,-679.5740966796875
2302.46533203125,-680.8970336914062
2303.485595703125,-682.2056274414062
2304.491455078125,-683.5001220703125
2305.48291015625,-684.7806396484375
2306.459228515625,-686.0472412109375
2307.55615234375,-687.4776000976562
2308.49951171875,-688.7141723632812
2309.427001953125,-689.9367065429688
2310.338623046875,-691.1450805664062
2311.42431640625,-692.5941772460938
2312.425048828125,-693.9400634765625
2313.465576171875,-695.3501586914062
2314.485595703125,-696.7431640625
2315.4306640625,-698.0430297851562
2316.41455078125,-699.4070434570312
2317.37744140625,-700.751953125
2318.263671875,-701.99951171875
2319.18408203125,-703.3033447265625
2320.0830078125,-704.5858154296875
2321.062255859375,-705.9935913085938
2321.91552734375,-707.2312622070312
2322.843505859375,-708.5909423828125
2323.790771484375,-709.995849609375
2324.6611328125,-711.30712890625
2325.502197265625,-712.59765625
2326.354736328125,-713.935546875
2327.25244140625,-715.3843383789062
2328.03125,-716.6812744140625
2328.846435546875,-718.087890625
2329.619384765625,-719.4739379882812
2330.35009765625,-720.839599609375
2331.03759765625,-722.1871337890625
2331.709228515625,-723.5781860351562
2332.384521484375,-725.0702514648438
2333.003173828125,-726.5413818359375
2333.565185546875,-727.9918823242188
2334.068603515625,-729.42724609375
2334.546142578125,-730.9623413085938
2334.9677734375,-732.537841796875
2335.3125,-734.0983276367188
2335.578369140625,-735.6466064453125
2335.763671875,-737.1826171875
2335.872314453125,-738.8119506835938
2335.8896484375,-740.3140258789062
2335.819580078125,-741.8994140625
2335.652099609375,-743.5069580078125
2335.39013671875,-745.0769653320312
2335.0478515625,-746.553466796875
2334.6044921875,-748.0301513671875
2334.032470703125,-749.5421142578125
2333.363037109375,-750.9866333007812
2332.577880859375,-752.400146484375
2331.726806640625,-753.7026977539062
2330.788818359375,-754.9384765625
2329.735595703125,-756.1395874023438
2328.632568359375,-757.2317504882812
2327.45166015625,-758.2476806640625
2326.156494140625,-759.2122802734375
2324.825927734375,-760.0670776367188
2323.512939453125,-760.7951049804688
2322.050537109375,-761.49072265625
2320.524169921875,-762.1026000976562
2319.03515625,-762.5988159179688
2317.548095703125,-763.0037231445312
2315.96728515625,-763.3449096679688
2314.395751953125,-763.60595703125
2312.888916015625,-763.79443359375
2311.342529296875,-763.9342041015625
2309.75732421875,-764.02734375
2308.133544921875,-764.0744018554688
2306.5322265625,-764.0756225585938
2305.021240234375,-764.0376586914062
2303.484130859375,-763.9627075195312
2301.92041015625,-763.8519897460938
2300.328857421875,-763.70703125
2298.708740234375,-763.5287475585938
2297.19287109375,-763.3348999023438
2295.517822265625,-763.0921630859375
2294.0205078125,-762.8513793945312
2292.50146484375,-762.5855712890625
2290.960205078125,-762.2944946289062
2289.397216796875,-761.97802734375
2287.739501953125,-761.6201782226562
2286.132568359375,-761.2523803710938
2284.653076171875,-760.8968505859375
2283.15478515625,-760.521484375
2281.5615234375,-760.1061401367188
2280.102783203125,-759.7118530273438
2278.471435546875,-759.2556762695312
2276.898193359375,-758.8010864257812
2275.225341796875,-758.3026123046875
2273.775634765625,-757.8584594726562
2272.31103515625,-757.398681640625
2270.664794921875,-756.869140625
2269.165771484375,-756.3761596679688
2267.650634765625,-755.8685302734375
2266.119384765625,-755.34765625
2264.572265625,-754.8146362304688
2263.095703125,-754.3012084960938
2261.516357421875,-753.7479248046875
2259.92041015625,-753.1856689453125
2258.397705078125,-752.6469116210938
2256.76904296875,-752.0689086914062
2255.12353515625,-751.4837036132812
2253.55419921875,-750.9248046875
2251.876220703125,-750.3267822265625
2249.042236328125,-749.3168334960938
2247.608154296875,-748.80615234375
2245.96923828125,-748.222900390625
2244.510986328125,-747.7044677734375
2243.04150390625,-747.1828002929688
2241.561767578125,-746.658203125
2239.882080078125,-746.0635986328125
2238.201416015625,-745.4696655273438
2236.71826171875,-744.9462280273438
2235.036865234375,-744.3538208007812
2233.35400390625,-743.7620849609375
2231.658447265625,-743.166748046875
2230.15234375,-742.6389770507812
2228.63818359375,-742.1091918945312
2227.217529296875,-741.6129760742188
2225.686767578125,-741.0792236328125
2224.25,-740.5790405273438
2222.80517578125,-740.0767822265625
2221.24755859375,-739.5363159179688
2219.680419921875,-738.9934692382812
2218.208740234375,-738.484619140625
2216.728271484375,-737.9735107421875
2215.239013671875,-737.460205078125
2213.740966796875,-736.9447631835938
2212.234130859375,-736.4270629882812
2210.71826171875,-735.9071044921875
2209.08447265625,-735.3475952148438
2207.550537109375,-734.8231201171875
2205.8974609375,-734.2586669921875
2204.345458984375,-733.7294311523438
2202.78515625,-733.197998046875
2201.216064453125,-732.6646118164062
2199.638427734375,-732.1287841796875
2198.052490234375,-731.59033203125
2196.45849609375,-731.0492553710938
2194.8564453125,-730.50537109375
2193.130859375,-729.9196166992188
2191.511962890625,-729.3701782226562
2189.885498046875,-728.8176879882812
2188.2509765625,-728.2619018554688
2186.609130859375,-727.7025756835938
2184.9599609375,-727.1396484375
2183.3037109375,-726.5725708007812
2181.639892578125,-726.0012817382812
2179.969482421875,-725.4259033203125
2178.531982421875,-724.9293823242188
2176.968994140625,-724.3878784179688
2175.279296875,-723.8006591796875
2173.582763671875,-723.2090454101562
2171.879638671875,-722.6128540039062
2170.170166015625,-722.0122680664062
2168.4580078125,-721.4090576171875
2166.869140625,-720.8479614257812
2165.4033203125,-720.3294067382812
2163.694091796875,-719.7239379882812
2161.985595703125,-719.1182861328125
2160.278076171875,-718.5125732421875
2158.689453125,-717.9491577148438
2156.97021484375,-717.3396606445312
2155.246337890625,-716.72900390625
2153.517822265625,-716.117431640625
2151.784423828125,-715.5049438476562
2150.045654296875,-714.8916015625
2148.30126953125,-714.2772827148438
2146.6767578125,-713.7060546875
2145.172607421875,-713.1781005859375
2143.5380859375,-712.6052856445312
2142.02490234375,-712.0758056640625
2140.380615234375,-711.5013427734375
2138.85791015625,-710.9702758789062
2137.203369140625,-710.3941040039062
2135.67138671875,-709.8614501953125
2134.0068359375,-709.283447265625
2132.46533203125,-708.7490844726562
2130.79052734375,-708.1693115234375
2129.23974609375,-707.63330078125
2127.814453125,-707.141357421875
2126.38525390625,-706.6487426757812
2124.952392578125,-706.155517578125
2123.515869140625,-705.6617431640625
2122.075439453125,-705.1673583984375
2120.63134765625,-704.6725463867188
2119.18359375,-704.17724609375
2117.732177734375,-703.6815185546875
2116.144287109375,-703.1403198242188
2114.684814453125,-702.643798828125
2113.2216796875,-702.1470336914062
2111.7548828125,-701.6500244140625
2110.2841796875,-701.15283203125
2108.809814453125,-700.6554565429688
2107.33154296875,-700.1580200195312
2105.849609375,-699.6604614257812
2104.36376953125,-699.1629028320312
2102.73876953125,-698.6200561523438
2101.245361328125,-698.1224975585938
2099.748046875,-697.6249389648438
2097.9736328125,-697.0370483398438
2096.468017578125,-696.5396728515625
2094.958984375,-696.0424194335938
2093.446044921875,-695.5452270507812
2091.929443359375,-695.0482177734375
2090.270751953125,-694.5061645507812
2088.746337890625,-694.0094604492188
2087.21826171875,-693.512939453125
2085.6865234375,-693.0165405273438
2084.151123046875,-692.5203857421875
2082.612060546875,-692.0244140625
2081.069580078125,-691.5286865234375
2079.523193359375,-691.0331420898438
2077.97314453125,-690.537841796875
2076.419677734375,-690.042724609375
2074.720703125,-689.5029296875
2073.15966796875,-689.00830078125
2071.59521484375,-688.5139770507812
2070.02685546875,-688.0198974609375
2068.455078125,-687.5260620117188
2066.8798828125,-687.0325317382812
2065.301025390625,-686.5392456054688
2063.71875,-686.0462036132812
2061.988525390625,-685.5086059570312
2060.39892578125,-685.01611328125
2058.805908203125,-684.5238647460938
2057.20947265625,-684.0317993164062
2055.609619140625,-683.5399169921875
2054.00634765625,-683.0482177734375
2052.399658203125,-682.556640625
2050.789794921875,-682.0651245117188
2049.176513671875,-681.57373046875
2047.4129638671875,-681.0377197265625
2045.79296875,-680.54638671875
2044.169677734375,-680.0549926757812
2042.5430908203125,-679.5635375976562
2040.9132080078125,-679.0719604492188
2039.2802734375,-678.5802612304688
2037.4951171875,-678.0436401367188
2035.8553466796875,-677.551513671875
2034.21240234375,-677.0591430664062
2032.5662841796875,-676.5665283203125
2030.9169921875,-676.0736694335938
2029.2645263671875,-675.58056640625
2027.60888671875,-675.087158203125
2025.9501953125,-674.593505859375
2024.2882080078125,-674.099609375
2022.4715576171875,-673.560546875
2020.8031005859375,-673.0661010742188
2019.13134765625,-672.5714111328125
2017.45654296875,-672.0764770507812
2015.7786865234375,-671.5812377929688
2014.09765625,-671.0858154296875
2012.4134521484375,-670.590087890625
2010.7261962890625,-670.0941772460938
2009.035888671875,-669.5980224609375
2007.1883544921875,-669.0564575195312
2005.491455078125,-668.5597534179688
2003.7916259765625,-668.0628662109375
2002.088623046875,-667.5657348632812
2000.382568359375,-667.068359375
1998.673583984375,-666.5707397460938
1996.96142578125,-666.0729370117188
1995.2462158203125,-665.574951171875
1993.5279541015625,-665.0767211914062
1991.6500244140625,-664.532958984375
1989.9254150390625,-664.0343627929688
1988.1978759765625,-663.5355834960938
1986.4671630859375,-663.03662109375
1984.7335205078125,-662.5374755859375
1982.996826171875,-662.0382080078125
1981.2572021484375,-661.538818359375
1979.5145263671875,-661.039306640625
1977.768798828125,-660.5396118164062
1975.861083984375,-659.994384765625
1974.109130859375,-659.4945068359375
1972.3541259765625,-658.9945068359375
1970.59619140625,-658.494384765625
1968.8353271484375,-657.994140625
1967.071533203125,-657.493896484375
1965.3046875,-656.9934692382812
1963.85693359375,-656.5840454101562
1962.084716796875,-656.0835571289062
1960.3095703125,-655.5829467773438
1958.531494140625,-655.0823364257812
1956.75048828125,-654.5816650390625
1954.966552734375,-654.0809326171875
1953.1796875,-653.5801391601562
1951.389892578125,-653.079345703125
1949.92333984375,-652.6695556640625
1948.128173828125,-652.168701171875
1946.3302001953125,-651.6677856445312
1944.529296875,-651.1668701171875
1942.7254638671875,-650.6658935546875
1940.9188232421875,-650.1648559570312
1939.4384765625,-649.7549438476562
1937.6265869140625,-649.25390625
1935.8118896484375,-648.7528076171875
1933.9942626953125,-648.251708984375
1932.5050048828125,-647.8416748046875
1930.68212890625,-647.3405151367188
1928.8568115234375,-646.8394165039062
1927.031982421875,-646.3391723632812
1925.2081298828125,-645.8399658203125
1923.38525390625,-645.341796875
1921.8944091796875,-644.9349975585938
1920.0732421875,-644.438720703125
1918.2530517578125,-643.9435424804688
1916.43359375,-643.4495239257812
1914.613525390625,-642.9561767578125
1912.7890625,-642.4625244140625
1911.2950439453125,-642.0590209960938
1909.467529296875,-641.56640625
1907.6383056640625,-641.0744018554688
1905.807373046875,-640.5829467773438
1903.9744873046875,-640.0919189453125
1902.1397705078125,-639.6013793945312
1900.302978515625,-639.1112670898438
1898.798583984375,-638.7105712890625
1896.9578857421875,-638.2211303710938
1895.114990234375,-637.7321166992188
1893.269775390625,-637.2434692382812
1891.7584228515625,-636.8439331054688
1889.908935546875,-636.35595703125
1888.05712890625,-635.868408203125
1886.540283203125,-635.4697875976562
1884.68408203125,-634.9830322265625
1883.16357421875,-634.5850830078125
1881.3028564453125,-634.09912109375
1879.7786865234375,-633.701904296875
1877.7437744140625,-633.1727905273438
1875.8758544921875,-632.6883544921875
1874.0054931640625,-632.2044067382812
1872.473388671875,-631.8088989257812
1870.5985107421875,-631.3260498046875
1869.0626220703125,-630.931396484375
1867.525146484375,-630.5371704101562
1865.6435546875,-630.0558471679688
1864.102294921875,-629.6625366210938
1862.5594482421875,-629.2695922851562
1860.6712646484375,-628.7899780273438
1858.7806396484375,-628.3109741210938
1857.23193359375,-627.9195556640625
1855.336669921875,-627.4417724609375
1853.7841796875,-627.0513916015625
1851.8843994140625,-626.5748901367188
1850.328125,-626.185546875
1848.7701416015625,-625.7967529296875
1846.8636474609375,-625.3221435546875
1845.3018798828125,-624.9344482421875
1843.7384033203125,-624.5473022460938
1841.8251953125,-624.0747680664062
1840.2579345703125,-623.6887817382812
1838.6888427734375,-623.3033447265625
1836.4195556640625,-622.74755859375
1834.8463134765625,-622.3634643554688
1832.9212646484375,-621.894775390625
1831.34423828125,-621.5119018554688
1829.7655029296875,-621.129638671875
1828.18505859375,-620.7479248046875
1826.2509765625,-620.2821655273438
1824.666748046875,-619.9016723632812
1822.9044189453125,-619.4795532226562
1820.96337890625,-619.0160522460938
1819.3734130859375,-618.6373901367188
1817.78173828125,-618.2593383789062
1816.188232421875,-617.8818969726562
1814.593017578125,-617.5049438476562
1812.9962158203125,-617.1286010742188
1811.0419921875,-616.66943359375
1809.4412841796875,-616.2943725585938
1807.8388671875,-615.9198608398438
1805.8779296875,-615.4630126953125
1804.2716064453125,-615.0899047851562
1802.66357421875,-614.7174072265625
1801.0537109375,-614.3455810546875
1799.442138671875,-613.9744262695312
1797.828857421875,-613.6038818359375
1795.854736328125,-613.1519775390625
1794.237548828125,-612.7830200195312
1792.0784912109375,-612.2921752929688
1790.0966796875,-611.8433227539062
1788.4732666015625,-611.4768676757812
1786.84814453125,-611.1112060546875
1785.22119140625,-610.7462768554688
1783.5924072265625,-610.382080078125
1781.9619140625,-610.0186767578125
1780.32958984375,-609.656005859375
1778.695556640625,-609.2941284179688
1776.696044921875,-608.8528442382812
1775.05810546875,-608.49267578125
1773.4183349609375,-608.1332397460938
1771.77685546875,-607.7745971679688
1770.133544921875,-607.416748046875
1768.122802734375,-606.9803466796875
1766.4755859375,-606.6241455078125
1764.82666015625,-606.2687377929688
1763.1759033203125,-605.9141845703125
1761.5234375,-605.5603637695312
1759.8692626953125,-605.2073974609375
1758.2132568359375,-604.855224609375
1756.73974609375,-604.5429077148438
1754.89599609375,-604.1533813476562
1753.4193115234375,-603.8424682617188
1751.94140625,-603.5321655273438
1750.2769775390625,-603.1838989257812
1748.6107177734375,-602.83642578125
1747.1282958984375,-602.5282592773438
1745.458740234375,-602.1823120117188
1743.7874755859375,-601.8370971679688
1742.300537109375,-601.5308227539062
1740.6259765625,-601.18701171875
1738.94970703125,-600.8439331054688
1737.458251953125,-600.5394897460938
1735.7786865234375,-600.1976928710938
1734.284423828125,-599.8944702148438
1732.6016845703125,-599.5538940429688
1730.917236328125,-599.2139892578125
1729.418701171875,-598.9124145507812
1727.7310791015625,-598.5736083984375
1726.0418701171875,-598.2354125976562
1724.35107421875,-597.897705078125
1722.6585693359375,-597.560546875
1720.96435546875,-597.223876953125
1719.4571533203125,-596.925048828125
1717.7598876953125,-596.58935546875
1716.06103515625,-596.254150390625
1714.5496826171875,-595.95654296875
1712.8477783203125,-595.6222534179688
1711.3336181640625,-595.325439453125
1709.6287841796875,-594.9920043945312
1707.9222412109375,-594.6591186523438
1706.214111328125,-594.32666015625
1704.6944580078125,-594.0315551757812
1703.173583984375,-593.73681640625
1701.4610595703125,-593.40576171875
1699.7469482421875,-593.0751953125
1698.0313720703125,-592.7451782226562
1696.3140869140625,-592.4157104492188
1694.5953369140625,-592.0867309570312
1693.066162109375,-591.7947998046875
1691.3443603515625,-591.4669799804688
1689.6209716796875,-591.1397094726562
1688.0877685546875,-590.849365234375
1686.3614501953125,-590.5233154296875
1684.633544921875,-590.1979370117188
1682.904052734375,-589.8731689453125
1681.173095703125,-589.549072265625
1679.4405517578125,-589.2255859375
1677.899169921875,-588.9385986328125
1676.1636962890625,-588.6162719726562
1674.4266357421875,-588.294677734375
1672.88134765625,-588.00927734375
1671.141357421875,-587.6887817382812
1669.4000244140625,-587.3689575195312
1667.8507080078125,-587.085205078125
1666.1064453125,-586.7664794921875
1664.5546875,-586.4837036132812
1662.8076171875,-586.1661376953125
1661.2532958984375,-585.8843383789062
1659.50341796875,-585.56787109375
1657.9466552734375,-585.2869873046875
1656.388671875,-585.0066528320312
1654.6346435546875,-584.6917114257812
1653.07421875,-584.4122924804688
1651.3173828125,-584.0984497070312
1649.7545166015625,-583.8200073242188
1647.994873046875,-583.5072021484375
1646.4295654296875,-583.229736328125
1644.667236328125,-582.9180297851562
1643.0994873046875,-582.6415405273438
1641.33447265625,-582.3309936523438
1639.7642822265625,-582.055419921875
1637.7999267578125,-581.7117309570312
1636.2271728515625,-581.437255859375
1634.6534423828125,-581.163330078125
1632.8814697265625,-580.8557739257812
1631.30517578125,-580.5828857421875
1629.5306396484375,-580.2764892578125
1627.9520263671875,-580.0046997070312
1626.372314453125,-579.7333984375
1624.59375,-579.4287719726562
1623.0115966796875,-579.1585693359375
1621.23046875,-578.8551025390625
1619.44775390625,-578.5523071289062
1617.862060546875,-578.2835693359375
1616.0767822265625,-577.9818115234375
1614.2900390625,-577.6806640625
1612.70068359375,-577.4134521484375
1610.911376953125,-577.1134033203125
1609.1207275390625,-576.8139038085938
1607.5279541015625,-576.5481567382812
1605.734619140625,-576.249755859375
1604.1395263671875,-575.9849243164062
1602.34375,-575.6875610351562
1600.5465087890625,-575.390625
1598.748046875,-575.0941162109375
1597.148193359375,-574.8309936523438
1595.34716796875,-574.5352783203125
1593.5447998046875,-574.239990234375
1591.7410888671875,-573.9450073242188
1590.1365966796875,-573.68310546875
1588.3304443359375,-573.3887329101562
1585.71923828125,-572.9639892578125
1584.1109619140625,-572.702880859375
1582.3004150390625,-572.4093627929688
1580.6900634765625,-572.148681640625
1578.8770751953125,-571.855712890625
1577.0628662109375,-571.5630493164062
1575.2471923828125,-571.270751953125
1573.4302978515625,-570.9788208007812
1571.6121826171875,-570.6873779296875
1569.994873046875,-570.4286499023438
1568.1741943359375,-570.1380615234375
1566.3521728515625,-569.8480834960938
1564.52880859375,-569.5586547851562
1562.906982421875,-569.3019409179688
1561.0811767578125,-569.0137939453125
1559.45703125,-568.75830078125
1557.831787109375,-568.5033569335938
1556.002197265625,-568.21728515625
1554.374755859375,-567.963623046875
1552.5426025390625,-567.6790161132812
1550.9129638671875,-567.4266967773438
1549.2822265625,-567.1749267578125
1547.4464111328125,-566.8924560546875
1545.6092529296875,-566.6107177734375
1543.97509765625,-566.36083984375
1542.33984375,-566.111572265625
1540.4990234375,-565.831787109375
1538.8616943359375,-565.5836181640625
1537.2232666015625,-565.3359985351562
1535.3787841796875,-565.0580444335938
1533.7381591796875,-564.8115234375
1531.8912353515625,-564.5347290039062
1530.24853515625,-564.2892456054688
1528.604736328125,-564.0442504882812
1526.754150390625,-563.7691650390625
1525.1082763671875,-563.5250854492188
1523.4613037109375,-563.2815551757812
1521.607177734375,-563.0081176757812
1519.9581298828125,-562.7655639648438
1518.3079833984375,-562.5234985351562
1516.450439453125,-562.251708984375
1514.798095703125,-562.0106201171875
1513.1448974609375,-561.7699584960938
1511.28369140625,-561.4998779296875
1509.6282958984375,-561.26025390625
1507.7647705078125,-560.9912719726562
1506.1072998046875,-560.752685546875
1504.44873046875,-560.5145874023438
1502.789306640625,-560.2769775390625
1500.921142578125,-560.01025390625
1499.259521484375,-559.7736206054688
1497.3890380859375,-559.508056640625
1495.7252197265625,-559.2724609375
1494.060546875,-559.037353515625
1492.1866455078125,-558.7734375
1490.519775390625,-558.5392456054688
1488.85205078125,-558.3054809570312
1486.9747314453125,-558.04296875
1485.304931640625,-557.81005859375
1483.6341552734375,-557.577392578125
1481.75341796875,-557.3160400390625
1480.0806884765625,-557.083984375
1478.19775390625,-556.8232421875
1476.52294921875,-556.5916137695312
1474.8472900390625,-556.3602294921875
1472.9610595703125,-556.10009765625
1471.283447265625,-555.8690185546875
1469.60498046875,-555.6381225585938
1467.715576171875,-555.37841796875
1466.0350341796875,-555.147705078125
1464.353759765625,-554.9171752929688
1462.461181640625,-554.6578979492188
1460.77783203125,-554.4276733398438
1459.0936279296875,-554.1976318359375
1457.1978759765625,-553.9390869140625
1455.51171875,-553.7095336914062
1453.82470703125,-553.480224609375
1451.9256591796875,-553.22265625
1450.2366943359375,-552.9940185546875
1448.546875,-552.7656860351562
1446.6446533203125,-552.50927734375
1444.9527587890625,-552.28173828125
1443.260009765625,-552.0545043945312
1441.3546142578125,-551.79931640625
1439.659912109375,-551.5728759765625
1437.96435546875,-551.3467407226562
1436.0556640625,-551.0927734375
1434.3580322265625,-550.8673706054688
1432.6595458984375,-550.6422729492188
1430.7476806640625,-550.3893432617188
1429.04736328125,-550.1649169921875
1427.3460693359375,-549.940673828125
1425.4310302734375,-549.688720703125
1423.7279052734375,-549.4649658203125
1422.02392578125,-549.2415161132812
1420.105712890625,-548.9902954101562
1418.39990234375,-548.7672119140625
1416.693115234375,-548.5443115234375
1414.7718505859375,-548.2937622070312
1413.063232421875,-548.0711669921875
1411.353759765625,-547.8487548828125
1409.4295654296875,-547.5986938476562
1407.7181396484375,-547.37646484375
1406.0059814453125,-547.1544189453125
1404.0787353515625,-546.9046630859375
1402.36474609375,-546.6828002929688
1400.6497802734375,-546.4609985351562
1398.7196044921875,-546.2116088867188
1397.0028076171875,-545.9899291992188
1395.07080078125,-545.74072265625
1393.353759765625,-545.5194091796875
1391.638427734375,-545.2984619140625
1389.7120361328125,-545.050537109375
1387.7913818359375,-544.8033447265625
1386.08984375,-544.58447265625
1384.18310546875,-544.3392333984375
1382.2850341796875,-544.0950317382812
1380.396240234375,-543.8519287109375
1378.725341796875,-543.6368408203125
1376.8551025390625,-543.3959350585938
1375.2010498046875,-543.182861328125
1373.3494873046875,-542.944091796875
1371.7120361328125,-542.7327270507812
1369.8792724609375,-542.4959106445312
1368.0562744140625,-542.2600708007812
1366.444091796875,-542.0512084960938
1364.639892578125,-541.817138671875
1362.84521484375,-541.583984375
1361.2581787109375,-541.37744140625
1359.482177734375,-541.1458129882812
1357.7156982421875,-540.9149780273438
1356.1539306640625,-540.7103881835938
1354.40625,-540.4808349609375
1352.86083984375,-540.2772827148438
1351.1314697265625,-540.048828125
1349.412109375,-539.8209838867188
1347.702392578125,-539.59375
1346.00244140625,-539.3671875
1344.4993896484375,-539.1663818359375
1342.8177490234375,-538.9411010742188
1341.145751953125,-538.7166137695312
1338.931640625,-538.418701171875
1336.917236328125,-538.1471557617188
1335.27978515625,-537.9261474609375
1333.29150390625,-537.657470703125
1331.3175048828125,-537.390380859375
1329.53515625,-537.14892578125
1327.588134765625,-536.8849487304688
1325.655517578125,-536.6224975585938
1324.0849609375,-536.408935546875
1322.52392578125,-536.1964111328125
1320.9722900390625,-535.9849853515625
1319.4302978515625,-535.7747192382812
1317.89794921875,-535.5656127929688
1316.37548828125,-535.357421875
1314.8629150390625,-535.150390625
1313.35986328125,-534.9444580078125
1311.7015380859375,-534.717041015625
1309.89111328125,-534.46875
1307.9324951171875,-534.2002563476562
1305.9910888671875,-533.934326171875
1304.3861083984375,-533.71484375
1302.634521484375,-533.4755249023438
1300.739990234375,-533.2169189453125
1298.862548828125,-532.9610595703125
1297.0015869140625,-532.7078247070312
1295.3104248046875,-532.4779663085938
1293.481689453125,-532.2296752929688
1291.6695556640625,-531.9838256835938
1289.8741455078125,-531.7404174804688
1288.0953369140625,-531.499267578125
1286.33251953125,-531.2603759765625
1284.5860595703125,-531.023681640625
1282.8563232421875,-530.789306640625
1281.14306640625,-530.5570678710938
1279.446533203125,-530.3267211914062
1277.766845703125,-530.0982666015625
1276.1036376953125,-529.8713989257812
1274.5938720703125,-529.6649169921875
1272.963134765625,-529.4412841796875
1271.3492431640625,-529.2194213867188
1269.7523193359375,-528.9992065429688
1267.910400390625,-528.74462890625
1266.3499755859375,-528.5284423828125
1264.80615234375,-528.3140869140625
1263.279052734375,-528.1015625
1261.768310546875,-527.8907470703125
1260.274169921875,-527.6817626953125
1258.5517578125,-527.4400634765625
1256.8516845703125,-527.2008056640625
1255.055908203125,-526.9471435546875
1253.2857666015625,-526.6961669921875
1251.6572265625,-526.4644165039062
1249.9365234375,-526.2186279296875
1248.2413330078125,-525.9754028320312
1246.681396484375,-525.750732421875
1245.1427001953125,-525.5281372070312
1243.51708984375,-525.2919311523438
1242.0218505859375,-525.0733642578125
1240.2352294921875,-524.8106079101562
1238.481201171875,-524.55029296875
1236.751953125,-524.2908325195312
1235.0479736328125,-524.0311279296875
1233.2763671875,-523.7562255859375
1231.73046875,-523.5115966796875
1230.1170654296875,-523.2508544921875
1228.5341796875,-522.9891967773438
1226.9815673828125,-522.7262573242188
1225.4588623046875,-522.4615478515625
1223.9658203125,-522.1942138671875
1222.2470703125,-521.8754272460938
1220.65185546875,-521.5676879882812
1219.0115966796875,-521.2384033203125
1217.4107666015625,-520.9035034179688
1215.7723388671875,-520.5455322265625
1214.25146484375,-520.1983032226562
1212.623046875,-519.8096313476562
1211.0418701171875,-519.4146728515625
1209.43701171875,-518.995849609375
1207.8812255859375,-518.5718994140625
1206.374267578125,-518.1426391601562
1204.7906494140625,-517.6675415039062
1203.2598876953125,-517.177001953125
1201.72265625,-516.646728515625
1200.2977294921875,-516.1149291992188
1198.818115234375,-515.513671875
1197.346923828125,-514.8546142578125
1195.9400634765625,-514.1587524414062
1194.5504150390625,-513.3988647460938
1193.1400146484375,-512.5411987304688
1191.8883056640625,-511.6927490234375
1190.6207275390625,-510.73455810546875
1189.4266357421875,-509.7236328125
1188.2724609375,-508.62750244140625
1187.230712890625,-507.5172119140625
1186.26220703125,-506.3587646484375
1184.481689453125,-503.7868957519531
1183.7435302734375,-502.4573974609375
1183.0677490234375,-501.00103759765625
1182.5291748046875,-499.5805969238281
1182.078857421875,-498.1038513183594
1181.7108154296875,-496.52374267578125
1181.4547119140625,-494.94390869140625
1181.304443359375,-493.3280944824219
1181.261474609375,-491.68487548828125
1181.3121337890625,-490.17718505859375
1181.4422607421875,-488.6517333984375
1181.6390380859375,-487.1606140136719
1181.9010009765625,-485.654296875
1182.237060546875,-484.0775451660156
1182.6229248046875,-482.5375671386719
1183.0347900390625,-481.09197998046875
1183.4964599609375,-479.63232421875
1183.9853515625,-478.214111328125
1184.520751953125,-476.78045654296875
1185.12255859375,-475.2835693359375
1185.748291015625,-473.83270263671875
1186.443115234375,-472.3115539550781
1187.1534423828125,-470.8339538574219
1187.845458984375,-469.460205078125
1188.5748291015625,-468.0738525390625
1189.3414306640625,-466.6755065917969
1190.145751953125,-465.2658386230469
1190.9508056640625,-463.90777587890625
1191.7908935546875,-462.54095458984375
1192.7073974609375,-461.1033020019531
1193.6207275390625,-459.7212829589844
1194.56982421875,-458.33331298828125
1195.554931640625,-456.939453125
1196.48193359375,-455.667724609375
1197.4384765625,-454.39276123046875
1198.42529296875,-453.1146545410156
1199.3912353515625,-451.8974914550781
1200.384521484375,-450.67852783203125
1201.4593505859375,-449.39422607421875
1202.509033203125,-448.1733093261719
1203.644287109375,-446.8878173828125
1204.7509765625,-445.6678161621094
1205.946044921875,-444.385986328125
1207.1103515625,-443.1702880859375
1208.1754150390625,-442.0843200683594
1209.3916015625,-440.8727111816406
1210.50341796875,-439.79058837890625
1211.6378173828125,-438.7104187011719
1212.931884765625,-437.5058898925781
1214.1126708984375,-436.4306945800781
1215.24365234375,-435.4206848144531
1216.4658203125,-434.3495788574219
1217.7088623046875,-433.28076171875
1218.972412109375,-432.2143859863281
1220.18017578125,-431.2126159667969
1221.48291015625,-430.1494445800781
1222.8043212890625,-429.0863952636719
1224.059814453125,-428.0877685546875
1225.397216796875,-427.0331726074219
1226.7364501953125,-425.9831237792969
1227.9964599609375,-424.9967346191406
1229.332763671875,-423.9479064941406
1230.6690673828125,-422.8919677734375
1231.931396484375,-421.8846435546875
1233.272705078125,-420.80059814453125
1234.6124267578125,-419.7008972167969
1235.871337890625,-418.650146484375
1237.205810546875,-417.5156555175781
1238.536865234375,-416.3616638183594
1239.785888671875,-415.2571105957031
1241.1087646484375,-414.0634765625
1242.4266357421875,-412.8487548828125
1243.6619873046875,-411.6858215332031
1244.968505859375,-410.4289855957031
1246.0396728515625,-409.3773193359375
1247.1060791015625,-408.310546875
1248.1676025390625,-407.2287292480469
1249.3743896484375,-405.97393798828125
1250.4248046875,-404.85980224609375
1251.4697265625,-403.7305603027344
1252.5091552734375,-402.58636474609375
1253.543212890625,-401.427490234375
1254.5721435546875,-400.25433349609375
1255.59619140625,-399.0673828125
1256.76025390625,-397.6943359375
1257.7734375,-396.4782409667969
1258.780029296875,-395.2501525878906
1259.77685546875,-394.01513671875
1260.8294677734375,-392.6917724609375
1261.7952880859375,-391.4620056152344
1262.743896484375,-390.2403869628906
1263.6746826171875,-389.0292663574219
1264.65185546875,-387.7452087402344
1265.73486328125,-386.3073425292969
1266.7320556640625,-384.9701232910156
1267.76806640625,-383.56475830078125
1268.7794189453125,-382.1764831542969
1269.7708740234375,-380.7957763671875
1270.7410888671875,-379.4233093261719
1271.68701171875,-378.0640563964844
1272.6077880859375,-376.71759033203125
1273.503662109375,-375.3829040527344
1274.47607421875,-373.90496826171875
1275.320068359375,-372.5937194824219
1276.2335205078125,-371.138671875
1277.0230712890625,-369.8446350097656
1277.8740234375,-368.4068603515625
1278.733642578125,-366.903564453125
1279.515625,-365.48529052734375
1280.2633056640625,-364.0765380859375
1281.0128173828125,-362.60430908203125
1281.6884765625,-361.2153015136719
1282.361572265625,-359.76409912109375
1283.0565185546875,-358.17919921875
1283.7044677734375,-356.6062316894531
1284.25244140625,-355.1868591308594
1284.8092041015625,-353.6358642578125
1285.31787109375,-352.0948791503906
1285.7799072265625,-350.5687255859375
1286.2147216796875,-348.9908447265625
1286.585693359375,-347.498046875
1286.9119873046875,-346.019775390625
1287.228271484375,-344.355224609375
1287.486572265625,-342.7034912109375
1287.6875,-341.0633544921875
1287.83154296875,-339.4354553222656
1287.91796875,-337.8182373046875
1287.944580078125,-336.2127685546875
1287.9091796875,-334.62127685546875
1287.81005859375,-333.04559326171875
1287.6463623046875,-331.48675537109375
1287.4189453125,-329.9465637207031
1287.1285400390625,-328.4273376464844
1286.776611328125,-326.9305114746094
1286.36279296875,-325.45849609375
1285.888671875,-324.01446533203125
1285.356201171875,-322.6010437011719
1284.7664794921875,-321.22119140625
1284.0421142578125,-319.7179260253906
1283.281005859375,-318.3125915527344
1282.4251708984375,-316.89788818359375
1281.5,-315.5199890136719
1280.50439453125,-314.177490234375
1279.55810546875,-313.01129150390625
1278.5594482421875,-311.8783874511719
1277.5101318359375,-310.781982421875
1276.36767578125,-309.68310546875
1275.2213134765625,-308.6684875488281
1274.0302734375,-307.69757080078125
1272.797119140625,-306.77264404296875
1271.5252685546875,-305.8963928222656
1270.219970703125,-305.0719909667969
1268.8858642578125,-304.30157470703125
1267.5252685546875,-303.5853576660156
1266.1370849609375,-302.9217224121094
1264.6622314453125,-302.28558349609375
1263.1556396484375,-301.7041015625
1261.677978515625,-301.196533203125
1260.1119384765625,-300.7220153808594
1258.5780029296875,-300.31683349609375
1256.9534912109375,-299.9485778808594
1255.2998046875,-299.6344299316406
1253.68359375,-299.384033203125
1252.1756591796875,-299.19964599609375
1250.648681640625,-299.0600891113281
1249.1043701171875,-298.9658508300781
1247.4078369140625,-298.9158935546875
1245.90087890625,-298.9178466796875
1244.3123779296875,-298.9664001464844
1242.71240234375,-299.0630798339844
1241.1038818359375,-299.2088623046875
1239.4886474609375,-299.4049987792969
1237.939208984375,-299.6401062011719
1236.4581298828125,-299.9077453613281
1234.8359375,-300.2496032714844
1233.2152099609375,-300.6429748535156
1231.6678466796875,-301.06732177734375
1230.125,-301.5380859375
1228.5179443359375,-302.079833984375
1226.98779296875,-302.6455078125
1225.4656982421875,-303.2572021484375
1223.9525146484375,-303.91424560546875
1222.585205078125,-304.5506286621094
1221.091064453125,-305.2934265136719
1219.7425537109375,-306.0074462890625
1218.27001953125,-306.8354797363281
1216.80908203125,-307.70819091796875
1215.359619140625,-308.6252136230469
1213.8565673828125,-309.6309814453125
1212.6246337890625,-310.4979553222656
1211.4017333984375,-311.3973693847656
1210.1234130859375,-312.3788146972656
1208.917236328125,-313.3443298339844
1207.6561279296875,-314.39556884765625
1206.40380859375,-315.4826354980469
1205.2220458984375,-316.5486755371094
1204.049560546875,-317.6475524902344
1202.826904296875,-318.8393249511719
1201.677001953125,-320.00506591796875
1200.53955078125,-321.2034912109375
1199.35693359375,-322.49993896484375
1198.36376953125,-323.62939453125
1197.2662353515625,-324.9208679199219
1196.2950439453125,-326.10260009765625
1195.2222900390625,-327.4539794921875
1194.2755126953125,-328.69061279296875
1193.232421875,-330.1025695800781
1192.3118896484375,-331.3919372558594
1191.4017333984375,-332.70477294921875
1190.5543212890625,-333.9605712890625
1189.664306640625,-335.3154296875
1188.7862548828125,-336.6909484863281
1187.9715576171875,-338.0042724609375
1187.11865234375,-339.41949462890625
1186.2789306640625,-340.8546142578125
1185.504638671875,-342.2168884277344
1184.6983642578125,-343.6719665527344
1183.90625,-345.13348388671875
1183.1722412109375,-346.5140686035156
1182.403076171875,-347.9862060546875
1181.6378173828125,-349.4723205566406
1180.875244140625,-350.97332763671875
1180.159423828125,-352.39654541015625
1179.3978271484375,-353.91876220703125
1178.6766357421875,-355.3597717285156
1177.9017333984375,-356.8982849121094
1177.11376953125,-358.44281005859375
1176.35693359375,-359.90032958984375
1175.5340576171875,-361.451416015625
1174.689453125,-363.0035705566406
1173.873291015625,-364.46417236328125
1172.98193359375,-366.0141906738281
1172.0645751953125,-367.5606689453125
1171.1766357421875,-369.0115661621094
1170.2069091796875,-370.5467529296875
1169.3878173828125,-371.80517578125
1168.55029296875,-373.0577697753906
1167.694580078125,-374.30419921875
1166.694091796875,-375.7205505371094
1165.7989501953125,-376.9521179199219
1164.8853759765625,-378.17578125
1163.9534912109375,-379.39111328125
1163.0035400390625,-380.59783935546875
1162.03564453125,-381.7957458496094
1161.0501708984375,-382.9847717285156
1159.9031982421875,-384.3326416015625
1158.8822021484375,-385.5019836425781
1157.8455810546875,-386.66094970703125
1156.7947998046875,-387.807373046875
1155.732666015625,-388.938232421875
1154.662841796875,-390.05157470703125
1153.5888671875,-391.1469421386719
1152.3592529296875,-392.3773193359375
1151.2818603515625,-393.4346923828125
1149.970703125,-394.69342041015625
1148.7325439453125,-395.8516540527344
1147.412109375,-397.053466796875
1146.0882568359375,-398.22503662109375
1144.8404541015625,-399.2997131347656
1143.51416015625,-400.4117736816406
1142.1884765625,-401.4939270019531
1140.941650390625,-402.48651123046875
1139.61865234375,-403.514892578125
1138.2984619140625,-404.5165100097656
1136.9820556640625,-405.4913330078125
1135.74658203125,-406.38421630859375
1134.4342041015625,-407.3100280761719
1133.1983642578125,-408.1606140136719
1131.8905029296875,-409.03851318359375
1130.591064453125,-409.888671875
1129.1502685546875,-410.8057556152344
1127.873046875,-411.59735107421875
1126.4605712890625,-412.4496154785156
1124.98876953125,-413.3094787597656
1123.6046142578125,-414.0909423828125
1122.162353515625,-414.8763427734375
1120.8074951171875,-415.5873718261719
1119.3983154296875,-416.2995300292969
1117.8692626953125,-417.04034423828125
1116.360595703125,-417.73699951171875
1114.86865234375,-418.39007568359375
1113.393798828125,-418.9992980957031
1111.8699951171875,-419.5889892578125
1110.4295654296875,-420.1072692871094
1109.0050048828125,-420.5800476074219
1107.4017333984375,-421.0606689453125
1105.8157958984375,-421.482421875
1104.25341796875,-421.8474426269531
1102.713623046875,-422.1553649902344
1101.1927490234375,-422.4051513671875
1099.686767578125,-422.5962219238281
1098.0146484375,-422.74072265625
1096.3553466796875,-422.8117370605469
1094.766845703125,-422.81048583984375
1093.1348876953125,-422.7372741699219
1091.524169921875,-422.5919494628906
1089.9403076171875,-422.3758544921875
1088.387939453125,-422.0899658203125
1086.9248046875,-421.74920654296875
1085.4461669921875,-421.3298034667969
1084.0101318359375,-420.8446350097656
1082.5220947265625,-420.2535705566406
1081.0426025390625,-419.5672912597656
1079.626220703125,-418.80706787109375
1078.3192138671875,-418.00311279296875
1077.0386962890625,-417.10400390625
1075.833251953125,-416.1372985839844
1074.6708984375,-415.07049560546875
1073.6278076171875,-413.9737854003906
1072.5775146484375,-412.69915771484375
1071.7012939453125,-411.46893310546875
1070.90283203125,-410.1745300292969
1070.184326171875,-408.8199462890625
1069.5478515625,-407.40899658203125
1068.9798583984375,-405.89862060546875
1068.5035400390625,-404.33856201171875
1068.142578125,-402.83575439453125
1067.87353515625,-401.3512878417969
1067.6837158203125,-399.8394470214844
1067.5745849609375,-398.3063659667969
1067.5462646484375,-396.70501708984375
1067.59521484375,-395.1981506347656
1067.7203369140625,-393.62493896484375
1067.9268798828125,-391.9844055175781
1068.187255859375,-390.44012451171875
1068.497802734375,-388.9374084472656
1068.85009765625,-387.4761657714844
1069.25390625,-385.9985046386719
1069.7100830078125,-384.50439453125
1070.218994140625,-382.9959411621094
1070.7789306640625,-381.4757995605469
1071.33935546875,-380.06231689453125
1071.9410400390625,-378.637939453125
1072.556640625,-377.26263427734375
1073.2108154296875,-375.877197265625
1073.934814453125,-374.4209289550781
1074.7000732421875,-372.9542236328125
1075.5050048828125,-371.4761962890625
1076.313232421875,-370.04803466796875
1077.1572265625,-368.6083068847656
1077.958740234375,-367.28436279296875
1078.869140625,-365.8232116699219
1079.7305908203125,-364.47894287109375
1080.6201171875,-363.1240539550781
1081.537109375,-361.7579650878906
1082.389892578125,-360.5119323730469
1083.3106689453125,-359.1897888183594
1084.3021240234375,-357.78961181640625
1085.3179931640625,-356.37713623046875
1086.20751953125,-355.15655517578125
1087.2664794921875,-353.7206726074219
1088.29541015625,-352.3408508300781
1089.23828125,-351.0884704589844
1090.19677734375,-349.82598876953125
1091.1707763671875,-348.55340576171875
1092.104736328125,-347.3421936035156
1093.1085205078125,-346.0498962402344
1094.127685546875,-344.7476501464844
1095.1619873046875,-343.4356689453125
1096.153076171875,-342.1878662109375
1097.0985107421875,-341.0059509277344
1098.116455078125,-339.74237060546875
1099.209228515625,-338.3959045410156
1100.3173828125,-337.040771484375
1101.4407958984375,-335.6771240234375
1102.5157470703125,-334.3816223144531
1103.6685791015625,-333.001953125
1104.640625,-331.8460998535156
1105.7547607421875,-330.52947998046875
1106.7486572265625,-329.36187744140625
1107.7518310546875,-328.1895446777344
1108.8927001953125,-326.8632507324219
1109.9014892578125,-325.696044921875
1110.9117431640625,-324.53143310546875
1112.0579833984375,-323.2141418457031
1113.2052001953125,-321.89862060546875
1114.4285888671875,-320.497314453125
1115.5224609375,-319.2439880371094
1116.5523681640625,-318.0624084472656
1117.5859375,-316.87347412109375
1118.6221923828125,-315.6765441894531
1119.7989501953125,-314.3090515136719
1120.9765625,-312.9278869628906
1122.01513671875,-311.6963806152344
1122.9830322265625,-310.5353088378906
1123.9486083984375,-309.36236572265625
1124.9798583984375,-308.09185791015625
1125.9384765625,-306.8926086425781
1126.8929443359375,-305.67999267578125
1127.8424072265625,-304.4537048339844
1128.853759765625,-303.1243591308594
1129.79150390625,-301.86907958984375
1130.7225341796875,-300.5994873046875
1131.7115478515625,-299.2231140136719
1132.6259765625,-297.92327880859375
1133.5313720703125,-296.6086730957031
1134.4268798828125,-295.279296875
1135.374755859375,-293.8385314941406
1136.2479248046875,-292.47857666015625
1137.109619140625,-291.1040954589844
1137.8988037109375,-289.8150939941406
1138.7957763671875,-288.31292724609375
1139.561279296875,-286.9986267089844
1140.430419921875,-285.46856689453125
1141.227783203125,-284.0279235839844
1142.011474609375,-282.5753173828125
1142.726318359375,-281.2159118652344
1143.5352783203125,-279.6348876953125
1144.2744140625,-278.1475524902344
1144.9979248046875,-276.6492004394531
1145.7054443359375,-275.14007568359375
1146.396240234375,-273.6202087402344
1147.0699462890625,-272.0895690917969
1147.7730712890625,-270.43798828125
1148.4122314453125,-268.8863525390625
1149.03564453125,-267.3255920410156
1149.6434326171875,-265.7559509277344
1150.2354736328125,-264.1772766113281
1150.8115234375,-262.5895080566406
1151.4107666015625,-260.8784484863281
1151.9532470703125,-259.2723693847656
1152.4798583984375,-257.65777587890625
1152.9547119140625,-256.1511535644531
1153.4854736328125,-254.40463256835938
1153.930419921875,-252.8845977783203
1154.39404296875,-251.24156188964844
1154.8411865234375,-249.59259033203125
1155.271728515625,-247.93798828125
1155.6849365234375,-246.27816772460938
1156.079833984375,-244.61351013183594
1156.4552001953125,-242.9444122314453
1156.81005859375,-241.271240234375
1157.1441650390625,-239.59437561035156
1157.45751953125,-237.91415405273438
1157.7298583984375,-236.3511962890625
1158.0032958984375,-234.66526794433594
1158.255615234375,-232.976806640625
1158.486572265625,-231.28610229492188
1158.6953125,-229.59353637695312
1158.881103515625,-227.89952087402344
1159.04296875,-226.20460510253906
1159.179931640625,-224.5093536376953
1159.28515625,-222.93533325195312
1159.3756103515625,-221.24072265625
1159.4432373046875,-219.5469512939453
1159.489013671875,-217.85446166992188
1159.51318359375,-216.16383361816406
1159.51513671875,-214.47561645507812
1159.4949951171875,-212.79022216796875
1159.4525146484375,-211.10800170898438
1159.387939453125,-209.42941284179688
1159.3084716796875,-207.87445068359375
1159.2020263671875,-206.20425415039062
1159.0740966796875,-204.5387420654297
1158.9249267578125,-202.87789916992188
1158.7545166015625,-201.2217559814453
1158.5631103515625,-199.5703887939453
1158.351318359375,-197.92388916015625
1158.1197509765625,-196.2823028564453
1157.8687744140625,-194.6457977294922
1157.6182861328125,-193.1310272216797
1157.3294677734375,-191.50546264648438
1157.020751953125,-189.8863067626953
1156.69189453125,-188.27410888671875
1156.3433837890625,-186.6693878173828
1155.9755859375,-185.07266235351562
1155.5887451171875,-183.48440551757812
1155.182861328125,-181.9050750732422
1154.758056640625,-180.33509826660156
1154.3468017578125,-178.88587951660156
1153.8856201171875,-177.33473205566406
1153.40576171875,-175.7937469482422
1152.9072265625,-174.26319885253906
1152.3902587890625,-172.7433624267578
1151.85498046875,-171.2344970703125
1151.3013916015625,-169.73690795898438
1150.729736328125,-168.25083923339844
1150.1400146484375,-166.77659606933594
1149.4442138671875,-165.10655212402344
1148.8165283203125,-163.65853881835938
1148.17138671875,-162.22314453125
1147.5089111328125,-160.80067443847656
1146.829345703125,-159.391357421875
1146.1329345703125,-157.99545288085938
1145.4197998046875,-156.6132354736328
1144.68994140625,-155.24505615234375
1143.835205078125,-153.69932556152344
1143.0692138671875,-152.36317443847656
1142.2860107421875,-151.0429229736328
1141.4857177734375,-149.73890686035156
1140.668701171875,-148.4512481689453
1139.7149658203125,-146.99978637695312
1138.863525390625,-145.7475128173828
1137.99658203125,-144.51199340820312
1136.9871826171875,-143.12081909179688
1135.8934326171875,-141.66741943359375
1134.84423828125,-140.32310485839844
1133.84375,-139.0837860107422
1132.759033203125,-137.78448486328125
1131.5870361328125,-136.42977905273438
1130.3953857421875,-135.10191345214844
1129.25634765625,-133.87692260742188
1128.0279541015625,-132.60186767578125
1126.8548583984375,-131.42666625976562
1125.5897216796875,-130.203857421875
1124.3045654296875,-129.006591796875
1123.0760498046875,-127.90186309814453
1121.7501220703125,-126.75003051757812
1120.403076171875,-125.61939239501953
1119.1160888671875,-124.57379150390625
1117.7288818359375,-123.48207092285156
1116.3211669921875,-122.41002655029297
1114.9776611328125,-121.41893768310547
1113.530517578125,-120.3847885131836
1112.0634765625,-119.3697738647461
1110.66455078125,-118.43157196044922
1109.1590576171875,-117.45258331298828
1107.6339111328125,-116.49185180664062
1106.0892333984375,-115.54924011230469
1104.6175537109375,-114.67837524414062
1103.3157958984375,-113.92927551269531
1102.0013427734375,-113.19216918945312
1100.6739501953125,-112.46708679199219
1099.333984375,-111.7540512084961
1097.9815673828125,-111.0531234741211
1096.616943359375,-110.36446380615234
1095.042236328125,-109.5927963256836
1093.6513671875,-108.93138885498047
1092.248779296875,-108.28316497802734
1090.83447265625,-107.64837646484375
1089.4088134765625,-107.0272216796875
1087.971923828125,-106.4197998046875
1086.52392578125,-105.82616424560547
1084.855712890625,-105.1647720336914
1083.38427734375,-104.60132598876953
1081.9022216796875,-104.05255889892578
1080.4097900390625,-103.51881408691406
1078.9072265625,-103.0003890991211
1077.394775390625,-102.49747467041016
1075.6544189453125,-101.9418716430664
1074.121337890625,-101.47267150878906
1072.5792236328125,-101.01959228515625
1071.028076171875,-100.5830078125
1069.468505859375,-100.16329956054688
1067.9007568359375,-99.76078796386719
1066.3253173828125,-99.37570190429688
1064.8558349609375,-99.03392028808594
1063.266357421875,-98.68305969238281
1061.6700439453125,-98.35032653808594
1060.067138671875,-98.03611755371094
1058.4580078125,-97.74092102050781
1056.8427734375,-97.46519470214844
1055.2220458984375,-97.20929718017578
1053.59619140625,-96.97340393066406
1051.9658203125,-96.75750732421875
1050.447998046875,-96.5748519897461
1048.809814453125,-96.39727020263672
1047.1678466796875,-96.239501953125
1045.522705078125,-96.1015396118164
1043.87451171875,-95.9834213256836
1042.2235107421875,-95.8851089477539
1040.570068359375,-95.80660247802734
1038.914306640625,-95.74799346923828
1037.256591796875,-95.70943450927734
1035.7154541015625,-95.69161224365234
1034.0538330078125,-95.69161224365234
1032.3902587890625,-95.71110534667969
1030.7244873046875,-95.74968719482422
1029.0567626953125,-95.80718994140625
1027.3873291015625,-95.88375854492188
1025.71630859375,-95.97965240478516
1024.0438232421875,-96.09507751464844
1022.370361328125,-96.23008728027344
1020.8153686523438,-96.37294006347656
1019.1397094726562,-96.54548645019531
1017.4630126953125,-96.73738861083984
1015.785400390625,-96.94867706298828
1014.1071166992188,-97.17938995361328
1012.4282836914062,-97.42951965332031
1010.7491455078125,-97.69898986816406
1009.0697021484375,-97.9876937866211
1007.39013671875,-98.29557800292969
1005.83056640625,-98.59860229492188
1004.151123046875,-98.94335174560547
1002.4718017578125,-99.30709075927734
1000.7926025390625,-99.6896743774414
999.1134643554688,-100.09095001220703
997.434326171875,-100.51082611083984
995.7552490234375,-100.94923400878906
994.0761108398438,-101.40611267089844
992.3969116210938,-101.88134765625
990.8373413085938,-102.33893585205078
989.3974609375,-102.77513885498047
987.8370971679688,-103.2625503540039
986.3963623046875,-103.72612762451172
984.835205078125,-104.24312591552734
983.3938598632812,-104.7340316772461
981.8323364257812,-105.28073120117188
980.3909301757812,-105.79912567138672
978.8296508789062,-106.3755874633789
977.3888549804688,-106.92134857177734
975.8284912109375,-107.52735137939453
974.388671875,-108.10040283203125
972.8303833007812,-108.73594665527344
971.3973999023438,-109.33541107177734
969.8521728515625,-109.99825286865234
968.4324340820312,-110.62239074707031
966.9016723632812,-111.31172180175781
965.4954833984375,-111.96011352539062
963.9794311523438,-112.67557525634766
962.5841064453125,-113.34844207763672
961.0748901367188,-114.09212493896484
959.6847534179688,-114.79267883300781
958.182861328125,-115.56687927246094
956.8010864257812,-116.29559326171875
955.3091430664062,-117.10000610351562
953.9362182617188,-117.85572814941406
952.4535522460938,-118.68773651123047
951.0894775390625,-119.46751403808594
949.6157836914062,-120.32396697998047
948.2591552734375,-121.12512969970703
946.795166015625,-122.0037612915039
945.4484252929688,-122.827880859375
943.9946899414062,-123.73760223388672
942.6593627929688,-124.59335327148438
941.220458984375,-125.53776550292969
939.8994140625,-126.425537109375
938.3662719726562,-127.4804916381836
936.949951171875,-128.4784393310547
935.6490478515625,-129.41519165039062
934.2469482421875,-130.44696044921875
932.7457275390625,-131.57806396484375
931.466552734375,-132.56405639648438
930.0887451171875,-133.64926147460938
928.6142578125,-134.83767700195312
927.1494750976562,-136.04641723632812
925.6946411132812,-137.2753448486328
923.4296875,-139.24716186523438
922.307373046875,-140.25160217285156
921.1919555664062,-141.2681121826172
920.0834350585938,-142.2963104248047
918.881591796875,-143.43077087402344
917.7865600585938,-144.4819793701172
916.6978759765625,-145.54371643066406
915.6156005859375,-146.61593627929688
914.5400390625,-147.69874572753906
913.471435546875,-148.79217529296875
912.4100952148438,-149.89625549316406
911.3560791015625,-151.01092529296875
910.309326171875,-152.13612365722656
909.175537109375,-153.37547302246094
908.1433715820312,-154.52232360839844
907.1178588867188,-155.67930603027344
906.09912109375,-156.8462677001953
905.0872802734375,-158.02325439453125
904.0827026367188,-159.21031188964844
903.0855102539062,-160.40757751464844
902.0958251953125,-161.61502075195312
901.1138305664062,-162.8325653076172
900.0512084960938,-164.1722869873047
899.085205078125,-165.4108428955078
898.1268920898438,-166.6593780517578
897.17626953125,-167.9177703857422
896.2333984375,-169.18582153320312
895.2981567382812,-170.4633331298828
894.3705444335938,-171.7501220703125
893.4506225585938,-173.0460968017578
892.5386352539062,-174.35128784179688
891.5530395507812,-175.78585815429688
890.6582641601562,-177.1107940673828
889.7719116210938,-178.4451904296875
888.8938598632812,-179.7888946533203
888.0239868164062,-181.1417694091797
887.1620483398438,-182.50372314453125
886.3076782226562,-183.87469482421875
885.460693359375,-185.25454711914062
884.620849609375,-186.64306640625
883.7122802734375,-188.1672821044922
882.8856811523438,-189.5726776123047
882.0640869140625,-190.9853515625
881.2465209960938,-192.40464782714844
880.4315795898438,-193.829833984375
879.6180419921875,-195.26010131835938
878.804443359375,-196.69464111328125
877.9894409179688,-198.1326904296875
877.1718139648438,-199.57345581054688
876.2755126953125,-201.1475830078125
875.4490966796875,-202.59210205078125
874.6173706054688,-204.0375518798828
873.7804565429688,-205.48239135742188
872.9393310546875,-206.92404174804688
872.09521484375,-208.35977172851562
871.2496948242188,-209.7869415283203
870.4039916992188,-211.20350646972656
869.5589599609375,-212.6082305908203
868.6380004882812,-214.12646484375
867.7953491210938,-215.50442504882812
866.954345703125,-216.8687286376953
866.11572265625,-218.2189178466797
865.2793579101562,-219.55465698242188
864.4447631835938,-220.87594604492188
863.6119384765625,-222.18310546875
862.7813110351562,-223.47633361816406
861.9523315429688,-224.7561798095703
861.0484008789062,-226.13922119140625
860.220947265625,-227.39370727539062
859.1701049804688,-228.9711456298828
858.1971435546875,-230.41627502441406
857.3013916015625,-231.73326110839844
856.33349609375,-233.1415252685547
855.4423217773438,-234.4244842529297
854.4796752929688,-235.7960205078125
853.5936889648438,-237.04518127441406
852.6367797851562,-238.38002014160156
851.755859375,-239.59515380859375
850.8040771484375,-240.89306640625
849.781982421875,-242.2696533203125
848.7631225585938,-243.6247100830078
847.7482299804688,-244.95870971679688
846.7379150390625,-246.27146911621094
845.7321166992188,-247.5626983642578
844.7297973632812,-248.83221435546875
843.7308349609375,-250.07989501953125
842.7334594726562,-251.3065185546875
841.5945434570312,-252.68267822265625
840.5980834960938,-253.86419677734375
839.6025390625,-255.02479553222656
838.6074829101562,-256.16448974609375
837.4720458984375,-257.4418029785156
836.2698364257812,-258.7685241699219
835.0724487304688,-260.0636901855469
833.9492797851562,-261.2542419433594
832.7592163085938,-262.4900817871094
831.5717163085938,-263.69744873046875
830.4562377929688,-264.80859375
829.2718505859375,-265.9625549316406
828.08544921875,-267.0892333984375
826.9654541015625,-268.125
825.7705078125,-269.19976806640625
824.569091796875,-270.24884033203125
823.2163696289062,-271.392333984375
821.9942016601562,-272.3910217285156
820.6129760742188,-273.47991943359375
819.3632202148438,-274.4287414550781
817.9510498046875,-275.4596862792969
816.6741333007812,-276.3551330566406
815.2326049804688,-277.3251953125
813.930419921875,-278.1650390625
812.6168823242188,-278.97784423828125
811.1360473632812,-279.8538818359375
809.8002319335938,-280.6083679199219
808.2955932617188,-281.4186096191406
806.9384155273438,-282.1141662597656
805.4083862304688,-282.85894775390625
804.02734375,-283.4963073730469
802.6353759765625,-284.1061706542969
801.0674438476562,-284.7549133300781
799.6543579101562,-285.3055114746094
798.0642700195312,-285.8869323730469
796.6324462890625,-286.37628173828125
795.022705078125,-286.8884582519531
793.574462890625,-287.3155517578125
792.1192626953125,-287.7129821777344
790.4840698242188,-288.12200927734375
789.011962890625,-288.45697021484375
787.354248046875,-288.79766845703125
785.8587646484375,-289.0731506347656
784.1732177734375,-289.34857177734375
782.652587890625,-289.56591796875
781.120361328125,-289.7555847167969
779.3949584960938,-289.93377685546875
777.840087890625,-290.0618896484375
776.08984375,-290.169677734375
774.5127563476562,-290.2358093261719
772.9263916015625,-290.2758483886719
771.4253540039062,-290.2914733886719
769.8222045898438,-290.2846984863281
768.305908203125,-290.2553405761719
766.6876220703125,-290.19879150390625
765.0625,-290.11627197265625
763.3342895507812,-290.00164794921875
761.79150390625,-289.8771057128906
760.1451416015625,-289.7213134765625
758.589111328125,-289.5522766113281
756.9293212890625,-289.3486022949219
755.2632446289062,-289.12017822265625
753.689453125,-288.8826904296875
752.01123046875,-288.6064147949219
750.3267822265625,-288.3052062988281
748.7357177734375,-287.99847412109375
747.0390014648438,-287.6474609375
745.3361206054688,-287.2703857421875
743.7279663085938,-286.8917541503906
742.0139770507812,-286.4643249511719
740.2947387695312,-286.01104736328125
738.6721801757812,-285.5610046386719
736.943603515625,-285.0581970214844
735.2106323242188,-284.53033447265625
733.7802124023438,-284.07672119140625
732.14208984375,-283.5372619628906
730.7061767578125,-283.04656982421875
729.26806640625,-282.53839111328125
727.8276977539062,-282.01287841796875
726.3845825195312,-281.4704284667969
724.9385986328125,-280.9115295410156
723.489501953125,-280.33642578125
721.8294067382812,-279.6595153808594
720.3729248046875,-279.05023193359375
718.9130859375,-278.4256591796875
717.4497680664062,-277.78656005859375
715.9827880859375,-277.13360595703125
714.51171875,-276.4680480957031
713.0364990234375,-275.7906188964844
711.6627197265625,-275.1516418457031
710.1787109375,-274.4532470703125
708.6898193359375,-273.74493408203125
707.1959228515625,-273.02728271484375
705.6967163085938,-272.3009033203125
704.1918334960938,-271.5665588378906
702.6807861328125,-270.82537841796875
701.1634521484375,-270.0777893066406
699.6393432617188,-269.3246765136719
698.2177734375,-268.6214294433594
696.6798095703125,-267.8602600097656
695.13427734375,-267.09564208984375
693.5809326171875,-266.3282470703125
692.0196533203125,-265.5585021972656
690.4503784179688,-264.78704833984375
688.8727416992188,-264.01416015625
687.286865234375,-263.24017333984375
685.6928100585938,-262.4651794433594
684.2052612304688,-261.7446594238281
682.8258666992188,-261.0787658691406
681.3248901367188,-260.3564758300781
679.933349609375,-259.6889343261719
678.4192504882812,-258.9648132324219
677.015625,-258.2955017089844
675.4885864257812,-257.56951904296875
674.0731811523438,-256.8985595703125
672.533447265625,-256.1707458496094
671.1063232421875,-255.4980010986328
669.55517578125,-254.76870727539062
668.1227416992188,-254.0969696044922
666.5709838867188,-253.37091064453125
665.138671875,-252.70216369628906
663.5870971679688,-251.97921752929688
661.91650390625,-251.20223999023438
660.24609375,-250.42666625976562
658.5692138671875,-249.64901733398438
656.8853149414062,-248.86920166015625
655.1969604492188,-248.08834838867188
653.5040283203125,-247.30618286132812
651.806396484375,-246.52249145507812
650.2257080078125,-245.79322814941406
648.7626953125,-245.11865234375
647.0510864257812,-244.32989501953125
645.4569702148438,-243.59564208984375
643.9813842773438,-242.9162139892578
642.2548828125,-242.1214141845703
640.6468505859375,-241.3813018798828
639.158203125,-240.69639587402344
637.7900390625,-240.0672149658203
636.4183349609375,-239.436767578125
635.043212890625,-238.80502319335938
633.66455078125,-238.171875
632.2825317382812,-237.53726196289062
630.897216796875,-236.90109252929688
629.5086059570312,-236.26329040527344
628.11669921875,-235.62384033203125
626.5945434570312,-234.92437744140625
625.19580078125,-234.281494140625
623.7938842773438,-233.63694763183594
622.3887329101562,-232.9906768798828
620.9804077148438,-232.3426971435547
619.5689086914062,-231.6929931640625
618.1542358398438,-231.04150390625
616.7364501953125,-230.3882598876953
615.3164672851562,-229.73370361328125
613.7677612304688,-229.01956176757812
612.3521728515625,-228.36648559570312
610.9439697265625,-227.71661376953125
609.5462646484375,-227.0713653564453
608.1607055664062,-226.43133544921875
606.788330078125,-225.79696655273438
605.0621948242188,-224.99855041503906
603.3594360351562,-224.21009826660156
601.6793823242188,-223.4312286376953
600.0188598632812,-222.66041564941406
598.375,-221.8962860107422
596.8670043945312,-221.1943359375
595.4904174804688,-220.55252075195312
593.904296875,-219.81207275390625
592.4512329101562,-219.1327362060547
590.9080810546875,-218.41015625
589.3875732421875,-217.6969451904297
587.8897705078125,-216.9930877685547
586.4144287109375,-216.2984161376953
584.961669921875,-215.6130828857422
583.5314331054688,-214.93698120117188
582.1237182617188,-214.27003479003906
580.542236328125,-213.51904296875
579.1824951171875,-212.8713836669922
577.5611572265625,-212.0963592529297
576.0642700195312,-211.3777313232422
574.5042114257812,-210.625244140625
572.97216796875,-209.8824920654297
571.548583984375,-209.1878662109375
570.0611572265625,-208.45736694335938
568.6002197265625,-207.7353973388672
567.2506103515625,-207.0643310546875
565.8450927734375,-206.36033630371094
564.4695434570312,-205.66531372070312
562.9657592773438,-204.89756774902344
561.4212036132812,-204.09976196289062
559.99072265625,-203.35107421875
558.5236206054688,-202.5703582763672
557.1657104492188,-201.8329315185547
555.8431396484375,-201.09765625
554.4893188476562,-200.3240509033203
553.0458374023438,-199.47145080566406
551.5849609375,-198.57156372070312
550.232421875,-197.69908142089844
548.9248046875,-196.81419372558594
547.6610717773438,-195.91375732421875
546.4400024414062,-194.9944305419922
545.2589721679688,-194.0521697998047
544.0643920898438,-193.0396270751953
542.8146362304688,-191.90773010253906
541.6195678710938,-190.745849609375
540.4805908203125,-189.5545654296875
539.3992309570312,-188.3356170654297
538.3766479492188,-187.08963012695312
537.4154663085938,-185.8182830810547
536.518798828125,-184.52320861816406
535.6895141601562,-183.2061004638672
534.9291381835938,-181.867919921875
534.23876953125,-180.50999450683594
533.6182250976562,-179.1340789794922
533.0272216796875,-177.6320037841797
532.5016479492188,-176.06130981445312
532.0653686523438,-174.4820098876953
531.7163696289062,-172.8951416015625
531.4523315429688,-171.29840087890625
531.2763061523438,-169.74974060058594
531.1738891601562,-168.1369171142578
531.1519165039062,-166.5194854736328
531.2086791992188,-164.8986053466797
531.3360595703125,-163.33221435546875
531.540771484375,-161.70323181152344
531.8174438476562,-160.06997680664062
532.1644287109375,-158.4323272705078
532.5322875976562,-156.96676635742188
532.9537963867188,-155.49893188476562
533.4288940429688,-154.0301971435547
533.957275390625,-152.56182861328125
534.5390625,-151.09486389160156
535.1739501953125,-149.63067626953125
535.862060546875,-148.17137145996094
536.6038208007812,-146.7192840576172
537.3997192382812,-145.27633666992188
538.2489013671875,-143.8444366455078
539.1492309570312,-142.4250030517578
540.0994262695312,-141.01727294921875
540.9761352539062,-139.7871551513672
541.932373046875,-138.50860595703125
542.8843383789062,-137.2915496826172
543.9189453125,-136.02444458007812
544.9942626953125,-134.76283264160156
546.1102905273438,-133.50755310058594
547.1641845703125,-132.3673858642578
548.3555297851562,-131.12547302246094
549.476806640625,-129.9984130859375
550.5747680664062,-128.9315643310547
551.75830078125,-127.81876373291016
552.97265625,-126.71298217773438
554.21826171875,-125.6131820678711
555.495849609375,-124.51878356933594
556.8045654296875,-123.43025970458984
558.1433715820312,-122.34769439697266
559.3807373046875,-121.37245178222656
560.5761108398438,-120.45160675048828
561.7933349609375,-119.53300476074219
563.0317993164062,-118.61499786376953
564.3619384765625,-117.64429473876953
565.6438598632812,-116.72147369384766
566.946044921875,-115.79444885253906
568.3407592773438,-114.8103256225586
569.6795654296875,-113.87126159667969
571.033935546875,-112.92398834228516
572.4790649414062,-111.91375732421875
573.8616333007812,-110.9454574584961
575.334716796875,-109.91069030761719
576.6639404296875,-108.973388671875
577.9244384765625,-108.0813217163086
579.3534545898438,-107.06623840332031
580.7938232421875,-106.03900909423828
582.0836181640625,-105.11579132080078
583.5452270507812,-104.06591796875
584.7716064453125,-103.1820297241211
586.0880737304688,-102.23033142089844
587.4130859375,-101.26953125
588.6629638671875,-100.3606185913086
589.9202270507812,-99.4438705444336
591.184814453125,-98.51934814453125
592.5384521484375,-97.52693176269531
593.8056640625,-96.59529113769531
595.0709838867188,-95.6626968383789
596.4187622070312,-94.66703796386719
597.6804809570312,-93.73287200927734
598.941162109375,-92.79776763916016
600.2089233398438,-91.85612487792969
601.5687866210938,-90.84455871582031
602.8490600585938,-89.89090728759766
604.1348266601562,-88.93211364746094
605.599365234375,-87.83922576904297
606.8984985351562,-86.86933135986328
608.2918701171875,-85.8289794921875
609.6057739257812,-84.8482666015625
611.0155639648438,-83.7965087890625
612.3453369140625,-82.80517578125
613.6829833984375,-81.8087158203125
615.0287475585938,-80.80712890625
616.4732055664062,-79.733154296875
617.927001953125,-78.65340423583984
620.9221801757812,-76.4360580444336
628.151611328125,-71.09262084960938
631.8548583984375,-68.3565902709961
633.4290771484375,-67.19390869140625
634.1836547851562,-66.63672637939453
634.5549926757812,-66.36260986328125
634.667236328125,-66.27979278564453
634.694091796875,-66.25996398925781
634.699462890625,-66.25599670410156