x,z
222.12039184570312,-388.39080810546875
222.11476135253906,-388.39105224609375
222.0432586669922,-388.3943786621094
221.8272247314453,-388.40460205078125
221.16395568847656,-388.4365539550781
219.39248657226562,-388.5233459472656
214.52642822265625,-388.76593017578125
204.63104248046875,-389.2674865722656
200.5587615966797,-389.4871826171875
198.59353637695312,-389.6043701171875
196.43060302734375,-389.7372741699219
194.8567352294922,-389.8362731933594
193.08554077148438,-389.94989013671875
191.1168212890625,-390.0794677734375
188.75331115722656,-390.240234375
186.9798583984375,-390.3643493652344
184.81109619140625,-390.52020263671875
183.03587341308594,-390.651123046875
181.06289672851562,-390.8006591796875
179.08912658691406,-390.9545593261719
176.9168243408203,-391.1286926269531
174.94091796875,-391.2906799316406
172.9640655517578,-391.45587158203125
170.9864501953125,-391.6243591308594
169.00851440429688,-391.79736328125
165.44737243652344,-392.1234130859375
163.86415100097656,-392.2746276855469
161.68655395507812,-392.48834228515625
159.70632934570312,-392.6881103515625
157.329345703125,-392.93414306640625
155.54608154296875,-393.12274169921875
153.96058654785156,-393.2933044433594
152.37457275390625,-393.4661560058594
150.5895233154297,-393.66253662109375
148.60513305664062,-393.882568359375
146.61984252929688,-394.1048889160156
144.63392639160156,-394.3299255371094
142.6475067138672,-394.5581359863281
140.6604461669922,-394.79058837890625
138.87158203125,-395.00390625
136.88363647460938,-395.2458190917969
134.8953094482422,-395.4929504394531
132.90679931640625,-395.74609375
131.1171417236328,-395.9798278808594
129.327392578125,-396.21893310546875
127.33856964111328,-396.4906005859375
125.34941101074219,-396.7679443359375
123.55908966064453,-397.02252197265625
121.56978607177734,-397.3106689453125
119.1823959350586,-397.66357421875
117.3914794921875,-397.9326477050781
115.40103912353516,-398.23516845703125
113.40989685058594,-398.54071044921875
111.41805267333984,-398.8486633300781
109.425537109375,-399.1586608886719
107.43226623535156,-399.47052001953125
105.43827819824219,-399.7840881347656
102.84526062011719,-400.1944580078125
101.04936218261719,-400.48046875
99.0530014038086,-400.7997131347656
97.05558013916016,-401.12030029296875
95.0572509765625,-401.4418640136719
93.0583267211914,-401.7646789550781
91.05879974365234,-402.088623046875
89.05827331542969,-402.41375732421875
87.25699615478516,-402.7072448730469
85.25455474853516,-403.0342102050781
83.05058288574219,-403.3949890136719
81.24652099609375,-403.6908874511719
79.24134826660156,-404.0205078125
77.43610382080078,-404.3179016113281
75.63031768798828,-404.6158447265625
73.82390594482422,-404.91412353515625
72.21761322021484,-405.1794738769531
70.4097671508789,-405.4782409667969
68.60089874267578,-405.7770690917969
66.99217224121094,-406.04254150390625
65.18138122558594,-406.3409423828125
63.36970520019531,-406.63873291015625
61.35580062866211,-406.96826171875
59.340702056884766,-407.296142578125
57.526023864746094,-407.5897521972656
55.710243225097656,-407.8819274902344
53.691349029541016,-408.2047119140625
51.8733024597168,-408.4937438964844
49.85197830200195,-408.8125915527344
48.0317268371582,-409.0976867675781
46.41279220581055,-409.3493347167969
44.59040451049805,-409.630615234375
42.76696014404297,-409.9100341796875
41.14519119262695,-410.1569519042969
39.319725036621094,-410.4328308105469
37.493167877197266,-410.7066345214844
35.4623908996582,-411.0084228515625
33.633548736572266,-411.2778625488281
31.803630828857422,-411.54510498046875
30.176179885864258,-411.7811279296875
28.344263076782227,-412.04510498046875
26.51128578186035,-412.30767822265625
24.881122589111328,-412.5400085449219
22.842531204223633,-412.82928466796875
21.00678062438965,-413.08856201171875
19.374176025390625,-413.3184814453125
17.740867614746094,-413.5478820800781
15.698183059692383,-413.8341369628906
13.858914375305176,-414.09149169921875
12.018935203552246,-414.3487854003906
9.97369384765625,-414.6348571777344
7.927543640136719,-414.9211730957031
6.085300922393799,-415.1793518066406
4.037546634674072,-415.4669494628906
2.1939280033111572,-415.7264709472656
0.349646657705307,-415.9866943359375
-1.7003962993621826,-416.2944641113281
-3.546147346496582,-416.5809020996094
-5.597950458526611,-416.9119567871094
-8.919767379760742,-417.42626953125
-10.978669166564941,-417.70611572265625
-12.832723617553711,-417.9561767578125
-14.687715530395508,-418.2044372558594
-17.575178146362305,-418.586181640625
-19.432729721069336,-418.828369140625
-21.291397094726562,-419.06781005859375
-23.151264190673828,-419.3047180175781
-25.219135284423828,-419.5654296875
-27.081119537353516,-419.7973937988281
-28.944181442260742,-420.02679443359375
-31.015260696411133,-420.2777404785156
-32.88030242919922,-420.49920654296875
-34.95404052734375,-420.7401123046875
-36.82173156738281,-420.9532470703125
-38.6906623840332,-421.1637878417969
-40.76845169067383,-421.39404296875
-42.84726333618164,-421.6198425292969
-44.719085693359375,-421.8190612792969
-46.592079162597656,-422.0145263671875
-48.674530029296875,-422.22747802734375
-50.75828170776367,-422.4365234375
-52.63486099243164,-422.6217956542969
-54.721256256103516,-422.8250427246094
-56.80882263183594,-423.0257873535156
-58.897361755371094,-423.2238464355469
-60.986846923828125,-423.4184265136719
-62.86822509765625,-423.58978271484375
-64.75049591064453,-423.75714111328125
-66.63379669189453,-423.92041015625
-68.93717193603516,-424.1148376464844
-70.61339569091797,-424.2530517578125
-72.7098159790039,-424.42254638671875
-74.80742645263672,-424.5886535644531
-76.69625854492188,-424.73553466796875
-78.79588317871094,-424.89532470703125
-80.89653778076172,-425.050537109375
-82.99834442138672,-425.2008056640625
-84.89092254638672,-425.33160400390625
-87.20536041259766,-425.4849853515625
-89.09996795654297,-425.60455322265625
-91.41669464111328,-425.7432861328125
-93.94577026367188,-425.88592529296875
-95.63275146484375,-425.97625732421875
-97.74234771728516,-426.083984375
-99.6418685913086,-426.17596435546875
-103.23223114013672,-426.3377380371094
-105.1343002319336,-426.4178466796875
-108.94065856933594,-426.567626953125
-110.8448257446289,-426.6364440917969
-112.96145629882812,-426.7079162597656
-114.65556335449219,-426.7615966796875
-116.7741470336914,-426.8246154785156
-118.8936538696289,-426.88275146484375
-121.01403045654297,-426.93603515625
-123.77168273925781,-426.99798583984375
-125.68175506591797,-427.0351867675781
-127.80474090576172,-427.0703430175781
-129.716064453125,-427.0960998535156
-131.84043884277344,-427.1177062988281
-134.3905792236328,-427.1336975097656
-136.30380249023438,-427.1384582519531
-138.21754455566406,-427.136962890625
-140.34454345703125,-427.12823486328125
-142.25936889648438,-427.1144714355469
-146.30401611328125,-427.0700988769531
-148.2210693359375,-427.043701171875
-150.35179138183594,-427.0108337402344
-152.48312377929688,-426.9739074707031
-156.74703979492188,-426.8843994140625
-158.45318603515625,-426.842041015625
-160.37303161621094,-426.7898864746094
-162.5067596435547,-426.7261047363281
-164.64097595214844,-426.6561584472656
-166.77572631835938,-426.58062744140625
-168.91123962402344,-426.50018310546875
-170.8338623046875,-426.4241943359375
-173.18417358398438,-426.3266296386719
-175.1074981689453,-426.2423400878906
-177.24488830566406,-426.1436767578125
-180.45187377929688,-425.9862060546875
-182.3767852783203,-425.8868713378906
-184.5162811279297,-425.7727966308594
-186.0143280029297,-425.69097900390625
-189.0113067626953,-425.5225830078125
-190.7242889404297,-425.4234313964844
-192.2233123779297,-425.334716796875
-193.72250366210938,-425.2439270019531
-195.2218780517578,-425.1509704589844
-197.57843017578125,-425.0003662109375
-199.5070037841797,-424.8733825683594
-201.6505584716797,-424.7287902832031
-203.7947998046875,-424.5810852050781
-205.72512817382812,-424.44573974609375
-207.22679138183594,-424.3388671875
-208.7286376953125,-424.23046875
-210.87449645996094,-424.0727233886719
-213.02081298828125,-423.91131591796875
-214.95297241210938,-423.7630310058594
-216.45603942871094,-423.64569091796875
-218.6037139892578,-423.47491455078125
-220.7518310546875,-423.30035400390625
-222.90032958984375,-423.1219177246094
-224.83428955078125,-422.95806884765625
-226.3386688232422,-422.8282470703125
-227.84315490722656,-422.6961975097656
-229.9925537109375,-422.50360107421875
-232.14219665527344,-422.3061218261719
-234.292236328125,-422.10394287109375
-236.2276153564453,-421.9183044433594
-237.733154296875,-421.7716979980469
-239.66915893554688,-421.5804443359375
-241.1750946044922,-421.4295349121094
-243.1114959716797,-421.2327575683594
-245.04820251464844,-421.0330810546875
-247.200439453125,-420.8079833984375
-249.35305786132812,-420.57940673828125
-251.50604248046875,-420.3475646972656
-253.0133819580078,-420.183349609375
-254.9517364501953,-419.9700927734375
-256.4595642089844,-419.8027648925781
-258.39849853515625,-419.5856628417969
-260.33770751953125,-419.36639404296875
-262.2771911621094,-419.1449890136719
-264.2170104980469,-418.9214782714844
-265.7258605957031,-418.74615478515625
-267.6660461425781,-418.5187072753906
-269.1752624511719,-418.3403015136719
-271.1160583496094,-418.10919189453125
-272.6260070800781,-417.9283447265625
-274.13629150390625,-417.7467346191406
-275.6468505859375,-417.5645446777344
-277.80535888671875,-417.3034362792969
-279.9645080566406,-417.0414123535156
-282.12432861328125,-416.7784423828125
-284.0685729980469,-416.5408020019531
-286.01318359375,-416.3020935058594
-287.95831298828125,-416.062255859375
-289.9040832519531,-415.82135009765625
-292.71514892578125,-415.4705505371094
-294.44525146484375,-415.25238037109375
-295.9591369628906,-415.059814453125
-297.68951416015625,-414.8377990722656
-300.0692443847656,-414.52923583984375
-302.0166015625,-414.2738952636719
-303.5312805175781,-414.0734558105469
-305.0460510253906,-413.871337890625
-306.5608825683594,-413.6673583984375
-308.5086364746094,-413.4024658203125
-310.023681640625,-413.1944885253906
-312.1883544921875,-412.8946228027344
-314.1368713378906,-412.62213134765625
-316.0852966308594,-412.3471374511719
-317.5994873046875,-412.1314697265625
-319.5427551269531,-411.8520202636719
-321.6943359375,-411.5391540527344
-323.8353271484375,-411.224365234375
-325.32684326171875,-411.0030822753906
-326.8119812011719,-410.78118896484375
-329.1325378417969,-410.4317321777344
-331.227783203125,-410.1136169433594
-332.8935546875,-409.8590087890625
-335.1678466796875,-409.50823974609375
-337.4233703613281,-409.15576171875
-339.4576110839844,-408.8336486816406
-341.6783752441406,-408.4776611328125
-343.68170166015625,-408.1531982421875
-345.86712646484375,-407.79583740234375
-347.83660888671875,-407.47021484375
-349.7892150878906,-407.1438293457031
-351.9171447753906,-406.7845764160156
-353.8341369628906,-406.4579772949219
-355.7350158691406,-406.13153076171875
-357.6190185546875,-405.8053894042969
-359.3001708984375,-405.511962890625
-361.1526184082031,-405.1860046386719
-363.17169189453125,-404.82745361328125
-365.1712341308594,-404.4685974121094
-367.1517639160156,-404.10955810546875
-369.11187744140625,-403.748779296875
-371.0518493652344,-403.3847351074219
-372.9716796875,-403.01708984375
-374.87225341796875,-402.6462097167969
-376.75537109375,-402.27203369140625
-378.6214599609375,-401.895751953125
-380.4710693359375,-401.5179748535156
-382.1379699707031,-401.1732177734375
-383.95428466796875,-400.7921447753906
-385.5890197753906,-400.4432067871094
-387.369384765625,-400.05609130859375
-389.1313171386719,-399.6664733886719
-390.8758239746094,-399.2752685546875
-392.6027526855469,-398.8831481933594
-394.3111572265625,-398.49066162109375
-395.9998779296875,-398.0978088378906
-397.5174865722656,-397.7403564453125
-399.0189208984375,-397.382568359375
-400.6528015136719,-396.98883056640625
-402.12261962890625,-396.63055419921875
-404.01068115234375,-396.16546630859375
-405.58831787109375,-395.7709045410156
-407.42974853515625,-395.3030090332031
-408.96929931640625,-394.9052429199219
-410.4911193847656,-394.50653076171875
-412.4009704589844,-393.9980773925781
-414.14691162109375,-393.5247802734375
-415.99993896484375,-393.01287841796875
-417.6968078613281,-392.5356750488281
-419.3718566894531,-392.0586853027344
-421.0224304199219,-391.5823059082031
-422.64794921875,-391.1050720214844
-424.371826171875,-390.5897216796875
-426.0672302246094,-390.0740966796875
-427.7334289550781,-389.55804443359375
-429.37158203125,-389.04058837890625
-430.9809875488281,-388.5208435058594
-432.6736145019531,-387.9601135253906
-434.222900390625,-387.4322814941406
-435.7439880371094,-386.9002380371094
-437.23834228515625,-386.3636779785156
-439.0179138183594,-385.7054443359375
-440.4546813964844,-385.15692138671875
-441.9648132324219,-384.5611877441406
-443.64068603515625,-383.87353515625
-445.2799377441406,-383.1709899902344
-446.8844909667969,-382.4523010253906
-448.4559020996094,-381.71630859375
-449.99462890625,-380.96142578125
-451.4126281738281,-380.2316589355469
-453.0599060058594,-379.3384704589844
-454.4171447753906,-378.5622253417969
-455.8309326171875,-377.7115783691406
-457.2173767089844,-376.8320007324219
-458.6568908691406,-375.8703918457031
-459.9119567871094,-374.99066162109375
-461.14263916015625,-374.0875549316406
-462.4217529296875,-373.1018371582031
-463.67041015625,-372.0888671875
-464.8885803222656,-371.0498046875
-466.14398193359375,-369.9216613769531
-467.2964172363281,-368.8304748535156
-468.41058349609375,-367.7114562988281
-469.6169738769531,-366.4334716796875
-470.78436279296875,-365.1297607421875
-471.8607482910156,-363.8773498535156
-472.91192626953125,-362.6103820800781
-473.87652587890625,-361.394775390625
-474.8139343261719,-360.1568298339844
-475.8905029296875,-358.6733703613281
-476.7865905761719,-357.3876647949219
-477.7621154785156,-355.91864013671875
-478.6597595214844,-354.49505615234375
-479.48968505859375,-353.1298522949219
-480.25262451171875,-351.82427978515625
-480.9930114746094,-350.48504638671875
-481.8018493652344,-348.9485168457031
-482.59259033203125,-347.3920593261719
-483.328369140625,-345.8995361328125
-484.0029296875,-344.47296142578125
-484.7007751464844,-342.9369201660156
-485.423828125,-341.2878723144531
-486.09332275390625,-339.7098388671875
-486.7877502441406,-338.0184631347656
-487.4349670410156,-336.40313720703125
-488.0796203613281,-334.77239990234375
-488.7297668457031,-333.1302185058594
-489.3948059082031,-331.4809265136719
-490.0401916503906,-329.9247131347656
-490.75128173828125,-328.2713317871094
-491.49169921875,-326.6220397949219
-492.2643127441406,-324.9789123535156
-493.02081298828125,-323.4383850097656
-493.8057861328125,-321.90570068359375
-494.5694580078125,-320.47900390625
-495.3635559082031,-319.0652770996094
-496.1343078613281,-317.75994873046875
-497.04620361328125,-316.2818603515625
-497.990478515625,-314.81585693359375
-498.958740234375,-313.3590087890625
-499.9442138671875,-311.9117431640625
-500.8837890625,-310.5649108886719
-501.8454895019531,-309.2277526855469
-502.8432312011719,-307.90362548828125
-503.8752746582031,-306.5980224609375
-504.8605041503906,-305.3970642089844
-506.00677490234375,-304.03765869140625
-507.1711120605469,-302.6899719238281
-508.4331359863281,-301.27099609375
-509.66094970703125,-299.9519348144531
-510.8522033691406,-298.73895263671875
-512.0737915039062,-297.54931640625
-513.3994140625,-296.2960510253906
-514.7437744140625,-295.05255126953125
-516.1141967773438,-293.8191833496094
-517.2525634765625,-292.82940673828125
-518.4109497070312,-291.8544006347656
-519.6765747070312,-290.81915283203125
-521.0529174804688,-289.7232360839844
-522.2647705078125,-288.7850341796875
-523.4954223632812,-287.8608093261719
-524.744140625,-286.9519348144531
-526.0096435546875,-286.05657958984375
-527.2914428710938,-285.1730041503906
-528.890625,-284.1008605957031
-530.4102172851562,-283.11126708984375
-531.7420654296875,-282.2645263671875
-533.295166015625,-281.2986145019531
-534.7606201171875,-280.40875244140625
-536.1355590820312,-279.5938720703125
-537.5247192382812,-278.7914733886719
-539.2542724609375,-277.8223876953125
-541.006103515625,-276.8752136230469
-542.4443969726562,-276.1214294433594
-543.8905639648438,-275.38458251953125
-545.2352905273438,-274.7158203125
-546.5930786132812,-274.0552673339844
-547.9622802734375,-273.4038391113281
-549.3395385742188,-272.76397705078125
-550.8417358398438,-272.0808410644531
-552.2382202148438,-271.4568786621094
-553.6416625976562,-270.83697509765625
-555.0496215820312,-270.2170715332031
-556.4605712890625,-269.59295654296875
-557.8727416992188,-268.96038818359375
-559.2841186523438,-268.3160095214844
-560.8113403320312,-267.6026306152344
-562.3367309570312,-266.87298583984375
-563.85986328125,-266.12701416015625
-565.3795166015625,-265.36395263671875
-566.7779541015625,-264.64227294921875
-568.2874755859375,-263.8403015136719
-569.6751708984375,-263.0810241699219
-571.1727294921875,-262.239013671875
-572.6641845703125,-261.3770751953125
-574.0350952148438,-260.5634765625
-575.5136108398438,-259.6628723144531
-576.9852905273438,-258.7428283691406
-578.4509887695312,-257.8045349121094
-579.7988891601562,-256.9230651855469
-581.1420288085938,-256.0271911621094
-582.4797973632812,-255.11639404296875
-583.9220581054688,-254.11224365234375
-585.2456665039062,-253.1688690185547
-586.5606689453125,-252.20895385742188
-587.8661499023438,-251.23126220703125
-589.2692260742188,-250.1515655517578
-590.4471435546875,-249.2215118408203
-591.7238159179688,-248.19151306152344
-592.8881225585938,-247.2350616455078
-594.1524047851562,-246.1794891357422
-595.40966796875,-245.11083984375
-596.761962890625,-243.9370880126953
-597.8978881835938,-242.93087768554688
-599.1270141601562,-241.8199005126953
-600.2448120117188,-240.7894744873047
-601.4541625976562,-239.64942932128906
-602.6536254882812,-238.49462890625
-603.8419799804688,-237.326171875
-605.6051635742188,-235.54534912109375
-606.671875,-234.44125366210938
-607.7299194335938,-233.32850646972656
-608.77978515625,-232.20797729492188
-609.9171752929688,-230.9756317138672
-611.1399536132812,-229.62637329101562
-612.3469848632812,-228.25457763671875
-613.4411010742188,-226.9650421142578
-614.5165405273438,-225.6575469970703
-615.5778198242188,-224.3362274169922
-616.6300048828125,-223.00405883789062
-617.6744384765625,-221.6605224609375
-618.7935791015625,-220.18777465820312
-619.8115234375,-218.81103515625
-620.8967895507812,-217.30374145507812
-621.8860473632812,-215.8993682861328
-622.9481811523438,-214.36447143554688
-624.0000610351562,-212.81643676757812
-624.95947265625,-211.375732421875
-625.9859008789062,-209.80162048339844
-626.9990234375,-208.213623046875
-628.0761108398438,-206.48873901367188
-629.2902221679688,-204.4993896484375
-630.2622680664062,-202.86868286132812
-631.2919921875,-201.09725952148438
-632.23291015625,-199.4384765625
-633.232421875,-197.6385498046875
-634.1475219726562,-195.9548797607422
-635.0474243164062,-194.25840759277344
-635.9984741210938,-192.41693115234375
-636.9335327148438,-190.56170654296875
-637.6598510742188,-189.0955352783203
-638.57470703125,-187.21981811523438
-639.4760131835938,-185.33316040039062
-640.3600463867188,-183.43333435058594
-641.0418701171875,-181.930908203125
-641.6516723632812,-180.55775451660156
-642.3123168945312,-179.0397186279297
-642.9634399414062,-177.51414489746094
-643.54833984375,-176.1211700439453
-644.1834106445312,-174.58279418945312
-644.80908203125,-173.03756713867188
-645.4240112304688,-171.4853057861328
-645.97509765625,-170.06829833984375
-646.519287109375,-168.64637756347656
-647.1104125976562,-167.0763702392578
-647.693115234375,-165.50010681152344
-648.216552734375,-164.0617218017578
-648.7848510742188,-162.4742431640625
-649.2951049804688,-161.02610778808594
-649.849365234375,-159.4274444580078
-650.3475952148438,-157.9695587158203
-650.890625,-156.3609619140625
-651.3801879882812,-154.89443969726562
-652.0604248046875,-152.83441162109375
-652.5423583984375,-151.35830688476562
-653.0692138671875,-149.73028564453125
-653.5930786132812,-148.0978240966797
-654.1614379882812,-146.31198120117188
-654.632568359375,-144.81991577148438
-655.1484985351562,-143.1744842529297
-655.661376953125,-141.52488708496094
-656.1708984375,-139.8710174560547
-656.6761474609375,-138.21255493164062
-657.1776733398438,-136.5496826171875
-657.6769409179688,-134.88255310058594
-658.1747436523438,-133.2138671875
-658.626708984375,-131.6973419189453
-659.1254272460938,-130.02642822265625
-659.6273803710938,-128.3504638671875
-660.1788940429688,-126.5201187133789
-660.6886596679688,-124.84254455566406
-661.2035522460938,-123.16311645507812
-661.72412109375,-121.48165130615234
-662.202392578125,-119.95279693603516
-662.6854248046875,-118.4236068725586
-663.173583984375,-116.893310546875
-663.6668090820312,-115.36210632324219
-664.1649780273438,-113.83039855957031
-664.6680297851562,-112.2982406616211
-665.1759643554688,-110.76524353027344
-665.7401733398438,-109.07795715332031
-666.309814453125,-107.3898696899414
-666.8846435546875,-105.70079803466797
-667.4647216796875,-104.01065826416016
-667.9964599609375,-102.47335815429688
-668.5325927734375,-100.93536376953125
-669.1270141601562,-99.24264526367188
-669.6714477539062,-97.70276641845703
-670.2193603515625,-96.1617660522461
-670.8255615234375,-94.4653091430664
-671.4349365234375,-92.7672119140625
-672.0470581054688,-91.0672836303711
-672.71728515625,-89.21066284179688
-673.3336181640625,-87.506591796875
-674.0076293945312,-85.6451187133789
-674.6831665039062,-83.78079986572266
-675.30322265625,-82.06925964355469
-675.9240112304688,-80.35517120361328
-676.54541015625,-78.63864135742188
-677.1674194335938,-76.9196548461914
-677.7896728515625,-75.19815063476562
-678.4121704101562,-73.47403717041016
-679.0350952148438,-71.7472152709961
-679.6587524414062,-70.01780700683594
-680.3400268554688,-68.12842559814453
-680.9653930664062,-66.39414978027344
-681.5913696289062,-64.657470703125
-682.1610107421875,-63.07660675048828
-682.7312622070312,-61.493717193603516
-683.4166870117188,-59.59171676635742
-684.0462646484375,-57.84583282470703
-684.7345581054688,-55.93869400024414
-685.3668212890625,-54.188201904296875
-685.9424438476562,-52.594886779785156
-686.6340942382812,-50.68035125732422
-687.3267211914062,-48.7630500793457
-687.9046630859375,-47.16315841674805
-688.541259765625,-45.40100860595703
-689.29443359375,-43.3152961730957
-689.9325561523438,-41.54791259765625
-690.5712280273438,-39.77828598022461
-691.2105712890625,-38.00639343261719
-691.8507080078125,-36.23224639892578
-692.491943359375,-34.45566177368164
-693.0759887695312,-32.83858871459961
-693.602294921875,-31.38170623779297
-694.2467041015625,-29.599145889282227
-694.9511108398438,-27.65228843688965
-695.5393676757812,-26.028079986572266
-696.0701293945312,-24.56488609313965
-696.7798461914062,-22.61191749572754
-697.4916381835938,-20.65658187866211
-698.4439697265625,-18.0458984375
-699.1005859375,-16.248851776123047
-699.8190307617188,-14.286332130432129
-700.60009765625,-12.157651901245117
-701.3236083984375,-10.190417289733887
-702.0496215820312,-8.221184730529785
-702.7172241210938,-6.414335250854492
-703.38720703125,-4.605981349945068
-704.1205444335938,-2.6312801837921143
-704.856689453125,-0.6544787883758545
-705.594970703125,1.324663519859314
-706.14990234375,2.810502290725708
-706.82958984375,4.628185272216797
-707.3866577148438,6.116705417633057
-708.1306762695312,8.103492736816406
-708.6897583007812,9.595129013061523
-709.395263671875,11.475384712219238
-709.9568481445312,12.969888687133789
-710.7080078125,14.964262008666992
-711.4623413085938,16.9603214263916
-712.2833862304688,19.124345779418945
-713.0452270507812,21.123363494873047
-713.8109741210938,23.123703002929688
-714.5165405273438,24.95848846435547
-715.2903442382812,26.96161651611328
-716.0678100585938,28.96631622314453
-716.8491821289062,30.972129821777344
-717.5692749023438,32.81161880493164
-718.3592529296875,34.81911849975586
-719.1537475585938,36.82760238647461
-719.9523315429688,38.83742904663086
-720.7542114257812,40.84885787963867
-721.4915161132812,42.694175720214844
-722.2977905273438,44.709007263183594
-722.9035034179688,46.2216796875
-723.7120971679688,48.24102783203125
-724.31884765625,49.757381439208984
-725.127197265625,51.78152084350586
-725.93359375,53.808921813964844
-726.6703491210938,55.67060852050781
-727.2710571289062,57.196388244628906
-728.2684936523438,59.74448776245117
-728.9968872070312,61.61712646484375
-729.590576171875,63.151729583740234
-730.3783569335938,65.20154571533203
-731.1613159179688,67.2557373046875
-731.9389038085938,69.31452178955078
-732.6470947265625,71.20574188232422
-733.2232055664062,72.75594329833984
-733.9863891601562,74.82687377929688
-734.7431030273438,76.90240478515625
-735.3064575195312,78.46222686767578
-736.0530395507812,80.54606628417969
-736.6100463867188,82.11148834228516
-737.3475952148438,84.19892120361328
-738.0765991210938,86.2813949584961
-738.7951049804688,88.3533706665039
-739.44384765625,90.24141693115234
-740.0835571289062,92.11758422851562
-740.7716064453125,94.14881896972656
-741.392333984375,95.99608612060547
-742.0578002929688,97.99382781982422
-742.7107543945312,99.97273254394531
-743.1932983398438,101.4460678100586
-743.8277587890625,103.39695739746094
-744.4512939453125,105.33101654052734
-745.0618896484375,107.24674224853516
-745.7066650390625,109.2995376586914
-746.2850952148438,111.17534637451172
-746.847900390625,113.03418731689453
-747.396240234375,114.87696838378906
-747.93115234375,116.70406341552734
-748.4097900390625,118.36512756347656
-748.9186401367188,120.162109375
-749.45361328125,122.09109497070312
-749.9720458984375,124.00251007080078
-750.4364013671875,125.75231170654297
-750.8870239257812,127.4880599975586
-751.3582763671875,129.35279846191406
-751.7760009765625,131.06031799316406
-752.1763916015625,132.7558135986328
-752.5902709960938,134.58013916015625
-752.9548950195312,136.2537078857422
-753.30322265625,137.91754150390625
-753.6351928710938,139.5719451904297
-753.974365234375,141.3544158935547
-754.2672119140625,142.992431640625
-754.5619506835938,144.76077270507812
-754.8138427734375,146.38829040527344
-755.0643920898438,148.1471710205078
-755.2915649414062,149.90196228027344
-755.4813232421875,151.51828002929688
-755.6536865234375,153.1311798095703
-755.8101196289062,154.7404022216797
-755.9487915039062,156.34579467773438
-756.0665893554688,157.94830322265625
-756.1768798828125,159.8148956298828
-756.2640380859375,161.81117248535156
-756.3175048828125,163.6707000732422
-756.3413696289062,165.65777587890625
-756.3357543945312,167.50759887695312
-756.3118896484375,169.08953857421875
-756.2730102539062,170.66824340820312
-756.2216796875,172.24366760253906
-756.1533203125,173.94638061523438
-756.0774536132812,175.51434326171875
-755.9835815429688,177.07748413085938
-755.8695678710938,178.63510131835938
-755.701171875,180.5750732421875
-755.5226440429688,182.3795166015625
-755.3543090820312,183.92112731933594
-755.1161499023438,185.83900451660156
-754.901611328125,187.3654327392578
-754.6690673828125,188.88539123535156
-754.423583984375,190.39947509765625
-754.1690673828125,191.90750122070312
-753.9049072265625,193.40586853027344
-753.6240234375,194.8842010498047
-753.2183227539062,196.82659912109375
-752.8432006835938,198.50648498535156
-752.4327392578125,200.28919982910156
-752.0198364257812,202.0467987060547
-751.6022338867188,203.77374267578125
-751.2080078125,205.36134338378906
-750.7871704101562,207.03842163085938
-750.4024658203125,208.5796661376953
-749.9760131835938,210.3135528564453
-749.5664672851562,212.02072143554688
-749.2002563476562,213.60061645507812
-748.7862548828125,215.4732208251953
-748.4639892578125,217.01734924316406
-748.164306640625,218.54986572265625
-747.8541259765625,220.27525329589844
-747.57666015625,221.9911651611328
-747.3190307617188,223.8018798828125
-747.0994262695312,225.60885620117188
-746.9464111328125,227.1123046875
-746.8214721679688,228.6132354736328
-746.709228515625,230.41050720214844
-746.639892578125,232.20233154296875
-746.614990234375,233.888671875
-746.6265258789062,235.47000122070312
-746.6739501953125,237.1434326171875
-746.7556762695312,238.80917358398438
-746.8651123046875,240.3687744140625
-747.018310546875,242.01596069335938
-747.2109375,243.6519775390625
-747.4306640625,245.18031311035156
-747.704833984375,246.79336547851562
-747.9955444335938,248.30609130859375
-748.33642578125,249.9119110107422
-748.7044067382812,251.51585388183594
-749.1436767578125,253.3043212890625
-749.5494995117188,254.80819702148438
-750.0498657226562,256.4955749511719
-750.5578002929688,258.0822448730469
-751.0595703125,259.5727233886719
-751.6543579101562,261.2475891113281
-752.2178344726562,262.7315368652344
-752.8892211914062,264.39190673828125
-753.5111694335938,265.86004638671875
-754.1153564453125,267.234375
-754.7996215820312,268.7000732421875
-755.5235595703125,270.1607666015625
-756.2758178710938,271.6132507324219
-757.1013793945312,273.1568298339844
-757.9577026367188,274.699951171875
-758.795654296875,276.1449279785156
-759.7168579101562,277.6742858886719
-760.667236328125,279.2003479003906
-761.58984375,280.6316833496094
-762.6005859375,282.1455078125
-763.640625,283.6535339355469
-764.7088623046875,285.15618896484375
-765.7407836914062,286.56427001953125
-766.6654052734375,287.79046630859375
-767.6780395507812,289.09814453125
-768.7839965820312,290.4851989746094
-769.7742309570312,291.6911315917969
-771.005126953125,293.14508056640625
-772.04052734375,294.3353271484375
-773.0941772460938,295.52008056640625
-774.2423706054688,296.7831115722656
-775.3325805664062,297.9547424316406
-776.4412231445312,299.11907958984375
-777.5667724609375,300.2779541015625
-778.7097778320312,301.4302978515625
-779.9564208984375,302.6543884277344
-781.1404418945312,303.7873229980469
-782.3414306640625,304.914306640625
-783.6448974609375,306.1155700683594
-784.8776245117188,307.2298278808594
-786.126708984375,308.3374328613281
-787.3902587890625,309.4407653808594
-788.66650390625,310.5404052734375
-789.8638305664062,311.5571594238281
-791.0734252929688,312.5702209472656
-792.389404296875,313.656982421875
-793.8133544921875,314.8166198730469
-795.0606079101562,315.8162536621094
-796.4181518554688,316.88604736328125
-797.69189453125,317.8727111816406
-798.9777221679688,318.853759765625
-800.5758056640625,320.05523681640625
-801.7841186523438,320.954345703125
-803.100830078125,321.9286193847656
-804.42431640625,322.90472412109375
-805.8560180664062,323.9592590332031
-807.2937622070312,325.0184020996094
-808.6336669921875,326.0066223144531
-809.9778442382812,326.99969482421875
-811.2221069335938,327.92083740234375
-812.677978515625,329.0011901855469
-814.0341186523438,330.0094909667969
-815.3943481445312,331.0227966308594
-816.8636474609375,332.1195068359375
-818.337646484375,333.2218017578125
-819.8162231445312,334.3297119140625
-821.1934814453125,335.3633728027344
-822.5741577148438,336.40185546875
-824.0648193359375,337.5260009765625
-825.45068359375,338.5738220214844
-826.8358154296875,339.6229248046875
-828.2257080078125,340.67626953125
-829.7301025390625,341.8172912597656
-831.1300659179688,342.8804931640625
-832.5331420898438,343.94744873046875
-833.9408569335938,345.01873779296875
-835.3521118164062,346.09356689453125
-836.548828125,347.0053405761719
-837.9669189453125,348.0861511230469
-839.1702880859375,349.0033264160156
-840.596435546875,350.08953857421875
-842.0272216796875,351.177734375
-843.4631958007812,352.26788330078125
-844.9043579101562,353.359619140625
-846.3507690429688,354.45269775390625
-847.9142456054688,355.631103515625
-849.2593994140625,356.6419372558594
-850.8341674804688,357.8225402832031
-852.3013916015625,358.9206848144531
-853.7727661132812,360.021728515625
-855.1341552734375,361.0412902832031
-856.611572265625,362.1501770019531
-858.205322265625,363.35003662109375
-859.5729370117188,364.38372802734375
-861.0557861328125,365.509521484375
-862.5393676757812,366.64215087890625
-863.9091796875,367.6940612792969
-865.3929443359375,368.84112548828125
-866.648193359375,369.81787109375
-867.9034423828125,370.8000793457031
-869.2728881835938,371.8777770996094
-870.6427001953125,372.9617614746094
-872.0126953125,374.05169677734375
-873.496826171875,375.2395324707031
-874.8661499023438,376.3431701660156
-876.2345581054688,377.4540100097656
-877.4878540039062,378.478759765625
-878.85400390625,379.603759765625
-880.2192993164062,380.73583984375
-881.470458984375,381.77935791015625
-882.8350830078125,382.9237365722656
-884.084716796875,383.9773254394531
-885.554931640625,385.2237854003906
-887.0109252929688,386.46484375
-888.2281494140625,387.50665283203125
-889.5396728515625,388.633544921875
-890.7266845703125,389.65704345703125
-891.8978881835938,390.6705017089844
-893.05224609375,391.67327880859375
-894.190185546875,392.66595458984375
-895.5162963867188,393.82794189453125
-896.9222412109375,395.0660400390625
-898.108154296875,396.1163024902344
-899.4685668945312,397.3279724121094
-900.8029174804688,398.5235900878906
-902.1104736328125,399.70404052734375
-903.390625,400.87127685546875
-904.6434326171875,402.02679443359375
-905.869384765625,403.1730651855469
-907.0690307617188,404.3119201660156
-908.159912109375,405.3636169433594
-909.3107299804688,406.49005126953125
-910.4364013671875,407.6097106933594
-911.6923217773438,408.88104248046875
-912.9148559570312,410.14373779296875
-913.95654296875,411.24151611328125
-915.0438842773438,412.4103088378906
-916.2407836914062,413.72503662109375
-917.2661743164062,414.8769226074219
-918.2620239257812,416.0231018066406
-919.4181518554688,417.3902587890625
-920.532470703125,418.7451477050781
-921.7235717773438,420.2383117675781
-922.6986083984375,421.4986877441406
-923.7489013671875,422.8977355957031
-924.7583618164062,424.2875061035156
-925.7276000976562,425.66876220703125
-926.7026977539062,427.1121520996094
-927.5831909179688,428.47210693359375
-928.3743286132812,429.75006103515625
-929.2042236328125,431.1578674316406
-930.0189819335938,432.6235046386719
-930.7390747070312,434.0096435546875
-931.4658813476562,435.52593994140625
-932.09765625,436.9673156738281
-932.6693115234375,438.4025573730469
-933.18017578125,439.8312072753906
-933.6917114257812,441.4615173339844
-934.0940551757812,442.9599609375
-934.4478149414062,444.530029296875
-934.7325439453125,446.10101318359375
-934.9585571289062,447.7380676269531
-935.1006469726562,449.2338562011719
-935.183349609375,450.8570861816406
-935.1890869140625,452.53533935546875
-935.1134033203125,454.1966247558594
-934.9641723632812,455.7713928222656
-934.7392578125,457.3224182128906
-934.4135131835938,458.9726867675781
-934.0052490234375,460.5874938964844
-933.516357421875,462.1622314453125
-932.9481811523438,463.6925354003906
-932.3069458007812,465.176513671875
-931.5642700195312,466.6623840332031
-930.748291015625,468.0894470214844
-929.8248291015625,469.50445556640625
-928.85498046875,470.8258361816406
-927.8775634765625,472.0187072753906
-926.7026977539062,473.3127136230469
-925.4888305664062,474.518798828125
-924.2986450195312,475.59930419921875
-923.047119140625,476.6448974609375
-921.7337646484375,477.6543273925781
-920.47119140625,478.5476989746094
-919.2152709960938,479.36859130859375
-917.6694946289062,480.2949523925781
-916.3120727539062,481.0426940917969
-914.910888671875,481.758056640625
-913.3336181640625,482.5014953613281
-911.706787109375,483.2052001953125
-910.0287475585938,483.8665771484375
-908.51953125,484.4107360839844
-906.90087890625,484.94720458984375
-905.3963623046875,485.40289306640625
-903.782958984375,485.84619140625
-902.0570068359375,486.2703552246094
-900.4573974609375,486.62213134765625
-898.7479858398438,486.95867919921875
-897.2594604492188,487.22247314453125
-895.7500610351562,487.46405029296875
-894.0494384765625,487.7069091796875
-892.3241577148438,487.9212341308594
-890.4867553710938,488.11639404296875
-888.6235961914062,488.2788391113281
-886.9158935546875,488.396240234375
-885.1880493164062,488.48541259765625
-883.3477783203125,488.5517578125
-881.4864501953125,488.59075927734375
-879.888671875,488.6015625
-878.2764892578125,488.590087890625
-876.6500244140625,488.5564270019531
-875.1068115234375,488.5059814453125
-873.2587890625,488.4225769042969
-871.6898803710938,488.3329162597656
-870.110107421875,488.2249450683594
-868.5199584960938,488.0974426269531
-866.919677734375,487.9493408203125
-865.2083129882812,487.7702941894531
-863.5874633789062,487.5826110839844
-861.95703125,487.37579345703125
-860.317138671875,487.1488952636719
-858.772705078125,486.921142578125
-857.126708984375,486.6642150878906
-855.4716796875,486.3932189941406
-853.8001708984375,486.1087341308594
-852.2277221679688,485.8273010253906
-850.3334350585938,485.47186279296875
-848.7463989257812,485.1614685058594
-847.046875,484.8166809082031
-845.553466796875,484.5069274902344
-843.9457397460938,484.1683044433594
-842.3298950195312,483.82452392578125
-840.705810546875,483.4775390625
-839.18212890625,483.1519775390625
-837.65087890625,482.82501220703125
-836.11181640625,482.4971008300781
-834.5650634765625,482.16815185546875
-833.0107421875,481.8380126953125
-831.4488525390625,481.5067138671875
-829.8793334960938,481.17425537109375
-828.3023071289062,480.84039306640625
-826.831298828125,480.5288391113281
-825.239990234375,480.19140625
-823.6412963867188,479.8520202636719
-822.1502685546875,479.5351257324219
-820.4219970703125,479.16754150390625
-818.8013305664062,478.82269287109375
-817.2898559570312,478.5010986328125
-815.655029296875,478.1536560058594
-814.1304931640625,477.830078125
-812.4817504882812,477.4804382324219
-810.8257446289062,477.1294860839844
-808.92431640625,476.7267761230469
-807.1331176757812,476.34771728515625
-805.3336791992188,475.9674072265625
-803.526123046875,475.58575439453125
-801.8316650390625,475.228515625
-800.1300048828125,474.8702087402344
-798.54345703125,474.53668212890625
-796.8281860351562,474.176513671875
-795.10595703125,473.8150329589844
-793.3768310546875,473.45220947265625
-791.5164794921875,473.06182861328125
-789.7728881835938,472.69622802734375
-788.0224609375,472.3295593261719
-786.1392822265625,471.9356384277344
-784.6270751953125,471.61962890625
-782.7297973632812,471.2234191894531
-780.9518432617188,470.8523864746094
-779.1671752929688,470.4801025390625
-777.252685546875,470.0812072753906
-775.4635620117188,469.7090759277344
-773.663818359375,469.3356018066406
-771.984619140625,468.98828125
-770.3033447265625,468.6418151855469
-768.4867553710938,468.2689514160156
-766.6624755859375,467.8961486816406
-764.833251953125,467.5238952636719
-762.9984741210938,467.1519775390625
-761.15673828125,466.7801513671875
-759.3092651367188,466.40887451171875
-757.5888671875,466.0648193359375
-755.863037109375,465.7215270996094
-754.1320190429688,465.37884521484375
-752.2623291015625,465.0103454589844
-750.3865356445312,464.6424255371094
-748.3700561523438,464.2491455078125
-746.7520751953125,463.9352722167969
-745.2652587890625,463.648193359375
-743.77490234375,463.3616027832031
-741.6007690429688,462.9449768066406
-739.965087890625,462.6325378417969
-738.1881713867188,462.2940673828125
-736.2691040039062,461.92962646484375
-734.3442993164062,461.5654602050781
-731.9992065429688,461.1236572265625
-730.338623046875,460.8121032714844
-728.812744140625,460.52685546875
-726.8655395507812,460.1638488769531
-725.052490234375,459.82666015625
-723.234619140625,459.4890441894531
-721.5525512695312,459.17669677734375
-719.7257690429688,458.8373718261719
-717.8944091796875,458.4967956542969
-716.0584716796875,458.15472412109375
-714.218017578125,457.8110656738281
-712.6571655273438,457.5190124511719
-710.808349609375,457.1723327636719
-709.2406005859375,456.87786865234375
-707.3837890625,456.52874755859375
-705.5225219726562,456.1786193847656
-703.8003540039062,455.8547058105469
-701.9302368164062,455.5032043457031
-699.9110107421875,455.1239929199219
-697.8865356445312,454.7442626953125
-696.0018920898438,454.3912048339844
-694.4037475585938,454.0920715332031
-692.3652954101562,453.7108154296875
-690.4678344726562,453.3563232421875
-688.7122802734375,453.0287780761719
-686.8060302734375,452.673828125
-684.748291015625,452.2913818359375
-682.8331298828125,451.936279296875
-681.3570556640625,451.6630859375
-679.87841796875,451.3899230957031
-678.397216796875,451.11688232421875
-676.7647705078125,450.8168029785156
-675.2780151367188,450.5444030761719
-673.788818359375,450.2726135253906
-672.2969970703125,450.0016174316406
-670.653076171875,449.70428466796875
-669.1558837890625,449.4346923828125
-667.6561889648438,449.165771484375
-666.1539916992188,448.8979187011719
-664.498779296875,448.6046142578125
-662.9913940429688,448.3397521972656
-661.481201171875,448.0767517089844
-659.9683837890625,447.8156433105469
-658.4530639648438,447.556396484375
-656.6312866210938,447.2475891113281
-654.9580078125,446.96685791015625
-653.43408203125,446.7138366699219
-651.9076538085938,446.463134765625
-650.378662109375,446.21490478515625
-648.8471069335938,445.96942138671875
-647.1593017578125,445.7027587890625
-645.6221923828125,445.4633483886719
-643.9283447265625,445.20330810546875
-642.3856811523438,444.9699401855469
-640.8405151367188,444.7396240234375
-639.2927856445312,444.5122375488281
-637.7423706054688,444.2877197265625
-636.1893310546875,444.0659484863281
-634.6337280273438,443.84722900390625
-632.919677734375,443.6108703613281
-631.3587646484375,443.4002380371094
-629.7952880859375,443.19342041015625
-628.2291259765625,442.9900817871094
-626.6602783203125,442.7901916503906
-625.0889282226562,442.5941467285156
-623.5150756835938,442.40240478515625
-621.9386596679688,442.2154846191406
-619.727294921875,441.9617004394531
-617.6693115234375,441.734130859375
-615.6068725585938,441.51470947265625
-613.6993408203125,441.3198547363281
-611.9474487304688,441.1478271484375
-609.8732299804688,440.95281982421875
-608.2747802734375,440.80914306640625
-606.6738891601562,440.6712341308594
-605.0706176757812,440.5389709472656
-603.4649047851562,440.4121398925781
-601.8568115234375,440.2908020019531
-599.7627563476562,440.14080810546875
-598.149169921875,440.0311279296875
-596.5333862304688,439.92608642578125
-594.591552734375,439.80596923828125
-592.4852294921875,439.6833190917969
-590.5426025390625,439.5771484375
-588.9220581054688,439.49334716796875
-587.2973022460938,439.4136657714844
-585.3436889648438,439.3230895996094
-583.3895263671875,439.2378234863281
-581.4327392578125,439.1576843261719
-579.7991943359375,439.09515380859375
-578.0005493164062,439.03094482421875
-576.3640747070312,438.9764709472656
-574.7254028320312,438.92547607421875
-573.0846557617188,438.8782653808594
-570.9495239257812,438.8241271972656
-569.305419921875,438.7888488769531
-567.6594848632812,438.7591857910156
-566.0117797851562,438.7348327636719
-564.3624267578125,438.71563720703125
-562.7113647460938,438.701416015625
-561.0585327148438,438.6920166015625
-559.4041137695312,438.6877746582031
-557.7481689453125,438.6885070800781
-555.759033203125,438.6964111328125
-554.0996704101562,438.7088623046875
-552.1063232421875,438.7307434082031
-550.1109008789062,438.76019287109375
-548.4464721679688,438.7904357910156
-546.780517578125,438.8255310058594
-545.113037109375,438.8651428222656
-543.6109619140625,438.90472412109375
-541.9406127929688,438.9532775878906
-540.2689208984375,439.0068664550781
-538.76318359375,439.0597839355469
-537.2562866210938,439.1172790527344
-535.5806884765625,439.18658447265625
-534.071533203125,439.2538757324219
-532.5614013671875,439.3258361816406
-530.8822021484375,439.4115905761719
-529.2017822265625,439.5037536621094
-527.6882934570312,439.5920104980469
-526.00537109375,439.69549560546875
-524.489501953125,439.7928466796875
-522.972412109375,439.89398193359375
-521.285400390625,440.01123046875
-519.59716796875,440.1344909667969
-517.9078979492188,440.2644348144531
-516.2174682617188,440.4010314941406
-514.6950073242188,440.5291442871094
-513.0020141601562,440.67620849609375
-511.4770202636719,440.81219482421875
-509.95098876953125,440.9521484375
-508.4239196777344,441.0970153808594
-506.89605712890625,441.24761962890625
-505.3674011230469,441.40374755859375
-503.83795166015625,441.5653991699219
-502.137451171875,441.75103759765625
-500.4358215332031,441.94268798828125
-498.73309326171875,442.1405944824219
-497.0292663574219,442.3448791503906
-495.4948425292969,442.5338134765625
-493.7887878417969,442.7489013671875
-492.25250244140625,442.9476318359375
-490.373779296875,443.197998046875
-488.8358459472656,443.4091796875
-487.12603759765625,443.64971923828125
-485.4149475097656,443.8953552246094
-483.873779296875,444.1202697753906
-482.33160400390625,444.34869384765625
-480.6169738769531,444.6070556640625
-479.0728454589844,444.8438415527344
-477.52777099609375,445.08447265625
-475.8097839355469,445.35601806640625
-474.2623291015625,445.6034851074219
-472.54132080078125,445.88104248046875
-470.8186950683594,446.16094970703125
-469.2670593261719,446.41497802734375
-467.7143859863281,446.6709899902344
-466.1606750488281,446.929443359375
-464.2600402832031,447.24859619140625
-462.7034606933594,447.5120544433594
-461.14532470703125,447.7770690917969
-459.58563232421875,448.0431823730469
-457.6773986816406,448.3695373535156
-456.1146240234375,448.6369323730469
-454.55023193359375,448.9043884277344
-452.6358642578125,449.2311096191406
-451.0675964355469,449.4980773925781
-449.32305908203125,449.7940979003906
-447.576416015625,450.0894470214844
-445.8277587890625,450.3838806152344
-444.0770263671875,450.6773376464844
-442.49981689453125,450.9405822753906
-440.9230041503906,451.20281982421875
-439.3495178222656,451.4634704589844
-437.6084289550781,451.75067138671875
-435.87811279296875,452.03515625
-434.1604309082031,452.3171691894531
-432.4562683105469,452.5963439941406
-430.76708984375,452.8719177246094
-429.26080322265625,453.11651611328125
-427.6022644042969,453.3846130371094
-425.631591796875,453.7019348144531
-423.68121337890625,454.0146484375
-421.91082763671875,454.2972717285156
-420.3179016113281,454.55084228515625
-418.7417907714844,454.80072021484375
-417.1818542480469,455.0466613769531
-415.1767578125,455.36065673828125
-413.347900390625,455.645263671875
-411.6894226074219,455.9014892578125
-410.1976318359375,456.1301574707031
-408.427978515625,456.39825439453125
-406.5357360839844,456.680419921875
-404.8116149902344,456.9332580566406
-402.9673767089844,457.198486328125
-401.1468505859375,457.4540710449219
-399.34991455078125,457.69921875
-397.5768737792969,457.9330749511719
-395.8276672363281,458.1547546386719
-394.1002502441406,458.36370849609375
-392.3923034667969,458.5597229003906
-390.703125,458.74365234375
-389.03363037109375,458.91461181640625
-387.258544921875,459.0827331542969
-385.63043212890625,459.2220764160156
-384.0195007324219,459.3443603515625
-382.4242858886719,459.44915771484375
-380.602294921875,459.54693603515625
-378.9189147949219,459.6138916015625
-377.1306457519531,459.6588439941406
-375.3556213378906,459.67657470703125
-373.5925598144531,459.66827392578125
-371.95782470703125,459.63482666015625
-370.2163391113281,459.5696105957031
-368.36895751953125,459.4651794433594
-366.6463928222656,459.3359375
-364.9329528808594,459.1773681640625
-363.2288818359375,458.9903564453125
-361.4220886230469,458.7592468261719
-359.6269836425781,458.49609375
-358.0664978027344,458.239501953125
-356.40576171875,457.937255859375
-354.6475830078125,457.5834045410156
-352.9045104980469,457.196044921875
-351.2853088378906,456.8016662597656
-349.57550048828125,456.3465270996094
-347.8842468261719,455.8563232421875
-346.2119445800781,455.33172607421875
-344.4561462402344,454.7366638183594
-342.8232727050781,454.14129638671875
-341.4106750488281,453.59234619140625
-340.0134582519531,453.0179443359375
-338.4353332519531,452.3321838378906
-337.0705871582031,451.7080993652344
-335.52862548828125,450.9696960449219
-333.81719970703125,450.1076354980469
-332.2242126464844,449.2635498046875
-330.7501525878906,448.4365539550781
-329.2084655761719,447.52093505859375
-327.6871337890625,446.5684509277344
-326.2694396972656,445.6440734863281
-324.864501953125,444.6930236816406
-323.3851013183594,443.6511535644531
-322.00518798828125,442.6398620605469
-320.54962158203125,441.5348815917969
-319.1056823730469,440.3984375
-317.6758728027344,439.2287902832031
-316.3460998535156,438.0944519042969
-314.95025634765625,436.8543395996094
-313.81329345703125,435.8075256347656
-312.4466857910156,434.5069274902344
-311.1751708984375,433.25347900390625
-309.9963073730469,432.0523376464844
-308.83135986328125,430.82513427734375
-307.60565185546875,429.4869689941406
-306.47332763671875,428.20477294921875
-305.3575744628906,426.89617919921875
-304.185791015625,425.47216796875
-303.1036376953125,424.1117248535156
-302.1773986816406,422.9139709472656
-301.2612609863281,421.69989013671875
-300.2169494628906,420.2791442871094
-299.3240661621094,419.03021240234375
-298.31011962890625,417.5678405761719
-297.4458312988281,416.2817077636719
-296.59405517578125,414.97882080078125
-295.6891174316406,413.5583801269531
-294.86041259765625,412.2237548828125
-294.042724609375,410.8742980957031
-293.2353820800781,409.5107421875
-292.4374694824219,408.1337890625
-291.65008544921875,406.742919921875
-290.7546691894531,405.1209411621094
-289.8718566894531,403.4815673828125
-289.1155700683594,402.04779052734375
-288.3103332519531,400.49053955078125
-287.5731506347656,399.031494140625
-286.9037780761719,397.6727294921875
-286.1911926269531,396.1877746582031
-285.5429992675781,394.8057861328125
-284.8493347167969,393.2974853515625
-284.2176208496094,391.89605712890625
-283.5486755371094,390.37152099609375
-282.8453369140625,388.7166748046875
-282.15521240234375,387.0423583984375
-281.57354736328125,385.5964050292969
-280.9523620605469,384.0235595703125
-280.33917236328125,382.4420166015625
-279.73577880859375,380.8498229980469
-279.14581298828125,379.24664306640625
-278.6137390136719,377.7569580078125
-278.0939636230469,376.2577819824219
-277.54364013671875,374.6230163574219
-276.9655456542969,372.8506164550781
-276.48248291015625,371.32232666015625
-275.9720764160156,369.6573181152344
-275.4775085449219,367.9819641113281
-275.00091552734375,366.29583740234375
-274.5428466796875,364.5990295410156
-274.06768798828125,362.7602844238281
-273.6726989746094,361.1753845214844
-273.2567138671875,359.45001220703125
-272.8834533691406,357.8500671386719
-272.49072265625,356.10882568359375
-272.1108703613281,354.3591613769531
-271.77301025390625,352.7363586425781
-271.47412109375,351.24237060546875
-271.15863037109375,349.6059265136719
-270.8280334472656,347.8255615234375
-270.50921630859375,346.03759765625
-270.2038269042969,344.2419128417969
-269.912841796875,342.43841552734375
-269.6358947753906,340.6272277832031
-269.3719787597656,338.8085632324219
-269.120361328125,336.982666015625
-268.8634338378906,335.0084533691406
-268.65618896484375,333.309814453125
-268.4466857910156,331.4627685546875
-268.2524719238281,329.6084899902344
-268.0716552734375,327.7471923828125
-267.9024353027344,325.87933349609375
-267.75640869140625,324.1496276855469
-267.6108703613281,322.26983642578125
-267.48956298828125,320.52886962890625
-267.3726501464844,318.63665771484375
-267.2702331542969,316.7381591796875
-267.1824035644531,314.83349609375
-267.1090393066406,312.92279052734375
-267.05841064453125,311.3014221191406
-267.01123046875,309.37982177734375
-266.9767150878906,307.4525451660156
-266.956787109375,305.81744384765625
-266.9442138671875,303.8801574707031
-266.9447937011719,302.08721923828125
-266.9738464355469,298.93865966796875
-267.0053405761719,297.133544921875
-267.04071044921875,295.62603759765625
-267.09039306640625,293.9644470214844
-267.1456298828125,292.4508972167969
-267.20953369140625,290.9345703125
-267.28173828125,289.41552734375
-267.3623352050781,287.8936767578125
-267.4514465332031,286.3690185546875
-267.54815673828125,284.8417053222656
-267.6619567871094,283.1588134765625
-267.7716369628906,281.62652587890625
-267.888427734375,280.0917663574219
-268.0281982421875,278.4006042480469
-268.1668701171875,276.86077880859375
-268.3160705566406,275.3190002441406
-268.4744873046875,273.7750549316406
-268.6925048828125,271.76434326171875
-268.8705139160156,270.2152404785156
-269.1197204589844,268.1992492675781
-269.326416015625,266.646728515625
-269.5438232421875,265.09222412109375
-269.7683410644531,263.5355529785156
-270.0202331542969,261.8211975097656
-270.2543029785156,260.2607421875
-270.52227783203125,258.5419921875
-270.7789611816406,256.9776306152344
-271.04815673828125,255.41224670410156
-271.3291015625,253.84617614746094
-271.6202392578125,252.27862548828125
-271.9815979003906,250.39488220214844
-272.29296875,248.82345581054688
-272.61395263671875,247.25111389160156
-273.04547119140625,245.2056427001953
-273.45770263671875,243.3155517578125
-273.8115539550781,241.73919677734375
-274.1754150390625,240.16209411621094
-274.5501708984375,238.5845184326172
-274.9746398925781,236.8502960205078
-275.3713684082031,235.2765350341797
-275.7790832519531,233.70225524902344
-276.1982116699219,232.1250457763672
-276.8447265625,229.7572021484375
-277.28472900390625,228.1792449951172
-277.7759094238281,226.44126892089844
-278.2286682128906,224.85891723632812
-278.7323913574219,223.1173095703125
-279.28826904296875,221.2158203125
-279.7565002441406,219.62881469726562
-280.2763671875,217.88084411621094
-280.8008117675781,216.131103515625
-281.2813415527344,214.53848266601562
-281.8139343261719,212.78421020507812
-282.35028076171875,211.0277099609375
-282.8411865234375,209.4291534423828
-283.2855224609375,207.9887237548828
-283.7819519042969,206.38619995117188
-284.2306213378906,204.9419708251953
-284.7809143066406,203.17416381835938
-285.33270263671875,201.40325927734375
-285.8349304199219,199.79046630859375
-286.38763427734375,198.0131072998047
-286.94024658203125,196.23233032226562
-287.44232177734375,194.6103973388672
-287.9939880371094,192.8227996826172
-288.5448303222656,191.0315704345703
-289.0948486328125,189.23667907714844
-289.5941467285156,187.6017303466797
-290.0926818847656,185.9637908935547
-290.63995361328125,184.1586456298828
-291.13641357421875,182.5144805908203
-291.681396484375,180.702392578125
-292.17572021484375,179.05194091796875
-292.6683044433594,177.39830017089844
-293.1585388183594,175.741455078125
-293.59686279296875,174.24729919433594
-294.1281433105469,172.41685485839844
-294.60626220703125,170.74859619140625
-295.1266784667969,168.90896606445312
-295.54779052734375,167.40013122558594
-296.101806640625,165.38314819335938
-296.511474609375,163.86654663085938
-297.0058288574219,162.0084991455078
-297.4491882324219,160.31520080566406
-297.8868408203125,158.6180877685547
-298.31927490234375,156.91725158691406
-298.7472839355469,155.21292114257812
-299.1708984375,153.50537109375
-299.5473327636719,151.96621704101562
-299.9988098144531,150.0845947265625
-300.43695068359375,148.2062530517578
-300.8602294921875,146.33416748046875
-301.2696533203125,144.46908569335938
-301.63201904296875,142.77964782714844
-302.0216979980469,140.92967224121094
-302.4007873535156,139.09036254882812
-302.7340087890625,137.4276580810547
-303.054931640625,135.7728271484375
-303.33404541015625,134.28854370117188
-303.6357116699219,132.64395141601562
-303.9305725097656,131.00474548339844
-304.21978759765625,129.3715057373047
-304.5296936035156,127.58358001708984
-304.8285827636719,125.80458068847656
-305.139892578125,123.87419891357422
-305.4113464355469,122.11351776123047
-305.67010498046875,120.36045837402344
-305.91656494140625,118.61528015136719
-306.1503601074219,116.87786865234375
-306.3704833984375,115.14752960205078
-306.5578918457031,113.57962799072266
-306.7495422363281,111.8589859008789
-306.91046142578125,110.2977523803711
-307.0586853027344,108.73908233642578
-307.2066650390625,107.02709197998047
-307.32659912109375,105.47271728515625
-307.43218994140625,103.92023468017578
-307.5232849121094,102.36963653564453
-307.6077575683594,100.6662368774414
-307.6768798828125,98.96546936035156
-307.7313232421875,97.26813507080078
-307.767333984375,95.72881317138672
-307.7893981933594,94.19367980957031
-307.7965087890625,92.6629638671875
-307.7890319824219,91.13661193847656
-307.76446533203125,89.46277618408203
-307.72412109375,87.79441833496094
-307.66925048828125,86.13158416748047
-307.6003723144531,84.47509765625
-307.52532958984375,82.97537231445312
-307.40081787109375,80.88434600830078
-307.2768249511719,79.09941101074219
-307.1474304199219,77.46957397460938
-307.00146484375,75.84674072265625
-306.835693359375,74.23175048828125
-306.63128662109375,72.47865295410156
-306.4239501953125,70.87882995605469
-306.1782531738281,69.14228820800781
-305.9060363769531,67.41844940185547
-305.630126953125,65.85077667236328
-305.3288879394531,64.29508972167969
-304.97479248046875,62.60966110229492
-304.6308288574219,61.074317932128906
-304.2715148925781,59.547828674316406
-303.89898681640625,58.03046798706055
-303.478515625,56.3874397277832
-303.0805969238281,54.894474029541016
-302.67041015625,53.414794921875
-302.2493896484375,51.948204040527344
-301.8178405761719,50.495574951171875
-301.3763732910156,49.05820083618164
-300.7993469238281,47.252777099609375
-300.1639404296875,45.346946716308594
-299.469970703125,43.34538650512695
-298.8062438964844,41.499847412109375
-298.12823486328125,39.68523406982422
-297.57403564453125,38.254268646240234
-296.9139404296875,36.60751724243164
-296.2400817871094,34.98541259765625
-295.4555358886719,33.163658142089844
-294.70654296875,31.487716674804688
-293.89312744140625,29.734235763549805
-293.11871337890625,28.121496200561523
-292.283203125,26.434968948364258
-291.4410400390625,24.78314971923828
-290.64776611328125,23.266103744506836
-289.90557861328125,21.876951217651367
-289.1614685058594,20.515535354614258
-288.3633117675781,19.087100982666016
-287.5115966796875,17.5963077545166
-286.5543518066406,15.955817222595215
-285.6020202636719,14.349828720092773
-284.8153381347656,13.035670280456543
-283.9843444824219,11.657416343688965
-283.0592956542969,10.136687278747559
-282.1415710449219,8.65217113494873
-281.23052978515625,7.20939826965332
-280.321044921875,5.806131362915039
-279.3064270019531,4.290041446685791
-278.2857360839844,2.822246789932251
-277.2503967285156,1.4029650688171387
-276.1935119628906,0.027970297262072563
-275.1650085449219,-1.2373220920562744
-274.052001953125,-2.5291121006011963
-272.9066467285156,-3.77983021736145
-271.84783935546875,-4.867348670959473
-270.58026123046875,-6.088378429412842
-269.2157897949219,-7.310677528381348
-267.8169250488281,-8.474827766418457
-266.4521484375,-9.530280113220215
-265.128173828125,-10.485980033874512
-263.6468505859375,-11.481002807617188
-262.27734375,-12.328033447265625
-260.8843994140625,-13.117056846618652
-259.31500244140625,-13.924571990966797
-257.77337646484375,-14.651071548461914
-256.34326171875,-15.269036293029785
-254.72866821289062,-15.891997337341309
-253.08401489257812,-16.44086265563965
-251.40658569335938,-16.92350196838379
-249.85604858398438,-17.306142807006836
-248.37271118164062,-17.634035110473633
-246.79122924804688,-17.941789627075195
-245.18798828125,-18.204015731811523
-243.6560516357422,-18.414255142211914
-242.0318603515625,-18.607751846313477
-240.3928680419922,-18.770238876342773
-238.55162048339844,-18.89811897277832
-236.51492309570312,-18.992006301879883
-234.90773010253906,-19.042587280273438
-233.10186767578125,-19.063810348510742
-231.3675079345703,-19.038118362426758
-229.61846923828125,-18.97041893005371
-227.85595703125,-18.86549949645996
-226.08071899414062,-18.718746185302734
-224.3874053955078,-18.53695297241211
-222.87353515625,-18.3432559967041
-221.1611785888672,-18.093263626098633
-219.3423309326172,-17.793487548828125
-217.6083984375,-17.477855682373047
-216.05862426757812,-17.176183700561523
-214.11090087890625,-16.771446228027344
-212.64263916015625,-16.447385787963867
-211.16781616210938,-16.10744857788086
-209.69287109375,-15.754390716552734
-208.21798706054688,-15.391982078552246
-206.6308135986328,-14.995662689208984
-205.13088989257812,-14.614938735961914
-203.52757263183594,-14.203592300415039
-201.91635131835938,-13.790322303771973
-200.19166564941406,-13.352409362792969
-198.6610870361328,-12.971114158630371
-197.12203979492188,-12.595747947692871
-195.4698028564453,-12.202924728393555
-192.55398559570312,-11.535943031311035
-190.97865295410156,-11.189722061157227
-189.3936004638672,-10.851075172424316
-187.79898071289062,-10.51830768585205
-186.08799743652344,-10.165563583374023
-184.4774932861328,-9.836960792541504
-182.9691925048828,-9.533915519714355
-181.34146118164062,-9.214773178100586
-179.69827270507812,-8.905512809753418
-178.04507446289062,-8.608877182006836
-176.27320861816406,-8.304336547851562
-174.49082946777344,-8.011396408081055
-172.69488525390625,-7.735212326049805
-170.88717651367188,-7.472226619720459
-169.29769897460938,-7.25095796585083
-166.09378051757812,-6.829216480255127
-164.24893188476562,-6.603409290313721
-162.5100860595703,-6.404582977294922
-160.87852478027344,-6.228486061096191
-159.35641479492188,-6.070505619049072
-157.4745635986328,-5.880979537963867
-155.82040405273438,-5.720538139343262
-154.27720642089844,-5.5775957107543945
-152.7268829345703,-5.441636085510254
-151.170166015625,-5.311803340911865
-149.3662872314453,-5.168556213378906
-147.79588317871094,-5.05003023147583
-146.218994140625,-4.936428546905518
-144.6359405517578,-4.827847480773926
-143.0466766357422,-4.72488260269165
-141.45094299316406,-4.627627849578857
-139.60183715820312,-4.522769927978516
-137.99270629882812,-4.438188076019287
-136.12831115722656,-4.348238945007324
-134.50595092773438,-4.27735710144043
-132.75189208984375,-4.208005905151367
-131.24282836914062,-4.154036521911621
-129.60214233398438,-4.100900650024414
-127.95539093017578,-4.053077220916748
-126.43003845214844,-4.013152599334717
-124.771728515625,-3.974412441253662
-123.10745239257812,-3.940065622329712
-121.56611633300781,-3.912667751312256
-120.01994323730469,-3.889955520629883
-118.46885681152344,-3.8720486164093018
-116.78286743164062,-3.857442617416382
-115.0912094116211,-3.8473122119903564
-113.39395141601562,-3.8417060375213623
-111.69100952148438,-3.8408076763153076
-109.9823226928711,-3.8444535732269287
-108.26811218261719,-3.852433204650879
-106.54853057861328,-3.8654229640960693
-104.82441711425781,-3.884108781814575
-103.1012954711914,-3.9085466861724854
-101.50703430175781,-3.9357080459594727
-99.77018737792969,-3.968843460083008
-98.02671813964844,-4.005923271179199
-95.74403381347656,-4.0621562004089355
-94.12705993652344,-4.108288288116455
-92.2344970703125,-4.16920280456543
-90.60907745361328,-4.227489948272705
-88.8441390991211,-4.296936511993408
-85.57222747802734,-4.440649032592773
-83.93060302734375,-4.518313884735107
-82.28489685058594,-4.599123954772949
-80.63492584228516,-4.6832380294799805
-78.9811782836914,-4.771076679229736
-77.18540954589844,-4.870851516723633
-75.24635314941406,-4.983675003051758
-72.60611724853516,-5.143860816955566
-70.93342590332031,-5.24833869934082
-69.2566146850586,-5.354595184326172
-67.43541717529297,-5.470974922180176
-65.75017547607422,-5.579400062561035
-64.20185852050781,-5.679833889007568
-62.50892639160156,-5.790438175201416
-60.811927795410156,-5.902131080627441
-59.25273895263672,-6.005343437194824
-57.54782485961914,-6.118730545043945
-55.838829040527344,-6.23269510269165
-54.125850677490234,-6.347079277038574
-52.40872573852539,-6.4617018699646
-50.54391098022461,-6.586013317108154
-48.5303955078125,-6.720165252685547
-46.944435119628906,-6.825620651245117
-45.06578826904297,-6.950287342071533
-43.18263626098633,-7.075153827667236
-41.29482650756836,-7.200087547302246
-39.548133850097656,-7.315301418304443
-37.79734802246094,-7.430099964141846
-35.89607620239258,-7.553895473480225
-33.99028778076172,-7.677351474761963
-32.374122619628906,-7.781752586364746
-30.60702896118164,-7.895666599273682
-28.688133239746094,-8.019187927246094
-26.9129581451416,-8.133461952209473
-24.985610961914062,-8.2578125
-23.202472686767578,-8.37325382232666
-21.266433715820312,-8.498860359191895
-19.475265502929688,-8.61531925201416
-17.68020248413086,-8.732430458068848
-15.731191635131836,-8.860183715820312
-13.92834186553955,-8.979375839233398
-12.42319107055664,-9.079662322998047
-10.613788604736328,-9.201495170593262
-8.800849914550781,-9.324886322021484
-6.832510471343994,-9.459772109985352
-5.011440277099609,-9.585124015808105
-3.490999460220337,-9.689865112304688
-1.6630996465682983,-9.816280364990234
0.01564299874007702,-9.933117866516113
1.5444962978363037,-10.040210723876953
3.3825013637542725,-10.169882774353027
5.2241411209106445,-10.300577163696289
7.069427967071533,-10.432215690612793
8.609768867492676,-10.542659759521484
10.461259841918945,-10.675628662109375
12.316275596618652,-10.808974266052246
14.330050468444824,-10.954008102416992
16.192949295043945,-11.088674545288086
18.05948257446289,-11.224531173706055
19.92941665649414,-11.361371994018555
21.802570343017578,-11.499183654785156
23.679224014282227,-11.637412071228027
25.245880126953125,-11.75270938873291
27.129362106323242,-11.891196250915527
28.701805114746094,-12.00720500946045
30.434223175048828,-12.13567066192627
32.01152801513672,-12.253396987915039
33.90739822387695,-12.395819664001465
35.80685043334961,-12.539278984069824
37.70980453491211,-12.683355331420898
39.616207122802734,-12.827605247497559
41.526058197021484,-12.97192668914795
43.12025833129883,-13.09204387664795
44.87673568725586,-13.22400951385498
46.47612380981445,-13.343740463256836
48.398502349853516,-13.48703670501709
50.32419204711914,-13.629672050476074
51.9315299987793,-13.747869491577148
53.5412712097168,-13.865336418151855
55.314701080322266,-13.99390697479248
57.25263214111328,-14.133844375610352
59.03199005126953,-14.262246131896973
60.97616958618164,-14.402755737304688
62.76107406616211,-14.532288551330566
64.71141815185547,-14.674361228942871
66.50221252441406,-14.804993629455566
68.45896911621094,-14.947917938232422
70.2550048828125,-15.07952880859375
72.21286010742188,-15.223845481872559
74.17255401611328,-15.368904113769531
76.1380615234375,-15.514754295349121
78.27141571044922,-15.672968864440918
80.24150085449219,-15.81879711151123
81.8859634399414,-15.940423965454102
83.8631591796875,-16.086353302001953
85.512451171875,-16.207923889160156
87.49371337890625,-16.353723526000977
89.47832489013672,-16.49907684326172
91.13439178466797,-16.61990737915039
93.12409973144531,-16.764623641967773
94.78456115722656,-16.885311126708984
96.28070831298828,-16.994224548339844
97.94475555419922,-17.115385055541992
100.27751922607422,-17.28572654724121
101.77920532226562,-17.395545959472656
103.282470703125,-17.505762100219727
104.95450592041016,-17.628658294677734
106.46109771728516,-17.739538192749023
108.13711547851562,-17.86271095275879
109.81515502929688,-17.985559463500977
111.49529266357422,-18.10793685913086
113.009033203125,-18.21779441833496
114.69276428222656,-18.339826583862305
116.37847137451172,-18.46207046508789
118.06617736816406,-18.58466148376465
119.75592041015625,-18.707509994506836
121.44775390625,-18.8306884765625
123.1415023803711,-18.954126358032227
124.66754150390625,-19.065439224243164
126.364990234375,-19.189388275146484
127.89442443847656,-19.301185607910156
129.4255828857422,-19.413217544555664
131.12863159179688,-19.538320541381836
132.83273315429688,-19.664077758789062
134.36483764648438,-19.77775001525879
136.2306365966797,-19.91695213317871
137.74864196777344,-20.030658721923828
139.42430114746094,-20.156408309936523
141.08702087402344,-20.281307220458984
143.22833251953125,-20.44194793701172
145.1835479736328,-20.588287353515625
146.7971649169922,-20.708852767944336
148.3967742919922,-20.828258514404297
149.98292541503906,-20.946189880371094
151.55650329589844,-21.062702178955078
153.1173553466797,-21.17759132385254
154.66519165039062,-21.29015350341797
156.19862365722656,-21.400632858276367
157.7178497314453,-21.509170532226562
159.2235107421875,-21.615863800048828
161.1614227294922,-21.751628875732422
163.0784454345703,-21.883577346801758
164.97442626953125,-22.01241111755371
166.8508758544922,-22.138845443725586
168.7093963623047,-22.263887405395508
170.68936157226562,-22.39468002319336
172.36703491210938,-22.502199172973633
174.16212463378906,-22.614423751831055
175.93222045898438,-22.72171974182129
177.5437469482422,-22.81563377380371
179.39756774902344,-22.918563842773438
180.96353149414062,-23.001537322998047
182.6369171142578,-23.08652114868164
184.28744506835938,-23.166248321533203
185.9160614013672,-23.240903854370117
187.52120971679688,-23.30929946899414
189.46302795410156,-23.3846435546875
191.01327514648438,-23.438617706298828
192.54006958007812,-23.486345291137695
194.27322387695312,-23.535076141357422
196.20062255859375,-23.58002471923828
198.08847045898438,-23.61272621154785
199.8307647705078,-23.631948471069336
201.53982543945312,-23.64028549194336
203.32086181640625,-23.635887145996094
204.86500549316406,-23.61954689025879
206.58473205566406,-23.58563995361328
208.27200317382812,-23.534208297729492
210.02328491210938,-23.459575653076172
211.64431762695312,-23.369380950927734
213.1415557861328,-23.26608657836914
214.7024383544922,-23.13688850402832
216.23358154296875,-22.988338470458984
217.8234100341797,-22.81028175354004
219.5528106689453,-22.588279724121094
221.3274383544922,-22.326126098632812
223.06246948242188,-22.031309127807617
224.60044860839844,-21.7340087890625
226.19068908691406,-21.390527725219727
227.75335693359375,-21.01436424255371
229.3698272705078,-20.58470344543457
230.9640350341797,-20.12175941467285
232.45938110351562,-19.645164489746094
234.1495819091797,-19.04540252685547
235.59228515625,-18.476245880126953
237.15174865722656,-17.804895401000977
238.67721557617188,-17.084644317626953
240.16189575195312,-16.31015968322754
241.4757843017578,-15.561101913452148
242.88865661621094,-14.698806762695312
244.33599853515625,-13.76733112335205
245.6355438232422,-12.896245956420898
246.9843292236328,-11.974502563476562
248.24009704589844,-11.0680570602417
249.5756072998047,-10.040207862854004
250.8760986328125,-8.98370361328125
252.11361694335938,-7.973717212677002
253.29702758789062,-7.025727272033691
254.60643005371094,-6.014822006225586
255.93284606933594,-5.040014743804932
257.2807922363281,-4.110821723937988
258.65081787109375,-3.22941517829895
259.98101806640625,-2.4342453479766846
261.3921813964844,-1.6558382511138916
262.886962890625,-0.9083545207977295
264.34619140625,-0.2592061161994934
265.7662353515625,0.3051356375217438
267.20721435546875,0.801860511302948
268.6651611328125,1.2434282302856445
270.1435241699219,1.6350377798080444
271.63275146484375,1.9906243085861206
273.1393127441406,2.3088345527648926
274.8040771484375,2.599156618118286
276.34832763671875,2.8134520053863525
277.99554443359375,2.973802089691162
279.50933837890625,3.0815649032592773
281.0408935546875,3.16443133354187
282.66815185546875,3.2012507915496826
284.464599609375,3.1895246505737305
285.9827575683594,3.146042585372925
287.67095947265625,3.0580878257751465
289.22265625,2.9439895153045654
290.7914733886719,2.8005831241607666
292.37396240234375,2.6266181468963623
293.8907165527344,2.429969072341919
295.5018310546875,2.1907742023468018
297.0447692871094,1.9354671239852905
298.598876953125,1.6508985757827759
300.0806579589844,1.3504266738891602
301.57183837890625,1.0202716588974
303.07159423828125,0.660829484462738
304.6623229980469,0.24928072094917297
306.176025390625,-0.1745355874300003
307.6969909667969,-0.6305139660835266
309.3105773925781,-1.141452670097351
310.93212890625,-1.6798654794692993
312.56146240234375,-2.2473485469818115
314.0255126953125,-2.7795286178588867
315.581787109375,-3.3682782649993896
317.23187255859375,-4.0186052322387695
318.6273193359375,-4.586699485778809
320.0289306640625,-5.17121696472168
321.4374694824219,-5.770143508911133
323.03033447265625,-6.459949970245361
324.54315185546875,-7.126482009887695
325.97540283203125,-7.765939712524414
327.5072937011719,-8.4559907913208
329.1388854980469,-9.195904731750488
330.5077209472656,-9.819570541381836
332.16455078125,-10.575749397277832
333.5547790527344,-11.20964241027832
335.1408386230469,-11.932201385498047
336.6477355957031,-12.61881160736084
338.1658020019531,-13.311065673828125
339.69256591796875,-14.007733345031738
341.2302551269531,-14.71031379699707
342.6819152832031,-15.374628067016602
344.23956298828125,-16.088882446289062
345.9046325683594,-16.855148315429688
347.4822692871094,-17.583629608154297
349.0704345703125,-18.31781768798828
350.667724609375,-19.05780601501465
352.0733337402344,-19.710575103759766
353.6886291503906,-20.464275360107422
355.2105712890625,-21.179096221923828
356.6375427246094,-21.853412628173828
358.2766418457031,-22.632610321044922
359.718017578125,-23.321393966674805
361.3730163574219,-24.116230010986328
362.8277587890625,-24.818788528442383
364.3931884765625,-25.579334259033203
365.8606872558594,-26.296470642089844
367.3343505859375,-27.020721435546875
368.7078857421875,-27.699474334716797
370.1927795410156,-28.4366512298584
371.5773010253906,-29.12701988220215
373.07476806640625,-29.876018524169922
374.47088623046875,-30.576650619506836
375.8726501464844,-31.2819766998291
377.3886413574219,-32.04667282104492
378.8027038574219,-32.760826110839844
380.33233642578125,-33.534149169921875
381.868896484375,-34.3118896484375
383.4118957519531,-35.09450912475586
385.07232666015625,-35.93895721435547
386.8511962890625,-36.84697723388672
388.3023376464844,-37.59016418457031
389.6463623046875,-38.28057098388672
391.1074523925781,-39.03333282470703
392.6865234375,-39.85009002685547
394.4979553222656,-40.79133224487305
395.9749755859375,-41.56245803833008
397.5708923339844,-42.39912033081055
399.4013977050781,-43.36326217651367
400.77886962890625,-44.09187698364258
402.2757873535156,-44.88629913330078
403.7771301269531,-45.68587875366211
405.1667175292969,-46.428924560546875
406.55975341796875,-47.17728042602539
408.1891174316406,-48.0575065612793
409.7062683105469,-48.88142395019531
411.2273864746094,-49.711483001708984
412.7491149902344,-50.54580307006836
414.27044677734375,-51.38390350341797
415.7974853515625,-52.22907638549805
417.5673828125,-53.21470260620117
419.1009826660156,-54.076045989990234
420.6361083984375,-54.94488525390625
422.29345703125,-55.89035415649414
423.7157287597656,-56.70740509033203
425.02044677734375,-57.46139144897461
426.6834716796875,-58.428863525390625
428.2300720214844,-59.335575103759766
429.77764892578125,-60.250465393066406
431.2071533203125,-61.102577209472656
432.51861572265625,-61.89035415649414
434.0696105957031,-62.829551696777344
435.62158203125,-63.77725601196289
437.1749572753906,-64.73331451416016
438.4906311035156,-65.54853820800781
440.166748046875,-66.59400177001953
441.7244873046875,-67.57295989990234
443.0433044433594,-68.40792846679688
444.7224426269531,-69.47991180419922
446.28228759765625,-70.48479461669922
448.0828857421875,-71.65534210205078
449.6440734863281,-72.67933654785156
451.206298828125,-73.71170043945312
452.77020263671875,-74.75155639648438
454.2156677246094,-75.71735382080078
455.7834777832031,-76.76998138427734
457.4737854003906,-77.91110229492188
459.04498291015625,-78.97803497314453
460.6177673339844,-80.05218505859375
462.1922912597656,-81.13310241699219
463.6474304199219,-82.1366958618164
465.2258605957031,-83.22994995117188
466.8061218261719,-84.32942199707031
468.2661437988281,-85.35042572021484
469.7273254394531,-86.3775863647461
471.1896667480469,-87.41073608398438
472.77484130859375,-88.53694915771484
474.36090087890625,-89.67079162597656
476.0695495605469,-90.90067291259766
477.5347900390625,-91.96212005615234
478.87847900390625,-92.94085693359375
480.4670104980469,-94.1046142578125
481.689453125,-95.00508117675781
483.1572265625,-96.09125518798828
484.38134765625,-97.00071716308594
485.85174560546875,-98.09693145751953
487.0782470703125,-99.01437377929688
488.3056945800781,-99.93525695800781
489.5339050292969,-100.85993957519531
491.1318359375,-102.06790924072266
492.6079406738281,-103.18883514404297
493.8388366699219,-104.12723541259766
495.3169250488281,-105.25851440429688
496.7960510253906,-106.39543914794922
498.27655029296875,-107.53766632080078
499.7582092285156,-108.68533325195312
501.1172790527344,-109.7422103881836
502.6004943847656,-110.90087127685547
503.96075439453125,-111.96826171875
505.1979064941406,-112.94288635253906
506.683349609375,-114.1176528930664
508.1697082519531,-115.2980728149414
509.5328674316406,-116.3851089477539
511.0208435058594,-117.57625579833984
512.261474609375,-118.57305145263672
513.8753662109375,-119.87451171875
515.3660888671875,-121.08148193359375
516.8576049804688,-122.29396057128906
518.1010131835938,-123.30862426757812
519.8419799804688,-124.73614501953125
521.0855102539062,-125.76099395751953
522.5775756835938,-126.99671173095703
523.9452514648438,-128.1350860595703
525.4371337890625,-129.383056640625
526.8046264648438,-130.53253173828125
528.2960815429688,-131.7925567626953
529.78662109375,-133.05941772460938
531.2759399414062,-134.3336181640625
532.7638549804688,-135.61534118652344
534.2501220703125,-136.90481567382812
535.4859008789062,-137.98423767089844
536.9642333984375,-139.2841796875
538.4410400390625,-140.5925750732422
539.91845703125,-141.9108123779297
541.2705688476562,-143.12466430664062
542.7432861328125,-144.4539337158203
544.3378295898438,-145.90245056152344
545.8067626953125,-147.2479705810547
547.271240234375,-148.60171508789062
548.7324829101562,-149.96444702148438
549.9480590820312,-151.10658264160156
551.0403442382812,-152.13888549804688
552.1315307617188,-153.17503356933594
553.2219848632812,-154.2147216796875
554.3118896484375,-155.25775146484375
555.401123046875,-156.30398559570312
556.4896850585938,-157.35337829589844
557.9400634765625,-158.7574920654297
559.0274047851562,-159.81434631347656
560.114501953125,-160.87417602539062
561.2015991210938,-161.93666076660156
562.2890014648438,-163.00160217285156
563.4974365234375,-164.187744140625
564.585205078125,-165.2577667236328
565.9146118164062,-166.5688934326172
567.001953125,-167.6447296142578
568.3302612304688,-168.9636688232422
569.41650390625,-170.04617309570312
570.5021362304688,-171.13177490234375
571.5875244140625,-172.22030639648438
572.9140014648438,-173.5543670654297
573.9990234375,-174.64883422851562
575.3247680664062,-175.99021911621094
576.6500854492188,-177.335693359375
577.9749145507812,-178.68528747558594
579.2991943359375,-180.03912353515625
580.3823852539062,-181.14988708496094
581.4653930664062,-182.26333618164062
582.5482788085938,-183.37945556640625
583.6309204101562,-184.49819946289062
584.7131958007812,-185.6196746826172
585.794677734375,-186.74407958984375
586.8753051757812,-187.87161254882812
588.19482421875,-189.2542266845703
589.51318359375,-190.64170837402344
590.5911254882812,-191.78028869628906
591.9080200195312,-193.1758575439453
592.98486328125,-194.32083129882812
594.0611572265625,-195.46864318847656
595.1369018554688,-196.6192626953125
596.2122192382812,-197.7727508544922
597.2872314453125,-198.9290008544922
598.3619384765625,-200.08792114257812
599.4365234375,-201.24937438964844
600.7499389648438,-202.6723175048828
601.8246459960938,-203.83905029296875
602.8994140625,-205.00782775878906
603.9739379882812,-206.17897033691406
605.2866821289062,-207.61402893066406
606.5986938476562,-209.05320739746094
607.7905883789062,-210.36529541015625
608.8626098632812,-211.5492401123047
609.93408203125,-212.73594665527344
611.1240844726562,-214.05772399902344
612.194580078125,-215.250244140625
613.2647094726562,-216.44528198242188
614.4534301757812,-217.7760772705078
615.8798217773438,-219.3768768310547
617.1876220703125,-220.8477783203125
618.3772583007812,-222.1875
619.44873046875,-223.3950958251953
620.521240234375,-224.60415649414062
621.9529418945312,-226.2181396484375
623.2674560546875,-227.6991424560547
624.464599609375,-229.0465545654297
625.5440063476562,-230.25994873046875
626.8660278320312,-231.74378967285156
628.0704956054688,-233.09339904785156
629.3986206054688,-234.578369140625
630.8515014648438,-236.19857788085938
631.9441528320312,-237.41375732421875
633.0391235351562,-238.6291046142578
634.258544921875,-239.97964477539062
635.3587036132812,-241.1948699951172
636.58447265625,-242.54437255859375
637.6917724609375,-243.7573699951172
638.927001953125,-245.10345458984375
640.0429077148438,-246.31370544433594
641.2869873046875,-247.65745544433594
642.7857666015625,-249.2681884765625
644.2915649414062,-250.87603759765625
646.0573120117188,-252.74850463867188
647.1973266601562,-253.9507293701172
648.4683227539062,-255.28512573242188
649.7448120117188,-256.6168212890625
650.89892578125,-257.8123779296875
652.1873779296875,-259.1376953125
653.4818115234375,-260.4601135253906
654.7822875976562,-261.7794189453125
656.3514404296875,-263.3575744628906
657.666748046875,-264.6678466796875
658.8566284179688,-265.8432312011719
660.185791015625,-267.1448059082031
661.3882446289062,-268.3121643066406
662.5967407226562,-269.4752197265625
663.9473266601562,-270.7618103027344
665.170166015625,-271.91424560546875
666.6739501953125,-273.3161926269531
667.9111938476562,-274.4583740234375
669.2928466796875,-275.7225341796875
670.5428466796875,-276.85546875
671.9390258789062,-278.108642578125
673.343017578125,-279.35589599609375
674.61328125,-280.47332763671875
676.0320434570312,-281.70916748046875
677.4581909179688,-282.9391174316406
678.8916015625,-284.1633605957031
680.3325805664062,-285.38165283203125
681.7811279296875,-286.59368896484375
683.0911865234375,-287.6792907714844
684.5531005859375,-288.8806457519531
686.020751953125,-290.07806396484375
687.1982421875,-291.0337829589844
688.6738891601562,-292.22589111328125
690.1541748046875,-293.41485595703125
691.6409912109375,-294.5983581542969
693.1365966796875,-295.7730407714844
694.6421508789062,-296.9371337890625
696.1577758789062,-298.09075927734375
697.6827392578125,-299.23541259765625
699.2157592773438,-300.3726806640625
700.755615234375,-301.503662109375
702.3016967773438,-302.62860107421875
703.8543090820312,-303.74688720703125
705.257568359375,-304.7470703125
706.6669311523438,-305.7406311035156
708.2404174804688,-306.8360900878906
709.8222045898438,-307.92230224609375
711.4122924804688,-308.9993591308594
713.0103759765625,-310.0675354003906
714.6165771484375,-311.1266784667969
716.5547485351562,-312.3854675292969
717.8532104492188,-313.2171630859375
719.4835815429688,-314.24798583984375
721.1224365234375,-315.2682800292969
722.6046752929688,-316.1776123046875
724.0934448242188,-317.0791320800781
725.754638671875,-318.072509765625
727.2557983398438,-318.9590759277344
728.7628784179688,-319.83837890625
730.2756958007812,-320.710693359375
731.793701171875,-321.5768127441406
733.3165283203125,-322.43731689453125
734.8441162109375,-323.292236328125
736.5471801757812,-324.2350158691406
738.08544921875,-325.0762939453125
739.8009033203125,-326.00250244140625
741.5226440429688,-326.919921875
743.076171875,-327.73828125
744.8043212890625,-328.6388244628906
746.3591918945312,-329.4404296875
747.9122314453125,-330.2325744628906
749.6342163085938,-331.1011962890625
751.3512573242188,-331.95751953125
752.8911743164062,-332.7177429199219
754.5948486328125,-333.5513000488281
756.2896118164062,-334.3739929199219
757.8065795898438,-335.10614013671875
759.3150024414062,-335.83135986328125
760.814208984375,-336.55059814453125
762.3033447265625,-337.26409912109375
763.9456787109375,-338.050048828125
765.574462890625,-338.82867431640625
767.0285034179688,-339.5230407714844
768.47216796875,-340.21185302734375
769.9061889648438,-340.8956298828125
771.4879150390625,-341.64959716796875
773.0568237304688,-342.39739990234375
774.6128540039062,-343.138671875
776.1561279296875,-343.8728332519531
777.687744140625,-344.60015869140625
779.2085571289062,-345.3209228515625
780.71728515625,-346.03497314453125
782.6608276367188,-346.9534912109375
784.5855102539062,-347.8611755371094
786.0526733398438,-348.5519714355469
787.5075073242188,-349.2361145019531
789.2366333007812,-350.0484619140625
790.6635131835938,-350.71807861328125
792.0777587890625,-351.38128662109375
793.6195678710938,-352.1032409667969
795.008544921875,-352.7527770996094
796.3854370117188,-353.3959045410156
798.15771484375,-354.2229919433594
799.7754516601562,-354.9774169921875
801.5079345703125,-355.783935546875
803.0889282226562,-356.5180358886719
804.6526489257812,-357.2422180175781
806.3274536132812,-358.0156555175781
807.8558959960938,-358.7196044921875
809.3675537109375,-359.4142150878906
810.9861450195312,-360.1568603515625
812.4622192382812,-360.8332214355469
813.9203491210938,-361.5008544921875
815.4794921875,-362.2144775390625
816.8991088867188,-362.86444091796875
818.2997436523438,-363.50653076171875
819.9107055664062,-364.2468566894531
821.4974975585938,-364.9784240722656
823.0607299804688,-365.7012939453125
824.4900512695312,-366.3643493652344
825.8970336914062,-367.0191345214844
827.28076171875,-367.6662292480469
828.7444458007812,-368.3548889160156
830.2820434570312,-369.0841979980469
831.7883911132812,-369.80560302734375
833.16552734375,-370.4718933105469
834.5147705078125,-371.13189697265625
836.1165771484375,-371.9254150390625
837.68017578125,-372.7112121582031
839.0302734375,-373.3990783691406
840.5272827148438,-374.17315673828125
841.904052734375,-374.8984375
843.3340454101562,-375.6681823730469
844.81298828125,-376.48382568359375
846.2567138671875,-377.3005065917969
847.5894165039062,-378.07391357421875
849.0433349609375,-378.9414978027344
850.45849609375,-379.81341552734375
851.7637939453125,-380.6451110839844
853.1756591796875,-381.58111572265625
854.4844970703125,-382.4879455566406
856.953125,-384.3224182128906
858.1795043945312,-385.3055419921875
859.50048828125,-386.42529296875
860.7840576171875,-387.5784606933594
861.910400390625,-388.6510925292969
863.1134033203125,-389.8698425292969
864.21484375,-391.0635070800781
865.2720947265625,-392.28814697265625
866.2366333007812,-393.477294921875
867.209228515625,-394.75421142578125
868.1817016601562,-396.1217956542969
869.0597534179688,-397.4486083984375
869.8427124023438,-398.73272705078125
870.6564331054688,-400.1746826171875
871.4219360351562,-401.63604736328125
872.176513671875,-403.18255615234375
872.8239135742188,-404.59906005859375
873.4264526367188,-406.0271911621094
873.9984741210938,-407.5435791015625
874.4810180664062,-409.0105895996094
874.9352416992188,-410.5766906738281
875.337158203125,-412.1707458496094
875.6594848632812,-413.6357727050781
875.9635620117188,-415.2904968261719
876.1809692382812,-416.8162841796875
876.3565673828125,-418.3591003417969
876.4976196289062,-419.9248962402344
876.5899658203125,-421.5096435546875
876.6351318359375,-423.1104736328125
876.642333984375,-424.6436462402344
876.6094360351562,-426.3599853515625
876.530517578125,-427.9993896484375
876.4057006835938,-429.6476135253906
876.237060546875,-431.3016357421875
876.0366821289062,-432.87060546875
875.7835693359375,-434.52764892578125
875.488525390625,-436.1850280761719
875.1705932617188,-437.75384521484375
874.8377685546875,-439.2335510253906
874.451416015625,-440.79815673828125
874.0057983398438,-442.44830322265625
873.5446166992188,-444.0090026855469
873.0090942382812,-445.6510925292969
872.4551391601562,-447.20245361328125
871.8610229492188,-448.75067138671875
871.1998901367188,-450.3843078613281
870.5062255859375,-452.0183410644531
869.8988037109375,-453.3966979980469
869.2716064453125,-454.7799377441406
868.6263427734375,-456.1689453125
867.9662475585938,-457.5634460449219
867.2922973632812,-458.96435546875
866.6063232421875,-460.3731689453125
865.90966796875,-461.7894287109375
865.0240478515625,-463.569091796875
864.2586059570312,-465.09112548828125
863.5746459960938,-466.4427185058594
862.8369750976562,-467.8929748535156
862.0447387695312,-469.443359375
861.2903442382812,-470.9114685058594
860.5761108398438,-472.29437255859375
859.7617797851562,-473.8601379394531
858.994873046875,-475.3207702636719
858.2273559570312,-476.7646484375
857.4570922851562,-478.1896057128906
856.7308349609375,-479.50311279296875
855.947021484375,-480.87908935546875
855.0484619140625,-482.39697265625
854.2330322265625,-483.7171936035156
853.2951049804688,-485.1723327636719
852.4429321289062,-486.4402160644531
851.5755615234375,-487.68377685546875
850.6375122070312,-488.9803771972656
849.6803588867188,-490.2531433105469
848.5828247070312,-491.64361572265625
847.5128173828125,-492.9269714355469
846.3508911132812,-494.2440185546875
845.1575317382812,-495.5215759277344
843.9356079101562,-496.7613525390625
842.8194580078125,-497.8381652832031
841.6812133789062,-498.88165283203125
840.4534912109375,-499.9510803222656
839.20361328125,-500.9837341308594
838.0039672851562,-501.92474365234375
836.7850341796875,-502.8292236328125
835.5474853515625,-503.6971130371094
834.2929077148438,-504.5296325683594
832.9483642578125,-505.37396240234375
831.4351806640625,-506.26434326171875
829.9013671875,-507.09930419921875
828.4263305664062,-507.84033203125
826.9369506835938,-508.53594970703125
825.3567504882812,-509.2213134765625
823.9234008789062,-509.79052734375
822.3974609375,-510.3442077636719
820.9370727539062,-510.82513427734375
819.3795166015625,-511.2901916503906
817.8052368164062,-511.71429443359375
816.1298217773438,-512.1201782226562
814.4353637695312,-512.4824829101562
812.7216796875,-512.8040771484375
810.9869384765625,-513.0811157226562
809.49658203125,-513.2804565429688
807.72216796875,-513.4690551757812
806.1045532226562,-513.595947265625
804.4708251953125,-513.6840209960938
802.9138793945312,-513.7357177734375
801.343017578125,-513.7564086914062
799.75927734375,-513.7468872070312
798.2576904296875,-513.7124633789062
796.7454833984375,-513.6531982421875
795.2232055664062,-513.5687255859375
793.5953979492188,-513.4511108398438
791.8603515625,-513.297119140625
790.2108764648438,-513.124267578125
788.4532470703125,-512.9140014648438
786.8817138671875,-512.70458984375
785.2030029296875,-512.4574584960938
783.6151123046875,-512.2013549804688
781.920166015625,-511.902587890625
780.2171020507812,-511.576171875
778.405029296875,-511.2029113769531
776.787841796875,-510.84716796875
775.0632934570312,-510.4420166015625
773.4345703125,-510.0335998535156
771.8002319335938,-509.6016540527344
770.2631225585938,-509.1761779785156
768.411865234375,-508.64105224609375
766.966796875,-508.2078552246094
765.517333984375,-507.7598876953125
764.0633544921875,-507.29779052734375
762.6052856445312,-506.8210754394531
761.0388793945312,-506.2937927246094
759.2591552734375,-505.673828125
757.5795288085938,-505.0689697265625
756.1062622070312,-504.5239562988281
754.5234985351562,-503.9252014160156
752.9364013671875,-503.310791015625
751.3445434570312,-502.6822509765625
749.747802734375,-502.041259765625
748.2527465820312,-501.4322204589844
746.6460571289062,-500.7676696777344
745.0341796875,-500.091064453125
743.30908203125,-499.3568115234375
741.685302734375,-498.6584167480469
740.0550537109375,-497.9512939453125
738.4187622070312,-497.23565673828125
736.6666870117188,-496.4624328613281
735.0176391601562,-495.7281188964844
733.2514038085938,-494.935546875
731.5889892578125,-494.1844787597656
729.9200439453125,-493.4254150390625
728.1325073242188,-492.6070861816406
726.2245483398438,-491.72857666015625
724.7593994140625,-491.051025390625
723.0621948242188,-490.2632751464844
721.3576049804688,-489.46954345703125
719.7601928710938,-488.7237548828125
718.3856811523438,-488.0810852050781
717.0061645507812,-487.43560791015625
715.2745971679688,-486.6253356933594
713.6511840820312,-485.86627197265625
712.0205078125,-485.10467529296875
710.3823852539062,-484.3409729003906
708.61865234375,-483.52044677734375
706.846435546875,-482.69769287109375
705.0661010742188,-481.87274169921875
703.27734375,-481.0456848144531
701.8402099609375,-480.3827209472656
700.3977661132812,-479.7188415527344
698.7078857421875,-478.943603515625
696.888916015625,-478.1120300292969
695.1859130859375,-477.33612060546875
693.4813842773438,-476.56195068359375
691.6444091796875,-475.7301940917969
689.9183959960938,-474.9513244628906
688.1891479492188,-474.173583984375
686.5777587890625,-473.4513244628906
684.9585571289062,-472.7276306152344
683.209228515625,-471.9480895996094
681.454345703125,-471.1685791015625
680.0701293945312,-470.5553283691406
678.4287109375,-469.830078125
677.035888671875,-469.2162780761719
675.6392822265625,-468.60198974609375
674.1110229492188,-467.93121337890625
672.3222045898438,-467.1480407714844
670.9125366210938,-466.5321350097656
669.4989013671875,-465.9156799316406
668.0812377929688,-465.29833984375
666.2715454101562,-464.5113220214844
664.8455810546875,-463.8922119140625
663.415771484375,-463.2725524902344
661.982177734375,-462.65216064453125
660.5447387695312,-462.0311279296875
659.1035766601562,-461.4092102050781
657.26416015625,-460.61639404296875
655.4190063476562,-459.8223876953125
653.965087890625,-459.1976318359375
652.507568359375,-458.5719909667969
651.0463256835938,-457.94549560546875
649.5816040039062,-457.3177490234375
648.1134033203125,-456.6890869140625
646.6417236328125,-456.059326171875
644.7636108398438,-455.2565612792969
643.2837524414062,-454.625
641.80029296875,-453.99267578125
639.9072875976562,-453.1869201660156
638.4159545898438,-452.5530700683594
636.6488037109375,-451.80322265625
634.8765869140625,-451.05230712890625
632.9623413085938,-450.2422180175781
631.1798706054688,-449.48876953125
629.2550048828125,-448.67633056640625
627.4624633789062,-447.9213562011719
625.9417114257812,-447.2821350097656
624.5560302734375,-446.7008056640625
623.0283813476562,-446.06103515625
621.6364135742188,-445.4790954589844
620.2415161132812,-444.89691162109375
618.4236450195312,-444.13983154296875
617.0219116210938,-443.5572814941406
615.6171264648438,-442.97467041015625
614.209228515625,-442.3920593261719
612.7982788085938,-441.8095703125
610.9594116210938,-441.0526428222656
609.5413208007812,-440.47076416015625
608.1199951171875,-439.8892822265625
606.6954345703125,-439.3082275390625
605.1248168945312,-438.669677734375
603.693603515625,-438.08966064453125
602.2591552734375,-437.5102233886719
600.6776123046875,-436.8736572265625
599.2364501953125,-436.2958984375
597.6473388671875,-435.6615295410156
596.05419921875,-435.0284423828125
594.6024169921875,-434.4540100097656
593.147216796875,-433.88055419921875
591.2506103515625,-433.1362609863281
589.7879028320312,-432.56463623046875
588.3220825195312,-431.993896484375
586.85302734375,-431.4240417480469
585.3807373046875,-430.8551025390625
583.757568359375,-430.2303161621094
582.2785034179688,-429.6632080078125
580.7962036132812,-429.0971984863281
579.3106689453125,-428.5322265625
577.8219604492188,-427.9681396484375
576.1806640625,-427.3487243652344
574.6852416992188,-426.7867431640625
573.0364990234375,-426.17034912109375
571.233154296875,-425.5006103515625
569.7263793945312,-424.9454345703125
568.064453125,-424.33837890625
566.3977661132812,-423.7352600097656
564.8786010742188,-423.1900329589844
563.2030639648438,-422.5935974121094
561.6759643554688,-422.054443359375
560.1452026367188,-421.5185852050781
558.4569091796875,-420.93328857421875
556.9180908203125,-420.4049377441406
555.3753662109375,-419.88018798828125
553.6738891601562,-419.3072204589844
552.1231079101562,-418.7900390625
550.4129638671875,-418.22503662109375
548.8546142578125,-417.715087890625
547.1395874023438,-417.1593017578125
545.5784912109375,-416.6582946777344
544.0126342773438,-416.16070556640625
542.2833862304688,-415.6173095703125
540.5509033203125,-415.0792236328125
538.815673828125,-414.5465087890625
537.2337646484375,-414.0662841796875
535.4889526367188,-413.5428771972656
533.8998413085938,-413.0714111328125
532.307861328125,-412.6034851074219
530.7120971679688,-412.1387939453125
529.113037109375,-411.6773376464844
527.5112915039062,-411.2192077636719
525.7457885742188,-410.718994140625
524.1372680664062,-410.2677001953125
522.3643188476562,-409.77532958984375
520.7493286132812,-409.3320617675781
519.1309814453125,-408.8932800292969
517.3468627929688,-408.41595458984375
515.5586547851562,-407.94427490234375
513.7664184570312,-407.4783630371094
512.2969970703125,-407.1017761230469
510.6611328125,-406.688720703125
508.857666015625,-406.24078369140625
507.04998779296875,-405.800048828125
505.23822021484375,-405.36553955078125
503.4223937988281,-404.9370422363281
501.6027526855469,-404.5142822265625
499.7792663574219,-404.0980529785156
497.9518737792969,-403.68902587890625
496.1205139160156,-403.2872314453125
494.4521484375,-402.9281005859375
492.6130676269531,-402.53997802734375
490.93780517578125,-402.19378662109375
489.0911865234375,-401.8212890625
487.2404479980469,-401.4580993652344
485.38568115234375,-401.1033935546875
483.5270080566406,-400.7558288574219
481.8340759277344,-400.4453430175781
479.9684753417969,-400.1105651855469
478.26934814453125,-399.8131103515625
476.39678955078125,-399.4931640625
474.52069091796875,-399.18072509765625
472.8120422363281,-398.9036560058594
470.9290771484375,-398.60662841796875
469.21429443359375,-398.3421630859375
467.3248291015625,-398.056396484375
465.60443115234375,-397.8017883300781
463.88153076171875,-397.5523986816406
462.15606689453125,-397.3072509765625
460.60089111328125,-397.089111328125
458.8706970214844,-396.8494567871094
457.31158447265625,-396.63671875
455.5771484375,-396.4042053222656
454.0140686035156,-396.1982421875
452.448974609375,-395.9949951171875
450.7075500488281,-395.7720642089844
448.7893981933594,-395.5302429199219
446.86859130859375,-395.2920227050781
445.1200256347656,-395.0787658691406
443.3691711425781,-394.86907958984375
441.4406433105469,-394.6427917480469
439.50933837890625,-394.4211120605469
437.75103759765625,-394.2233581542969
435.81427001953125,-394.0092468261719
434.22772216796875,-393.8367919921875
432.4628601074219,-393.6485290527344
430.69580078125,-393.46380615234375
428.74951171875,-393.26446533203125
426.97772216796875,-393.0869140625
425.0262145996094,-392.89599609375
423.2499084472656,-392.726806640625
421.47137451171875,-392.56201171875
419.5124206542969,-392.38543701171875
417.5509033203125,-392.2139892578125
415.76544189453125,-392.062744140625
413.79901123046875,-391.9017639160156
412.009033203125,-391.7599182128906
410.0375061035156,-391.60833740234375
408.2429504394531,-391.4737243652344
406.2666931152344,-391.3288269042969
404.46807861328125,-391.2004089355469
402.4873352050781,-391.0625305175781
400.504150390625,-390.92803955078125
398.6990661621094,-390.8082580566406
396.7110900878906,-390.6790771484375
394.90191650390625,-390.5636291503906
391.4593505859375,-390.3494567871094
389.8262939453125,-390.2503356933594
388.0100402832031,-390.14215087890625
386.1917724609375,-390.035888671875
384.1894226074219,-389.9212646484375
382.18487548828125,-389.80950927734375
380.3607177734375,-389.7104797363281
378.3519287109375,-389.6048583984375
376.34088134765625,-389.5026550292969
374.5106201171875,-389.4126281738281
372.4950866699219,-389.316650390625
370.6607666015625,-389.2313537597656
368.82470703125,-389.1477966308594
366.8030090332031,-389.0584411621094
365.14739990234375,-388.9874572753906
363.4903259277344,-388.91827392578125
361.83172607421875,-388.8507995605469
359.987060546875,-388.7779235839844
358.14068603515625,-388.7071838378906
356.1077575683594,-388.6314697265625
354.0726013183594,-388.5574645996094
352.22039794921875,-388.4913330078125
350.1807861328125,-388.4197082519531
348.3248596191406,-388.3559265136719
346.4672546386719,-388.293701171875
344.60809326171875,-388.233642578125
342.7471923828125,-388.1760559082031
340.6982727050781,-388.1157531738281
338.8337707519531,-388.0633850097656
336.78082275390625,-388.0085144042969
334.7257995605469,-387.9563903808594
332.85577392578125,-387.910888671875
330.79656982421875,-387.8625183105469
328.7352600097656,-387.81573486328125
326.85980224609375,-387.77484130859375
325.3583068847656,-387.74322509765625
323.6678771972656,-387.70880126953125
321.7879333496094,-387.6719665527344
319.718017578125,-387.6331481933594
317.64617919921875,-387.59576416015625
315.76092529296875,-387.5631408691406
313.6851501464844,-387.5287170410156
311.98529052734375,-387.501708984375
310.094970703125,-387.4729919433594
308.2030334472656,-387.4458923339844
306.4989318847656,-387.4229736328125
304.4144592285156,-387.3969421386719
302.3281555175781,-387.3733215332031
300.4299011230469,-387.3536682128906
298.5299987792969,-387.3357849121094
296.62841796875,-387.3194274902344
295.10601806640625,-387.307373046875
293.2015075683594,-387.2936096191406
291.1046142578125,-387.2802429199219
289.005859375,-387.2686767578125
287.09619140625,-387.26019287109375
284.99383544921875,-387.25311279296875
282.8896484375,-387.24859619140625
281.1666259765625,-387.24700927734375
279.4424133300781,-387.24737548828125
277.5252380371094,-387.25018310546875
275.7984619140625,-387.255126953125
273.6864013671875,-387.2642517089844
271.764892578125,-387.27557373046875
269.8418273925781,-387.28973388671875
267.9172058105469,-387.30645751953125
265.7982482910156,-387.32720947265625
263.8702392578125,-387.34783935546875
261.7477111816406,-387.3722229003906
260.00982666015625,-387.39373779296875
257.88409423828125,-387.42205810546875
256.1435546875,-387.4471130371094
254.4019317626953,-387.4741516113281
252.46542358398438,-387.5068359375
250.91514587402344,-387.534912109375
248.97621154785156,-387.5728759765625
247.03590393066406,-387.61383056640625
237.1271514892578,-387.90167236328125
230.97421264648438,-388.08740234375
228.09262084960938,-388.17657470703125
227.10968017578125,-388.2077331542969
226.72476196289062,-388.2201843261719
226.6603546142578,-388.2223205566406
226.64071655273438,-388.2229919433594
226.63687133789062,-388.22314453125