x,z
132.66966247558594,-588.2346801757812
132.66372680664062,-588.2359008789062
132.5705108642578,-588.2550659179688
132.34642028808594,-588.30078125
131.6790008544922,-588.4360961914062
130.15614318847656,-588.74365234375
126.84821319580078,-589.4093017578125
120.17305755615234,-590.748291015625
112.34107971191406,-592.3114013671875
110.63276672363281,-592.6429443359375
108.92100524902344,-592.9744873046875
107.205810546875,-593.3063354492188
105.73300170898438,-593.5909423828125
104.01168823242188,-593.92333984375
102.28709411621094,-594.2562255859375
100.55921936035156,-594.5897827148438
99.07560729980469,-594.8763427734375
97.34174346923828,-595.2113647460938
95.6047134399414,-595.5470581054688
93.86448669433594,-595.8831787109375
92.12096405029297,-596.2196655273438
90.62385559082031,-596.5084838867188
89.12435913085938,-596.797607421875
87.3719253540039,-597.1351318359375
85.61616516113281,-597.4729614257812
84.10858917236328,-597.7625732421875
82.34668731689453,-598.1005249023438
80.58149719238281,-598.4387817382812
78.8131103515625,-598.7772827148438
77.2947769165039,-599.0677490234375
75.5204086303711,-599.4070434570312
73.86991119384766,-599.7225952148438
72.34390258789062,-600.01416015625
70.56048583984375,-600.3545532226562
68.77384185791016,-600.6950073242188
66.9840087890625,-601.0355834960938
65.3192138671875,-601.3519897460938
63.52338409423828,-601.6927490234375
61.981666564941406,-601.98486328125
60.43772506713867,-602.2771606445312
58.633663177490234,-602.6185302734375
56.9557991027832,-602.9360961914062
55.40469741821289,-603.22998046875
53.59236526489258,-603.5739135742188
51.777198791503906,-603.9191284179688
50.08906936645508,-604.2408447265625
48.398521423339844,-604.563720703125
46.835880279541016,-604.8626708984375
45.010196685791016,-605.212646484375
43.1816520690918,-605.5635986328125
41.350093841552734,-605.9153442382812
39.515525817871094,-606.2677612304688
37.67805099487305,-606.620849609375
35.8376579284668,-606.974365234375
34.25779342651367,-607.277587890625
32.543853759765625,-607.606201171875
30.695287704467773,-607.9602661132812
28.84380531311035,-608.3148803710938
27.254426956176758,-608.6192626953125
25.530153274536133,-608.9495239257812
23.9361629486084,-609.2547607421875
22.073598861694336,-609.6112670898438
20.20819854736328,-609.968505859375
18.340524673461914,-610.3265991210938
16.47347068786621,-610.68505859375
14.61138916015625,-611.0428466796875
12.758169174194336,-611.399169921875
11.178607940673828,-611.703125
9.347676277160645,-612.0560302734375
7.7896199226379395,-612.3568115234375
5.9863080978393555,-612.70556640625
4.199069976806641,-613.0516967773438
2.6797876358032227,-613.3463745117188
0.9222908020019531,-613.687744140625
-0.8186764717102051,-614.0263061523438
-2.5433309078216553,-614.3619995117188
-4.252455234527588,-614.695068359375
-5.946144104003906,-615.0254516601562
-7.623912811279297,-615.3529052734375
-9.403226852416992,-615.7003784179688
-11.045970916748047,-616.0213623046875
-12.555252075195312,-616.31640625
-14.277219772338867,-616.6527709960938
-15.86562442779541,-616.9625854492188
-17.658994674682617,-617.3114624023438
-19.31862449645996,-617.6333618164062
-20.848251342773438,-617.9290771484375
-22.466983795166016,-618.2410278320312
-23.95879554748535,-618.5274658203125
-25.433055877685547,-618.8094482421875
-27.199499130249023,-619.1456298828125
-28.83786392211914,-619.4556274414062
-30.352815628051758,-619.7406005859375
-31.946243286132812,-620.0383911132812
-33.61433792114258,-620.3482666015625
-35.16136169433594,-620.6339721679688
-36.780540466308594,-620.9314575195312
-38.28165054321289,-621.205810546875
-39.85171127319336,-621.4909057617188
-41.57746505737305,-621.8014526367188
-43.09574890136719,-622.0715942382812
-44.677730560302734,-622.3499145507812
-46.40521240234375,-622.6495361328125
-48.01762390136719,-622.92431640625
-49.60365676879883,-623.1890869140625
-51.164424896240234,-623.443359375
-52.70365524291992,-623.6871948242188
-54.22369384765625,-623.9207153320312
-55.72526550292969,-624.143798828125
-57.2103157043457,-624.3563842773438
-58.833045959472656,-624.5790405273438
-60.43561935424805,-624.7879028320312
-62.01704406738281,-624.9815673828125
-63.576717376708984,-625.158447265625
-65.18720245361328,-625.3241577148438
-66.77376556396484,-625.467529296875
-68.47875213623047,-625.5951538085938
-70.1598129272461,-625.6888427734375
-71.75276947021484,-625.7449340820312
-73.3993911743164,-625.766845703125
-74.96328735351562,-625.7506713867188
-76.5817642211914,-625.693603515625
-78.11933135986328,-625.5986328125
-79.64315032958984,-625.462890625
-81.15184783935547,-625.2845458984375
-82.64385986328125,-625.06298828125
-84.18470001220703,-624.7846069335938
-85.77500915527344,-624.441650390625
-87.3473892211914,-624.044677734375
-88.96100616455078,-623.5746459960938
-90.4919662475586,-623.0673217773438
-92.00768280029297,-622.5044555664062
-93.45124053955078,-621.90966796875
-94.82327270507812,-621.2884521484375
-96.18173217773438,-620.61669921875
-97.58226013183594,-619.862060546875
-98.9058837890625,-619.0875854492188
-100.26446533203125,-618.2252807617188
-101.65428924560547,-617.2706909179688
-102.90788269042969,-616.3424072265625
-104.13595581054688,-615.3680419921875
-105.33642578125,-614.3472900390625
-106.50807189941406,-613.2823486328125
-107.6021728515625,-612.2236328125
-108.71821594238281,-611.0777587890625
-109.80718231201172,-609.8945922851562
-110.86778259277344,-608.6748046875
-111.89960479736328,-607.4198608398438
-112.8588638305664,-606.1868896484375
-113.83331298828125,-604.86572265625
-114.73888397216797,-603.5726318359375
-115.6591796875,-602.19189453125
-116.51595306396484,-600.84521484375
-117.38795471191406,-599.4118041992188
-118.19882202148438,-598.0167846679688
-119.02217864990234,-596.5337524414062
-119.82024383544922,-595.0260009765625
-120.59406280517578,-593.4945068359375
-121.2484359741211,-592.1441650390625
-121.91765594482422,-590.7083129882812
-122.56884765625,-589.25439453125
-123.17237091064453,-587.8530883789062
-123.78826904296875,-586.3646850585938
-124.357177734375,-584.930908203125
-124.93578338623047,-583.4085083007812
-125.46890258789062,-581.9428100585938
-126.01094818115234,-580.3878173828125
-126.53565979003906,-578.8167114257812
-127.02047729492188,-577.3062744140625
-127.46692657470703,-575.8585205078125
-127.89970397949219,-574.3982543945312
-128.31796264648438,-572.925537109375
-128.76380920410156,-571.2838745117188
-129.17193603515625,-569.7069091796875
-129.5814666748047,-568.0369873046875
-129.97061157226562,-566.3523559570312
-130.32347106933594,-564.734375
-130.67727661132812,-563.0220336914062
-130.96800231933594,-561.5435180664062
-131.2464599609375,-560.0551147460938
-131.51181030273438,-558.5569458007812
-131.7782745361328,-556.9649047851562
-132.02047729492188,-555.4468994140625
-132.25485229492188,-553.9197998046875
-132.48338317871094,-552.3842163085938
-132.72071838378906,-550.754150390625
-132.95599365234375,-549.1151733398438
-133.1779327392578,-547.5543212890625
-133.3981475830078,-545.9852294921875
-133.61582946777344,-544.4078979492188
-133.84197998046875,-542.7337646484375
-134.0532684326172,-541.1390991210938
-134.26307678222656,-539.5364379882812
-134.4850311279297,-537.8362426757812
-134.69808959960938,-536.218017578125
-134.9152069091797,-534.5926513671875
-135.1494140625,-532.8693237304688
-135.3760223388672,-531.2294311523438
-135.60704040527344,-529.5824584960938
-135.85531616210938,-527.8363647460938
-136.09451293945312,-526.1748046875
-136.33761596679688,-524.5060424804688
-136.55709838867188,-523.016845703125
-136.77993774414062,-521.5221557617188
-137.02047729492188,-519.9280395507812
-137.2649383544922,-518.3275146484375
-137.52777099609375,-516.6260375976562
-137.7646026611328,-515.107666015625
-138.00460815429688,-513.5838623046875
-138.27879333496094,-511.8631896972656
-138.55760192871094,-510.1357727050781
-138.80897521972656,-508.5946044921875
-139.0950469970703,-506.8545227050781
-139.38365173339844,-505.10748291015625
-139.64205932617188,-503.54852294921875
-139.90232849121094,-501.9839782714844
-140.19723510742188,-500.21722412109375
-140.46109008789062,-498.64080810546875
-140.71014404296875,-497.15777587890625
-140.97784423828125,-495.5705261230469
-141.24752807617188,-493.9777526855469
-141.51882934570312,-492.3793029785156
-141.77456665039062,-490.87567138671875
-142.0491943359375,-489.2664794921875
-142.32586669921875,-487.6518249511719
-142.60447692871094,-486.0317077636719
-142.8673553466797,-484.50787353515625
-143.14956665039062,-482.8771667480469
-143.41586303710938,-481.3435363769531
-143.7015380859375,-479.7024230957031
-143.970703125,-478.1589050292969
-144.25924682617188,-476.50714111328125
-144.53128051757812,-474.9537353515625
-144.82327270507812,-473.291748046875
-145.09873962402344,-471.7287902832031
-145.39447021484375,-470.0565490722656
-145.67344665527344,-468.4839782714844
-145.97303771972656,-466.80133056640625
-146.23683166503906,-465.32470703125
-146.50198364257812,-463.843994140625
-146.80674743652344,-462.14666748046875
-147.093994140625,-460.5506286621094
-147.40213012695312,-458.8431396484375
-147.69271850585938,-457.2377014160156
-148.0044403076172,-455.520263671875
-148.2982635498047,-453.905517578125
-148.61334228515625,-452.17822265625
-148.93008422851562,-450.44580078125
-149.22830200195312,-448.8170471191406
-149.54769897460938,-447.0749816894531
-149.8688507080078,-445.3280029296875
-150.17135620117188,-443.6857604980469
-150.45486450195312,-442.14910888671875
-150.759765625,-440.49847412109375
-151.08651733398438,-438.7329406738281
-151.39430236816406,-437.0733947753906
-151.72427368164062,-435.2986755371094
-152.0352020263672,-433.6305847167969
-152.34765625,-431.9583435058594
-152.68251037597656,-430.16998291015625
-153.01890563964844,-428.3770751953125
-153.33584594726562,-426.6920166015625
-153.6543731689453,-425.00299072265625
-153.9957275390625,-423.1969909667969
-154.3171844482422,-421.4997863769531
-154.59695434570312,-420.02581787109375
-154.8778076171875,-418.5489807128906
-155.1597900390625,-417.0692443847656
-155.4863739013672,-415.3582763671875
-155.77049255371094,-413.87237548828125
-156.05552673339844,-412.3836669921875
-156.3855743408203,-410.66241455078125
-156.7167510986328,-408.937255859375
-157.0045623779297,-407.43902587890625
-157.33750915527344,-405.7067565917969
-157.62696838378906,-404.202392578125
-157.91725158691406,-402.6951904296875
-158.2532196044922,-400.9527587890625
-158.54534912109375,-399.4398193359375
-158.83840942382812,-397.9243469238281
-159.13169860839844,-396.4095458984375
-159.42495727539062,-394.89630126953125
-159.74075317382812,-393.2685852050781
-160.0340576171875,-391.7588806152344
-160.35025024414062,-390.1348876953125
-160.6442413330078,-388.62860107421875
-160.93862915039062,-387.1237487792969
-161.2566375732422,-385.5017395019531
-161.5531005859375,-383.99267578125
-161.85061645507812,-382.4812927246094
-162.14930725097656,-380.96783447265625
-162.47227478027344,-379.3358154296875
-162.77322387695312,-377.8182373046875
-163.0981903076172,-376.1814880371094
-163.4007568359375,-374.659423828125
-163.7041015625,-373.1351013183594
-164.0083465576172,-371.6085205078125
-164.31346130371094,-370.07958984375
-164.64303588867188,-368.4305725097656
-164.94996643066406,-366.8968811035156
-165.2577667236328,-365.3608703613281
-165.59010314941406,-363.70428466796875
-165.94729614257812,-361.92657470703125
-166.28170776367188,-360.2647705078125
-166.593017578125,-358.71929931640625
-166.90513610839844,-357.1715087890625
-167.2181854248047,-355.6214599609375
-167.5321502685547,-354.06927490234375
-167.84686279296875,-352.51483154296875
-168.1623077392578,-350.95819091796875
-168.47853088378906,-349.3994445800781
-168.81996154785156,-347.718505859375
-169.13780212402344,-346.1556091308594
-169.4562530517578,-344.5906677246094
-169.77513122558594,-343.0235900878906
-170.09429931640625,-341.4543762207031
-170.43824768066406,-339.7619934082031
-170.7579345703125,-338.1881103515625
-171.07797241210938,-336.61187744140625
-171.42308044433594,-334.91180419921875
-171.74398803710938,-333.3307800292969
-172.0653839111328,-331.74749755859375
-172.3873748779297,-330.1620178222656
-172.73480224609375,-328.45208740234375
-173.3562469482422,-325.39215087890625
-173.65489196777344,-323.9204406738281
-173.97882080078125,-322.3239440917969
-174.30307006835938,-320.7253112792969
-174.62767028808594,-319.12445068359375
-174.9777069091797,-317.39801025390625
-175.3032989501953,-315.7926025390625
-175.62937927246094,-314.18505859375
-175.95594787597656,-312.5755310058594
-176.2830352783203,-310.9638366699219
-176.61070251464844,-309.3498840332031
-176.96417236328125,-307.60931396484375
-177.267578125,-306.11541748046875
-177.6220703125,-304.37017822265625
-177.95162963867188,-302.7477722167969
-178.2561798095703,-301.24835205078125
-178.61192321777344,-299.49652099609375
-178.94284057617188,-297.8676452636719
-179.2485809326172,-296.362060546875
-179.6055450439453,-294.60345458984375
-179.93728637695312,-292.96856689453125
-180.2438201904297,-291.45751953125
-180.57627868652344,-289.8182067871094
-180.9090576171875,-288.1769104003906
-181.2423553466797,-286.5332336425781
-181.55035400390625,-285.0141906738281
-181.90992736816406,-283.2395935058594
-182.244140625,-281.5894775390625
-182.57899475097656,-279.93719482421875
-182.9144287109375,-278.28277587890625
-183.25027465820312,-276.6262512207031
-183.5864715576172,-274.968017578125
-183.9230194091797,-273.3078308105469
-184.25978088378906,-271.6456298828125
-184.5969696044922,-269.9812316894531
-184.93475341796875,-268.3146667480469
-185.27310180664062,-266.6460876464844
-185.61209106445312,-264.9754638671875
-185.95176696777344,-263.3027648925781
-186.29200744628906,-261.6279296875
-186.63282775878906,-259.9508056640625
-186.97421264648438,-258.271728515625
-187.3160858154297,-256.5904846191406
-187.632080078125,-255.0365753173828
-187.974853515625,-253.35107421875
-188.31817626953125,-251.66339111328125
-188.6354522705078,-250.10362243652344
-188.97950744628906,-248.4117889404297
-189.2974090576172,-246.84814453125
-189.6422882080078,-245.15234375
-189.98773193359375,-243.45452880859375
-190.33363342285156,-241.75485229492188
-190.6531524658203,-240.1842803955078
-190.97280883789062,-238.61216735839844
-191.29275512695312,-237.0384063720703
-191.6397247314453,-235.3315887451172
-191.9869842529297,-233.62266540527344
-192.33453369140625,-231.91175842285156
-192.6555633544922,-230.33065795898438
-192.9767608642578,-228.7477569580078
-193.3248748779297,-227.03070068359375
-193.6732177734375,-225.31158447265625
-194.0218505859375,-223.59033203125
-194.34393310546875,-221.99948120117188
-194.69309997558594,-220.27389526367188
-195.04266357421875,-218.54611206054688
-195.36581420898438,-216.94943237304688
-195.7164306640625,-215.21774291992188
-196.09458923339844,-213.3505859375
-196.4191131591797,-211.74826049804688
-196.77108764648438,-210.01048278808594
-197.09625244140625,-208.40455627441406
-197.3945770263672,-206.93087768554688
-197.74737548828125,-205.18727111816406
-198.0733642578125,-203.57586669921875
-198.37255859375,-202.09710693359375
-198.72671508789062,-200.34750366210938
-199.0541229248047,-198.73062133789062
-199.35467529296875,-197.246826171875
-199.7103271484375,-195.49124145507812
-200.03904724121094,-193.86874389648438
-200.39564514160156,-192.10902404785156
-200.75286865234375,-190.34715270996094
-201.08299255371094,-188.71890258789062
-201.44105529785156,-186.95277404785156
-201.79953002929688,-185.18458557128906
-202.1584014892578,-183.4143829345703
-202.4899139404297,-181.77853393554688
-202.84942626953125,-180.00445556640625
-203.20947265625,-178.2283935546875
-203.5699462890625,-176.45033264160156
-203.90293884277344,-174.8072052001953
-204.20826721191406,-173.29945373535156
-204.5692596435547,-171.51571655273438
-204.90261840820312,-169.86749267578125
-205.2361602783203,-168.21763610839844
-205.5699920654297,-166.566162109375
-205.904052734375,-164.91281127929688
-206.21047973632812,-163.39553833007812
-206.5727996826172,-161.60069274902344
-206.93539428710938,-159.80398559570312
-207.242431640625,-158.2821807861328
-207.6055908203125,-156.4818572998047
-207.9131317138672,-154.95689392089844
-208.27691650390625,-153.15272521972656
-208.6129608154297,-151.48536682128906
-208.92120361328125,-149.95541381835938
-209.28578186035156,-148.1453094482422
-209.650634765625,-146.3330841064453
-210.0157012939453,-144.51870727539062
-210.3807830810547,-142.70230102539062
-210.68955993652344,-141.16387939453125
-211.05422973632812,-139.34400939941406
-211.390869140625,-137.66246032714844
-211.6996307373047,-136.11959838867188
-212.0648651123047,-134.29444885253906
-212.37417602539062,-132.74859619140625
-212.71192932128906,-131.0606231689453
-213.02175903320312,-129.5117950439453
-213.3881072998047,-127.6795425415039
-213.75469970703125,-125.84514617919922
-214.09339904785156,-124.1500015258789
-214.40423583984375,-122.59452819824219
-214.77218627929688,-120.7542724609375
-215.0840301513672,-119.19571685791016
-215.45306396484375,-117.35191345214844
-215.79373168945312,-115.64845275878906
-216.10572814941406,-114.0858154296875
-216.47402954101562,-112.2376937866211
-216.7855224609375,-110.67257690429688
-217.15391540527344,-108.82113647460938
-217.49435424804688,-107.11044311523438
-217.8064422607422,-105.54248809814453
-218.1748046875,-103.69131469726562
-218.5426788330078,-101.84205627441406
-218.85366821289062,-100.27874755859375
-219.1925811767578,-98.57486724853516
-219.50289916992188,-97.0142822265625
-219.86917114257812,-95.1716079711914
-220.20663452148438,-93.47286987304688
-220.51568603515625,-91.9161605834961
-220.88108825683594,-90.07485961914062
-221.24681091308594,-88.23194122314453
-221.5565185546875,-86.67134094238281
-221.89454650878906,-84.96759796142578
-222.2044677734375,-83.4046630859375
-222.5707550048828,-81.55613708496094
-222.93707275390625,-79.70616149902344
-223.24703979492188,-78.13969421386719
-223.585205078125,-76.42951965332031
-223.89532470703125,-74.86083221435547
-224.26197814941406,-73.00560760498047
-224.57235717773438,-71.43478393554688
-224.93931579589844,-69.57711029052734
-225.278076171875,-67.8612289428711
-225.58865356445312,-66.28728485107422
-225.95582580566406,-64.42601013183594
-226.32327270507812,-62.56332015991211
-226.6343994140625,-60.986106872558594
-226.9739990234375,-59.26442337036133
-227.2854766845703,-57.68519973754883
-227.65379333496094,-55.817684173583984
-227.9657745361328,-54.2364501953125
-228.3064422607422,-52.51054763793945
-228.61898803710938,-50.9276237487793
-228.9886932373047,-49.05577087402344
-229.35870361328125,-47.182640075683594
-229.70050048828125,-45.452510833740234
-230.01405334472656,-43.86565017700195
-230.3848114013672,-41.989078521728516
-230.72715759277344,-40.25566864013672
-231.04104614257812,-38.66584014892578
-231.41201782226562,-36.7857551574707
-231.75448608398438,-35.049190521240234
-232.0684814453125,-33.456390380859375
-232.43966674804688,-31.572818756103516
-232.81094360351562,-29.6881103515625
-233.18215942382812,-27.80232048034668
-233.55340576171875,-25.915449142456055
-233.89622497558594,-24.172794342041016
-234.21051025390625,-22.57449722290039
-234.58203125,-20.68458366394043
-234.92506408691406,-18.939098358154297
-235.23953247070312,-17.338253021240234
-235.61114501953125,-15.44532585144043
-235.982666015625,-13.551311492919922
-236.35423278808594,-11.656405448913574
-236.7259063720703,-9.760645866394043
-237.06924438476562,-8.00992488861084
-237.38427734375,-6.404289722442627
-237.75677490234375,-4.505944728851318
-238.10072326660156,-2.752721071243286
-238.41600036621094,-1.1449311971664429
-238.7886505126953,0.7561981678009033
-239.13262939453125,2.5118825435638428
-239.50538635253906,4.414902210235596
-239.82098388671875,6.026125431060791
-240.1367950439453,7.638314723968506
-240.51025390625,9.54487133026123
-240.85507202148438,11.305947303771973
-241.17117309570312,12.921221733093262
-241.77487182617188,16.007518768310547
-242.35011291503906,18.949787139892578
-242.95436096191406,22.041868209838867
-243.24221801757812,23.515228271484375
-243.53030395507812,24.989421844482422
-243.84738159179688,26.611804962158203
-244.13577270507812,28.08746910095215
-244.45315551757812,29.71161651611328
-244.7418975830078,31.188854217529297
-245.03089904785156,32.66687774658203
-245.34910583496094,34.293487548828125
-245.63865661621094,35.77302932739258
-245.92835998535156,37.253299713134766
-246.24722290039062,38.88249588012695
-246.5662841796875,40.51270294189453
-246.85658264160156,41.99553298950195
-247.17617797851562,43.62757873535156
-247.46693420410156,45.11210250854492
-247.7578125,46.59745407104492
-248.0780029296875,48.232364654541016
-248.36927795410156,49.71958541870117
-248.66078186035156,51.20756912231445
-248.98171997070312,52.84539031982422
-249.27365112304688,54.33528518676758
-249.56578063964844,55.82597351074219
-249.85824584960938,57.317569732666016
-250.1802978515625,58.95942306518555
-250.47329711914062,60.45313262939453
-250.76651000976562,61.947776794433594
-251.08926391601562,63.5930290222168
-251.3828887939453,65.08982849121094
-251.6767120361328,66.58768463134766
-252.0001220703125,68.23655700683594
-252.2943115234375,69.73660278320312
-252.58868408203125,71.2376937866211
-252.88328552246094,72.73991394042969
-253.20761108398438,74.39366912841797
-253.5321502685547,76.04873657226562
-253.82740783691406,77.554443359375
-254.1524200439453,79.21208953857422
-254.47763061523438,80.87103271484375
-254.80303955078125,82.5312271118164
-255.09906005859375,84.04174041748047
-255.4249267578125,85.7047119140625
-255.75115966796875,87.36927032470703
-256.07781982421875,89.03523254394531
-256.40478515625,90.70265197753906
-256.70220947265625,92.21981811523438
-257.05950927734375,94.04210662841797
-257.3575439453125,95.56187438964844
-257.68572998046875,97.23475646972656
-258.01434326171875,98.90919494628906
-258.34344482421875,100.585205078125
-258.6732482910156,102.2627182006836
-259.0038757324219,103.9415512084961
-259.3051452636719,105.46898651123047
-259.63726806640625,107.1506118774414
-259.9397277832031,108.68074035644531
-260.27288818359375,110.3655014038086
-260.60650634765625,112.0519027709961
-260.9407958984375,113.73963165283203
-261.2756652832031,115.42876434326172
-261.5805969238281,116.9656982421875
-261.9165954589844,118.65785217285156
-262.22271728515625,120.197509765625
-262.59088134765625,122.04670715332031
-262.8982849121094,123.58905792236328
-263.23699951171875,125.28697967529297
-263.57611083984375,126.98655700683594
-263.88470458984375,128.53294372558594
-264.2243957519531,130.2356414794922
-264.5332946777344,131.78494262695312
-264.87310791015625,133.49078369140625
-265.1820068359375,135.04290771484375
-265.5215148925781,136.75157165527344
-265.82989501953125,138.30624389648438
-266.16876220703125,140.01791381835938
-266.4765319824219,141.57550048828125
-266.8146057128906,143.29063415527344
-267.12152099609375,144.8514404296875
-267.458740234375,146.56988525390625
-267.764892578125,148.13348388671875
-268.1011047363281,149.85467529296875
-268.43658447265625,151.57725524902344
-268.7407531738281,153.14453125
-269.0442199707031,154.713134765625
-269.377197265625,156.44009399414062
-269.67926025390625,158.01153564453125
-270.0107727050781,159.7417449951172
-270.3116455078125,161.3161163330078
-270.6421203613281,163.04934692382812
-270.9421691894531,164.62628173828125
-271.2717590332031,166.36236572265625
-271.5709228515625,167.9417724609375
-271.8992919921875,169.68040466308594
-272.2267761230469,171.4203338623047
-272.5237121582031,173.00331115722656
-272.849609375,174.74594116210938
-273.1748962402344,176.48983764648438
-273.4701843261719,178.0764923095703
-273.7650451660156,179.66429138183594
-274.0889587402344,181.4122772216797
-274.383056640625,183.0025634765625
-274.7063293457031,184.75318908691406
-275.0000305175781,186.34585571289062
-275.2934875488281,187.9396209716797
-275.6161193847656,189.69393920898438
-275.93853759765625,191.44960021972656
-276.2314758300781,193.0467071533203
-276.5242614746094,194.64488220214844
-276.8460693359375,196.40403747558594
-277.1383972167969,198.0043182373047
-277.4598083496094,199.76583862304688
-277.7518615722656,201.3682861328125
-278.04388427734375,202.97174072265625
-278.3651428222656,204.73675537109375
-278.6572265625,206.34222412109375
-278.9784851074219,208.1092987060547
-279.27044677734375,209.7167205810547
-279.562255859375,211.32522583007812
-279.8540344238281,212.93466186523438
-280.1458435058594,214.54507446289062
-280.466796875,216.3175048828125
-280.7586364746094,217.92967224121094
-281.0505676269531,219.54258728027344
-281.3427734375,221.15643310546875
-281.6352844238281,222.77108764648438
-281.9574279785156,224.54823303222656
-282.30938720703125,226.4881591796875
-282.6031188964844,228.10565185546875
-282.92681884765625,229.88572692871094
-283.2216491699219,231.504638671875
-283.5169372558594,233.1241455078125
-283.8126525878906,234.74435424804688
-284.138427734375,236.5274658203125
-284.4350891113281,238.14918518066406
-284.732177734375,239.7715606689453
-285.0594787597656,241.55685424804688
-285.3575439453125,243.18055725097656
-285.6560363769531,244.80496215820312
-285.9848937988281,246.59266662597656
-286.28436279296875,248.21841430664062
-286.584228515625,249.84483337402344
-286.9146728515625,251.6345672607422
-287.2156982421875,253.26219177246094
-287.517333984375,254.89031982421875
-287.849853515625,256.6817321777344
-288.1528015136719,258.3106994628906
-288.4563293457031,259.9400939941406
-288.7603454589844,261.5699157714844
-289.09515380859375,263.3631591796875
-289.3998718261719,264.9937744140625
-289.7049865722656,266.62469482421875
-290.041015625,268.4189453125
-290.3468933105469,270.0503845214844
-290.65313720703125,271.6819763183594
-290.9598083496094,273.31378173828125
-291.2974853515625,275.10882568359375
-291.604736328125,276.74078369140625
-291.9122619628906,278.3728332519531
-292.2200012207031,280.005126953125
-292.5279235839844,281.6378173828125
-292.8359375,283.2711486816406
-293.14410400390625,284.9049377441406
-293.4524841308594,286.53936767578125
-293.76104736328125,288.17437744140625
-294.1007385253906,289.9736328125
-294.4097595214844,291.6099548339844
-294.7189636230469,293.2468566894531
-295.3070373535156,296.3583068847656
-295.5858459472656,297.8326110839844
-295.9267883300781,299.6348876953125
-296.2369079589844,301.2735290527344
-296.5782470703125,303.0762939453125
-296.8888244628906,304.7153625488281
-297.19970703125,306.35479736328125
-297.5108642578125,307.99456787109375
-297.8535461425781,309.7986755371094
-298.16546630859375,311.4390869140625
-298.4776916503906,313.07977294921875
-298.8214416503906,314.8846740722656
-299.1342468261719,316.5255432128906
-299.4471435546875,318.1662292480469
-299.7912902832031,319.9692687988281
-300.1037292480469,321.60528564453125
-300.44659423828125,323.3991394042969
-300.7572326660156,325.0228271484375
-301.0975036621094,326.799560546875
-301.4054260253906,328.405517578125
-301.74237060546875,330.1615905761719
-302.0774230957031,331.9063415527344
-302.38018798828125,333.482177734375
-302.7112731933594,335.2038269042969
-303.0103759765625,336.75726318359375
-303.3374938964844,338.4533386230469
-303.6627197265625,340.13623046875
-303.9861755371094,341.80615234375
-304.3079528808594,343.46356201171875
-304.5992126464844,344.9595031738281
-304.9179992675781,346.5928955078125
-305.2353515625,348.21435546875
-305.5514221191406,349.8255920410156
-305.8660583496094,351.42767333984375
-306.2364196777344,353.3087158203125
-306.54791259765625,354.886474609375
-306.9139404296875,356.7351379394531
-307.2492370605469,358.42608642578125
-307.5539245605469,359.9627380371094
-307.8560485839844,361.4867858886719
-308.20989990234375,363.2720642089844
-308.5604248046875,365.04052734375
-308.8544921875,366.52435302734375
-309.19915771484375,368.2632141113281
-309.5670471191406,370.11761474609375
-309.90557861328125,371.8228454589844
-310.24102783203125,373.51220703125
-310.5985107421875,375.31414794921875
-310.9518737792969,377.0985412597656
-311.2761535644531,378.7395935058594
-311.59674072265625,380.3657531738281
-311.9137268066406,381.97772216796875
-312.251220703125,383.69866943359375
-312.5848083496094,385.404296875
-312.89141845703125,386.9753723144531
-313.19512939453125,388.5346374511719
-313.5191650390625,390.2013244628906
-313.817626953125,391.73876953125
-314.11419677734375,393.2667541503906
-314.4319763183594,394.9019470214844
-314.7261962890625,396.4112854003906
-315.01983642578125,397.9115295410156
-315.3358459472656,399.5164489746094
-315.6292724609375,400.99603271484375
-316.2841796875,404.2559814453125
-316.6457824707031,406.02801513671875
-317.00750732421875,407.7786865234375
-317.3694763183594,409.5057373046875
-317.7099304199219,411.1030578613281
-318.0298156738281,412.5753479003906
-318.3989562988281,414.2362365722656
-318.7496032714844,415.7716979980469
-319.1300048828125,417.38665771484375
-319.5185852050781,418.9779357910156
-319.9163513183594,420.5460510253906
-320.71533203125,423.52313232421875
-321.1442565917969,425.03167724609375
-321.58575439453125,426.52276611328125
-322.09869384765625,428.1800537109375
-322.5703125,429.6368408203125
-323.05712890625,431.0784912109375
-323.5587463378906,432.50537109375
-324.14080810546875,434.09326171875
-324.74188232421875,435.66363525390625
-325.3628845214844,437.2164611816406
-326.0046081542969,438.7509460449219
-326.6675720214844,440.26641845703125
-327.3517150878906,441.76239013671875
-328.0569763183594,443.2384338378906
-328.782470703125,444.6946105957031
-329.4858703613281,446.05181884765625
-330.2921142578125,447.5483093261719
-331.0744934082031,448.9459533691406
-331.876220703125,450.32354736328125
-332.69940185546875,451.68023681640625
-333.5469665527344,453.0152893066406
-334.41973876953125,454.32843017578125
-335.42120361328125,455.76116943359375
-336.351318359375,457.0279846191406
-337.416748046875,458.4105224609375
-338.5140686035156,459.7673645019531
-339.5271911621094,460.96722412109375
-340.6803283691406,462.27581787109375
-341.7410888671875,463.4302673339844
-342.9438171386719,464.6869812011719
-344.0472717285156,465.79510498046875
-345.1706848144531,466.8815612792969
-346.3154296875,467.9449462890625
-347.48291015625,468.9850158691406
-348.6744689941406,470.0015869140625
-349.89105224609375,470.9927673339844
-351.1336975097656,471.9562072753906
-352.4022216796875,472.8899230957031
-353.7683410644531,473.8430480957031
-355.08648681640625,474.7175598144531
-356.4255065917969,475.5684509277344
-357.7833557128906,476.3977966308594
-359.1598815917969,477.2042236328125
-360.5555725097656,477.9849548339844
-361.89117431640625,478.69696044921875
-363.3236389160156,479.4225769042969
-364.7744140625,480.11834716796875
-366.1607360839844,480.74822998046875
-367.7279052734375,481.421630859375
-369.1450500488281,481.9971923828125
-370.7448425292969,482.6111755371094
-372.2752380371094,483.1650085449219
-373.7332458496094,483.66357421875
-375.2898864746094,484.1641845703125
-376.85943603515625,484.63397216796875
-378.4415588378906,485.0706787109375
-379.9469299316406,485.4527893066406
-381.552001953125,485.8271179199219
-383.16741943359375,486.1726379394531
-384.7022399902344,486.4722900390625
-386.2450866699219,486.74798583984375
-387.88665771484375,487.0114440917969
-389.5351257324219,487.244384765625
-391.1004943847656,487.4345397949219
-392.76495361328125,487.60406494140625
-394.3426818847656,487.73492431640625
-396.0191955566406,487.8439636230469
-397.607666015625,487.9197082519531
-399.1072692871094,487.96875
-400.7046813964844,487.9975891113281
-402.4006652832031,488.0034484863281
-404.0059814453125,487.9852600097656
-405.519775390625,487.94586181640625
-407.2252197265625,487.87408447265625
-408.9323425292969,487.7711486816406
-410.6410827636719,487.6380615234375
-412.35107421875,487.4758605957031
-414.06231689453125,487.2867126464844
-415.7746887207031,487.071044921875
-417.29736328125,486.85748291015625
-419.0106506347656,486.5926513671875
-420.5338134765625,486.3356628417969
-422.1521301269531,486.04083251953125
-423.770263671875,485.72393798828125
-425.2926940917969,485.4054870605469
-426.81463623046875,485.068115234375
-428.526611328125,484.6669616699219
-430.23846435546875,484.244384765625
-431.9502258300781,483.80096435546875
-433.56658935546875,483.3631286621094
-435.27734375,482.8791198730469
-436.89208984375,482.4025573730469
-438.4107971191406,481.93682861328125
-441.2552185058594,481.0185852050781
-444.09527587890625,480.0433654785156
-445.5130920410156,479.5342712402344
-447.023193359375,478.9744873046875
-448.4367370605469,478.434326171875
-449.8482666015625,477.8795166015625
-451.2577819824219,477.31060791015625
-452.6651306152344,476.72772216796875
-454.0705871582031,476.1312255859375
-455.47406005859375,475.5215148925781
-456.8752746582031,474.89862060546875
-458.2742614746094,474.2625732421875
-459.6717224121094,473.6142883300781
-461.0681457519531,472.9549560546875
-462.4630126953125,472.28472900390625
-463.8560791015625,471.6031494140625
-465.2469482421875,470.9098205566406
-466.6355285644531,470.20489501953125
-468.02191162109375,469.48870849609375
-469.4066162109375,468.76177978515625
-470.7902526855469,468.0251159667969
-472.2654113769531,467.22991943359375
-473.73980712890625,466.425048828125
-475.2129211425781,465.6098937988281
-476.59228515625,464.83563232421875
-477.9696960449219,464.05108642578125
-479.3453063964844,463.2562255859375
-480.7195739746094,462.4516296386719
-482.0931396484375,461.63775634765625
-483.4661865234375,460.8155517578125
-486.11798095703125,459.2013854980469
-487.4858093261719,458.350830078125
-488.7594299316406,457.5467529296875
-490.12152099609375,456.6751403808594
-491.4819641113281,455.79437255859375
-492.7511901855469,454.965576171875
-494.111328125,454.0714111328125
-495.4723205566406,453.17181396484375
-496.7437744140625,452.3281555175781
-498.10760498046875,451.42047119140625
-499.3819885253906,450.5699768066406
-500.7491149902344,449.65533447265625
-502.1180725097656,448.73736572265625
-503.48907470703125,447.8162536621094
-504.7705078125,446.9538879394531
-506.1454772949219,446.027099609375
-507.5224914550781,445.09747314453125
-508.90167236328125,444.1651306152344
-510.283203125,443.2303466796875
-511.66729736328125,442.29339599609375
-513.053955078125,441.35430908203125
-514.3506469726562,440.4759521484375
-515.7426147460938,439.5329895019531
-517.1373901367188,438.5881042480469
-518.441650390625,437.7044677734375
-519.8416137695312,436.7557678222656
-521.2443237304688,435.8050842285156
-522.649658203125,434.85247802734375
-524.0575561523438,433.8980407714844
-525.3741455078125,433.0057067871094
-526.7874755859375,432.04815673828125
-528.109130859375,431.15325927734375
-529.5277709960938,430.1932373046875
-530.8543090820312,429.2958679199219
-532.2782592773438,428.3330383300781
-533.6099243164062,427.43304443359375
-534.9442138671875,426.53192138671875
-536.376708984375,425.5652160644531
-537.7164306640625,424.661865234375
-538.9627075195312,423.82220458984375
-540.3071899414062,422.9172668457031
-541.7501220703125,421.9468688964844
-543.1957397460938,420.97589111328125
-544.5474243164062,420.06903076171875
-545.9981079101562,419.09661865234375
-547.354248046875,418.1881408691406
-548.7122192382812,417.27899169921875
-550.16748046875,416.3055114746094
-551.6203002929688,415.334716796875
-552.97412109375,414.4309387207031
-554.2294311523438,413.5937194824219
-555.5794677734375,412.6942443847656
-557.0241088867188,411.7333679199219
-558.3712768554688,410.839599609375
-559.6240844726562,410.01116943359375
-560.9766235351562,409.1202392578125
-562.33251953125,408.2308044433594
-563.5942993164062,407.40618896484375
-565.0535278320312,406.4560546875
-566.32080078125,405.6334228515625
-567.688232421875,404.74822998046875
-569.0582885742188,403.8638916015625
-570.5292358398438,402.9174499511719
-571.9049072265625,402.0351257324219
-573.2830810546875,401.1536865234375
-574.663818359375,400.2731628417969
-576.0469970703125,399.3934020996094
-577.4325561523438,398.5144348144531
-578.820556640625,397.636474609375
-580.310302734375,396.6968078613281
-581.7030029296875,395.8205261230469
-582.9981079101562,395.0072937011719
-584.4947509765625,394.06976318359375
-585.8941650390625,393.1957092285156
-587.296142578125,392.3228759765625
-588.7007446289062,391.450927734375
-590.20849609375,390.5173645019531
-591.6185913085938,389.6463928222656
-593.0313110351562,388.775634765625
-594.4466552734375,387.9056091308594
-595.8649291992188,387.03643798828125
-597.2859497070312,386.16827392578125
-598.7096557617188,385.301025390625
-600.1360473632812,384.4347229003906
-601.462890625,383.6311340332031
-602.8939819335938,382.76654052734375
-604.327392578125,381.9028015136719
-605.7630004882812,381.0397033691406
-607.3035888671875,380.115234375
-608.74365234375,379.2524719238281
-610.1859741210938,378.3900146484375
-611.6304321289062,377.5281066894531
-613.1808471679688,376.6053771972656
-614.6304931640625,375.74517822265625
-616.0830078125,374.8865966796875
-617.5386352539062,374.0303039550781
-618.99755859375,373.177001953125
-620.5648803710938,372.2668762207031
-622.0320434570312,371.4219970703125
-623.5033569335938,370.58245849609375
-624.9788208007812,369.74896240234375
-626.5641479492188,368.8631896972656
-628.0477294921875,368.0434875488281
-629.53466796875,367.2312316894531
-631.1309204101562,366.3700866699219
-632.6231079101562,365.57611083984375
-634.1173706054688,364.79217529296875
-635.6137084960938,364.0185546875
-637.2192993164062,363.2015380859375
-638.7197875976562,362.45062255859375
-640.2212524414062,361.7118835449219
-641.72314453125,360.98590087890625
-643.332763671875,360.2221984863281
-644.8356323242188,359.522705078125
-646.4462280273438,358.786865234375
-647.9498901367188,358.113037109375
-649.561279296875,357.40509033203125
-651.0654907226562,356.7575378417969
-652.6775512695312,356.07818603515625
-654.1824340820312,355.4579772949219
-655.7951049804688,354.8088073730469
-657.1930541992188,354.2590026855469
-660.0968627929688,353.1551513671875
-661.6024780273438,352.6025695800781
-663.10791015625,352.0628356933594
-664.6131591796875,351.5349426269531
-666.1181640625,351.0187683105469
-667.622802734375,350.51458740234375
-669.1276245117188,350.0223388671875
-670.6336669921875,349.5423583984375
-672.3569946289062,349.00933837890625
-673.8673095703125,348.55780029296875
-675.3803100585938,348.1211853027344
-676.8961791992188,347.699462890625
-678.4151000976562,347.2934875488281
-680.1547241210938,346.849365234375
-681.6804809570312,346.4794006347656
-683.2095947265625,346.1270751953125
-684.7417602539062,345.7935485839844
-686.2760009765625,345.4798278808594
-687.8115844726562,345.18634033203125
-689.3480224609375,344.9127502441406
-690.8853149414062,344.6582946777344
-692.423828125,344.4224853515625
-693.9638671875,344.2048034667969
-695.5054931640625,344.0050048828125
-697.0484008789062,343.8232421875
-698.590576171875,343.66015625
-700.1312866210938,343.5159606933594
-701.67041015625,343.3903503417969
-703.2076416015625,343.282958984375
-704.8521118164062,343.1883239746094
-706.3844604492188,343.1191101074219
-707.9140625,343.0680236816406
-709.4405517578125,343.03466796875
-711.0716552734375,343.01739501953125
-712.5880737304688,343.0174865722656
-714.2040405273438,343.0331726074219
-715.8088989257812,343.0640869140625
-717.5077514648438,343.1133728027344
-719.0892944335938,343.1741027832031
-720.6607055664062,343.24835205078125
-722.4267578125,343.347412109375
-724.1763916015625,343.4607238769531
-725.90869140625,343.5873718261719
-727.4218139648438,343.710205078125
-728.9190673828125,343.8436584472656
-730.5943603515625,344.0096740722656
-732.24658203125,344.1909484863281
-733.8753051757812,344.3872375488281
-735.5744018554688,344.609130859375
-737.1544799804688,344.8309020996094
-738.8018798828125,345.0773620605469
-740.3328857421875,345.3209228515625
-741.8399047851562,345.574951171875
-743.4117431640625,345.8558349609375
-744.96240234375,346.1499328613281
-746.65966796875,346.4940490722656
-748.328857421875,346.85931396484375
-749.97021484375,347.2444763183594
-753.0159912109375,348.0204162597656
-754.4990844726562,348.423828125
-756.1012573242188,348.87994384765625
-757.5877685546875,349.3250732421875
-759.0375366210938,349.78460693359375
-761.9713134765625,350.806884765625
-763.5147705078125,351.40728759765625
-765.0810546875,352.0712585449219
-766.481689453125,352.7120666503906
-767.8519287109375,353.381591796875
-769.1923217773438,354.07904052734375
-771.8382568359375,355.5920715332031
-773.1932373046875,356.44720458984375
-774.5068359375,357.33837890625
-775.833984375,358.31121826171875
-777.0678100585938,359.29046630859375
-778.310546875,360.35821533203125
-779.4632568359375,361.42877197265625
-780.5751342773438,362.5428771972656
-781.6851806640625,363.7470703125
-782.7001953125,364.9420166015625
-783.6622924804688,366.1734924316406
-785.3831787109375,368.68353271484375
-786.1729125976562,370.01129150390625
-786.9279174804688,371.42431640625
-787.587158203125,372.8065490722656
-788.1809692382812,374.2110290527344
-788.7080688476562,375.6344299316406
-789.1673583984375,377.0736999511719
-789.5581665039062,378.5257263183594
-790.1354370117188,381.46148681640625
-790.4432373046875,384.4469299316406
-790.4981079101562,386.0828857421875
-790.4814453125,387.6020202636719
-790.40087890625,389.1286926269531
-790.2578735351562,390.6623229980469
-790.054443359375,392.2016296386719
-789.7803344726562,393.8090515136719
-789.4598388671875,395.35369873046875
-789.0846557617188,396.8981018066406
-788.6574096679688,398.4416198730469
-788.201904296875,399.91998291015625
-787.2156372070312,402.74639892578125
-786.6699829101562,404.1584777832031
-786.0911865234375,405.5700378417969
-785.4228515625,407.1104431152344
-784.7769775390625,408.522216796875
-784.0997924804688,409.9332275390625
-783.3915405273438,411.343505859375
-782.6868286132812,412.68896484375
-781.8836059570312,414.1614990234375
-781.1221923828125,415.5047912597656
-780.2957153320312,416.9107971191406
-778.6358032226562,419.5878601074219
-777.7640380859375,420.92108154296875
-776.9072265625,422.186279296875
-775.9791259765625,423.5087890625
-774.9750366210938,424.8866882324219
-774.0331420898438,426.13128662109375
-772.1701049804688,428.474365234375
-771.204345703125,429.63616943359375
-770.2174072265625,430.7908020019531
-769.1633911132812,431.9894714355469
-768.043212890625,433.2284851074219
-767.01953125,434.3334045410156
-765.9876708984375,435.42413330078125
-764.9452514648438,436.5062561035156
-763.8890380859375,437.58685302734375
-762.7655639648438,438.72320556640625
-761.6907348632812,439.803466796875
-760.6119384765625,440.88818359375
-759.5333862304688,441.98150634765625
-758.4594116210938,443.0869140625
-757.3924560546875,444.2067565917969
-756.3344116210938,445.34228515625
-755.28564453125,446.4942932128906
-754.2469482421875,447.66314697265625
-753.2190551757812,448.8489990234375
-751.2489624023438,451.20751953125
-750.254150390625,452.44378662109375
-749.27099609375,453.6971130371094
-748.2988891601562,454.9671630859375
-747.3876953125,456.1852111816406
-746.435546875,457.4864501953125
-745.492919921875,458.8033142089844
-744.5595092773438,460.1355895996094
-743.63623046875,461.4833068847656
-742.7235717773438,462.846923828125
-741.8224487304688,464.2266845703125
-740.932861328125,465.622314453125
-740.055419921875,467.0340270996094
-739.189208984375,468.461181640625
-738.4213256835938,469.7503662109375
-737.56982421875,471.2037048339844
-736.769287109375,472.59222412109375
-736.0198974609375,473.91522216796875
-735.2786254882812,475.2504577636719
-734.548583984375,476.59857177734375
-733.7903442382812,478.0410461425781
-733.0892333984375,479.4183044433594
-732.403076171875,480.8096008300781
-731.7322998046875,482.2147216796875
-731.0770874023438,483.6337890625
-730.3633422851562,485.23577880859375
-729.7067260742188,486.768798828125
-729.1056518554688,488.2306823730469
-728.4563598632812,489.8807067871094
-727.385498046875,492.7857360839844
-726.8922119140625,494.2113952636719
-726.3878784179688,495.7382507324219
-725.905517578125,497.2772216796875
-725.4728393554688,498.737060546875
-725.03515625,500.2995910644531
-724.6205444335938,501.8735046386719
-724.228271484375,503.4583435058594
-723.8569946289062,505.05364990234375
-723.5252685546875,506.5643310546875
-723.190673828125,508.1786193847656
-722.8740234375,509.8019714355469
-722.5762939453125,511.4343566894531
-722.2969360351562,513.0755615234375
-722.05078125,514.6279907226562
-721.80859375,516.285400390625
-721.5866088867188,517.950927734375
-721.3839111328125,519.6248168945312
-721.2006225585938,521.3059692382812
-721.03759765625,522.994384765625
-720.89501953125,524.6900634765625
-720.7731323242188,526.3925170898438
-720.676025390625,528.0010986328125
-720.6000366210938,529.5142822265625
-720.5377807617188,531.0324096679688
-720.4888916015625,532.5552978515625
-720.4530639648438,534.1845092773438
-720.4349365234375,535.7163696289062
-720.4320068359375,537.2525634765625
-720.4458618164062,538.9985961914062
-720.47265625,540.5435791015625
-720.5125732421875,542.092529296875
-720.5650634765625,543.6455688476562
-720.6296997070312,545.202392578125
-720.7167358398438,546.9716186523438
-720.8056030273438,548.5366821289062
-720.9201049804688,550.3148193359375
-721.0491333007812,552.0975341796875
-721.17431640625,553.67431640625
-721.3097534179688,555.254638671875
-721.4752197265625,557.0498657226562
-721.6532592773438,558.8495483398438
-721.84326171875,560.653564453125
-722.0204467773438,562.2489624023438
-722.193603515625,563.740966796875
-722.387451171875,565.3424682617188
-722.575927734375,566.8399047851562
-722.7860717773438,568.4469604492188
-723.004150390625,570.0570068359375
-723.2297973632812,571.6697998046875
-723.4467163085938,573.1776123046875
-723.685546875,574.7958984375
-723.9141235351562,576.3087768554688
-724.1651611328125,577.9321899414062
-724.4049682617188,579.4476928710938
-724.666748046875,581.06787109375
-724.9334716796875,582.6843872070312
-725.1874389648438,584.189453125
-725.4652709960938,585.7979736328125
-725.7490234375,587.4022216796875
-726.0194091796875,588.895751953125
-726.3159790039062,590.4954833984375
-726.5997314453125,591.9893798828125
-726.8900756835938,593.4835205078125
-727.2076416015625,595.084716796875
-727.5093994140625,596.579833984375
-727.8375854492188,598.1829833984375
-728.1481323242188,599.6806030273438
-728.4627075195312,601.1795654296875
-728.8047485351562,602.7869262695312
-729.1290283203125,604.2883911132812
-729.4830932617188,605.89794921875
-729.8209228515625,607.4005737304688
-730.1673583984375,608.9030151367188
-730.5497436523438,610.5111083984375
-730.9457397460938,612.1157836914062
-731.3287963867188,613.609375
-731.75390625,615.2050170898438
-732.1644897460938,616.689697265625
-732.6192016601562,618.2752685546875
-733.058349609375,619.7493896484375
-733.511962890625,621.2175903320312
-734.01416015625,622.7842407226562
-734.5318603515625,624.3448486328125
-735.0283203125,625.7958984375
-735.5734252929688,627.344970703125
-736.0941162109375,628.7852783203125
-736.6644897460938,630.32275390625
-737.2097778320312,631.7511596679688
-737.808349609375,633.2743530273438
-738.3809814453125,634.68896484375
-738.9675903320312,636.0962524414062
-739.6134643554688,637.5942993164062
-740.23388671875,638.982177734375
-740.9180908203125,640.4574584960938
-741.6707763671875,642.0169677734375
-742.3480834960938,643.3697509765625
-743.0427856445312,644.71142578125
-743.7543334960938,646.0418701171875
-744.535888671875,647.453857421875
-745.2836303710938,648.7583618164062
-746.103759765625,650.14208984375
-747.6837158203125,652.6883544921875
-748.5527954101562,654.0353393554688
-750.27685546875,656.6044921875
-751.1946411132812,657.9105224609375
-752.2586669921875,659.3687133789062
-753.3478393554688,660.8031616210938
-754.3294067382812,662.0496826171875
-755.4638061523438,663.4420166015625
-756.6212768554688,664.8121948242188
-757.8030395507812,666.1588134765625
-758.866455078125,667.3272705078125
-759.9494018554688,668.4771728515625
-761.0509033203125,669.60888671875
-762.1701049804688,670.723388671875
-763.4577026367188,671.9684448242188
-764.6087646484375,673.0533447265625
-765.7726440429688,674.1265869140625
-766.9498291015625,675.1875
-768.2215576171875,676.302734375
-769.42919921875,677.3311157226562
-770.6510620117188,678.34375
-772.0521240234375,679.4730224609375
-773.3860473632812,680.5189208984375
-774.6494140625,681.4852905273438
-775.9244384765625,682.4385375976562
-777.2103881835938,683.3797607421875
-778.5066528320312,684.309814453125
-779.9000854492188,685.290283203125
-781.2159423828125,686.1993408203125
-782.5411987304688,687.098388671875
-785.129150390625,688.8070068359375
-786.4813842773438,689.6743774414062
-787.8428955078125,690.531005859375
-789.2128295898438,691.3782958984375
-790.590576171875,692.217041015625
-791.883544921875,692.991943359375
-793.2760009765625,693.8140258789062
-794.6755981445312,694.628662109375
-796.0814819335938,695.4364013671875
-797.4932861328125,696.2386474609375
-798.8158569335938,696.9833984375
-800.3328247070312,697.8308715820312
-801.7597045898438,698.623046875
-803.1909790039062,699.4130859375
-804.626708984375,700.200927734375
-806.06689453125,700.9862060546875
-807.51171875,701.7684936523438
-808.9609985351562,702.5478515625
-810.4143676757812,703.3251953125
-811.8715209960938,704.1015625
-813.3319091796875,704.8780517578125
-814.7952880859375,705.6558837890625
-816.2610473632812,706.4359741210938
-817.7290649414062,707.218994140625
-819.1990966796875,708.0054931640625
-820.6707153320312,708.7960815429688
-822.1436767578125,709.59130859375
-823.6173706054688,710.3916625976562
-825.09130859375,711.1979370117188
-826.5650024414062,712.0106201171875
-828.13623046875,712.88525390625
-829.6082763671875,713.7127075195312
-831.0791625976562,714.5477294921875
-832.5488891601562,715.3903198242188
-834.017578125,716.2403564453125
-835.3875122070312,717.0403442382812
-836.8543701171875,717.90478515625
-838.4180908203125,718.835205078125
-839.883056640625,719.715576171875
-841.2489624023438,720.5448608398438
-842.6128540039062,721.38232421875
-844.0711059570312,722.2896118164062
-845.6226806640625,723.2694702148438
-847.073486328125,724.199462890625
-848.520751953125,725.1401977539062
-851.0214233398438,726.7958374023438
-852.2677612304688,727.6355590820312
-853.7020263671875,728.61474609375
-854.9417724609375,729.4724731445312
-856.3681030273438,730.4727172851562
-857.7902221679688,731.4840087890625
-859.0191650390625,732.3694458007812
-860.2451171875,733.2628784179688
-861.4685668945312,734.1640014648438
-862.8773803710938,735.2125854492188
-864.0961303710938,736.1288452148438
-865.3125,737.0521240234375
-866.5261840820312,737.9827270507812
-867.9228515625,739.0662231445312
-869.13037109375,740.0133666992188
-870.3353271484375,740.9675903320312
-871.5381469726562,741.9285278320312
-872.9237670898438,743.0452270507812
-874.1226806640625,744.0195922851562
-875.3201904296875,744.9998779296875
-876.5167236328125,745.9856567382812
-877.8966674804688,747.129150390625
-879.092529296875,748.1249389648438
-880.2886352539062,749.1249389648438
-881.4851684570312,750.1288452148438
-882.6820068359375,751.1366577148438
-883.8790283203125,752.148681640625
-885.0758666992188,753.1654052734375
-886.2720336914062,754.1873168945312
-887.467041015625,755.2147827148438
-888.660400390625,756.2484741210938
-889.8516235351562,757.288818359375
-891.0403442382812,758.336181640625
-892.2262573242188,759.3907470703125
-893.4999389648438,760.5349731445312
-894.6793823242188,761.6053466796875
-896.03662109375,762.8495483398438
-897.2098388671875,763.9356079101562
-898.3804931640625,765.0286254882812
-899.5484619140625,766.1285400390625
-900.892578125,767.40625
-902.0542602539062,768.5213012695312
-903.2128295898438,769.6434326171875
-904.3680419921875,770.7728881835938
-905.5198974609375,771.9096069335938
-906.6683349609375,773.0536499023438
-907.8128051757812,774.2052612304688
-908.952880859375,775.3648071289062
-910.0887451171875,776.5322875976562
-911.220458984375,777.70751953125
-912.2613525390625,778.7991943359375
-913.4707641601562,780.0811767578125
-914.58837890625,781.2803344726562
-915.6148071289062,782.3949584960938
-916.7205810546875,783.611328125
-917.8197021484375,784.8370361328125
-918.9954833984375,786.1676635742188
-920.1629028320312,787.509521484375
-921.3220825195312,788.8621826171875
-922.3916625976562,790.1276245117188
-923.4551391601562,791.401611328125
-924.512939453125,792.6837158203125
-925.5654296875,793.9736938476562
-926.6129760742188,795.2711791992188
-927.6557006835938,796.575927734375
-928.6934204101562,797.887939453125
-929.7257690429688,799.2069091796875
-930.7526245117188,800.5326538085938
-931.7737426757812,801.8649291992188
-932.7894287109375,803.2036743164062
-933.800048828125,804.5486450195312
-934.8060913085938,805.8993530273438
-935.884033203125,807.3606567382812
-936.8787231445312,808.7245483398438
-937.8660278320312,810.0962524414062
-938.845458984375,811.47607421875
-939.8164672851562,812.8644409179688
-940.853271484375,814.3690185546875
-941.808349609375,815.7744750976562
-942.757080078125,817.1873779296875
-943.7723999023438,818.7167358398438
-944.63818359375,820.0335083007812
-945.64404296875,821.575927734375
-946.5745239257812,823.013671875
-947.5023803710938,824.4562377929688
-948.4983520507812,826.0150756835938
-949.4910278320312,827.5796508789062
-950.4096069335938,829.037841796875
-951.3246459960938,830.5012817382812
-952.235595703125,831.9703369140625
-953.141845703125,833.4454345703125
-954.111572265625,835.0411987304688
-955.0049438476562,836.5303955078125
-955.8896484375,838.027587890625
-956.763916015625,839.5336303710938
-957.6273193359375,841.0490112304688
-958.5459594726562,842.6911010742188
-959.389892578125,844.2244262695312
-960.2896728515625,845.8843383789062
-961.1173095703125,847.4332885742188
-961.937744140625,848.9889526367188
-962.812744140625,850.6716918945312
-963.6160278320312,852.2412109375
-964.40966796875,853.8177490234375
-965.193115234375,855.4013061523438
-966.0250854492188,857.1146850585938
-966.785888671875,858.7130126953125
-968.1558837890625,861.682861328125
-969.4734497070312,864.6779174804688
-970.1619262695312,866.31103515625
-971.335205078125,869.2181396484375
-972.0219116210938,870.9974975585938
-972.6403198242188,872.6556396484375
-973.2393188476562,874.3195190429688
-973.8185424804688,875.9891357421875
-974.3784790039062,877.6642456054688
-974.9195556640625,879.3444213867188
-975.44189453125,881.0291137695312
-975.9451293945312,882.718017578125
-976.4664916992188,884.5411376953125
-976.932373046875,886.2376098632812
-977.3469848632812,887.8062744140625
-977.746337890625,889.3773193359375
-978.1610107421875,891.0817260742188
-978.52685546875,892.6571044921875
-978.90478515625,894.3659057617188
-979.2625732421875,896.0765380859375
-979.5996704101562,897.788818359375
-979.9154052734375,899.50244140625
-980.210693359375,901.2173461914062
-980.4664916992188,902.80126953125
-980.726318359375,904.5178833007812
-980.9682006835938,906.2347412109375
-981.1917114257812,907.9515380859375
-981.396728515625,909.6680297851562
-981.5830078125,911.3840942382812
-981.7510375976562,913.099609375
-981.9029541015625,914.8147583007812
-982.0409545898438,916.529541015625
-982.1666259765625,918.2440795898438
-982.2803344726562,919.9583129882812
-982.3893432617188,921.803955078125
-982.4710083007812,923.385498046875
-982.5519409179688,925.2301635742188
-982.6122436523438,926.9423828125
-982.6543579101562,928.522216796875
-982.6861572265625,930.3642578125
-982.6984252929688,932.0736694335938
-982.6937255859375,933.7819213867188
-982.6720581054688,935.4886474609375
-982.6328125,937.1936645507812
-982.57568359375,938.8966064453125
-982.5004272460938,940.5972290039062
-982.4071044921875,942.29541015625
-982.2962646484375,943.9911499023438
-982.1690673828125,945.6843872070312
-982.038818359375,947.2454223632812
-981.8849487304688,948.9344482421875
-981.7182006835938,950.6211547851562
-981.5370483398438,952.304931640625
-981.3553466796875,953.8558349609375
-981.1414794921875,955.5320434570312
-980.9104614257812,957.204345703125
-980.6631469726562,958.8728637695312
-980.3997192382812,960.537353515625
-980.1190795898438,962.1973266601562
-979.8211059570312,963.8526611328125
-979.5068359375,965.5038452148438
-979.203857421875,967.0250244140625
-978.8621215820312,968.669677734375
-978.5053100585938,970.3110961914062
-978.1305541992188,971.9490966796875
-977.7362670898438,973.5836181640625
-977.3225708007812,975.21484375
-976.924560546875,976.7177734375
-976.477783203125,978.3435668945312
-976.0167236328125,979.967529296875
-975.54248046875,981.590087890625
-975.0556030273438,983.2113037109375
-974.5947875976562,984.7063598632812
-974.0829467773438,986.3241577148438
-973.55810546875,987.9397583007812
-973.0200805664062,989.5531005859375
-972.469482421875,991.1641845703125
-971.9076538085938,992.7734985351562
-971.33544921875,994.3810424804688
-970.7984008789062,995.8633422851562
-970.2061157226562,997.4668579101562
-969.6021728515625,999.0675048828125
-968.9852294921875,1000.6646728515625
-968.403564453125,1002.1356201171875
-967.760009765625,1003.7257080078125
-967.10302734375,1005.3126220703125
-966.4325561523438,1006.8961791992188
-965.8008422851562,1008.3543090820312
-965.1015625,1009.929443359375
-964.3860473632812,1011.4993896484375
-963.6542358398438,1013.0637817382812
-962.9641723632812,1014.5029296875
-962.2022094726562,1016.0575561523438
-961.4267578125,1017.6082763671875
-960.6390380859375,1019.155517578125
-959.90185546875,1020.5811767578125
-959.0938110351562,1022.1238403320312
-958.2772827148438,1023.6649780273438
-957.516357421875,1025.0863037109375
-956.684326171875,1026.6246337890625
-955.844482421875,1028.1617431640625
-954.9971923828125,1029.6976318359375
-954.1423950195312,1031.232421875
-953.2138061523438,1032.8839111328125
-952.344482421875,1034.41650390625
-951.5364990234375,1035.8306884765625
-950.6561279296875,1037.362548828125
-949.7713623046875,1038.8948974609375
-948.9515380859375,1040.310546875
-948.197998046875,1041.609375
-947.4427490234375,1042.909423828125
-946.6858520507812,1044.210693359375
-945.8584594726562,1045.6318359375
-944.96044921875,1047.173095703125
-944.1298828125,1048.5975341796875
-943.2283935546875,1050.142333984375
-942.324951171875,1051.68896484375
-941.4891967773438,1053.1182861328125
-940.6517333984375,1054.548828125
-939.742431640625,1056.0999755859375
-938.9013061523438,1057.532958984375
-937.9883422851562,1059.0869140625
-937.1443481445312,1060.5228271484375
-936.2289428710938,1062.0804443359375
-935.383056640625,1063.520263671875
-934.4656982421875,1065.0821533203125
-933.6177978515625,1066.52587890625
-932.7686767578125,1067.9710693359375
-931.9892578125,1069.2972412109375
-931.1376953125,1070.745361328125
-930.2136840820312,1072.3157958984375
-929.359375,1073.7672119140625
-928.5039672851562,1075.219970703125
-927.7188720703125,1076.5531005859375
-926.8613891601562,1078.0087890625
-926.002685546875,1079.466064453125
-925.0711059570312,1081.0467529296875
-924.2097778320312,1082.507080078125
-923.34716796875,1083.968994140625
-922.4833374023438,1085.4326171875
-921.5462646484375,1087.019775390625
-920.6801147460938,1088.4866943359375
-919.7407836914062,1090.0775146484375
-918.80078125,1091.6695556640625
-917.9329223632812,1093.1395263671875
-917.0652465820312,1094.6092529296875
-916.1257934570312,1096.2003173828125
-915.1873779296875,1097.7894287109375
-914.3223266601562,1099.2535400390625
-913.3863525390625,1100.8363037109375
-912.5235595703125,1102.29345703125
-911.7337646484375,1103.6256103515625
-910.8017578125,1105.19482421875
-909.9428100585938,1106.63818359375
-909.156494140625,1107.956787109375
-908.2284545898438,1109.509033203125
-907.3726806640625,1110.9356689453125
-906.588623046875,1112.23779296875
-905.661865234375,1113.7698974609375
-904.8056640625,1115.177001953125
-904.0196533203125,1116.46044921875
-903.0885620117188,1117.96923828125
-902.154052734375,1119.46923828125
-901.2877197265625,1120.8460693359375
-900.3448486328125,1122.329833984375
-899.3970336914062,1123.805419921875
-898.4443969726562,1125.2733154296875
-897.4869384765625,1126.734375
-896.5989379882812,1128.0772705078125
-895.6324462890625,1129.526123046875
-894.7362670898438,1130.8577880859375
-893.7609252929688,1132.2940673828125
-892.780517578125,1133.7232666015625
-891.8704833984375,1135.0355224609375
-890.8787231445312,1136.449462890625
-889.9576416015625,1137.7479248046875
-888.9540405273438,1139.1478271484375
-887.9449462890625,1140.54052734375
-886.9302978515625,1141.92578125
-885.988037109375,1143.197265625
-884.9608764648438,1144.566162109375
-883.9270629882812,1145.9266357421875
-882.8862915039062,1147.27880859375
-881.9182739257812,1148.5184326171875
-880.8595581054688,1149.85009765625
-879.7890014648438,1151.17041015625
-878.7064208984375,1152.48046875
-877.6966552734375,1153.680908203125
-876.6768798828125,1154.8731689453125
-875.5609741210938,1156.1551513671875
-874.4334716796875,1157.42724609375
-873.2947387695312,1158.6890869140625
-872.2337646484375,1159.8450927734375
-871.0740356445312,1161.0880126953125
-869.9039306640625,1162.321533203125
-868.8153076171875,1163.45263671875
-867.6271362304688,1164.6697998046875
-866.5224609375,1165.7855224609375
-865.316650390625,1166.9849853515625
-864.1009521484375,1168.1744384765625
-862.9698486328125,1169.2633056640625
-861.7344360351562,1170.4326171875
-860.5840454101562,1171.501220703125
-859.4229125976562,1172.5582275390625
-858.1524658203125,1173.689453125
-856.8685302734375,1174.805419921875
-855.5709228515625,1175.905517578125
-854.2599487304688,1176.98974609375
-852.8338012695312,1178.1400146484375
-851.60009765625,1179.11181640625
-850.3565063476562,1180.071044921875
-849.1032104492188,1181.0174560546875
-847.73486328125,1182.0286865234375
-846.4617309570312,1182.94873046875
-845.1790771484375,1183.85595703125
-843.8865356445312,1184.7498779296875
-842.4752807617188,1185.702880859375
-841.1627807617188,1186.5687255859375
-839.7310180664062,1187.4920654296875
-838.40087890625,1188.3311767578125
-837.0628051757812,1189.157470703125
-835.7167358398438,1189.970458984375
-834.2494506835938,1190.8358154296875
-832.77294921875,1191.685302734375
-831.4025268554688,1192.45654296875
-829.9105834960938,1193.2789306640625
-828.5269165039062,1194.026123046875
-827.13720703125,1194.76171875
-825.6244506835938,1195.544677734375
-824.2215576171875,1196.2537841796875
-822.8119506835938,1196.948486328125
-821.277099609375,1197.6834716796875
-819.852783203125,1198.3446044921875
-818.421142578125,1198.9888916015625
-816.8623657226562,1199.6680908203125
-815.416748046875,1200.279052734375
-813.9652099609375,1200.8753662109375
-812.5079345703125,1201.457763671875
-811.0451049804688,1202.0264892578125
-809.5767211914062,1202.5823974609375
-808.10302734375,1203.126708984375
-806.6242065429688,1203.6611328125
-805.0162963867188,1204.22998046875
-803.5269165039062,1204.746337890625
-802.0322265625,1205.25390625
-800.5314331054688,1205.74951171875
-799.0242919921875,1206.2308349609375
-797.384521484375,1206.7353515625
-795.8646240234375,1207.185546875
-794.3388061523438,1207.621826171875
-792.807373046875,1208.0452880859375
-791.2704467773438,1208.4564208984375
-789.599609375,1208.8887939453125
-788.0521850585938,1209.276123046875
-786.4999389648438,1209.65283203125
-784.8131103515625,1210.049560546875
-782.99072265625,1210.46484375
-781.424072265625,1210.8114013671875
-779.8533325195312,1211.1497802734375
-778.278564453125,1211.4803466796875
-776.699951171875,1211.8031005859375
-775.1173706054688,1212.116943359375
-773.5305786132812,1212.421142578125
-771.9395141601562,1212.7152099609375
-770.34423828125,1213.0001220703125
-768.7449951171875,1213.2762451171875
-767.0081176757812,1213.56591796875
-765.40087890625,1213.8245849609375
-763.5210571289062,1214.11474609375
-761.9057006835938,1214.35302734375
-760.2865600585938,1214.5814208984375
-758.6636352539062,1214.80029296875
-757.0369873046875,1215.01025390625
-755.4067993164062,1215.211669921875
-753.7731323242188,1215.4051513671875
-752.1360473632812,1215.5911865234375
-750.49560546875,1215.7705078125
-748.8519897460938,1215.943115234375
-747.205078125,1216.1085205078125
-745.5551147460938,1216.2666015625
-743.9019775390625,1216.4166259765625
-742.245849609375,1216.558349609375
-740.5864868164062,1216.6917724609375
-738.9241333007812,1216.816650390625
-737.2586669921875,1216.933349609375
-735.5902099609375,1217.042236328125
-733.9187622070312,1217.1441650390625
-732.2445068359375,1217.239501953125
-730.5674438476562,1217.32861328125
-728.8877563476562,1217.410888671875
-727.2054443359375,1217.4859619140625
-725.6610717773438,1217.5477294921875
-723.9737548828125,1217.6070556640625
-722.283935546875,1217.65771484375
-720.591552734375,1217.6995849609375
-718.8966674804688,1217.73291015625
-717.1993408203125,1217.758056640625
-715.49951171875,1217.775390625
-713.7972412109375,1217.78564453125
-711.9505004882812,1217.788818359375
-710.243408203125,1217.7847900390625
-708.5338134765625,1217.7744140625
-706.8219604492188,1217.7578125
-705.1080322265625,1217.7347412109375
-703.3919067382812,1217.7047119140625
-701.8167724609375,1217.67138671875
-699.9528198242188,1217.625244140625
-698.2297973632812,1217.5770263671875
-696.3605346679688,1217.5196533203125
-694.7767333984375,1217.46728515625
-692.902587890625,1217.401611328125
-691.1702270507812,1217.3375244140625
-689.4356079101562,1217.270751953125
-687.6986083984375,1217.20166015625
-685.959228515625,1217.1304931640625
-684.2174682617188,1217.0577392578125
-682.473388671875,1216.9837646484375
-680.7269287109375,1216.908935546875
-678.9780883789062,1216.833984375
-677.226806640625,1216.7593994140625
-675.47314453125,1216.685791015625
-673.7171020507812,1216.614013671875
-671.9586791992188,1216.54443359375
-670.1978759765625,1216.4776611328125
-668.4346313476562,1216.4141845703125
-666.521728515625,1216.3489990234375
-664.9009399414062,1216.297119140625
-663.1305541992188,1216.244384765625
-661.2099609375,1216.192138671875
-659.5826416015625,1216.151611328125
-657.6569213867188,1216.10791015625
-656.0252685546875,1216.07421875
-654.0944213867188,1216.0379638671875
-652.4585571289062,1216.0098876953125
-650.6716918945312,1215.98193359375
-648.8827514648438,1215.95654296875
-647.0923461914062,1215.933837890625
-645.1521606445312,1215.911865234375
-643.3618774414062,1215.8941650390625
-641.722412109375,1215.8800048828125
-639.7879028320312,1215.86572265625
-638.0060424804688,1215.854736328125
-636.22900390625,1215.8455810546875
-634.4579467773438,1215.8380126953125
-632.6939086914062,1215.83203125
-630.9378662109375,1215.8275146484375
-629.1904907226562,1215.824462890625
-627.4520874023438,1215.822998046875
-625.57958984375,1215.8233642578125
-623.8617553710938,1215.825927734375
-622.1547241210938,1215.8310546875
-620.458740234375,1215.8389892578125
-618.6343994140625,1215.8509521484375
-616.9623413085938,1215.8653564453125
-615.302001953125,1215.8834228515625
-613.5165405273438,1215.907470703125
-611.880859375,1215.9342041015625
-610.2572021484375,1215.9656982421875
-608.645263671875,1216.002197265625
-607.04443359375,1216.0439453125
-605.4540405273438,1216.09130859375
-603.8734130859375,1216.14453125
-602.1716918945312,1216.209228515625
-600.6102294921875,1216.275634765625
-599.057373046875,1216.348388671875
-597.384521484375,1216.433837890625
-595.8489990234375,1216.518310546875
-594.3218994140625,1216.6082763671875
-592.8037109375,1216.704345703125
-591.2945556640625,1216.807373046875
-589.670166015625,1216.9276123046875
-587.9325561523438,1217.068115234375
-586.2058715820312,1217.2210693359375
-584.610107421875,1217.373291015625
-582.8967895507812,1217.544677734375
-581.0646362304688,1217.7318115234375
-579.2372436523438,1217.92041015625
-577.53759765625,1218.1024169921875
-575.8450317382812,1218.29638671875
-574.16015625,1218.50634765625
-572.3607177734375,1218.7490234375
-570.6854248046875,1218.990234375
-569.1336669921875,1219.2261962890625
-567.4678955078125,1219.4937744140625
-565.6893310546875,1219.796142578125
-563.9166870117188,1220.1134033203125
-562.266845703125,1220.4212646484375
-560.50439453125,1220.763427734375
-558.8653564453125,1221.0955810546875
-557.1160278320312,1221.466552734375
-555.4894409179688,1221.8271484375
-553.9843139648438,1222.1748046875
-552.3677978515625,1222.562744140625
-550.8701782226562,1222.9339599609375
-549.1461791992188,1223.3746337890625
-547.541015625,1223.7978515625
-545.8258666992188,1224.265380859375
-544.2296142578125,1224.7156982421875
-542.6378173828125,1225.1802978515625
-540.9375610351562,1225.6949462890625
-539.3557739257812,1226.192138671875
-537.8922119140625,1226.668212890625
-536.3226928710938,1227.1961669921875
-534.76123046875,1227.739501953125
-533.0977172851562,1228.3380126953125
-531.55419921875,1228.9127197265625
-529.9093017578125,1229.545166015625
-528.381591796875,1230.1510009765625
-526.9700927734375,1230.725830078125
-525.4570922851562,1231.3572998046875
-523.951171875,1232.0006103515625
-522.5598754882812,1232.607177734375
-520.9636840820312,1233.31640625
-519.4837036132812,1233.9852294921875
-518.1184692382812,1234.6107177734375
-516.6588134765625,1235.2879638671875
-515.10791015625,1236.0166015625
-513.5703125,1236.7457275390625
-512.0447387695312,1237.4720458984375
-510.5295715332031,1238.1920166015625
-509.0229187011719,1238.9033203125
-507.6224670410156,1239.5582275390625
-506.1261291503906,1240.25
-504.6327209472656,1240.9312744140625
-503.14154052734375,1241.6011962890625
-501.6521301269531,1242.259033203125
-500.1648254394531,1242.9039306640625
-498.6800537109375,1243.53564453125
-497.1978759765625,1244.1534423828125
-495.61944580078125,1244.7965087890625
-493.9452819824219,1245.4613037109375
-492.46990966796875,1246.031982421875
-490.99444580078125,1246.5877685546875
-489.5166931152344,1247.1292724609375
-488.0362243652344,1247.656005859375
-486.5531005859375,1248.167724609375
-485.0671081542969,1248.6632080078125
-483.37933349609375,1249.203857421875
-481.88714599609375,1249.66259765625
-480.29229736328125,1250.1341552734375
-478.7940979003906,1250.55908203125
-477.09271240234375,1251.01953125
-475.48748779296875,1251.4312744140625
-473.9790344238281,1251.79736328125
-472.46636962890625,1252.1436767578125
-470.849365234375,1252.4923095703125
-469.1281433105469,1252.8389892578125
-467.6078186035156,1253.1243896484375
-465.8832092285156,1253.421142578125
-464.2589111328125,1253.6737060546875
-462.7363586425781,1253.8846435546875
-461.2154846191406,1254.0723876953125
-459.4956359863281,1254.260498046875
-457.9830627441406,1254.4083251953125
-456.2757873535156,1254.558349609375
-454.77618408203125,1254.6776123046875
-453.0868835449219,1254.7974853515625
-451.4101257324219,1254.8970947265625
-449.6494445800781,1254.9798583984375
-448.00115966796875,1255.0364990234375
-446.3686828613281,1255.0740966796875
-444.65838623046875,1255.09814453125
-443.0614318847656,1255.1112060546875
-441.4834289550781,1255.1197509765625
-439.9248962402344,1255.128173828125
-438.2946472167969,1255.1402587890625
-436.7725524902344,1255.1561279296875
-435.17791748046875,1255.1790771484375
-433.59893798828125,1255.2093505859375
-431.9481201171875,1255.25048828125
-430.3985595703125,1255.2991943359375
-428.8634338378906,1255.3594970703125
-427.1773681640625,1255.44091796875
-425.5162658691406,1255.5374755859375
-423.88311767578125,1255.64892578125
-422.27685546875,1255.777587890625
-420.6932373046875,1255.9287109375
-417.6621398925781,1256.3072509765625
-416.1278991699219,1256.5523681640625
-414.6063537597656,1256.835205078125
-412.9482727050781,1257.19091796875
-411.4562072753906,1257.553466796875
-409.9793701171875,1257.9525146484375
-408.51910400390625,1258.3885498046875
-407.07586669921875,1258.8651123046875
-405.5065612792969,1259.4403076171875
-404.09674072265625,1260.01123046875
-402.7034912109375,1260.6273193359375
-401.3258361816406,1261.285400390625
-399.9621887207031,1261.9822998046875
-398.4770202636719,1262.789794921875
-397.1416931152344,1263.559814453125
-395.69293212890625,1264.4442138671875
-394.3993225097656,1265.2786865234375
-393.1305847167969,1266.139892578125
-391.8852844238281,1267.0296630859375
-390.66058349609375,1267.950439453125
-389.4573059082031,1268.902587890625
-388.2771301269531,1269.885498046875
-387.12164306640625,1270.8985595703125
-385.88323974609375,1272.0443115234375
-384.7906799316406,1273.1103515625
-383.7306823730469,1274.19873046875
-382.70184326171875,1275.309814453125
-381.7018737792969,1276.444580078125
-380.7304992675781,1277.6038818359375
-379.7881774902344,1278.7874755859375
-378.87725830078125,1279.99609375
-377.913818359375,1281.3546142578125
-377.0745544433594,1282.6156005859375
-376.27069091796875,1283.896240234375
-375.4988708496094,1285.188232421875
-373.9811096191406,1287.8365478515625
-373.1803894042969,1289.239990234375
-372.4123229980469,1290.5592041015625
-371.5951232910156,1291.9161376953125
-369.9054870605469,1294.550537109375
-368.95306396484375,1295.9454345703125
-368.0223693847656,1297.256103515625
-367.073486328125,1298.54150390625
-366.106201171875,1299.8031005859375
-365.1216735839844,1301.0430908203125
-364.1222839355469,1302.2642822265625
-363.1075439453125,1303.466796875
-362.07586669921875,1304.6417236328125
-359.9780578613281,1306.8343505859375
-357.7388610839844,1308.86083984375
-355.3035583496094,1310.702392578125
-354.03289794921875,1311.534912109375
-352.64727783203125,1312.3521728515625
-351.2687072753906,1313.0814208984375
-349.90911865234375,1313.7337646484375
-348.44232177734375,1314.3724365234375
-346.93341064453125,1314.96240234375
-344.08636474609375,1315.9107666015625
-342.61968994140625,1316.34033203125
-341.1286315917969,1316.7503662109375
-339.61578369140625,1317.14599609375
-338.082763671875,1317.5311279296875
-336.531494140625,1317.90625
-334.9687194824219,1318.2696533203125
-333.4006652832031,1318.618408203125
-331.90594482421875,1318.935546875
-330.32720947265625,1319.25439453125
-328.7420959472656,1319.56005859375
-327.14404296875,1319.8570556640625
-325.6119689941406,1320.1357421875
-322.5106506347656,1320.7037353515625
-320.86004638671875,1321.0218505859375
-319.1986389160156,1321.3626708984375
-317.5282287597656,1321.7313232421875
-315.85223388671875,1322.1339111328125
-314.2561340332031,1322.55078125
-312.7417297363281,1322.97998046875
-309.7954406738281,1323.9136962890625
-308.3644714355469,1324.4141845703125
-306.93505859375,1324.9439697265625
-305.42388916015625,1325.537353515625
-303.916015625,1326.1630859375
-302.4123840332031,1326.8209228515625
-300.9965515136719,1327.4713134765625
-299.5849914550781,1328.1502685546875
-298.0948791503906,1328.90087890625
-296.6921691894531,1329.6400146484375
-295.213623046875,1330.4559326171875
-293.82452392578125,1331.2584228515625
-292.44329833984375,1332.0931396484375
-290.9883117675781,1333.0098876953125
-289.61993408203125,1333.9036865234375
-288.1757507324219,1334.8756103515625
-286.8155212402344,1335.81591796875
-285.3794860839844,1336.8341064453125
-284.027099609375,1337.81689453125
-282.7586975097656,1338.76123046875
-281.4168395996094,1339.7864990234375
-279.065673828125,1341.6534423828125
-277.8983154296875,1342.6141357421875
-276.6597595214844,1343.6588134765625
-275.5052185058594,1344.6573486328125
-274.3575439453125,1345.675048828125
-273.21685791015625,1346.711669921875
-272.0826721191406,1347.7666015625
-270.95416259765625,1348.839111328125
-269.8299560546875,1349.92724609375
-268.7091064453125,1351.0294189453125
-267.5910339355469,1352.144775390625
-266.4747619628906,1353.2723388671875
-265.3597412109375,1354.4112548828125
-264.24560546875,1355.5606689453125
-263.1321716308594,1356.720458984375
-262.0191955566406,1357.890380859375
-260.98028564453125,1358.9913330078125
-259.86590576171875,1360.1796875
-258.74822998046875,1361.37548828125
-257.6251525878906,1362.57666015625
-256.5703125,1363.700439453125
-255.43170166015625,1364.90576171875
-254.2830352783203,1366.111083984375
-253.12332153320312,1367.3148193359375
-251.95079040527344,1368.51513671875
-250.76405334472656,1369.7109375
-249.6432342529297,1370.8228759765625
-248.42848205566406,1372.009521484375
-247.19947814941406,1373.19091796875
-245.9570770263672,1374.3656005859375
-244.70458984375,1375.5303955078125
-243.44284057617188,1376.6859130859375
-242.1720733642578,1377.831787109375
-240.89208984375,1378.9678955078125
-239.60269165039062,1380.0938720703125
-238.30348205566406,1381.2095947265625
-236.99130249023438,1382.3170166015625
-234.50137329101562,1384.359375
-233.143798828125,1385.4365234375
-231.76858520507812,1386.5003662109375
-230.46897888183594,1387.4808349609375
-229.2485809326172,1388.3807373046875
-227.82447814941406,1389.4066162109375
-226.4803009033203,1390.35205078125
-225.21942138671875,1391.2196044921875
-223.7498016357422,1392.2088623046875
-222.26475524902344,1393.1851806640625
-220.76463317871094,1394.1488037109375
-219.35086059570312,1395.0364990234375
-218.02691650390625,1395.8515625
-216.58978271484375,1396.7200927734375
-215.0376434326172,1397.64013671875
-213.47293090820312,1398.549072265625
-212.00099182128906,1399.38671875
-210.41151428222656,1400.272705078125
-208.91636657714844,1401.088134765625
-207.51808166503906,1401.8355712890625
-205.8928680419922,1402.687255859375
-204.36643981933594,1403.474609375
-202.94410705566406,1404.201171875
-201.3019561767578,1405.03564453125
-199.77113342285156,1405.813232421875
-198.13409423828125,1406.6485595703125
-196.7203369140625,1407.37548828125
-195.20498657226562,1408.1614990234375
-193.805419921875,1408.8944091796875
-192.20037841796875,1409.743408203125
-190.60655212402344,1410.5963134765625
-189.1300048828125,1411.3958740234375
-187.7693634033203,1412.14208984375
-186.21298217773438,1413.0089111328125
-184.77423095703125,1413.8243408203125
-183.45068359375,1414.587158203125
-182.0393829345703,1415.4150390625
-180.54388427734375,1416.3087158203125
-179.06500244140625,1417.209716796875
-177.69912719726562,1418.0576171875
-176.251708984375,1418.9752197265625
-174.9160614013672,1419.841796875
-173.59445190429688,1420.7193603515625
-172.192626953125,1421.6732177734375
-170.8979034423828,1422.5771484375
-169.61715698242188,1423.4949951171875
-168.35125732421875,1424.4273681640625
-167.10031127929688,1425.3746337890625
-165.6896209716797,1426.4759521484375
-164.4728546142578,1427.456298828125
-163.2730712890625,1428.4521484375
-162.09092712402344,1429.4638671875
-160.92652893066406,1430.490966796875
-159.77960205078125,1431.532958984375
-158.5690155029297,1432.6661376953125
-157.45448303222656,1433.7401123046875
-156.35455322265625,1434.8304443359375
-155.1927947998047,1436.0172119140625
-154.12567138671875,1437.142333984375
-153.07644653320312,1438.28369140625
-151.97320556640625,1439.522705078125
-150.96347045898438,1440.692138671875
-149.83154296875,1442.04248046875
-148.85975646972656,1443.237548828125
-147.9042510986328,1444.445068359375
-146.96470642089844,1445.66552734375
-145.9747314453125,1446.9862060546875
-145.06663513183594,1448.23095703125
-144.1121368408203,1449.5771484375
-143.11634826660156,1451.0272216796875
-142.2638397216797,1452.3074951171875
-141.36874389648438,1453.690673828125
-140.5487060546875,1454.9915771484375
-139.74168395996094,1456.3011474609375
-138.9465789794922,1457.618408203125
-138.10755920410156,1459.037841796875
-137.33619689941406,1460.3697509765625
-136.5757598876953,1461.7081298828125
-135.7720184326172,1463.148193359375
-135.0321807861328,1464.496337890625
-134.251708984375,1465.943115234375
-133.53489685058594,1467.2938232421875
-132.7790069580078,1468.7393798828125
-132.03529357910156,1470.181640625
-131.3033905029297,1471.6185302734375
-129.9248809814453,1474.3765869140625
-129.23074340820312,1475.7901611328125
-128.5506591796875,1477.1929931640625
-127.88520050048828,1478.583740234375
-127.2356185913086,1479.95947265625
-126.6007080078125,1481.31982421875
-125.89605712890625,1482.84423828125
-125.16487884521484,1484.439208984375
-124.48587799072266,1485.92578125
-123.85491180419922,1487.305419921875
-123.19026947021484,1488.7509765625
-122.52996063232422,1490.1744384765625
-121.83367156982422,1491.6572265625
-121.13971710205078,1493.11328125
-120.44881439208984,1494.5408935546875
-119.6861801147461,1496.0926513671875
-118.9290771484375,1497.609619140625
-118.24972534179688,1498.9482421875
-117.53495788574219,1500.3328857421875
-116.74740600585938,1501.8280029296875
-115.24994659423828,1504.5672607421875
-114.49775695800781,1505.8824462890625
-113.70503997802734,1507.2244873046875
-112.87162780761719,1508.5911865234375
-111.99756622314453,1509.976318359375
-111.15672302246094,1511.25927734375
-110.27055358886719,1512.5555419921875
-109.29884338378906,1513.9124755859375
-108.31890869140625,1515.214111328125
-107.33055114746094,1516.4603271484375
-106.33177185058594,1517.6512451171875
-105.23959350585938,1518.8763427734375
-104.1307601928711,1520.0357666015625
-103.00365447998047,1521.1309814453125
-101.855224609375,1522.1634521484375
-100.6838150024414,1523.1353759765625
-99.48448944091797,1524.0462646484375
-98.15980529785156,1524.955810546875
-96.79718780517578,1525.7918701171875
-95.44869995117188,1526.5283203125
-94.07283020019531,1527.1951904296875
-92.62224578857422,1527.8104248046875
-91.14595031738281,1528.34765625
-89.68768310546875,1528.795654296875
-88.19269561767578,1529.171875
-86.7186050415039,1529.466552734375
-85.16149139404297,1529.7020263671875
-82.20319366455078,1529.9462890625
-80.68941497802734,1529.968994140625
-79.14834594726562,1529.9190673828125
-77.5195083618164,1529.7864990234375
-74.561279296875,1529.3492431640625
-72.99650573730469,1529.017578125
-71.41993713378906,1528.61083984375
-69.89835357666016,1528.146728515625
-68.309814453125,1527.585693359375
-66.9096908569336,1527.0272216796875
-65.44390869140625,1526.383544921875
-64.04249572753906,1525.715087890625
-62.58122634887695,1524.958984375
-61.18919372558594,1524.1802978515625
-59.739990234375,1523.3106689453125
-58.35853958129883,1522.4305419921875
-57.04499435424805,1521.548583984375
-55.799957275390625,1520.6705322265625
-54.56104278564453,1519.7559814453125
-53.32813262939453,1518.80712890625
-52.101661682128906,1517.8250732421875
-50.82440185546875,1516.7608642578125
-49.62744140625,1515.7215576171875
-48.4502067565918,1514.6580810546875
-47.2932243347168,1513.5704345703125
-46.0989990234375,1512.403076171875
-44.97398376464844,1511.2620849609375
-43.85808181762695,1510.0899658203125
-42.75312805175781,1508.8890380859375
-41.60401153564453,1507.59814453125
-40.51810073852539,1506.34228515625
-39.547447204589844,1505.1907958984375
-38.47626495361328,1503.88818359375
-37.412200927734375,1502.5616455078125
-36.459373474121094,1501.3485107421875
-35.40532684326172,1499.9803466796875
-34.46079635620117,1498.730712890625
-32.63469696044922,1496.2515869140625
-31.751750946044922,1495.0247802734375
-30.818782806396484,1493.71044921875
-29.887123107910156,1492.381103515625
-28.95616340637207,1491.0374755859375
-28.025222778320312,1489.679931640625
-27.09391975402832,1488.3089599609375
-26.213863372802734,1487.0020751953125
-25.33325958251953,1485.6832275390625
-24.451995849609375,1484.3526611328125
-23.569686889648438,1483.0103759765625
-22.737947463989258,1481.736572265625
-21.852384567260742,1480.3721923828125
-20.912097930908203,1478.9158935546875
-19.96857261657715,1477.4481201171875
-19.074100494384766,1476.051513671875
-18.229021072387695,1474.72802734375
-17.274423599243164,1473.22900390625
-16.369035720825195,1471.8033447265625
-15.513509750366211,1470.4527587890625
-14.708545684814453,1469.1788330078125
-13.900880813598633,1467.897705078125
-13.036402702331543,1466.5230712890625
-12.114508628845215,1465.05322265625
-11.29822826385498,1463.7484130859375
-10.47939682006836,1462.4359130859375
-9.603314399719238,1461.0274658203125
-8.779621124267578,1459.698974609375
-7.953738212585449,1458.3624267578125
-7.125912666320801,1457.0179443359375
-6.240644454956055,1455.5748291015625
-5.4085211753845215,1454.2137451171875
-4.574182510375977,1452.8450927734375
-3.6817808151245117,1451.3768310546875
-2.842872381210327,1449.9925537109375
-2.0017659664154053,1448.6009521484375
-1.1021782159805298,1447.108642578125
-0.2567889988422394,1445.7021484375
0.5903089642524719,1444.2886962890625
1.4952226877212524,1442.7724609375
2.344404935836792,1441.342529296875
3.250875949859619,1439.8077392578125
4.1011505126953125,1438.360107421875
4.951869487762451,1436.9041748046875
5.859894275665283,1435.341796875
6.711775302886963,1433.8685302734375
7.564335346221924,1432.3870849609375
8.417691230773926,1430.8974609375
9.898662567138672,1428.296875
10.639944076538086,1426.987548828125
11.381699562072754,1425.6722412109375
12.180840492248535,1424.2493896484375
12.921735763549805,1422.9254150390625
13.66134262084961,1421.5994873046875
14.39970588684082,1420.2718505859375
15.136734962463379,1418.9425048828125
15.872299194335938,1417.6114501953125
16.606260299682617,1416.2786865234375
17.33833885192871,1414.94384765625
18.069643020629883,1413.6044921875
18.800655364990234,1412.2589111328125
19.6433162689209,1410.6988525390625
20.372739791870117,1409.34033203125
21.101301193237305,1407.9759521484375
21.828956604003906,1406.605712890625
22.667434692382812,1405.0174560546875
23.50469207763672,1403.4215087890625
24.22928237915039,1402.0322265625
24.95293617248535,1400.63720703125
25.675575256347656,1399.236572265625
26.508121490478516,1397.6134033203125
27.228492736816406,1396.200439453125
27.947731018066406,1394.78173828125
28.66574478149414,1393.357421875
29.38217544555664,1391.9273681640625
30.096786499023438,1390.4913330078125
30.809371948242188,1389.0489501953125
32.17318344116211,1386.2574462890625
32.878509521484375,1384.7965087890625
33.580814361572266,1383.3291015625
34.279911041259766,1381.85498046875
34.975643157958984,1380.3741455078125
35.66819763183594,1378.8865966796875
36.3046989440918,1377.5079345703125
37.0435676574707,1375.8924560546875
37.72553253173828,1374.3853759765625
38.35149002075195,1372.9881591796875
39.07766342163086,1371.3505859375
39.7480583190918,1369.8232421875
40.41449737548828,1368.2894287109375
41.076934814453125,1366.7490234375
41.6844596862793,1365.3211669921875
42.337432861328125,1363.7677001953125
43.03340530395508,1362.086181640625
43.67250061035156,1360.516357421875
44.25627899169922,1359.06005859375
44.929954528808594,1357.352294921875
45.54827880859375,1355.7584228515625
46.159584045410156,1354.1566162109375
46.764183044433594,1352.547119140625
47.362369537353516,1350.9302978515625
47.95456314086914,1349.3062744140625
48.54072952270508,1347.67529296875
49.12067413330078,1346.0372314453125
49.73777389526367,1344.2652587890625
50.304107666015625,1342.6124267578125
50.864524841308594,1340.9527587890625
51.4192008972168,1339.2864990234375
51.968238830566406,1337.6138916015625
52.88465881347656,1334.7691650390625
53.418548583984375,1333.079833984375
53.9471435546875,1331.384521484375
54.39046859741211,1329.9456787109375
54.90928268432617,1328.2401123046875
55.343326568603516,1326.7923583984375
55.77214813232422,1325.33984375
56.271575927734375,1323.6171875
56.76231384277344,1321.887451171875
57.1705207824707,1320.4183349609375
57.572105407714844,1318.944091796875
57.96731948852539,1317.4647216796875
58.39189910888672,1315.8450927734375
58.77599334716797,1314.35546875
59.156166076660156,1312.861572265625
59.60076141357422,1311.0908203125
59.973487854003906,1309.5882568359375
60.34321594238281,1308.0816650390625
60.77684783935547,1306.29638671875
61.207035064697266,1304.5062255859375
61.63399887084961,1302.7113037109375
61.9925422668457,1301.188720703125
62.41313934326172,1299.384521484375
62.766693115234375,1297.8541259765625
63.18154525756836,1296.04150390625
63.529457092285156,1294.5040283203125
63.93638610839844,1292.6822509765625
64.2771987915039,1291.136474609375
64.67655181884766,1289.3050537109375
65.07266235351562,1287.46875
65.40508270263672,1285.9114990234375
65.79430389404297,1284.06884765625
66.12039947509766,1282.5086669921875
66.4729995727539,1280.8056640625
66.79353332519531,1279.2437744140625
67.1406478881836,1277.538818359375
67.51407623291016,1275.6907958984375
67.82819366455078,1274.1265869140625
68.1970443725586,1272.2783203125
68.5078125,1270.7127685546875
68.87353515625,1268.858642578125
69.18174743652344,1267.2862548828125
69.54476928710938,1265.423828125
69.90696716308594,1263.557373046875
70.26863861083984,1261.68701171875
70.6298599243164,1259.8131103515625
70.93544006347656,1258.2247314453125
71.29698944091797,1256.34423828125
71.60334777832031,1254.750244140625
71.9658432006836,1252.863037109375
72.27297973632812,1251.2633056640625
72.63624572753906,1249.3692626953125
72.99948120117188,1247.471435546875
73.3628921508789,1245.5694580078125
73.95035552978516,1242.4893798828125
74.53884887695312,1239.4002685546875
74.81945037841797,1237.92626953125
75.12823486328125,1236.3023681640625
75.40904998779297,1234.823974609375
75.71806335449219,1233.1953125
76.02716827392578,1231.5640869140625
76.33624267578125,1229.9302978515625
76.64534759521484,1228.2938232421875
76.92637634277344,1226.8038330078125
77.26367950439453,1225.0130615234375
77.54484558105469,1223.518310546875
77.85418701171875,1221.871826171875
78.1635971069336,1220.22265625
78.50115966796875,1218.420654296875
78.81053924560547,1216.7659912109375
79.11992645263672,1215.1087646484375
79.45777130126953,1213.2977294921875
79.76786804199219,1211.6348876953125
80.10662078857422,1209.81787109375
80.4175033569336,1208.1494140625
80.72869110107422,1206.478271484375
81.04022979736328,1204.8046875
81.35208892822266,1203.1285400390625
81.66439056396484,1201.4500732421875
82.00567626953125,1199.6162109375
82.34771728515625,1197.779296875
82.66181945800781,1196.0927734375
82.9762191772461,1194.40380859375
83.31946563720703,1192.5582275390625
83.63445281982422,1190.8636474609375
83.9785385131836,1189.0118408203125
84.2944564819336,1187.3115234375
84.6396713256836,1185.4537353515625
84.95661163330078,1183.7481689453125
85.27399444580078,1182.039794921875
85.62068939208984,1180.17333984375
85.93890380859375,1178.459716796875
86.28652954101562,1176.58740234375
86.60562133789062,1174.8685302734375
86.92514038085938,1173.1473388671875
87.27421569824219,1171.26708984375
87.59477233886719,1169.5411376953125
87.9157485961914,1167.8131103515625
88.23700714111328,1166.0828857421875
88.58792114257812,1164.19287109375
88.90998840332031,1162.4580078125
89.26168823242188,1160.5631103515625
89.5845947265625,1158.823974609375
89.90794372558594,1157.0826416015625
90.2314453125,1155.3392333984375
90.58454895019531,1153.4349365234375
90.90863800048828,1151.68701171875
91.23323059082031,1149.9368896484375
91.528564453125,1148.34423828125
91.85384368896484,1146.5902099609375
92.20923614501953,1144.674072265625
92.53558349609375,1142.9151611328125
92.8326416015625,1141.3143310546875
93.18950653076172,1139.390869140625
93.51700592041016,1137.6253662109375
93.84485626220703,1135.8577880859375
94.17276000976562,1134.08837890625
94.50083923339844,1132.316650390625
94.82945251464844,1130.54296875
95.1586685180664,1128.7674560546875
95.48823547363281,1126.98974609375
95.81814575195312,1125.2100830078125
96.14865112304688,1123.42822265625
96.4795913696289,1121.6441650390625
96.7806625366211,1120.0206298828125
97.14244842529297,1118.0699462890625
97.44450378417969,1116.4422607421875
97.777099609375,1114.6500244140625
98.10965728759766,1112.8558349609375
98.44220733642578,1111.0596923828125
98.77458953857422,1109.26171875
99.10676574707031,1107.4617919921875
99.68047332763672,1104.347900390625
99.95221710205078,1102.8707275390625
100.25425720214844,1101.22802734375
100.58650207519531,1099.4193115234375
100.91853332519531,1097.608642578125
101.22020721435547,1095.960693359375
101.4917221069336,1094.4764404296875
101.76334381103516,1092.99072265625
102.03510284423828,1091.5037841796875
102.36731719970703,1089.6846923828125
102.69955444335938,1087.8638916015625
103.0319595336914,1086.0413818359375
103.33440399169922,1084.3829345703125
103.66720581054688,1082.556884765625
103.99988555908203,1080.729248046875
104.33251190185547,1078.899658203125
104.66509246826172,1077.0682373046875
104.99762725830078,1075.235107421875
105.33020782470703,1073.4002685546875
105.66282653808594,1071.5635986328125
105.99533081054688,1069.7252197265625
106.26728057861328,1068.2197265625
106.59957122802734,1066.3778076171875
106.93171691894531,1064.5341796875
107.26366424560547,1062.6885986328125
107.59539031982422,1060.8411865234375
107.92695617675781,1058.9920654296875
108.19816589355469,1057.4779052734375
108.5296401977539,1055.6256103515625
108.86104583740234,1053.77197265625
109.19256591796875,1051.9166259765625
109.46363830566406,1050.3974609375
109.79469299316406,1048.5394287109375
110.06553649902344,1047.017578125
110.36666107177734,1045.32470703125
110.63765716552734,1043.7996826171875
110.90845489501953,1042.2735595703125
111.17916107177734,1040.74609375
111.51016998291016,1038.8775634765625
111.84132385253906,1037.00732421875
112.17243957519531,1035.13525390625
112.50357818603516,1033.26123046875
112.83446502685547,1031.3856201171875
113.1650161743164,1029.50830078125
113.49528503417969,1027.62939453125
113.82533264160156,1025.74853515625
114.15509796142578,1023.86572265625
114.48448944091797,1021.9812622070312
114.78358459472656,1020.2667236328125
115.05245208740234,1018.7222900390625
115.35079956054688,1017.0049438476562
115.67852783203125,1015.1141967773438
116.00579833984375,1013.2218017578125
116.3028335571289,1011.5000610351562
116.62920379638672,1009.6043701171875
116.9552230834961,1007.7068481445312
117.25126647949219,1005.9802856445312
117.57642364501953,1004.0795288085938
117.90106201171875,1002.1773071289062
118.2252426147461,1000.2733154296875
118.51959228515625,998.5408935546875
118.84303283691406,996.6334228515625
119.13683319091797,994.8980102539062
119.40121459960938,993.3348999023438
119.69495391845703,991.5968627929688
120.01795959472656,989.683349609375
120.31151580810547,987.9423828125
120.63449096679688,986.0258178710938
120.957763671875,984.1077270507812
121.25189208984375,982.3626708984375
121.57564544677734,980.4418334960938
121.87020874023438,978.6944580078125
122.19445037841797,976.7710571289062
122.48933410644531,975.021240234375
122.81390380859375,973.0950927734375
123.10913848876953,971.3427124023438
123.43389129638672,969.4139404296875
123.72920227050781,967.6593627929688
124.05426788330078,965.7281494140625
124.35009002685547,963.9713134765625
124.67587280273438,962.0375366210938
124.97232055664062,960.2784423828125
125.29856872558594,958.34228515625
125.59536743164062,956.5811157226562
125.92218780517578,954.6425170898438
126.21953582763672,952.8790893554688
126.54695892333984,950.938232421875
126.8449478149414,949.1726684570312
127.11341857910156,947.5828247070312
127.412109375,945.8153686523438
127.74091339111328,943.8709106445312
128.03977966308594,942.1040649414062
128.36851501464844,940.16162109375
128.66738891601562,938.396728515625
128.99627685546875,936.4561767578125
129.2954559326172,934.6931762695312
129.5948028564453,932.930908203125
129.92417907714844,930.9933471679688
130.22369384765625,929.2332763671875
130.5233917236328,927.4739379882812
130.85348510742188,925.5379638671875
131.15402221679688,923.7772216796875
131.45497131347656,922.0157470703125
131.78648376464844,920.0772094726562
132.08822631835938,918.3143920898438
132.39031982421875,916.5509643554688
132.69273376464844,914.7869262695312
133.0257568359375,912.8457641601562
133.32884216308594,911.0805053710938
133.63226318359375,909.3148803710938
133.93603515625,907.548828125
134.24024963378906,905.7822875976562
134.57554626464844,903.8385620117188
134.88092041015625,902.0708618164062
135.18661499023438,900.3025512695312
135.49273681640625,898.5337524414062
135.7992401123047,896.7642211914062
136.10606384277344,894.9942016601562
136.41310119628906,893.2236938476562
136.72036743164062,891.4526977539062
137.05865478515625,889.5040283203125
137.36642456054688,887.7321166992188
137.64364624023438,886.1371459960938
137.95196533203125,884.36474609375
138.29153442382812,882.4148559570312
138.6316680908203,880.4644165039062
138.94131469726562,878.6908569335938
139.2512664794922,876.9170532226562
139.5615234375,875.1428833007812
139.8719482421875,873.3682861328125
140.15142822265625,871.7708740234375
140.4621124267578,869.99560546875
140.7729949951172,868.2201538085938
141.08409118652344,866.4444580078125
141.3954315185547,864.6685791015625
141.70692443847656,862.8925170898438
142.0184326171875,861.1162719726562
142.2987060546875,859.5176391601562
142.61007690429688,857.7415771484375
142.9216766357422,855.9656372070312
143.23353576660156,854.1898803710938
143.54571533203125,852.4141235351562
143.85806274414062,850.6383666992188
144.1705322265625,848.8624267578125
144.48313903808594,847.0863647460938
144.79592895507812,845.3101196289062
145.10873413085938,843.5335693359375
145.39013671875,841.9343872070312
145.7026824951172,840.1575317382812
146.01528930664062,838.380615234375
146.32801818847656,836.603759765625
146.60968017578125,835.0045166015625
146.9228057861328,833.2274780273438
147.23597717285156,831.4505615234375
147.5492401123047,829.673583984375
147.86270141601562,827.8963623046875
148.17617797851562,826.1195068359375
148.4895477294922,824.3424072265625
148.77157592773438,822.7427368164062
149.08518981933594,820.9653930664062
149.39901733398438,819.1878051757812
149.71287536621094,817.4100952148438
150.0267333984375,815.632568359375
150.3407440185547,813.8547973632812
150.65493774414062,812.0767211914062
150.93788146972656,810.4765625
151.28399658203125,808.5206909179688
151.59889221191406,806.742431640625
151.8824920654297,805.1414794921875
152.19775390625,803.3624267578125
152.5130615234375,801.5831909179688
152.82850646972656,799.8033447265625
153.14402770996094,798.0228881835938
153.4596710205078,796.2421264648438
153.77532958984375,794.4608154296875
154.0911102294922,792.6790161132812
154.4071502685547,790.8970336914062
154.7235107421875,789.1148681640625
155.0084686279297,787.5106201171875
155.29367065429688,785.9063110351562
155.5791015625,784.3016357421875
155.86468505859375,782.6965942382812
156.18222045898438,780.9127807617188
156.4999237060547,779.1288452148438
156.81777954101562,777.3442993164062
157.13583374023438,775.5592041015625
157.45396423339844,773.7736206054688
157.7721405029297,771.987548828125
158.09046936035156,770.2009887695312
158.40895080566406,768.4139404296875
158.7275390625,766.626220703125
159.046142578125,764.837890625
159.36476135253906,763.0491943359375
159.6834259033203,761.2599487304688
160.03399658203125,759.2914428710938
160.35267639160156,757.5014038085938
160.67138671875,755.7111206054688
160.99012756347656,753.9203491210938
161.30892944335938,752.1289672851562
161.62779235839844,750.3369750976562
161.94671630859375,748.5443725585938
162.26560974121094,746.751220703125
162.58444213867188,744.9573974609375
162.9031982421875,743.1629028320312
163.22181701660156,741.3677978515625
163.5719757080078,739.3927001953125
163.89012145996094,737.5963745117188
164.2080841064453,735.7993774414062
164.55751037597656,733.8218994140625
164.87493896484375,732.0234985351562
165.1922149658203,730.224365234375
165.5093536376953,728.4246826171875
165.8581085205078,726.4441528320312
166.17494201660156,724.6431274414062
166.5231475830078,722.6611328125
166.8394775390625,720.8584594726562
167.18727111816406,718.8746337890625
167.50323486328125,717.0706176757812
167.8189697265625,715.2659301757812
168.1659393310547,713.2799072265625
168.4810333251953,711.4736328125
168.82717895507812,709.4859008789062
169.1727752685547,707.4971923828125
169.48651123046875,705.6884765625
169.7999267578125,703.8787841796875
170.1444091796875,701.88720703125
170.48863220214844,699.8947143554688
170.8325958251953,697.9012451171875
171.1763916015625,695.9068603515625
171.4888153076172,694.0928955078125
171.83226013183594,692.0968017578125
172.144287109375,690.2811889648438
172.48731994628906,688.283203125
172.7990264892578,686.4660034179688
173.1417694091797,684.4661254882812
173.4532470703125,682.6472778320312
173.79568481445312,680.6456298828125
174.13790893554688,678.6429443359375
174.448974609375,676.8214111328125
174.79103088378906,674.8169555664062
175.1018524169922,672.9940185546875
175.38148498535156,671.3526000976562
175.6609649658203,669.7105102539062
175.9403839111328,668.0676879882812
176.2198028564453,666.424072265625
176.53028869628906,664.5968627929688
176.8717803955078,662.5859985351562
177.21337890625,660.5742797851562
177.52401733398438,658.7447509765625
177.8657684326172,656.7312622070312
178.20762634277344,654.7167358398438
178.54953002929688,652.701171875
178.8603973388672,650.867919921875
179.20245361328125,648.850341796875
179.54454040527344,646.8316650390625
179.85560607910156,644.9957275390625
180.19778442382812,642.9755249023438
180.50909423828125,641.1381225585938
180.78933715820312,639.4837036132812
181.10052490234375,637.6447143554688
181.44273376464844,635.620849609375
181.78494262695312,633.5958862304688
182.09603881835938,631.7539672851562
182.4381103515625,629.7268676757812
182.7488250732422,627.8829956054688
183.0904541015625,625.853759765625
183.4010467529297,624.0081176757812
183.74266052246094,621.976806640625
184.23965454101562,619.0200805664062
184.7372283935547,616.0610961914062
184.9862823486328,614.580810546875
185.2355194091797,613.10009765625
185.5474395751953,611.24853515625
185.79730224609375,609.7666625976562
186.0474395751953,608.2842407226562
186.2978515625,606.80126953125
186.54859924316406,605.317626953125
186.79966735839844,603.8334350585938
187.05108642578125,602.3487548828125
187.30287170410156,600.863525390625
187.5865020751953,599.1920166015625
187.83895874023438,597.7056274414062
188.09169006347656,596.2186889648438
188.37628173828125,594.5452270507812
188.66111755371094,592.87109375
188.91453552246094,591.38232421875
189.16819763183594,589.8929443359375
189.42210388183594,588.4030151367188
189.7080078125,586.72607421875
189.9623565673828,585.2348022460938
190.21688842773438,583.7429809570312
190.50344848632812,582.0640258789062
190.75831604003906,580.5711059570312
191.0452423095703,578.8909912109375
191.3005828857422,577.3969116210938
191.55616760253906,575.9021606445312
191.84402465820312,574.2197875976562
192.10012817382812,572.7237548828125
192.38848876953125,571.0401000976562
192.67726135253906,569.3558349609375
192.9663848876953,567.6707153320312
193.2557373046875,565.98486328125
193.5452423095703,564.2984008789062
193.80274963378906,562.7989501953125
194.06040954589844,561.2988891601562
194.31826782226562,559.7984008789062
194.60850524902344,558.109619140625
194.86659240722656,556.6078491210938
195.1570281982422,554.9174194335938
195.415283203125,553.4140014648438
195.6735382080078,551.9099731445312
195.96395874023438,550.2171630859375
196.2220458984375,548.7117919921875
196.48013305664062,547.2056274414062
196.73822021484375,545.69873046875
197.0283660888672,544.0026245117188
197.28611755371094,542.4942626953125
197.57595825195312,540.7965087890625
197.8335418701172,539.2866821289062
198.091064453125,537.7761840820312
198.3806610107422,536.0761108398438
198.63804626464844,534.564208984375
198.89535522460938,533.0516967773438
199.18472290039062,531.3495483398438
199.44186401367188,529.8358154296875
199.73106384277344,528.1322021484375
200.0202178955078,526.427734375
200.34133911132812,524.5328979492188
200.5980224609375,523.0162963867188
200.88641357421875,521.3092651367188
201.1743621826172,519.6013793945312
201.42994689941406,518.0824584960938
201.68511962890625,516.5628662109375
201.97174072265625,514.8524780273438
202.22616577148438,513.3314208984375
202.48028564453125,511.8097229003906
202.76571655273438,510.0970764160156
203.01902770996094,508.5740661621094
203.27197265625,507.0504455566406
203.55609130859375,505.3357238769531
203.80821228027344,503.81085205078125
204.0598602294922,502.28533935546875
204.31101989746094,500.7591552734375
204.56167602539062,499.23223876953125
204.81182861328125,497.7046203613281
205.0926513671875,495.9851989746094
205.34173583984375,494.4560546875
205.62136840820312,492.73480224609375
205.869384765625,491.2039794921875
206.14785766601562,489.4808349609375
206.39488220214844,487.9483947753906
206.64134216308594,486.4153747558594
206.91778564453125,484.6899719238281
207.1626739501953,483.1555480957031
207.43716430664062,481.42840576171875
207.68017578125,479.8923645019531
207.92227172851562,478.3555603027344
208.193359375,476.6258544921875
208.4629364013672,474.89520263671875
208.701171875,473.3559875488281
208.9674835205078,471.6234436035156
209.20269775390625,470.08251953125
209.4365234375,468.5407409667969
209.69789123535156,466.8052673339844
209.9287567138672,465.2617492675781
210.18678283691406,463.5243225097656
210.4145965576172,461.9791259765625
210.66908264160156,460.2398376464844
210.89370727539062,458.6929626464844
211.14468383789062,456.9516906738281
211.3939208984375,455.20947265625
211.6140594482422,453.6600036621094
211.8601531982422,451.9159851074219
212.1045379638672,450.17108154296875
212.32032775878906,448.6192321777344
212.5348358154297,447.0665588378906
212.77468872070312,445.3189392089844
212.986572265625,443.7648010253906
213.22328186035156,442.0155029296875
213.4582061767578,440.2652282714844
213.6656494140625,438.7085266113281
213.87193298339844,437.1510009765625
214.1027374267578,435.39788818359375
214.306884765625,433.8387451171875
214.53558349609375,432.0838317871094
214.7382354736328,430.5231628417969
214.96559143066406,428.76678466796875
215.167236328125,427.2051696777344
215.39373779296875,425.4479064941406
215.62013244628906,423.6902160644531
215.82150268554688,422.1275329589844
216.04843139648438,420.3692626953125
216.27598571777344,418.61077880859375
216.4790496826172,417.0475769042969
216.68307495117188,415.4842834472656
216.91403198242188,413.7254943847656
217.1466522216797,411.9666748046875
217.35499572753906,410.4033203125
217.59136962890625,408.644775390625
217.8033905029297,407.081787109375
218.04408264160156,405.3235168457031
218.25985717773438,403.7606506347656
218.504638671875,402.0024719238281
218.7516326904297,400.24444580078125
218.97308349609375,398.6819152832031
219.19639587402344,397.11956787109375
219.44984436035156,395.36212158203125
219.67723083496094,393.80023193359375
219.93560791015625,392.0435485839844
220.16781616210938,390.4824523925781
220.4023895263672,388.9216003417969
220.6687469482422,387.16571044921875
220.9075164794922,385.6050720214844
221.1787109375,383.8497619628906
221.4224853515625,382.28997802734375
221.7001495361328,380.5357971191406
221.95005798339844,378.97698974609375
222.20291137695312,377.418701171875
222.4911651611328,375.6664123535156
222.75115966796875,374.1096496582031
223.04852294921875,372.3594055175781
223.35165405273438,370.6103820800781
223.6261749267578,369.05657958984375
223.90550231933594,367.503662109375
224.2254638671875,365.7575988769531
224.5148162841797,364.2065124511719
224.8458251953125,362.462646484375
225.14483642578125,360.91351318359375
225.4483642578125,359.3653564453125
225.79513549804688,357.624755859375
226.10772705078125,356.0783386230469
226.42388916015625,354.5325927734375
226.74354553222656,352.9876708984375
227.06683349609375,351.44366455078125
227.39402770996094,349.900634765625
227.72531127929688,348.358642578125
228.10350036621094,346.62554931640625
228.53179931640625,344.7021789550781
228.88096618652344,343.16522216796875
229.23574829101562,341.6296081542969
229.59573364257812,340.09521484375
229.96054077148438,338.5618896484375
230.37611389160156,336.8380432128906
230.749755859375,335.3067932128906
231.22219848632812,333.3941345214844
231.60414123535156,331.86505126953125
232.0867156982422,329.9552307128906
232.47715759277344,328.4287109375
232.8716583251953,326.90338134765625
233.27001953125,325.3791809082031
233.67190551757812,323.85595703125
234.0772705078125,322.333740234375
234.48635864257812,320.8127136230469
234.8994598388672,319.29302978515625
235.421875,317.3953857421875
235.84469604492188,315.87884521484375
236.271728515625,314.3636169433594
236.70254516601562,312.84942626953125
237.1368865966797,311.33624267578125
237.68429565429688,309.446044921875
238.1253662109375,307.9347839355469
238.6802520751953,306.04681396484375
239.1265411376953,304.5371398925781
239.5748291015625,303.02813720703125
240.02549743652344,301.52008056640625
240.47940063476562,300.0133056640625
240.93704223632812,298.5079040527344
241.39862060546875,297.0038757324219
241.86399841308594,295.50115966796875
242.45089721679688,293.62445068359375
242.92459106445312,292.12451171875
243.52224731445312,290.2515563964844
244.00511169433594,288.75494384765625
244.4923858642578,287.2600402832031
244.98431396484375,285.7668762207031
245.4810028076172,284.2754821777344
246.1084442138672,282.41375732421875
246.61553955078125,280.9263000488281
247.25540161132812,279.0693359375
247.77235412597656,277.5857849121094
248.29408264160156,276.1042175292969
248.82078552246094,274.6247253417969
249.35250854492188,273.1473693847656
250.0243377685547,271.3038024902344
250.56768798828125,269.83154296875
251.11605834960938,268.3614501953125
251.66915893554688,266.8933410644531
252.22679138183594,265.4272155761719
252.92982482910156,263.5970764160156
253.4964599609375,262.134765625
254.20907592773438,260.30877685546875
254.78221130371094,258.8494567871094
255.35797119140625,257.391357421875
255.93638610839844,255.93453979492188
256.5174255371094,254.47900390625
257.2481994628906,252.6617431640625
257.8373107910156,251.21009826660156
258.4308776855469,249.76063537597656
259.0289001464844,248.3133087158203
259.6312255859375,246.86805725097656
260.389892578125,245.06422424316406
261.00152587890625,243.62339782714844
261.6172790527344,242.18450927734375
262.2373046875,240.74765014648438
262.8614501953125,239.3126983642578
263.6470947265625,237.52151489257812
264.2795104980469,236.09039306640625
264.9149169921875,234.66067504882812
265.5527648925781,233.23208618164062
266.1925354003906,231.8044891357422
266.994873046875,230.02145385742188
267.6398620605469,228.5967254638672
268.28839111328125,227.17388916015625
268.94085693359375,225.75311279296875
269.5972595214844,224.33432006835938
270.25738525390625,222.91737365722656
270.9211730957031,221.50221252441406
271.588623046875,220.08885192871094
272.4281921386719,218.32470703125
273.10400390625,216.91542053222656
273.9537048339844,215.15614318847656
274.7229309082031,213.5749969482422
275.4102478027344,212.17132568359375
276.1872253417969,210.59397888183594
276.88092041015625,209.193359375
277.57733154296875,207.79412841796875
278.2764892578125,206.39630126953125
279.1544189453125,204.65103149414062
279.85992431640625,203.25643920898438
280.56829833984375,201.8633270263672
281.2795715332031,200.4716796875
282.1727600097656,198.73423767089844
282.89044189453125,197.345947265625
283.7914123535156,195.61276245117188
284.5149841308594,194.2283477783203
285.24066162109375,192.84622192382812
286.15020751953125,191.12222290039062
286.8793029785156,189.74624633789062
287.60906982421875,188.37344360351562
288.3389587402344,187.00425720214844
289.0685119628906,185.63894653320312
289.9793395996094,183.93821716308594
290.7066955566406,182.58267211914062
291.4325866699219,181.23171997070312
292.15679931640625,179.88551330566406
292.8791809082031,178.54429626464844
293.7792663574219,176.87515258789062
294.4969787597656,175.54605102539062
295.2124938964844,174.22268676757812
296.19281005859375,172.41256713867188
297.16912841796875,170.61328125
298.1413269042969,168.82455444335938
299.0213623046875,167.20726013183594
299.8974609375,165.598388671875
300.8563537597656,163.83836364746094
301.7232360839844,162.24757385253906
302.6712646484375,160.5076904296875
303.5278625488281,158.9351043701172
304.3792724609375,157.37120056152344
305.225341796875,155.81607055664062
306.1495666503906,154.1158905029297
306.98370361328125,152.579833984375
307.8120422363281,151.0527801513672
308.71630859375,149.38327026367188
309.5320129394531,147.8744659423828
310.34149169921875,146.37405395507812
311.1447448730469,144.8818359375
312.0212707519531,143.24964904785156
312.8116149902344,141.77439880371094
313.5960998535156,140.30709838867188
314.4524841308594,138.70225524902344
315.2256164550781,137.25137329101562
315.99371337890625,135.80828857421875
316.7569274902344,134.37307739257812
317.5152587890625,132.94598388671875
318.3434143066406,131.3865509033203
319.0913391113281,129.97805786132812
319.9089050292969,128.43896484375
320.64776611328125,127.04910278320312
321.45599365234375,125.53022003173828
322.332275390625,123.88528442382812
323.05810546875,122.52420806884766
323.77978515625,121.17228698730469
324.4974670410156,119.8292236328125
325.2113952636719,118.49446105957031
325.921630859375,117.16796112060547
326.6986083984375,115.71829986572266
327.5411376953125,114.14813995361328
328.3085632324219,112.71923828125
329.1402282714844,111.17178344726562
330.0342102050781,109.50894927978516
330.9208068847656,107.85992431640625
331.7998352050781,106.22440338134766
332.6041564941406,104.72705078125
333.4672546386719,103.11891174316406
334.25616455078125,101.64739990234375
334.9728088378906,100.3092041015625
335.7476501464844,98.8608169555664
336.5791320800781,97.3050765991211
337.33917236328125,95.88172149658203
338.154296875,94.35372924804688
338.9607849121094,92.84014892578125
339.6972961425781,91.45609283447266
340.4261169433594,90.08451843261719
341.2070617675781,88.61246490478516
341.9200744628906,87.26610565185547
342.6256408691406,85.9316177368164
343.3814697265625,84.49937438964844
344.2423400878906,82.86417388916016
345.0350036621094,81.35418701171875
345.8724670410156,79.75293731689453
346.6972961425781,78.16836547851562
347.4554748535156,76.70433807373047
348.1492919921875,75.35773468017578
348.885498046875,73.92132568359375
349.6617126464844,72.39810180664062
350.37420654296875,70.99124908447266
351.07470703125,69.59896087646484
351.8111572265625,68.12403869628906
352.4843444824219,66.76365661621094
353.18927001953125,65.32368469238281
353.9217529296875,63.807193756103516
354.5897216796875,62.40275192260742
355.2400207519531,61.011962890625
355.95556640625,59.45266342163086
356.607666015625,58.00102996826172
357.277099609375,56.47523498535156
357.95794677734375,54.87863540649414
358.57373046875,53.38832092285156
359.1961975097656,51.82761764526367
359.81964111328125,50.19670867919922
360.40753173828125,48.581668853759766
360.90313720703125,47.1479377746582
361.4239196777344,45.55712890625
361.8857116699219,44.059837341308594
362.3395080566406,42.4888916015625
362.7575378417969,40.92607879638672
363.1386413574219,39.36867904663086
363.4644470214844,37.897769927978516
363.7704162597656,36.348304748535156
364.0368347167969,34.800960540771484
364.26287841796875,33.25659942626953
364.44708251953125,31.716449737548828
364.5890808105469,30.181734085083008
364.6876220703125,28.65378761291504
364.74200439453125,27.13412857055664
364.7506408691406,25.624561309814453
364.7030029296875,23.891141891479492
364.6025695800781,22.250429153442383
364.4516296386719,20.618471145629883
364.25225830078125,18.990793228149414
364.01715087890625,17.441804885864258
363.72216796875,15.81740951538086
363.06591796875,12.886049270629883
362.6836853027344,11.424652099609375
362.2682189941406,9.966069221496582
361.8204345703125,8.511336326599121
361.34161376953125,7.062000751495361
360.7768859863281,5.466874122619629
360.2345886230469,4.029641151428223
359.60089111328125,2.4482176303863525
358.96466064453125,0.9495775103569031
358.3313293457031,-0.46692413091659546
357.6690979003906,-1.8752189874649048
356.9400939941406,-3.3479397296905518
356.2181091308594,-4.738437175750732
355.4286804199219,-6.194962978363037
354.6514892578125,-7.572686672210693
353.80572509765625,-9.016636848449707
352.9327392578125,-10.454526901245117
352.0793151855469,-11.81518840789795
351.24896240234375,-13.099068641662598
350.30096435546875,-14.518939971923828
349.37542724609375,-15.860918045043945
348.4765625,-17.126087188720703
347.5561828613281,-18.38495445251465
346.5086669921875,-19.77634620666504
345.49053955078125,-21.091997146606445
344.50750732421875,-22.334571838378906
343.5086669921875,-23.575092315673828
342.4969787597656,-24.81591033935547
341.476318359375,-26.060192108154297
340.5086975097656,-27.24214744567871
339.5419921875,-28.434118270874023
338.5802307128906,-29.638778686523438
337.5703430175781,-30.930225372314453
336.62646484375,-32.16626739501953
335.6391906738281,-33.49314498901367
334.7196350097656,-34.764129638671875
333.8139343261719,-36.052913665771484
332.8711242675781,-37.43729019165039
331.94549560546875,-38.84175109863281
331.0874938964844,-40.18645477294922
330.2457580566406,-41.54887008666992
329.4211120605469,-42.92927932739258
328.56768798828125,-44.410526275634766
327.7804260253906,-45.8276481628418
326.9660339355469,-47.34690475463867
326.21282958984375,-48.79811096191406
325.4738464355469,-50.264095306396484
324.70806884765625,-51.83242416381836
324.0030822753906,-53.32973861694336
323.2785339355469,-54.93294906616211
322.616455078125,-56.46410369873047
321.93865966796875,-58.102874755859375
321.3191833496094,-59.666473388671875
320.6838073730469,-61.33787155151367
320.0691223144531,-63.0250129699707
319.5718994140625,-64.44271087646484
319.088134765625,-65.87052154541016
318.6182861328125,-67.30843353271484
318.1627197265625,-68.75653839111328
317.7225646972656,-70.21471405029297
317.29888916015625,-71.68292236328125
316.8932189941406,-73.16143798828125
316.5063781738281,-74.65019989013672
316.1368713378906,-76.14898681640625
315.7599792480469,-77.7580337524414
315.4222717285156,-79.27550506591797
315.0999755859375,-80.80166625976562
314.7732849121094,-82.4391860961914
314.48248291015625,-83.98300170898438
314.1890563964844,-85.63861083984375
313.930419921875,-87.19898986816406
313.68792724609375,-88.76736450195312
313.46185302734375,-90.3435287475586
313.25225830078125,-91.9272689819336
313.0471496582031,-93.62486267089844
312.88348388671875,-95.11701202392578
312.7143249511719,-96.82986450195312
312.5640869140625,-98.55057525634766
312.43292236328125,-100.27881622314453
312.33355712890625,-101.79714965820312
312.23748779296875,-103.53926086425781
312.1596374511719,-105.28817749023438
312.1078796386719,-106.82386779785156
312.06854248046875,-108.58506774902344
312.0505065917969,-110.3527603149414
312.0525817871094,-112.12687683105469
312.0697021484375,-113.68427276611328
312.1060485839844,-115.4697265625
312.15155029296875,-117.03684997558594
312.2181091308594,-118.83328247070312
312.2893981933594,-120.40950012207031
312.38739013671875,-122.21562957763672
312.4959716796875,-123.91368865966797
312.6114807128906,-125.5027084350586
312.75872802734375,-127.3236083984375
312.9214172363281,-129.1494903564453
313.0997009277344,-130.97998046875
313.4229431152344,-133.96463012695312
313.59991455078125,-135.46121215820312
313.7870788574219,-136.96060180664062
313.98443603515625,-138.46278381347656
314.1913757324219,-139.96774291992188
314.4074401855469,-141.4752655029297
314.6317443847656,-142.9821319580078
314.86346435546875,-144.4873504638672
315.1019287109375,-145.99098205566406
315.3464050292969,-147.4930877685547
315.595703125,-148.99388122558594
315.8492431640625,-150.49349975585938
316.1072082519531,-151.9918975830078
316.36993408203125,-153.49148559570312
316.6381530761719,-154.99412536621094
316.9121398925781,-156.49952697753906
317.1922912597656,-158.0072784423828
317.47894287109375,-159.51724243164062
317.7955627441406,-161.14566040039062
318.0968017578125,-162.6599578857422
318.4286804199219,-164.29312133789062
318.74322509765625,-165.81199645996094
319.11297607421875,-167.56752014160156
319.4382629394531,-169.0918426513672
319.76641845703125,-170.61915588378906
320.0956115722656,-172.1497802734375
320.42437744140625,-173.68397521972656
320.751708984375,-175.22189331054688
321.0772705078125,-176.76368713378906
321.4010009765625,-178.30938720703125
321.72296142578125,-179.85890197753906
322.0433654785156,-181.41220092773438
322.3869934082031,-183.0891571044922
322.7051696777344,-184.6501007080078
323.07171630859375,-186.45550537109375
323.3892517089844,-188.0238037109375
323.7068176269531,-189.59542846679688
324.024658203125,-191.17037963867188
324.3673095703125,-192.8701934814453
324.68585205078125,-194.45204162597656
325.0539245605469,-196.2814178466797
325.37335205078125,-197.8704071044922
325.6932067871094,-199.46267700195312
326.013427734375,-201.05824279785156
326.333984375,-202.65716552734375
326.6549377441406,-204.2593536376953
326.97637939453125,-205.86473083496094
327.2736511230469,-207.3494415283203
327.5964660644531,-208.9609375
327.9201965332031,-210.5756072998047
328.2447509765625,-212.19345092773438
328.57000732421875,-213.81448364257812
328.8957214355469,-215.4387664794922
329.19677734375,-216.94105529785156
329.5233459472656,-218.57168579101562
329.8251953125,-220.07968139648438
330.15264892578125,-221.71649169921875
330.480712890625,-223.35658264160156
330.8095397949219,-224.9998016357422
331.1138916015625,-226.51939392089844
331.4444274902344,-228.1686553955078
331.7501220703125,-229.69398498535156
332.0818176269531,-231.3495330810547
332.4396057128906,-233.1360626220703
332.7723693847656,-234.7984161376953
333.08013916015625,-236.3357391357422
333.4143981933594,-238.00416564941406
333.7497253417969,-239.67575073242188
334.0860290527344,-241.35057067871094
334.4232177734375,-243.02865600585938
334.735107421875,-244.58055114746094
335.0997009277344,-246.3944854736328
335.43890380859375,-248.0821533203125
335.7785949707031,-249.77301025390625
336.0926818847656,-251.3367919921875
336.4335021972656,-253.03404235839844
336.77496337890625,-254.73455810546875
337.1170959472656,-256.43841552734375
337.4599304199219,-258.14569091796875
337.8034973144531,-259.8563537597656
338.1479187011719,-261.5704040527344
338.493408203125,-263.28778076171875
338.8401184082031,-265.0084228515625
339.2149658203125,-266.8651428222656
339.56439208984375,-268.5928039550781
339.9151611328125,-270.3237609863281
340.2945861816406,-272.1915283203125
340.64849853515625,-273.9292907714844
341.0039367675781,-275.6702575683594
341.36083984375,-277.4145812988281
341.6640930175781,-278.8931884765625
342.0238952636719,-280.6437072753906
342.3295593261719,-282.12750244140625
342.69219970703125,-283.8839416503906
343.056396484375,-285.6437072753906
343.36578369140625,-287.1353759765625
343.7044372558594,-288.7655334472656
344.0158386230469,-290.2623596191406
344.3281555175781,-291.7616271972656
344.6986083984375,-293.53662109375
345.07049560546875,-295.31494140625
345.3861999511719,-296.82232666015625
345.7604675292969,-298.6068115234375
346.1360168457031,-300.39471435546875
346.454833984375,-301.9102783203125
346.8328857421875,-303.7045593261719
347.2121887207031,-305.5023193359375
347.5925598144531,-307.3034362792969
347.9152526855469,-308.830078125
348.29754638671875,-310.6374816894531
348.6512756347656,-312.30889892578125
348.9762268066406,-313.8436279296875
349.3018798828125,-315.3808898925781
349.6874694824219,-317.2009582519531
350.07373046875,-319.024658203125
350.4010314941406,-320.5705261230469
350.7882385253906,-322.40081787109375
351.11627197265625,-323.9521789550781
351.50445556640625,-325.7887268066406
351.8932189941406,-327.62884521484375
352.2226257324219,-329.18853759765625
352.61224365234375,-331.0350341796875
353.0023193359375,-332.88507080078125
353.3929443359375,-334.7386779785156
353.7239074707031,-336.3099060058594
354.11553955078125,-338.1700439453125
354.5075988769531,-340.0337829589844
354.90008544921875,-341.9009704589844
355.2932434082031,-343.77142333984375
355.6870422363281,-345.64520263671875
356.0814514160156,-347.522216796875
356.4764709472656,-349.4024963378906
356.8111877441406,-350.99609375
357.1769714355469,-352.7372131347656
357.5128479003906,-354.33563232421875
357.9104919433594,-356.22784423828125
358.3088073730469,-358.123291015625
358.7076416015625,-360.02203369140625
359.1070251464844,-361.92401123046875
359.5068664550781,-363.8291320800781
360.1535949707031,-366.9134521484375
360.4620056152344,-368.38519287109375
360.8016052246094,-370.0062561035156
361.1106262207031,-371.4819641113281
361.4508056640625,-373.1072998046875
361.7603454589844,-374.5867614746094
362.10107421875,-376.21624755859375
362.41107177734375,-377.6995849609375
362.7213134765625,-379.1846008300781
363.0318603515625,-380.67120361328125
363.37396240234375,-382.30841064453125
363.685546875,-383.798583984375
364.0289611816406,-385.4398193359375
364.3416748046875,-386.9336853027344
364.6863098144531,-388.57891845703125
365.0000305175781,-390.0755920410156
365.3451232910156,-391.7207336425781
365.65826416015625,-393.21295166015625
366.0013427734375,-394.8482360839844
366.3114929199219,-396.3274230957031
366.6199035644531,-397.7986755371094
366.9571228027344,-399.4073791503906
367.29193115234375,-401.0058288574219
367.6843566894531,-402.88116455078125
368.0729675292969,-404.7409973144531
368.45770263671875,-406.5847473144531
368.83819580078125,-408.41168212890625
369.1569519042969,-409.944580078125
369.530029296875,-411.7415466308594
369.8425598144531,-413.2495422363281
370.20782470703125,-415.0166320800781
370.5133056640625,-416.49896240234375
370.8698425292969,-418.2349853515625
371.2218017578125,-419.9549255371094
371.5691223144531,-421.6588439941406
371.9119567871094,-423.346923828125
372.2504577636719,-425.0193176269531
372.61016845703125,-426.80291748046875
372.9144592285156,-428.3173522949219
373.26495361328125,-430.0683288574219
373.58624267578125,-431.6790466308594
373.8794860839844,-433.1529541015625
374.19378662109375,-434.736328125
374.52880859375,-436.4264831542969
374.8839111328125,-438.2200927734375
375.1887512207031,-439.7601318359375
375.4911804199219,-441.286865234375
375.79132080078125,-442.7997741699219
376.13470458984375,-444.52764892578125
376.429443359375,-446.0087890625
376.7879943847656,-447.80987548828125
377.11962890625,-449.4755554199219
377.4468994140625,-451.1184997558594
377.7912902832031,-452.8467712402344
378.10943603515625,-454.4435729980469
378.4229431152344,-456.0176086425781
378.731689453125,-457.5692443847656
379.05584716796875,-459.2002868652344
379.3546447753906,-460.70697021484375
379.6675720214844,-462.2898254394531
379.9931640625,-463.9449157714844
380.29217529296875,-465.47625732421875
380.6194763183594,-467.16802978515625
380.91949462890625,-468.735107421875
381.2274169921875,-470.3626708984375
381.5087890625,-471.8715515136719
381.79608154296875,-473.4390869140625
382.072509765625,-474.9768981933594
382.33868408203125,-476.4846496582031
382.6228942871094,-478.126220703125
382.89495849609375,-479.7310485839844
383.1529541015625,-481.2992858886719
383.4062194824219,-482.90911865234375
383.63995361328125,-484.4842834472656
383.87322998046875,-486.17120361328125
384.0739440917969,-487.7492370605469
384.2601013183594,-489.3652038574219
384.42059326171875,-490.9478454589844
384.5528564453125,-492.498046875
384.6607360839844,-494.1514892578125
384.7303466796875,-495.7763977050781
384.75946044921875,-497.3763732910156
384.7428894042969,-498.9522705078125
384.67431640625,-500.5689392089844
384.5583190917969,-502.1050720214844
384.3836669921875,-503.6866455078125
384.1629333496094,-505.19342041015625
383.8875732421875,-506.6911926269531
383.529052734375,-508.29852294921875
383.1069030761719,-509.8896789550781
382.65911865234375,-511.3466796875
382.11102294921875,-512.904052734375
381.5403137207031,-514.3346557617188
380.9084167480469,-515.7544555664062
380.2181701660156,-517.1615600585938
379.4389953613281,-518.607666015625
378.6311340332031,-519.979248046875
377.731689453125,-521.3859252929688
376.8128967285156,-522.7158813476562
375.8801574707031,-523.9700317382812
374.858154296875,-525.253662109375
373.87542724609375,-526.4144897460938
372.8534240722656,-527.5548706054688
371.79119873046875,-528.6705322265625
370.688720703125,-529.7612915039062
369.5487060546875,-530.8290405273438
368.4261474609375,-531.8300170898438
367.2214660644531,-532.8563842773438
366.0391540527344,-533.8175048828125
364.77239990234375,-534.8001098632812
363.5318908691406,-535.7188720703125
362.2068176269531,-536.6590576171875
360.9134216308594,-537.5388793945312
359.53533935546875,-538.4387817382812
358.1300964355469,-539.3172607421875
356.7608642578125,-540.1357421875
355.3670959472656,-540.9305419921875
354.0133972167969,-541.6672973632812
352.5068359375,-542.4523315429688
351.1110534667969,-543.1510009765625
349.5609130859375,-543.8966674804688
348.19488525390625,-544.5279541015625
346.74237060546875,-545.172119140625
345.34185791015625,-545.7672729492188
343.924560546875,-546.344482421875
342.4911804199219,-546.9044799804688
341.0422668457031,-547.4478759765625
339.5047912597656,-548.0009155273438
337.9507141113281,-548.5352783203125
336.45550537109375,-549.0259399414062
334.94580078125,-549.4988403320312
333.34539794921875,-549.9774169921875
331.7298889160156,-550.4391479492188
330.177978515625,-550.86376953125
328.69195556640625,-551.2536010742188
327.1153869628906,-551.6493530273438
325.44671630859375,-552.0496215820312
323.765625,-552.4382934570312
322.0724182128906,-552.8175048828125
320.366943359375,-553.186279296875
318.8951721191406,-553.4924926757812
317.3316955566406,-553.8072509765625
315.84100341796875,-554.097412109375
314.1740417480469,-554.4107055664062
312.66424560546875,-554.6856689453125
311.06103515625,-554.9705200195312
309.4483642578125,-555.2515258789062
307.8260192871094,-555.5286865234375
306.19525146484375,-555.8037719726562
304.6421813964844,-556.0637817382812
302.90679931640625,-556.3504028320312
301.24945068359375,-556.6217041015625
299.6718444824219,-556.8798217773438
298.17529296875,-557.1260375976562
296.4952392578125,-557.4046630859375
294.9853820800781,-557.6572875976562
293.37982177734375,-557.9280395507812
291.85699462890625,-558.1865234375
290.32781982421875,-558.4478149414062
288.7019348144531,-558.7273559570312
287.0691223144531,-559.0098266601562
285.4293212890625,-559.2952270507812
283.874267578125,-559.5674438476562
282.31292724609375,-559.842041015625
280.7452697753906,-560.1189575195312
279.17144775390625,-560.398193359375
277.68450927734375,-560.6630859375
276.0983581542969,-560.9466552734375
274.5997009277344,-561.2156372070312
273.0013427734375,-561.5038452148438
271.3966979980469,-561.794677734375
269.78582763671875,-562.0879516601562
268.16876220703125,-562.3836669921875
266.5454406738281,-562.6815795898438
264.9157409667969,-562.981689453125
263.2796630859375,-563.2835693359375
261.7340087890625,-563.5695190429688
260.0855407714844,-563.8751220703125
258.4306945800781,-564.1825561523438
256.7694396972656,-564.4918823242188
255.10177612304688,-564.8030395507812
253.42767333984375,-565.115966796875
251.7471160888672,-565.430419921875
250.0601043701172,-565.7461547851562
248.5660858154297,-566.0256958007812
246.96682739257812,-566.3247680664062
245.36175537109375,-566.624755859375
243.7509002685547,-566.926025390625
242.03314208984375,-567.2474365234375
240.3090057373047,-567.5702514648438
238.57847595214844,-567.8944091796875
236.84152221679688,-568.2200317382812
235.09805297851562,-568.5471801757812
233.3480682373047,-568.8759155273438
231.59152221679688,-569.2060546875
229.82850646972656,-569.5375366210938
228.0589141845703,-569.870361328125
226.28265380859375,-570.204345703125
224.4998779296875,-570.539306640625
222.9214324951172,-570.8357543945312
221.4436492919922,-571.1132202148438
219.96142578125,-571.3914184570312
218.47474670410156,-571.67041015625
216.9835662841797,-571.9502563476562
215.4879608154297,-572.2308349609375
213.98788452148438,-572.51220703125
212.37564086914062,-572.8145751953125
210.8661346435547,-573.0975952148438
209.35214233398438,-573.3814697265625
207.83370971679688,-573.6661376953125
206.2017059326172,-573.9720458984375
204.67379760742188,-574.2583618164062
203.03192138671875,-574.566162109375
201.49490356445312,-574.8543090820312
199.95315551757812,-575.1432495117188
198.29600524902344,-575.4534912109375
196.6335906982422,-575.7646484375
195.07737731933594,-576.0560302734375
193.51670837402344,-576.3484497070312
191.95155334472656,-576.6419677734375
190.2696533203125,-576.9575805664062
188.6952667236328,-577.2533569335938
187.1164093017578,-577.5503540039062
185.5331573486328,-577.8485717773438
183.83193969726562,-578.1693725585938
182.1256561279297,-578.4913330078125
180.5286102294922,-578.79296875
178.9272003173828,-579.0957641601562
177.32156372070312,-579.3995971679688
175.59654235839844,-579.7265014648438
173.98219299316406,-580.0327758789062
172.2480010986328,-580.3624267578125
170.62527465820312,-580.6714477539062
168.99851989746094,-580.9818725585938
167.36782836914062,-581.293701171875
165.6162872314453,-581.629150390625
163.9774932861328,-581.943359375
162.33482360839844,-582.2587890625
160.57131958007812,-582.5980224609375
158.92588806152344,-582.9150390625
157.16412353515625,-583.2549438476562
154.24899291992188,-583.8308715820312
146.94631958007812,-585.3053588867188
140.9268035888672,-586.5287475585938
138.27308654785156,-587.0707397460938
137.0430450439453,-587.3234252929688
136.60845947265625,-587.4133911132812
136.4635467529297,-587.4437866210938
136.4241943359375,-587.4520263671875
136.41709899902344,-587.4535522460938