x,z
1732.231201171875,-1500.1728515625
1732.226318359375,-1500.1763916015625
1732.1549072265625,-1500.2288818359375
1731.9658203125,-1500.36767578125
1731.4908447265625,-1500.716796875
1730.3746337890625,-1501.5372314453125
1727.7061767578125,-1503.4993896484375
1722.646728515625,-1507.2213134765625
1715.796875,-1512.262451171875
1714.32763671875,-1513.34716796875
1712.961181640625,-1514.3560791015625
1711.5927734375,-1515.366455078125
1710.11669921875,-1516.4561767578125
1708.743896484375,-1517.4696044921875
1707.3690185546875,-1518.4844970703125
1705.885986328125,-1519.578857421875
1704.506591796875,-1520.596435546875
1703.125,-1521.6153564453125
1701.634765625,-1522.714111328125
1700.2486572265625,-1523.7357177734375
1698.8604736328125,-1524.7586669921875
1697.363037109375,-1525.86181640625
1695.9705810546875,-1526.8875732421875
1694.575927734375,-1527.914794921875
1693.0716552734375,-1529.0224609375
1691.672607421875,-1530.0523681640625
1690.2716064453125,-1531.0836181640625
1688.7603759765625,-1532.1956787109375
1687.3551025390625,-1533.229736328125
1685.94775390625,-1534.2650146484375
1684.4298095703125,-1535.3814697265625
1683.0181884765625,-1536.41943359375
1681.6043701171875,-1537.458740234375
1680.0794677734375,-1538.5792236328125
1678.6611328125,-1539.6209716796875
1677.2408447265625,-1540.663818359375
1675.708740234375,-1541.7880859375
1674.283935546875,-1542.833251953125
1672.85693359375,-1543.8795166015625
1671.3177490234375,-1545.00732421875
1669.8863525390625,-1546.0555419921875
1668.4527587890625,-1547.10498046875
1666.9066162109375,-1548.2362060546875
1665.46875,-1549.287841796875
1664.0289306640625,-1550.340576171875
1662.47607421875,-1551.4757080078125
1661.031982421875,-1552.5308837890625
1659.5860595703125,-1553.587158203125
1658.026611328125,-1554.72607421875
1656.5765380859375,-1555.784912109375
1655.1243896484375,-1556.844970703125
1653.558349609375,-1557.98779296875
1652.10205078125,-1559.050048828125
1650.6436767578125,-1560.113525390625
1649.4080810546875,-1561.0142822265625
1647.946044921875,-1562.0797119140625
1646.48193359375,-1563.146240234375
1645.015869140625,-1564.2138671875
1643.434814453125,-1565.3648681640625
1641.964599609375,-1566.4349365234375
1640.4923095703125,-1567.5059814453125
1638.90478515625,-1568.660888671875
1637.428466796875,-1569.734619140625
1635.950439453125,-1570.8095703125
1634.3564453125,-1571.9686279296875
1632.874267578125,-1573.046142578125
1631.39013671875,-1574.1248779296875
1629.789794921875,-1575.2879638671875
1628.3017578125,-1576.3692626953125
1626.8118896484375,-1577.4517822265625
1625.2054443359375,-1578.6190185546875
1623.711669921875,-1579.7041015625
1622.216064453125,-1580.7904052734375
1620.6033935546875,-1581.961669921875
1619.10400390625,-1583.050537109375
1617.602783203125,-1584.140625
1615.9840087890625,-1585.31591796875
1614.4788818359375,-1586.4085693359375
1612.9718017578125,-1587.502197265625
1611.346435546875,-1588.680908203125
1609.8350830078125,-1589.7764892578125
1608.32177734375,-1590.873046875
1606.68994140625,-1592.0552978515625
1605.1727294921875,-1593.154296875
1603.6536865234375,-1594.2545166015625
1602.0157470703125,-1595.4407958984375
1600.4927978515625,-1596.5433349609375
1598.968017578125,-1597.646728515625
1597.3262939453125,-1598.8343505859375
1595.802734375,-1599.936279296875
1594.2799072265625,-1601.0372314453125
1592.640869140625,-1602.2220458984375
1591.11962890625,-1603.3214111328125
1589.5992431640625,-1604.4200439453125
1587.9620361328125,-1605.6025390625
1586.4384765625,-1606.702392578125
1584.9122314453125,-1607.803466796875
1583.2666015625,-1608.9901123046875
1581.736572265625,-1610.09326171875
1580.20458984375,-1611.1976318359375
1578.5528564453125,-1612.3880615234375
1577.01708984375,-1613.4945068359375
1575.4793701171875,-1614.6021728515625
1573.8214111328125,-1615.796142578125
1572.2799072265625,-1616.9058837890625
1570.736572265625,-1618.0167236328125
1569.0723876953125,-1619.2142333984375
1567.5252685546875,-1620.3275146484375
1565.9764404296875,-1621.4417724609375
1564.306396484375,-1622.642822265625
1562.753662109375,-1623.7593994140625
1561.198974609375,-1624.8770751953125
1559.52294921875,-1626.0821533203125
1557.9647216796875,-1627.2022705078125
1556.4046630859375,-1628.323486328125
1554.722412109375,-1629.5321044921875
1553.1583251953125,-1630.6553955078125
1551.5926513671875,-1631.7799072265625
1549.904296875,-1632.9921875
1548.334716796875,-1634.118896484375
1546.7633056640625,-1635.2467041015625
1545.069091796875,-1636.46240234375
1543.493896484375,-1637.59228515625
1541.9168701171875,-1638.7232666015625
1540.216552734375,-1639.9422607421875
1538.6357421875,-1641.0753173828125
1537.0531005859375,-1642.2093505859375
1535.7125244140625,-1643.169677734375
1534.4925537109375,-1644.0433349609375
1532.9051513671875,-1645.179931640625
1531.682861328125,-1646.0550537109375
1530.45947265625,-1646.9306640625
1529.2349853515625,-1647.8070068359375
1528.009521484375,-1648.6839599609375
1526.782958984375,-1649.5615234375
1525.5552978515625,-1650.439697265625
1524.32666015625,-1651.3184814453125
1523.0970458984375,-1652.197998046875
1521.8663330078125,-1653.0780029296875
1520.6346435546875,-1653.958740234375
1519.4019775390625,-1654.8399658203125
1518.168212890625,-1655.721923828125
1516.9334716796875,-1656.6043701171875
1515.69775390625,-1657.4874267578125
1514.4610595703125,-1658.37109375
1513.2232666015625,-1659.25537109375
1511.984375,-1660.1402587890625
1510.7445068359375,-1661.025634765625
1509.5035400390625,-1661.9117431640625
1508.26171875,-1662.798583984375
1507.01904296875,-1663.68603515625
1505.7752685546875,-1664.573974609375
1504.5303955078125,-1665.4625244140625
1503.28466796875,-1666.351806640625
1502.0379638671875,-1667.241943359375
1500.7904052734375,-1668.1326904296875
1499.5419921875,-1669.0242919921875
1498.2926025390625,-1669.9163818359375
1497.042236328125,-1670.8092041015625
1495.7911376953125,-1671.7027587890625
1494.5389404296875,-1672.596923828125
1493.2860107421875,-1673.4918212890625
1492.0322265625,-1674.387451171875
1490.7774658203125,-1675.28369140625
1489.5218505859375,-1676.1807861328125
1488.2652587890625,-1677.078369140625
1487.0076904296875,-1677.976806640625
1485.749267578125,-1678.8758544921875
1484.4898681640625,-1679.775634765625
1483.2294921875,-1680.676025390625
1481.96826171875,-1681.5772705078125
1480.7061767578125,-1682.4791259765625
1479.4432373046875,-1683.3818359375
1478.179443359375,-1684.285400390625
1476.9149169921875,-1685.189697265625
1475.649658203125,-1686.0947265625
1474.3834228515625,-1687.0006103515625
1473.116455078125,-1687.9071044921875
1471.848388671875,-1688.814208984375
1470.57958984375,-1689.7220458984375
1469.309814453125,-1690.6307373046875
1468.039306640625,-1691.5400390625
1466.7679443359375,-1692.4500732421875
1465.49560546875,-1693.36083984375
1464.222412109375,-1694.2723388671875
1462.948486328125,-1695.1845703125
1461.6737060546875,-1696.097412109375
1460.39794921875,-1697.0111083984375
1459.12158203125,-1697.925537109375
1457.8443603515625,-1698.8408203125
1456.5665283203125,-1699.7568359375
1455.287841796875,-1700.673828125
1454.00830078125,-1701.591552734375
1452.72802734375,-1702.5101318359375
1451.4471435546875,-1703.4296875
1450.1656494140625,-1704.35009765625
1448.883544921875,-1705.2716064453125
1447.6009521484375,-1706.1939697265625
1446.3177490234375,-1707.117431640625
1445.033935546875,-1708.0419921875
1443.74951171875,-1708.9674072265625
1442.464599609375,-1709.8939208984375
1441.178955078125,-1710.8214111328125
1439.8929443359375,-1711.75
1438.6064453125,-1712.6798095703125
1437.3194580078125,-1713.6107177734375
1436.0321044921875,-1714.542724609375
1434.7442626953125,-1715.4759521484375
1433.455810546875,-1716.41015625
1432.1668701171875,-1717.345458984375
1430.87744140625,-1718.2818603515625
1429.587646484375,-1719.219482421875
1428.2974853515625,-1720.1583251953125
1427.0068359375,-1721.09814453125
1425.7156982421875,-1722.0389404296875
1424.4239501953125,-1722.9808349609375
1423.1317138671875,-1723.9237060546875
1421.8388671875,-1724.8675537109375
1420.5455322265625,-1725.8123779296875
1419.2515869140625,-1726.7579345703125
1417.9571533203125,-1727.7044677734375
1416.661865234375,-1728.6517333984375
1415.3660888671875,-1729.599853515625
1414.0697021484375,-1730.5487060546875
1412.772705078125,-1731.4984130859375
1411.47509765625,-1732.4490966796875
1410.177001953125,-1733.4005126953125
1408.8785400390625,-1734.35302734375
1407.5794677734375,-1735.3062744140625
1406.27978515625,-1736.2603759765625
1404.9794921875,-1737.21533203125
1403.6785888671875,-1738.171142578125
1402.377197265625,-1739.1279296875
1401.0751953125,-1740.08544921875
1399.772705078125,-1741.0440673828125
1398.4697265625,-1742.0035400390625
1397.1661376953125,-1742.9637451171875
1395.8619384765625,-1743.9246826171875
1394.55712890625,-1744.8863525390625
1393.251708984375,-1745.848876953125
1391.9456787109375,-1746.8121337890625
1390.6392822265625,-1747.776123046875
1389.3321533203125,-1748.7408447265625
1388.0245361328125,-1749.7064208984375
1386.7161865234375,-1750.6728515625
1385.4073486328125,-1751.6400146484375
1384.0980224609375,-1752.6080322265625
1382.7880859375,-1753.57666015625
1381.4776611328125,-1754.5460205078125
1380.16650390625,-1755.5159912109375
1378.854736328125,-1756.486328125
1377.542236328125,-1757.457275390625
1376.22900390625,-1758.4287109375
1374.9151611328125,-1759.400634765625
1373.6007080078125,-1760.3731689453125
1372.2855224609375,-1761.346435546875
1370.9698486328125,-1762.3204345703125
1369.653564453125,-1763.29541015625
1368.3369140625,-1764.27099609375
1367.01953125,-1765.247314453125
1365.7015380859375,-1766.22412109375
1364.382568359375,-1767.201171875
1363.062744140625,-1768.1785888671875
1361.7420654296875,-1769.1561279296875
1360.4202880859375,-1770.1339111328125
1359.0975341796875,-1771.11181640625
1357.77392578125,-1772.0899658203125
1356.4493408203125,-1773.068115234375
1355.123779296875,-1774.04638671875
1353.797119140625,-1775.0245361328125
1352.4693603515625,-1776.002685546875
1351.1405029296875,-1776.9805908203125
1349.810546875,-1777.95849609375
1348.4794921875,-1778.9364013671875
1347.147705078125,-1779.9144287109375
1345.8150634765625,-1780.8927001953125
1344.4815673828125,-1781.8712158203125
1343.147216796875,-1782.8499755859375
1341.812255859375,-1783.828857421875
1340.4761962890625,-1784.8079833984375
1339.1395263671875,-1785.787353515625
1337.802001953125,-1786.7669677734375
1336.4637451171875,-1787.7469482421875
1335.124755859375,-1788.7271728515625
1333.784912109375,-1789.70751953125
1332.444580078125,-1790.6876220703125
1331.1038818359375,-1791.667236328125
1329.7633056640625,-1792.64599609375
1328.4248046875,-1793.622802734375
1327.089111328125,-1794.5972900390625
1325.7589111328125,-1795.5677490234375
1324.434814453125,-1796.5330810546875
1323.1190185546875,-1797.4915771484375
1321.8118896484375,-1798.4423828125
1320.5137939453125,-1799.3856201171875
1319.2247314453125,-1800.3211669921875
1317.945068359375,-1801.2486572265625
1316.675048828125,-1802.1680908203125
1315.4141845703125,-1803.0797119140625
1314.161865234375,-1803.9840087890625
1312.9176025390625,-1804.8812255859375
1311.6812744140625,-1805.7713623046875
1310.4525146484375,-1806.65478515625
1309.2313232421875,-1807.53076171875
1307.654541015625,-1808.658447265625
1306.0897216796875,-1809.7735595703125
1304.41796875,-1810.9599609375
1302.8780517578125,-1812.047607421875
1301.3514404296875,-1813.1219482421875
1299.722412109375,-1814.2637939453125
1298.223388671875,-1815.3096923828125
1296.7373046875,-1816.3404541015625
1295.150146484375,-1817.4346923828125
1293.68798828125,-1818.4366455078125
1292.236572265625,-1819.4251708984375
1290.685791015625,-1820.4735107421875
1289.257080078125,-1821.4305419921875
1287.83837890625,-1822.3719482421875
1286.3212890625,-1823.3690185546875
1284.9222412109375,-1824.279296875
1283.5322265625,-1825.1756591796875
1282.0467529296875,-1826.1251220703125
1280.67724609375,-1826.9937744140625
1279.318115234375,-1827.8514404296875
1277.86474609375,-1828.7591552734375
1276.525390625,-1829.5877685546875
1275.1943359375,-1830.4012451171875
1273.7734375,-1831.2603759765625
1272.46484375,-1832.0430908203125
1271.16650390625,-1832.8116455078125
1269.7781982421875,-1833.6231689453125
1268.207275390625,-1834.5269775390625
1266.8447265625,-1835.29833984375
1265.3011474609375,-1836.1585693359375
1263.96142578125,-1836.89501953125
1262.442626953125,-1837.7169189453125
1260.8453369140625,-1838.5638427734375
1259.2642822265625,-1839.38232421875
1257.790283203125,-1840.1273193359375
1256.239013671875,-1840.89404296875
1254.7030029296875,-1841.635498046875
1253.2711181640625,-1842.3092041015625
1251.76318359375,-1842.9979248046875
1250.2681884765625,-1843.6588134765625
1248.871826171875,-1844.2552490234375
1247.3984375,-1844.8631591796875
1245.9345703125,-1845.444580078125
1244.2242431640625,-1846.0955810546875
1242.527099609375,-1846.71044921875
1240.842529296875,-1847.288330078125
1239.16796875,-1847.82861328125
1237.49658203125,-1848.330078125
1235.8240966796875,-1848.7921142578125
1234.149169921875,-1849.214599609375
1232.472412109375,-1849.597412109375
1230.7947998046875,-1849.9395751953125
1229.1175537109375,-1850.240478515625
1227.441650390625,-1850.4998779296875
1225.767822265625,-1850.718505859375
1224.0970458984375,-1850.8978271484375
1222.4278564453125,-1851.0386962890625
1220.7562255859375,-1851.14306640625
1219.0814208984375,-1851.2109375
1217.4071044921875,-1851.241455078125
1215.7386474609375,-1851.234619140625
1214.0782470703125,-1851.1895751953125
1212.4278564453125,-1851.104248046875
1210.787841796875,-1850.9788818359375
1209.158447265625,-1850.8150634765625
1207.5399169921875,-1850.61376953125
1205.9296875,-1850.3758544921875
1204.3233642578125,-1850.09814453125
1202.7177734375,-1849.782958984375
1201.113037109375,-1849.433837890625
1199.5108642578125,-1849.0504150390625
1197.912353515625,-1848.627685546875
1196.318115234375,-1848.1627197265625
1194.731689453125,-1847.657470703125
1193.15478515625,-1847.1136474609375
1191.58740234375,-1846.531494140625
1190.0286865234375,-1845.9114990234375
1188.4776611328125,-1845.2552490234375
1186.93505859375,-1844.56298828125
1185.403564453125,-1843.8319091796875
1183.8856201171875,-1843.0584716796875
1182.3839111328125,-1842.2406005859375
1180.8997802734375,-1841.3782958984375
1179.43408203125,-1840.473876953125
1177.98779296875,-1839.529052734375
1176.5625,-1838.5421142578125
1175.1580810546875,-1837.513427734375
1173.771240234375,-1836.4495849609375
1172.3963623046875,-1835.3575439453125
1171.0244140625,-1834.2471923828125
1169.64697265625,-1833.128662109375
1168.25634765625,-1832.01416015625
1166.847412109375,-1830.9122314453125
1165.4169921875,-1829.8289794921875
1163.9630126953125,-1828.7684326171875
1162.485595703125,-1827.7314453125
1160.9871826171875,-1826.7166748046875
1159.46875,-1825.7235107421875
1157.9290771484375,-1824.752685546875
1156.367431640625,-1823.806396484375
1154.78271484375,-1822.88671875
1153.174560546875,-1821.995361328125
1151.5423583984375,-1821.1348876953125
1149.885986328125,-1820.3079833984375
1148.2061767578125,-1819.5145263671875
1146.504638671875,-1818.7523193359375
1144.7841796875,-1818.0177001953125
1143.39453125,-1817.44970703125
1141.9049072265625,-1816.866455078125
1140.4012451171875,-1816.3065185546875
1138.9727783203125,-1815.80224609375
1137.441162109375,-1815.2918701171875
1135.8958740234375,-1814.806884765625
1134.4293212890625,-1814.3734130859375
1132.8597412109375,-1813.935302734375
1131.2791748046875,-1813.5205078125
1129.7813720703125,-1813.1512451171875
1128.1781005859375,-1812.78173828125
1126.56396484375,-1812.432373046875
1125.0350341796875,-1812.1224365234375
1123.401611328125,-1811.811767578125
1121.7601318359375,-1811.51953125
1120.2076416015625,-1811.26025390625
1118.5489501953125,-1811.003662109375
1116.882080078125,-1810.7647705078125
1115.3038330078125,-1810.55810546875
1113.619384765625,-1810.358642578125
1111.9266357421875,-1810.181396484375
1110.325927734375,-1810.0345458984375
1108.6199951171875,-1809.8975830078125
1106.9095458984375,-1809.780029296875
1105.291259765625,-1809.68994140625
1103.5626220703125,-1809.61962890625
1101.8282470703125,-1809.572998046875
1100.1904296875,-1809.55224609375
1098.4443359375,-1809.555419921875
1096.6927490234375,-1809.5859375
1095.0400390625,-1809.640869140625
1093.27978515625,-1809.72802734375
1091.515869140625,-1809.8447265625
1089.8531494140625,-1809.9813232421875
1088.084228515625,-1810.15478515625
1086.3134765625,-1810.3585205078125
1084.645751953125,-1810.577880859375
1082.87353515625,-1810.841064453125
1081.1019287109375,-1811.135986328125
1079.4356689453125,-1811.4437255859375
1077.667236328125,-1811.802734375
1075.9017333984375,-1812.1943359375
1074.139892578125,-1812.61865234375
1072.48486328125,-1813.047607421875
1070.729736328125,-1813.5335693359375
1069.08154296875,-1814.017822265625
1067.64208984375,-1814.462158203125
1066.000732421875,-1814.9932861328125
1064.5679931640625,-1815.478515625
1062.9349365234375,-1816.0565185546875
1061.5089111328125,-1816.5819091796875
1059.883544921875,-1817.20458984375
1058.4659423828125,-1817.76806640625
1056.8507080078125,-1818.4334716796875
1055.4444580078125,-1819.0311279296875
1053.844970703125,-1819.7275390625
1052.4517822265625,-1820.347412109375
1050.7684326171875,-1821.11279296875
1049.1937255859375,-1821.8477783203125
1047.5302734375,-1822.64599609375
1045.9658203125,-1823.4161376953125
1044.599853515625,-1824.1063232421875
1043.0440673828125,-1824.912841796875
1041.6875,-1825.633544921875
1040.1392822265625,-1826.4708251953125
1038.786376953125,-1827.213623046875
1037.245361328125,-1828.0777587890625
1035.901611328125,-1828.8480224609375
1034.2752685546875,-1829.802001953125
1032.7501220703125,-1830.7177734375
1031.135009765625,-1831.707763671875
1029.5255126953125,-1832.715576171875
1028.016357421875,-1833.6807861328125
1026.7005615234375,-1834.538818359375
1025.2021484375,-1835.5347900390625
1023.616455078125,-1836.6107177734375
1022.1300048828125,-1837.6395263671875
1020.8340454101562,-1838.5523681640625
1019.3582763671875,-1839.60986328125
1018.0712890625,-1840.5472412109375
1016.6051025390625,-1841.6317138671875
1015.325927734375,-1842.5916748046875
1013.8674926757812,-1843.7003173828125
1012.59423828125,-1844.68017578125
1011.1419677734375,-1845.8104248046875
1009.87353515625,-1846.8082275390625
1008.6975708007812,-1847.7420654296875
1007.5231323242188,-1848.6824951171875
1006.2598266601562,-1849.7025146484375
1005.0879516601562,-1850.656005859375
1003.9170532226562,-1851.6153564453125
1002.6569213867188,-1852.6546630859375
1001.487060546875,-1853.625
1000.3173217773438,-1854.60009765625
999.0572509765625,-1855.655029296875
997.8865356445312,-1856.638671875
996.7149658203125,-1857.6259765625
995.4519653320312,-1858.6927490234375
994.277587890625,-1859.686279296875
993.1013793945312,-1860.682373046875
991.83251953125,-1861.7574462890625
990.65185546875,-1862.7578125
989.4686889648438,-1863.759765625
988.19140625,-1864.840087890625
987.002197265625,-1865.8441162109375
985.8095092773438,-1866.848876953125
984.5210571289062,-1867.9310302734375
983.32080078125,-1868.936279296875
982.0241088867188,-1870.0189208984375
980.8162231445312,-1871.024658203125
979.6046752929688,-1872.030517578125
978.3894653320312,-1873.0367431640625
977.0765991210938,-1874.1207275390625
975.853759765625,-1875.127685546875
974.6272583007812,-1876.134765625
973.3021240234375,-1877.2193603515625
972.067626953125,-1878.22607421875
970.829345703125,-1879.2327880859375
969.4918212890625,-1880.3170166015625
968.2463989257812,-1881.324462890625
966.997802734375,-1882.3326416015625
965.6495361328125,-1883.4190673828125
964.3944091796875,-1884.4285888671875
963.1361694335938,-1885.43896484375
961.77783203125,-1886.5283203125
960.513671875,-1887.540771484375
959.246337890625,-1888.5538330078125
957.8777465820312,-1889.6453857421875
956.6033935546875,-1890.65869140625
955.3261108398438,-1891.672607421875
953.947509765625,-1892.765625
952.6646118164062,-1893.781982421875
951.3792724609375,-1894.799560546875
949.9918823242188,-1895.896728515625
948.700927734375,-1896.9163818359375
947.406982421875,-1897.9368896484375
946.0101928710938,-1899.036865234375
944.7100219726562,-1900.05908203125
943.4069213867188,-1901.081787109375
942.0001831054688,-1902.1837158203125
940.6907958984375,-1903.2076416015625
939.3786010742188,-1904.2320556640625
937.962158203125,-1905.3360595703125
936.6438598632812,-1906.3619384765625
935.3226928710938,-1907.388427734375
933.8965454101562,-1908.49462890625
932.5692749023438,-1909.52197265625
931.239013671875,-1910.5494384765625
929.8026123046875,-1911.65625
928.46533203125,-1912.683837890625
927.1244506835938,-1913.7109375
925.6762084960938,-1914.816162109375
924.3273315429688,-1915.841796875
922.974609375,-1916.8663330078125
921.5132446289062,-1917.9686279296875
920.1519165039062,-1918.99072265625
918.7861938476562,-1920.0111083984375
917.310302734375,-1921.1077880859375
915.93505859375,-1922.1241455078125
914.5552368164062,-1923.138427734375
913.0640869140625,-1924.228515625
911.6746215820312,-1925.2384033203125
910.280517578125,-1926.24609375
908.7740478515625,-1927.3289794921875
907.3704833984375,-1928.3323974609375
905.9625244140625,-1929.333984375
904.441162109375,-1930.4100341796875
903.023681640625,-1931.40673828125
901.6013793945312,-1932.400634765625
900.0640869140625,-1933.4678955078125
898.6315307617188,-1934.455810546875
897.194091796875,-1935.440673828125
895.6408081054688,-1936.49853515625
894.193603515625,-1937.4781494140625
892.7418212890625,-1938.455078125
891.1727294921875,-1939.5035400390625
889.7103881835938,-1940.473388671875
888.2426147460938,-1941.4393310546875
886.65576171875,-1942.474609375
885.1763916015625,-1943.4312744140625
883.6912841796875,-1944.383056640625
882.085693359375,-1945.403076171875
880.5892333984375,-1946.345947265625
879.0875854492188,-1947.2847900390625
877.464599609375,-1948.291259765625
875.9519653320312,-1949.22119140625
874.4338989257812,-1950.1466064453125
872.7931518554688,-1951.1383056640625
871.2643432617188,-1952.05517578125
869.7305908203125,-1952.96826171875
868.0736083984375,-1953.94775390625
866.530029296875,-1954.853271484375
864.9815063476562,-1955.7548828125
863.3084106445312,-1956.7215576171875
861.749755859375,-1957.614990234375
860.1862182617188,-1958.5042724609375
858.4970092773438,-1959.4576416015625
856.9236450195312,-1960.3392333984375
855.3458251953125,-1961.2171630859375
853.6414184570312,-1962.158447265625
852.0538330078125,-1963.0284423828125
850.4615478515625,-1963.8944091796875
848.7415161132812,-1964.8223876953125
847.1393432617188,-1965.679931640625
845.5325927734375,-1966.533447265625
843.7970581054688,-1967.4481201171875
842.1806640625,-1968.2933349609375
840.5596313476562,-1969.1343994140625
838.8086547851562,-1970.0352783203125
837.1778564453125,-1970.8671875
835.542236328125,-1971.6943359375
833.7752685546875,-1972.5792236328125
832.1290893554688,-1973.3948974609375
830.4775390625,-1974.2047119140625
828.6932983398438,-1975.0703125
827.0311279296875,-1975.867919921875
825.36376953125,-1976.6595458984375
823.5625610351562,-1977.505859375
821.884765625,-1978.2855224609375
820.2020263671875,-1979.0592041015625
818.384033203125,-1979.8851318359375
816.6906127929688,-1980.646240234375
814.9925537109375,-1981.4013671875
813.1583862304688,-1982.2073974609375
811.4496459960938,-1982.9488525390625
809.7356567382812,-1983.6832275390625
807.8839721679688,-1984.46533203125
806.1586303710938,-1985.180908203125
804.4271240234375,-1985.8863525390625
802.5559692382812,-1986.6361083984375
800.8131713867188,-1987.3248291015625
799.065673828125,-1988.007080078125
797.1787719726562,-1988.73486328125
795.4220581054688,-1989.40478515625
793.6610107421875,-1990.0693359375
791.7600708007812,-1990.779541015625
789.9910278320312,-1991.434326171875
788.2182006835938,-1992.085205078125
786.3052978515625,-1992.782958984375
784.5260009765625,-1993.428955078125
782.744140625,-1994.0740966796875
780.8226318359375,-1994.769287109375
779.0364990234375,-1995.4156494140625
777.2509765625,-1996.0626220703125
775.3299560546875,-1996.760498046875
773.5481567382812,-1997.410400390625
771.7685546875,-1998.0625
769.8546142578125,-1998.7677001953125
768.079833984375,-1999.4254150390625
766.3072509765625,-2000.0860595703125
764.3961791992188,-2000.8021240234375
762.6201171875,-2001.471435546875
760.843505859375,-2002.1446533203125
758.9296875,-2002.8743896484375
757.1519165039062,-2003.556640625
755.3737182617188,-2004.243408203125
753.4583740234375,-2004.988037109375
751.6795043945312,-2005.6844482421875
749.9006958007812,-2006.3861083984375
747.9853515625,-2007.1485595703125
746.2073364257812,-2007.8634033203125
744.4300537109375,-2008.5850830078125
742.5171508789062,-2009.3704833984375
740.7423095703125,-2010.1083984375
738.9697265625,-2010.85546875
737.4714965820312,-2011.4951171875
735.7030639648438,-2012.260009765625
733.9365844726562,-2013.0341796875
732.1721801757812,-2013.817626953125
730.27392578125,-2014.6707763671875
728.51318359375,-2015.4716796875
726.7535400390625,-2016.280029296875
724.86083984375,-2017.1595458984375
723.1055908203125,-2017.9847412109375
721.3544311523438,-2018.8182373046875
719.4778442382812,-2019.7218017578125
717.74853515625,-2020.5633544921875
716.034423828125,-2021.4049072265625
714.2080078125,-2022.3099365234375
712.530029296875,-2023.1484375
710.8699951171875,-2023.9842529296875
709.1018676757812,-2024.8819580078125
707.47705078125,-2025.71337890625
705.8694458007812,-2026.5426025390625
704.1555786132812,-2027.4345703125
702.5808715820312,-2028.2633056640625
701.021728515625,-2029.09130859375
699.3603515625,-2029.980712890625
697.834228515625,-2030.80419921875
696.3251953125,-2031.6241455078125
694.7189331054688,-2032.503173828125
693.244384765625,-2033.3160400390625
691.7863159179688,-2034.1265869140625
690.2354736328125,-2034.99853515625
688.8138427734375,-2035.80810546875
687.409423828125,-2036.617919921875
685.9141235351562,-2037.49169921875
684.5415649414062,-2038.303955078125
683.1842651367188,-2039.1163330078125
681.7412109375,-2039.9935302734375
680.4189453125,-2040.8089599609375
679.1142578125,-2041.6256103515625
677.7288818359375,-2042.50732421875
676.4599609375,-2043.327880859375
674.8265991210938,-2044.4033203125
673.3170166015625,-2045.418212890625
672.0198974609375,-2046.310302734375
670.5626831054688,-2047.3355712890625
669.3082275390625,-2048.23828125
667.8985595703125,-2049.273193359375
666.6876220703125,-2050.181396484375
665.3300170898438,-2051.22119140625
663.91845703125,-2052.327392578125
662.5375366210938,-2053.4345703125
661.2655639648438,-2054.478271484375
659.9442138671875,-2055.59130859375
658.654296875,-2056.70947265625
657.4679565429688,-2057.767333984375
656.2362060546875,-2058.897216796875
655.031982421875,-2060.033203125
653.9210815429688,-2061.107666015625
652.763671875,-2062.25732421875
651.6311645507812,-2063.417724609375
650.589111328125,-2064.520263671875
649.5071411132812,-2065.701416015625
648.4515380859375,-2066.8916015625
647.2435913085938,-2068.302001953125
646.0723266601562,-2069.724365234375
645.1043701171875,-2070.9453125
644.05126953125,-2072.325927734375
643.1358032226562,-2073.576904296875
642.2460327148438,-2074.842041015625
641.2340087890625,-2076.34814453125
640.2613525390625,-2077.87158203125
639.3294067382812,-2079.41162109375
638.4296875,-2080.96484375
637.5585327148438,-2082.5283203125
636.723876953125,-2084.1025390625
635.926513671875,-2085.686767578125
635.1749877929688,-2087.28271484375
634.4613647460938,-2088.887939453125
633.7915649414062,-2090.50244140625
633.1681518554688,-2092.125
632.591064453125,-2093.755126953125
632.059814453125,-2095.391845703125
631.5737915039062,-2097.033935546875
631.1295776367188,-2098.68017578125
630.72607421875,-2100.332763671875
630.3621826171875,-2101.995361328125
630.0364990234375,-2103.668701171875
629.7479858398438,-2105.35205078125
629.4966430664062,-2107.04541015625
629.2822875976562,-2108.74853515625
629.102783203125,-2110.46142578125
628.9549560546875,-2112.18408203125
628.83740234375,-2113.916748046875
628.7471923828125,-2115.658935546875
628.6771240234375,-2117.404296875
628.6155395507812,-2119.14013671875
628.5506591796875,-2120.861572265625
628.4729614257812,-2122.565673828125
628.3770751953125,-2124.25
628.2606811523438,-2125.9140625
628.1210327148438,-2127.558349609375
627.9522094726562,-2129.184814453125
627.7505493164062,-2130.79345703125
627.51513671875,-2132.382080078125
627.2460327148438,-2133.947998046875
626.9437255859375,-2135.48974609375
626.6080932617188,-2137.0078125
626.2376708984375,-2138.504150390625
625.830322265625,-2139.979248046875
625.3845825195312,-2141.432861328125
624.9017944335938,-2142.864990234375
624.3829345703125,-2144.2744140625
623.7431640625,-2145.866455078125
623.0576171875,-2147.4267578125
622.29443359375,-2149.02001953125
621.5193481445312,-2150.512451171875
620.7011108398438,-2151.96826171875
619.8020629882812,-2153.446044921875
618.8983764648438,-2154.8212890625
617.9577026367188,-2156.157958984375
616.9384765625,-2157.5107421875
615.9259033203125,-2158.763427734375
614.8792114257812,-2159.97265625
613.751953125,-2161.186767578125
612.6406860351562,-2162.30517578125
611.49609375,-2163.376708984375
610.2642822265625,-2164.44921875
609.0459594726562,-2165.43701171875
607.790771484375,-2166.387939453125
606.4424438476562,-2167.34033203125
605.1139526367188,-2168.21240234375
603.7515869140625,-2169.04345703125
602.2946166992188,-2169.865234375
600.8666381835938,-2170.609375
599.408447265625,-2171.31298828125
597.85693359375,-2172.005126953125
596.3416137695312,-2172.6240234375
594.7994384765625,-2173.196533203125
593.1629028320312,-2173.74560546875
591.5714111328125,-2174.22900390625
589.9588012695312,-2174.671875
588.253173828125,-2175.08935546875
586.5977172851562,-2175.446533203125
584.9224243164062,-2175.759033203125
583.1542358398438,-2176.03564453125
581.6654663085938,-2176.227783203125
580.1633911132812,-2176.384765625
578.6489868164062,-2176.5068359375
577.1231079101562,-2176.594970703125
575.5867919921875,-2176.651611328125
574.0404663085938,-2176.679931640625
572.4843139648438,-2176.68212890625
570.9188842773438,-2176.65869140625
569.3450317382812,-2176.608154296875
567.7634887695312,-2176.529296875
566.1746826171875,-2176.4208984375
564.5791015625,-2176.283203125
562.977294921875,-2176.115478515625
561.36962890625,-2175.918212890625
559.756591796875,-2175.691650390625
558.1390991210938,-2175.437255859375
556.5250244140625,-2175.1591796875
554.9292602539062,-2174.86669921875
553.3588256835938,-2174.571533203125
551.8163452148438,-2174.281982421875
550.3019409179688,-2174.0029296875
548.8088989257812,-2173.7373046875
547.1190185546875,-2173.451904296875
545.4576416015625,-2173.193359375
543.75341796875,-2172.958740234375
542.1458740234375,-2172.7705078125
540.5586547851562,-2172.619873046875
538.9259033203125,-2172.5048828125
537.3855590820312,-2172.435791015625
535.8667602539062,-2172.409912109375
534.303466796875,-2172.432373046875
532.6369018554688,-2172.512451171875
531.1263427734375,-2172.640380859375
529.5203857421875,-2172.8369140625
527.8869018554688,-2173.108154296875
526.2855224609375,-2173.449951171875
524.7722778320312,-2173.843505859375
523.2332153320312,-2174.318115234375
521.7319946289062,-2174.856689453125
520.3265991210938,-2175.4345703125
518.9129028320312,-2176.09619140625
517.5482177734375,-2176.817626953125
516.0919189453125,-2177.686279296875
514.7022094726562,-2178.621826171875
513.3831787109375,-2179.62109375
512.1392822265625,-2180.68115234375
510.9761657714844,-2181.79931640625
509.89312744140625,-2182.9775390625
508.87506103515625,-2184.225341796875
507.9145202636719,-2185.545654296875
507.0145568847656,-2186.93505859375
506.25726318359375,-2188.2373046875
505.50347900390625,-2189.685302734375
504.8564758300781,-2191.07763671875
504.2619934082031,-2192.512451171875
503.7417907714844,-2193.93017578125
503.2550354003906,-2195.434326171875
502.8218688964844,-2196.970458984375
502.4540710449219,-2198.479248046875
502.125732421875,-2200.07421875
501.8515930175781,-2201.697265625
501.6415100097656,-2203.2861328125
501.4808349609375,-2204.96044921875
501.3804931640625,-2206.658203125
501.3419189453125,-2208.313232421875
501.35546875,-2209.857421875
501.4220886230469,-2211.549072265625
501.5297546386719,-2213.1279296875
501.6747131347656,-2214.655029296875
501.8611145019531,-2216.194091796875
502.09222412109375,-2217.815185546875
502.3491516113281,-2219.376220703125
502.64996337890625,-2221.014404296875
502.97509765625,-2222.595703125
503.3414306640625,-2224.185791015625
503.7450256347656,-2225.78515625
504.1393737792969,-2227.256103515625
504.59332275390625,-2228.87890625
505.0643310546875,-2230.5146484375
505.5492858886719,-2232.164794921875
505.9808654785156,-2233.612060546875
506.42169189453125,-2235.063720703125
506.8706970214844,-2236.511474609375
507.32952880859375,-2237.954833984375
507.8006591796875,-2239.39306640625
508.28924560546875,-2240.82373046875
508.8024597167969,-2242.257080078125
509.3448181152344,-2243.698974609375
509.9184875488281,-2245.1396484375
510.5238342285156,-2246.57177734375
511.194091796875,-2248.066162109375
511.8662414550781,-2249.479736328125
512.5724487304688,-2250.883056640625
513.3118896484375,-2252.273681640625
514.0465698242188,-2253.583251953125
514.8539428710938,-2254.947509765625
515.6953735351562,-2256.29638671875
516.5726928710938,-2257.6279296875
517.4854125976562,-2258.94091796875
518.4329223632812,-2260.234619140625
519.4148559570312,-2261.50732421875
520.4308471679688,-2262.75830078125
521.4808349609375,-2263.986328125
522.5637817382812,-2265.19091796875
523.6790771484375,-2266.370849609375
524.825927734375,-2267.52587890625
526.00341796875,-2268.65478515625
527.211181640625,-2269.75732421875
528.4481811523438,-2270.83251953125
529.7140502929688,-2271.879150390625
531.0083618164062,-2272.896240234375
532.3290405273438,-2273.881591796875
533.6721801757812,-2274.832275390625
535.0355224609375,-2275.746826171875
536.4187622070312,-2276.62451171875
537.8213500976562,-2277.46533203125
539.2423095703125,-2278.268798828125
540.6805419921875,-2279.035400390625
542.1349487304688,-2279.765869140625
543.6048583984375,-2280.46044921875
545.0917358398438,-2281.117919921875
546.598388671875,-2281.73828125
548.1268920898438,-2282.3212890625
549.6760864257812,-2282.867431640625
551.244384765625,-2283.37646484375
552.8304443359375,-2283.84765625
554.4329223632812,-2284.279052734375
556.0503540039062,-2284.671142578125
557.6815795898438,-2285.022216796875
559.324951171875,-2285.333251953125
560.9810180664062,-2285.60400390625
562.6481323242188,-2285.83544921875
564.3251342773438,-2286.028564453125
566.0118408203125,-2286.1826171875
567.7921752929688,-2286.304443359375
569.495849609375,-2286.385009765625
571.1213989257812,-2286.429931640625
572.8396606445312,-2286.443115234375
574.565185546875,-2286.420166015625
576.297119140625,-2286.360107421875
578.0343627929688,-2286.2626953125
579.776123046875,-2286.126953125
581.521240234375,-2285.952880859375
583.2693481445312,-2285.740478515625
584.7569580078125,-2285.529541015625
586.24560546875,-2285.291748046875
587.9976196289062,-2284.97607421875
589.7491455078125,-2284.62158203125
591.4990234375,-2284.226806640625
593.2464599609375,-2283.792236328125
594.9912719726562,-2283.317626953125
596.7326049804688,-2282.8046875
598.4696044921875,-2282.25341796875
600.2015380859375,-2281.66455078125
601.9276123046875,-2281.0380859375
603.6468505859375,-2280.373291015625
605.3585205078125,-2279.670166015625
607.0617065429688,-2278.9287109375
608.7553100585938,-2278.1494140625
610.4390258789062,-2277.332763671875
611.7782592773438,-2276.652587890625
613.193603515625,-2275.904296875
614.6005249023438,-2275.12939453125
615.9166870117188,-2274.376953125
617.306396484375,-2273.552734375
618.6866455078125,-2272.703369140625
619.9768676757812,-2271.881103515625
621.337646484375,-2270.983154296875
622.6875610351562,-2270.060546875
623.947998046875,-2269.16943359375
625.2757568359375,-2268.198486328125
626.5911865234375,-2267.20263671875
627.8175659179688,-2266.242919921875
629.1077880859375,-2265.19921875
630.3848266601562,-2264.131591796875
631.5748901367188,-2263.10546875
632.8263549804688,-2261.992919921875
634.064453125,-2260.85791015625
635.2178344726562,-2259.769287109375
636.4312133789062,-2258.5927734375
637.6321411132812,-2257.39599609375
638.7506103515625,-2256.251220703125
639.92578125,-2255.014404296875
641.086669921875,-2253.75732421875
642.1659545898438,-2252.555419921875
643.2987670898438,-2251.259033203125
644.4176635742188,-2249.943603515625
645.4581909179688,-2248.688720703125
646.5502319335938,-2247.33740234375
647.6278686523438,-2245.968017578125
648.6910400390625,-2244.580810546875
649.6787109375,-2243.259033203125
650.71435546875,-2241.838134765625
651.675537109375,-2240.485595703125
652.6819458007812,-2239.031982421875
653.6726684570312,-2237.56103515625
654.5908813476562,-2236.161865234375
655.5516357421875,-2234.659423828125
656.4976196289062,-2233.1416015625
657.3743896484375,-2231.698974609375
658.2913818359375,-2230.152099609375
659.193603515625,-2228.59033203125
660.0292358398438,-2227.107177734375
660.9027099609375,-2225.517822265625
661.7613525390625,-2223.9140625
662.605224609375,-2222.297119140625
663.3861694335938,-2220.762939453125
664.2020263671875,-2219.1201171875
664.957275390625,-2217.562255859375
665.6083374023438,-2216.18994140625
666.34228515625,-2214.612060546875
666.9762573242188,-2213.223388671875
667.6927490234375,-2211.62744140625
668.3138427734375,-2210.223876953125
669.0187377929688,-2208.612548828125
669.6331176757812,-2207.197021484375
670.3347778320312,-2205.57373046875
670.9503784179688,-2204.14990234375
671.6583251953125,-2202.51953125
672.2838745117188,-2201.091552734375
673.0078735351562,-2199.458740234375
673.6506958007812,-2198.0302734375
674.3969116210938,-2196.398681640625
675.060302734375,-2194.9716796875
675.830810546875,-2193.342041015625
676.5158081054688,-2191.917236328125
677.3097534179688,-2190.2939453125
678.0138549804688,-2188.880126953125
678.8298950195312,-2187.272216796875
679.5540771484375,-2185.872802734375
680.39404296875,-2184.281982421875
681.1397705078125,-2182.898193359375
682.0068969726562,-2181.322265625
682.780517578125,-2179.94482421875
683.681640625,-2178.375732421875
684.484619140625,-2177.008056640625
685.4193725585938,-2175.451904296875
686.2525634765625,-2174.096435546875
687.2225952148438,-2172.55517578125
688.086669921875,-2171.213134765625
689.0916137695312,-2169.687255859375
689.9862670898438,-2168.359375
691.0257568359375,-2166.849609375
691.94970703125,-2165.53515625
693.0209350585938,-2164.040283203125
693.97216796875,-2162.7392578125
695.0753173828125,-2161.26025390625
696.054931640625,-2159.9736328125
696.9765014648438,-2158.785400390625
697.9100341796875,-2157.60400390625
698.9282836914062,-2156.338623046875
699.8851318359375,-2155.169921875
700.85205078125,-2154.00634765625
701.904541015625,-2152.75927734375
702.8923950195312,-2151.607421875
703.8908081054688,-2150.461181640625
704.9780883789062,-2149.234130859375
705.9986572265625,-2148.101318359375
707.0292358398438,-2146.974365234375
708.14990234375,-2145.76708984375
709.2008666992188,-2144.653076171875
710.2632446289062,-2143.547607421875
711.4208374023438,-2142.366943359375
712.5084228515625,-2141.280029296875
713.6068725585938,-2140.201416015625
714.8020629882812,-2139.051513671875
715.9242553710938,-2137.99462890625
717.0607299804688,-2136.948974609375
718.2988891601562,-2135.835693359375
719.4606323242188,-2134.812744140625
720.6320190429688,-2133.79833984375
721.9039916992188,-2132.715087890625
723.0947265625,-2131.717529296875
724.295166015625,-2130.727294921875
725.5980834960938,-2129.670654296875
726.8182373046875,-2128.6982421875
728.047119140625,-2127.734130859375
729.3779907226562,-2126.704833984375
730.6202392578125,-2125.758544921875
731.8705444335938,-2124.822265625
733.23193359375,-2123.8251953125
734.509521484375,-2122.910400390625
735.7969970703125,-2122.006591796875
737.1939697265625,-2121.044921875
738.5001831054688,-2120.161376953125
739.8147583007812,-2119.287109375
741.2398681640625,-2118.35498046875
742.572021484375,-2117.49853515625
743.9122924804688,-2116.650634765625
745.3648071289062,-2115.74755859375
746.721923828125,-2114.91796875
748.0868530273438,-2114.096435546875
749.5651245117188,-2113.220947265625
750.9454345703125,-2112.416259765625
752.3331298828125,-2111.619384765625
753.835693359375,-2110.770263671875
755.2384033203125,-2109.990234375
756.6482543945312,-2109.21875
758.1744995117188,-2108.396728515625
759.5988159179688,-2107.642333984375
761.0301513671875,-2106.896484375
762.5794677734375,-2106.102783203125
764.0252685546875,-2105.375
765.4778442382812,-2104.65576171875
767.0498657226562,-2103.8916015625
768.5166625976562,-2103.19189453125
769.9904174804688,-2102.501708984375
771.5850219726562,-2101.76904296875
773.0724487304688,-2101.09814453125
774.566162109375,-2100.435791015625
776.1815795898438,-2099.732177734375
777.6880493164062,-2099.087646484375
779.200439453125,-2098.45166015625
780.8356323242188,-2097.776123046875
782.3600463867188,-2097.156982421875
783.8899536132812,-2096.545654296875
785.5435180664062,-2095.89501953125
787.08447265625,-2095.298828125
788.6305541992188,-2094.71044921875
790.301513671875,-2094.085205078125
791.8585815429688,-2093.51220703125
793.4202880859375,-2092.94580078125
795.1076049804688,-2092.342529296875
796.6791381835938,-2091.78857421875
798.2548828125,-2091.23974609375
799.9566650390625,-2090.655029296875
801.5411987304688,-2090.11767578125
803.1298217773438,-2089.585693359375
804.84521484375,-2089.017333984375
806.4419555664062,-2088.49365234375
808.0424194335938,-2087.97412109375
809.7700805664062,-2087.4189453125
811.3781127929688,-2086.9072265625
812.9896240234375,-2086.39892578125
814.7288818359375,-2085.854736328125
816.347412109375,-2085.35205078125
817.9691162109375,-2084.85205078125
819.7188110351562,-2084.31591796875
821.3467407226562,-2083.8203125
822.9779663085938,-2083.3271484375
824.7379760742188,-2082.798095703125
826.3753051757812,-2082.30859375
828.015380859375,-2081.820556640625
829.78466796875,-2081.29638671875
831.4304809570312,-2080.810546875
833.078857421875,-2080.325439453125
834.8567504882812,-2079.80322265625
836.51025390625,-2079.318603515625
838.1660766601562,-2078.833984375
839.9517211914062,-2078.31201171875
841.6122436523438,-2077.8271484375
843.2752075195312,-2077.342041015625
845.068359375,-2076.81884765625
846.7355346679688,-2076.332275390625
848.4048461914062,-2075.84521484375
850.2050170898438,-2075.31982421875
851.8787841796875,-2074.83154296875
853.5546264648438,-2074.342529296875
855.3617553710938,-2073.8154296875
857.0419311523438,-2073.324951171875
858.72412109375,-2072.833984375
860.5379638671875,-2072.303955078125
862.2243041992188,-2071.811279296875
863.9127197265625,-2071.317626953125
865.7332153320312,-2070.78515625
867.4257202148438,-2070.289794921875
869.1202392578125,-2069.7939453125
870.9473876953125,-2069.259033203125
872.646240234375,-2068.761962890625
874.34716796875,-2068.2646484375
876.1812133789062,-2067.728515625
877.8865356445312,-2067.23046875
879.593994140625,-2066.73193359375
881.4351806640625,-2066.1953125
883.1470947265625,-2065.696533203125
884.8611450195312,-2065.197998046875
886.70947265625,-2064.66064453125
888.427978515625,-2064.161865234375
890.1486206054688,-2063.66259765625
892.0040283203125,-2063.124755859375
893.72900390625,-2062.625
895.4560546875,-2062.124755859375
897.3182373046875,-2061.585205078125
899.0493774414062,-2061.083740234375
900.7824096679688,-2060.5810546875
902.6508178710938,-2060.038818359375
904.3877563476562,-2059.534423828125
906.1265869140625,-2059.029052734375
908.0013427734375,-2058.48388671875
909.7440795898438,-2057.9765625
911.4886474609375,-2057.468017578125
913.3695068359375,-2056.91943359375
915.1178588867188,-2056.40869140625
916.8680419921875,-2055.897216796875
918.7548828125,-2055.344970703125
920.5089111328125,-2054.831298828125
922.2647094726562,-2054.316650390625
924.1576538085938,-2053.76123046875
925.917236328125,-2053.244384765625
927.6786499023438,-2052.7265625
929.5775756835938,-2052.167724609375
931.3427734375,-2051.647705078125
933.1097412109375,-2051.126953125
935.0145874023438,-2050.564697265625
936.7852172851562,-2050.041259765625
938.5576171875,-2049.516845703125
940.4683227539062,-2048.950927734375
942.2444458007812,-2048.424560546875
944.0223388671875,-2047.8968505859375
945.93896484375,-2047.327392578125
947.7205810546875,-2046.797607421875
949.50390625,-2046.2667236328125
951.4263916015625,-2045.6937255859375
953.21337890625,-2045.16064453125
955.0020751953125,-2044.6265869140625
956.930419921875,-2044.05029296875
958.7228393554688,-2043.51416015625
960.5169677734375,-2042.97705078125
962.4510498046875,-2042.3974609375
964.2487182617188,-2041.8582763671875
966.048095703125,-2041.318115234375
967.9878540039062,-2040.7353515625
969.790771484375,-2040.193359375
971.595458984375,-2039.6505126953125
973.540771484375,-2039.06494140625
975.3489379882812,-2038.520263671875
977.1588745117188,-2037.9747314453125
979.10986328125,-2037.38623046875
980.9220581054688,-2036.8392333984375
982.7328491210938,-2036.292236328125
984.6812133789062,-2035.7032470703125
986.4888916015625,-2035.156494140625
988.2950439453125,-2034.60986328125
990.2384033203125,-2034.0211181640625
992.0414428710938,-2033.4744873046875
993.8453369140625,-2032.9271240234375
995.7915649414062,-2032.336181640625
997.6004638671875,-2031.78662109375
999.410888671875,-2031.2359619140625
1001.3624267578125,-2030.6419677734375
1003.1762084960938,-2030.08935546875
1004.9915771484375,-2029.5357666015625
1006.9483032226562,-2028.9384765625
1008.7669067382812,-2028.3829345703125
1010.5870971679688,-2027.8262939453125
1012.5489501953125,-2027.225830078125
1014.3722534179688,-2026.6671142578125
1016.197021484375,-2026.107421875
1018.1638793945312,-2025.5032958984375
1019.9917602539062,-2024.94140625
1021.8211059570312,-2024.3782958984375
1023.7928466796875,-2023.770751953125
1025.625244140625,-2023.2054443359375
1027.4591064453125,-2022.63916015625
1029.4356689453125,-2022.0279541015625
1031.2724609375,-2021.4591064453125
1033.1109619140625,-2020.88916015625
1035.0924072265625,-2020.2742919921875
1036.933837890625,-2019.7021484375
1038.77685546875,-2019.12890625
1040.7633056640625,-2018.510498046875
1042.6094970703125,-2017.9351806640625
1044.45703125,-2017.3587646484375
1046.4483642578125,-2016.73681640625
1048.2989501953125,-2016.1580810546875
1050.1510009765625,-2015.5782470703125
1052.1470947265625,-2014.9525146484375
1054.002197265625,-2014.370361328125
1055.8587646484375,-2013.7869873046875
1057.8597412109375,-2013.1575927734375
1059.7191162109375,-2012.5718994140625
1061.1505126953125,-2012.12060546875
1062.5826416015625,-2011.6685791015625
1064.015625,-2011.2158203125
1065.4493408203125,-2010.7623291015625
1066.8839111328125,-2010.3079833984375
1068.3192138671875,-2009.8529052734375
1069.75537109375,-2009.3970947265625
1071.1923828125,-2008.9405517578125
1072.630126953125,-2008.4832763671875
1074.06884765625,-2008.025390625
1075.50830078125,-2007.5667724609375
1076.9486083984375,-2007.107421875
1078.3896484375,-2006.6473388671875
1079.83154296875,-2006.1866455078125
1081.2742919921875,-2005.725341796875
1082.7178955078125,-2005.263427734375
1084.162353515625,-2004.801025390625
1085.6075439453125,-2004.338134765625
1087.0535888671875,-2003.874755859375
1088.50048828125,-2003.410888671875
1089.9483642578125,-2002.9466552734375
1091.39697265625,-2002.4818115234375
1092.846435546875,-2002.0167236328125
1094.296875,-2001.55126953125
1095.748291015625,-2001.08544921875
1097.200439453125,-2000.6192626953125
1098.653564453125,-2000.15283203125
1100.1075439453125,-1999.68603515625
1101.5623779296875,-1999.21875
1103.0181884765625,-1998.751220703125
1104.474853515625,-1998.283447265625
1105.932373046875,-1997.815185546875
1107.3907470703125,-1997.3466796875
1108.85009765625,-1996.877685546875
1110.3101806640625,-1996.408447265625
1111.771240234375,-1995.93896484375
1113.233154296875,-1995.468994140625
1114.6959228515625,-1994.998779296875
1116.15966796875,-1994.5281982421875
1117.624267578125,-1994.0572509765625
1119.0897216796875,-1993.5860595703125
1120.5560302734375,-1993.1146240234375
1122.023193359375,-1992.6429443359375
1123.4913330078125,-1992.1708984375
1124.960205078125,-1991.698486328125
1126.429931640625,-1991.225830078125
1127.900634765625,-1990.7528076171875
1129.3721923828125,-1990.2796630859375
1130.8446044921875,-1989.80615234375
1132.31787109375,-1989.3323974609375
1133.7918701171875,-1988.8583984375
1135.2667236328125,-1988.384033203125
1136.742431640625,-1987.9091796875
1138.2188720703125,-1987.4339599609375
1139.6961669921875,-1986.9583740234375
1141.17431640625,-1986.4822998046875
1142.6531982421875,-1986.0059814453125
1144.1329345703125,-1985.5291748046875
1145.6136474609375,-1985.0518798828125
1147.0950927734375,-1984.574462890625
1148.577392578125,-1984.0965576171875
1150.0604248046875,-1983.6182861328125
1151.544189453125,-1983.1395263671875
1153.0286865234375,-1982.6602783203125
1154.5140380859375,-1982.1805419921875
1156,-1981.7003173828125
1157.4869384765625,-1981.2196044921875
1158.9744873046875,-1980.7384033203125
1160.4627685546875,-1980.2567138671875
1161.951904296875,-1979.7745361328125
1163.4417724609375,-1979.291748046875
1164.932373046875,-1978.80859375
1166.423828125,-1978.324951171875
1167.9158935546875,-1977.8408203125
1169.4088134765625,-1977.356201171875
1170.90234375,-1976.870849609375
1172.396728515625,-1976.385009765625
1173.8917236328125,-1975.8984375
1175.387451171875,-1975.411376953125
1176.884033203125,-1974.923583984375
1178.38134765625,-1974.435302734375
1179.8795166015625,-1973.9462890625
1181.378173828125,-1973.45703125
1182.8773193359375,-1972.9671630859375
1184.376953125,-1972.4765625
1185.8770751953125,-1971.9849853515625
1187.3778076171875,-1971.4923095703125
1188.8790283203125,-1970.99853515625
1190.381103515625,-1970.50390625
1191.8837890625,-1970.0086669921875
1193.38720703125,-1969.512939453125
1194.891357421875,-1969.0169677734375
1196.396484375,-1968.520751953125
1197.9022216796875,-1968.0240478515625
1199.4088134765625,-1967.527099609375
1200.916259765625,-1967.02978515625
1202.4244384765625,-1966.5321044921875
1203.9334716796875,-1966.0340576171875
1205.443359375,-1965.53564453125
1206.953857421875,-1965.0369873046875
1208.4652099609375,-1964.5379638671875
1209.9774169921875,-1964.0386962890625
1211.490234375,-1963.538818359375
1213.0037841796875,-1963.03857421875
1214.5179443359375,-1962.537841796875
1216.03271484375,-1962.0364990234375
1217.5482177734375,-1961.5345458984375
1219.0643310546875,-1961.0321044921875
1220.5810546875,-1960.529052734375
1222.0985107421875,-1960.0252685546875
1223.6165771484375,-1959.5211181640625
1225.13525390625,-1959.016357421875
1226.654541015625,-1958.5111083984375
1228.174560546875,-1958.0052490234375
1229.6953125,-1957.4989013671875
1231.216796875,-1956.9920654296875
1232.739013671875,-1956.48486328125
1234.261962890625,-1955.977294921875
1235.78564453125,-1955.469482421875
1237.31005859375,-1954.9613037109375
1238.835205078125,-1954.45263671875
1240.3609619140625,-1953.9437255859375
1241.8875732421875,-1953.4344482421875
1243.4149169921875,-1952.9248046875
1244.9429931640625,-1952.4150390625
1246.4718017578125,-1951.905029296875
1248.001220703125,-1951.3946533203125
1249.5313720703125,-1950.884033203125
1251.062255859375,-1950.373046875
1252.5938720703125,-1949.8616943359375
1254.1263427734375,-1949.3502197265625
1255.6595458984375,-1948.83837890625
1257.193359375,-1948.326416015625
1258.7281494140625,-1947.8143310546875
1260.2635498046875,-1947.3018798828125
1261.7996826171875,-1946.7891845703125
1263.3365478515625,-1946.2762451171875
1264.8741455078125,-1945.7630615234375
1266.412353515625,-1945.2493896484375
1267.951416015625,-1944.7354736328125
1269.490966796875,-1944.2213134765625
1271.0313720703125,-1943.706787109375
1272.5723876953125,-1943.19189453125
1274.1141357421875,-1942.6767578125
1275.656494140625,-1942.1612548828125
1277.1995849609375,-1941.6453857421875
1278.743408203125,-1941.1292724609375
1280.2879638671875,-1940.6129150390625
1281.8331298828125,-1940.09619140625
1283.3790283203125,-1939.579345703125
1284.9256591796875,-1939.0621337890625
1286.4727783203125,-1938.5445556640625
1288.0205078125,-1938.026611328125
1289.5689697265625,-1937.50830078125
1291.1181640625,-1936.9896240234375
1292.66796875,-1936.4705810546875
1294.2183837890625,-1935.951171875
1295.76953125,-1935.4315185546875
1297.3214111328125,-1934.91162109375
1298.873779296875,-1934.391357421875
1300.427001953125,-1933.8707275390625
1301.980712890625,-1933.3497314453125
1303.5352783203125,-1932.8282470703125
1305.0904541015625,-1932.3065185546875
1306.6463623046875,-1931.7845458984375
1308.2030029296875,-1931.2623291015625
1309.76025390625,-1930.7398681640625
1311.3182373046875,-1930.217041015625
1312.876708984375,-1929.6939697265625
1314.4359130859375,-1929.17041015625
1315.9957275390625,-1928.6466064453125
1317.55615234375,-1928.122314453125
1319.1173095703125,-1927.5977783203125
1320.6790771484375,-1927.0728759765625
1322.241455078125,-1926.547607421875
1323.8045654296875,-1926.02197265625
1325.3682861328125,-1925.4959716796875
1326.9327392578125,-1924.9697265625
1328.497802734375,-1924.443115234375
1330.0634765625,-1923.916259765625
1331.6300048828125,-1923.3890380859375
1333.197021484375,-1922.8614501953125
1334.7647705078125,-1922.33349609375
1336.3330078125,-1921.8052978515625
1337.90185546875,-1921.2767333984375
1339.471435546875,-1920.747802734375
1341.0418701171875,-1920.2186279296875
1342.6129150390625,-1919.6893310546875
1344.1844482421875,-1919.159912109375
1345.756591796875,-1918.630126953125
1347.329345703125,-1918.0999755859375
1348.902587890625,-1917.5694580078125
1350.4765625,-1917.03857421875
1352.0511474609375,-1916.507568359375
1353.626220703125,-1915.9761962890625
1355.2020263671875,-1915.4447021484375
1356.778564453125,-1914.9129638671875
1358.3558349609375,-1914.3809814453125
1359.933837890625,-1913.8489990234375
1361.5125732421875,-1913.31689453125
1363.0919189453125,-1912.78466796875
1364.6717529296875,-1912.2523193359375
1366.25244140625,-1911.7197265625
1367.833740234375,-1911.1868896484375
1369.415771484375,-1910.6539306640625
1370.99853515625,-1910.120849609375
1372.581787109375,-1909.5875244140625
1374.1656494140625,-1909.053955078125
1375.75,-1908.52001953125
1377.3349609375,-1907.985595703125
1378.920654296875,-1907.450927734375
1380.5069580078125,-1906.916015625
1382.093994140625,-1906.3807373046875
1383.6817626953125,-1905.84521484375
1385.27001953125,-1905.3095703125
1386.85888671875,-1904.773681640625
1388.4483642578125,-1904.237548828125
1390.0382080078125,-1903.701171875
1391.6287841796875,-1903.164306640625
1393.2198486328125,-1902.6270751953125
1394.8114013671875,-1902.0894775390625
1396.4036865234375,-1901.5516357421875
1397.9964599609375,-1901.013427734375
1399.58984375,-1900.474853515625
1401.183837890625,-1899.9359130859375
1402.778564453125,-1899.3968505859375
1404.3739013671875,-1898.857666015625
1405.969970703125,-1898.3182373046875
1407.5665283203125,-1897.778564453125
1409.16357421875,-1897.238525390625
1410.7611083984375,-1896.6982421875
1412.3592529296875,-1896.157470703125
1413.9580078125,-1895.6165771484375
1415.557373046875,-1895.0751953125
1417.1572265625,-1894.5335693359375
1418.7576904296875,-1893.99169921875
1420.358642578125,-1893.449462890625
1421.9603271484375,-1892.9068603515625
1423.5626220703125,-1892.3641357421875
1425.16552734375,-1891.8211669921875
1426.7689208984375,-1891.2779541015625
1428.3726806640625,-1890.734375
1429.9769287109375,-1890.1905517578125
1431.5816650390625,-1889.646240234375
1433.18701171875,-1889.1014404296875
1434.7928466796875,-1888.5565185546875
1436.3992919921875,-1888.0113525390625
1438.00634765625,-1887.4661865234375
1439.614013671875,-1886.920654296875
1441.222412109375,-1886.375
1442.83154296875,-1885.8292236328125
1444.4412841796875,-1885.2833251953125
1446.0517578125,-1884.737548828125
1447.662841796875,-1884.19189453125
1449.2747802734375,-1883.6463623046875
1450.887451171875,-1883.100830078125
1452.500732421875,-1882.5552978515625
1454.11474609375,-1882.010009765625
1455.7293701171875,-1881.46484375
1457.3447265625,-1880.9197998046875
1458.960693359375,-1880.3748779296875
1460.5771484375,-1879.830078125
1462.1942138671875,-1879.2852783203125
1463.8118896484375,-1878.7403564453125
1465.4302978515625,-1878.1954345703125
1467.0491943359375,-1877.650390625
1468.6688232421875,-1877.10546875
1470.2890625,-1876.5604248046875
1471.9100341796875,-1876.0155029296875
1473.5316162109375,-1875.470458984375
1475.1536865234375,-1874.9254150390625
1476.776611328125,-1874.380126953125
1478.4000244140625,-1873.8349609375
1480.024169921875,-1873.2896728515625
1481.6488037109375,-1872.744384765625
1483.274169921875,-1872.198974609375
1484.9000244140625,-1871.653564453125
1486.5263671875,-1871.1080322265625
1488.1531982421875,-1870.562255859375
1489.7806396484375,-1870.016357421875
1491.408447265625,-1869.4703369140625
1493.036865234375,-1868.9239501953125
1494.665771484375,-1868.3773193359375
1496.2952880859375,-1867.8304443359375
1497.9251708984375,-1867.2833251953125
1499.5556640625,-1866.7359619140625
1501.1866455078125,-1866.1884765625
1502.818115234375,-1865.6407470703125
1504.449951171875,-1865.0926513671875
1506.0823974609375,-1864.5443115234375
1507.7152099609375,-1863.99560546875
1509.3485107421875,-1863.4466552734375
1510.982421875,-1862.8973388671875
1512.61669921875,-1862.3477783203125
1514.25146484375,-1861.7978515625
1515.88671875,-1861.2476806640625
1517.5224609375,-1860.6971435546875
1519.1585693359375,-1860.1463623046875
1520.7952880859375,-1859.5953369140625
1522.4324951171875,-1859.0440673828125
1524.0703125,-1858.4925537109375
1525.7086181640625,-1857.940673828125
1527.347412109375,-1857.388671875
1528.9866943359375,-1856.8365478515625
1530.62646484375,-1856.2840576171875
1532.266845703125,-1855.7314453125
1533.9075927734375,-1855.178466796875
1535.548828125,-1854.6253662109375
1537.1905517578125,-1854.072021484375
1538.832763671875,-1853.5184326171875
1540.4754638671875,-1852.9647216796875
1542.1187744140625,-1852.41064453125
1543.762451171875,-1851.8563232421875
1545.4066162109375,-1851.3017578125
1547.05126953125,-1850.7470703125
1548.6964111328125,-1850.192138671875
1550.342041015625,-1849.636962890625
1551.9881591796875,-1849.08154296875
1553.634765625,-1848.5257568359375
1555.2818603515625,-1847.969970703125
1556.929443359375,-1847.4139404296875
1558.577392578125,-1846.8575439453125
1560.2259521484375,-1846.301025390625
1561.875,-1845.7442626953125
1563.5245361328125,-1845.187255859375
1565.174560546875,-1844.630126953125
1566.8250732421875,-1844.0728759765625
1568.4759521484375,-1843.515380859375
1570.12744140625,-1842.95751953125
1571.779296875,-1842.3995361328125
1573.4315185546875,-1841.84130859375
1575.084228515625,-1841.2828369140625
1576.7371826171875,-1840.72412109375
1578.3907470703125,-1840.165283203125
1580.044677734375,-1839.606201171875
1581.69921875,-1839.046875
1583.3541259765625,-1838.4874267578125
1585.009521484375,-1837.927734375
1586.66552734375,-1837.367919921875
1588.322021484375,-1836.807861328125
1589.97900390625,-1836.24755859375
1591.636474609375,-1835.687255859375
1593.2945556640625,-1835.126708984375
1594.953125,-1834.56591796875
1596.6121826171875,-1834.0050048828125
1598.271728515625,-1833.44384765625
1599.9317626953125,-1832.882568359375
1601.59228515625,-1832.3211669921875
1603.2532958984375,-1831.759521484375
1604.9146728515625,-1831.1976318359375
1606.57666015625,-1830.6356201171875
1608.239013671875,-1830.0732421875
1609.9019775390625,-1829.5107421875
1611.5653076171875,-1828.947998046875
1613.2291259765625,-1828.385009765625
1614.8935546875,-1827.82177734375
1616.5584716796875,-1827.258544921875
1618.2239990234375,-1826.6953125
1619.8900146484375,-1826.1318359375
1621.556396484375,-1825.568359375
1623.2232666015625,-1825.0045166015625
1624.890625,-1824.440673828125
1626.5584716796875,-1823.876708984375
1628.226806640625,-1823.3125
1629.8956298828125,-1822.748046875
1631.56494140625,-1822.183349609375
1633.23486328125,-1821.6185302734375
1634.9052734375,-1821.053466796875
1636.5762939453125,-1820.4884033203125
1638.247802734375,-1819.923095703125
1639.9200439453125,-1819.3577880859375
1641.5926513671875,-1818.7923583984375
1643.265869140625,-1818.2269287109375
1644.9395751953125,-1817.661376953125
1646.61376953125,-1817.095703125
1648.2884521484375,-1816.5299072265625
1649.963623046875,-1815.9638671875
1651.6392822265625,-1815.397705078125
1653.3154296875,-1814.8314208984375
1654.9920654296875,-1814.264892578125
1656.669189453125,-1813.6983642578125
1658.3470458984375,-1813.1318359375
1660.0255126953125,-1812.5653076171875
1661.7044677734375,-1811.998779296875
1663.3839111328125,-1811.4322509765625
1665.06396484375,-1810.8656005859375
1666.7445068359375,-1810.298828125
1668.4254150390625,-1809.7320556640625
1670.1068115234375,-1809.165283203125
1671.78857421875,-1808.5982666015625
1673.470703125,-1808.0311279296875
1675.1536865234375,-1807.4637451171875
1676.837158203125,-1806.896240234375
1678.521240234375,-1806.3287353515625
1680.205810546875,-1805.7611083984375
1681.8909912109375,-1805.1934814453125
1683.57666015625,-1804.6259765625
1685.262939453125,-1804.058349609375
1686.9495849609375,-1803.49072265625
1688.6368408203125,-1802.9229736328125
1690.32470703125,-1802.355224609375
1692.0130615234375,-1801.7874755859375
1693.7020263671875,-1801.2197265625
1695.391357421875,-1800.6519775390625
1697.0811767578125,-1800.0841064453125
1698.7713623046875,-1799.5162353515625
1700.4620361328125,-1798.9482421875
1702.153076171875,-1798.3802490234375
1703.84423828125,-1797.8121337890625
1705.5341796875,-1797.2445068359375
1707.22314453125,-1796.67724609375
1708.9111328125,-1796.1103515625
1710.59814453125,-1795.5438232421875
1712.2840576171875,-1794.9779052734375
1713.96875,-1794.4122314453125
1715.6524658203125,-1793.8470458984375
1717.3350830078125,-1793.2822265625
1719.0169677734375,-1792.7177734375
1720.7010498046875,-1792.1527099609375
1722.385986328125,-1791.5875244140625
1724.0712890625,-1791.022216796875
1725.7568359375,-1790.4569091796875
1727.44287109375,-1789.8916015625
1729.12939453125,-1789.326171875
1730.8162841796875,-1788.7608642578125
1732.5035400390625,-1788.195556640625
1734.1912841796875,-1787.63037109375
1735.8792724609375,-1787.065185546875
1737.5677490234375,-1786.5
1739.2567138671875,-1785.9349365234375
1740.946044921875,-1785.3699951171875
1742.6356201171875,-1784.80517578125
1744.325439453125,-1784.240478515625
1746.0155029296875,-1783.6759033203125
1747.7056884765625,-1783.1112060546875
1749.396240234375,-1782.5465087890625
1751.087158203125,-1781.981689453125
1752.7781982421875,-1781.4168701171875
1754.4697265625,-1780.8519287109375
1756.1614990234375,-1780.2869873046875
1757.8536376953125,-1779.7220458984375
1759.546142578125,-1779.1571044921875
1761.2388916015625,-1778.592041015625
1762.931884765625,-1778.0269775390625
1764.625244140625,-1777.461669921875
1766.3189697265625,-1776.8963623046875
1768.012939453125,-1776.3310546875
1769.7071533203125,-1775.7657470703125
1771.401611328125,-1775.2003173828125
1773.096435546875,-1774.634765625
1774.7913818359375,-1774.0689697265625
1776.4869384765625,-1773.5030517578125
1778.1827392578125,-1772.9371337890625
1779.878662109375,-1772.37109375
1781.5748291015625,-1771.8048095703125
1783.2711181640625,-1771.2384033203125
1784.9677734375,-1770.6717529296875
1786.6646728515625,-1770.1051025390625
1788.362060546875,-1769.5382080078125
1790.0595703125,-1768.97119140625
1791.7574462890625,-1768.4039306640625
1793.45556640625,-1767.83642578125
1795.3238525390625,-1767.2120361328125
1796.852783203125,-1766.701171875
1798.552001953125,-1766.13330078125
1800.2513427734375,-1765.5654296875
1801.9508056640625,-1764.9974365234375
1803.650634765625,-1764.428955078125
1805.3505859375,-1763.8602294921875
1807.0509033203125,-1763.2913818359375
1808.75146484375,-1762.722412109375
1810.4522705078125,-1762.1534423828125
1812.1533203125,-1761.584228515625
1814.024658203125,-1760.957763671875
1815.555908203125,-1760.445068359375
1817.2576904296875,-1759.875244140625
1818.9598388671875,-1759.305419921875
1820.662353515625,-1758.735595703125
1822.5352783203125,-1758.108642578125
1824.0677490234375,-1757.595458984375
1825.770751953125,-1757.02490234375
1827.47412109375,-1756.4541015625
1829.177734375,-1755.883056640625
1830.8817138671875,-1755.3121337890625
1832.5859375,-1754.7412109375
1834.2904052734375,-1754.1700439453125
1835.9952392578125,-1753.5986328125
1837.7003173828125,-1753.0269775390625
1839.4058837890625,-1752.4552001953125
1841.11181640625,-1751.883544921875
1842.8179931640625,-1751.3118896484375
1844.5245361328125,-1750.7401123046875
1846.2313232421875,-1750.1683349609375
1847.9384765625,-1749.596435546875
1849.645751953125,-1749.0242919921875
1851.353271484375,-1748.4520263671875
1853.0609130859375,-1747.8795166015625
1854.7689208984375,-1747.3070068359375
1856.4771728515625,-1746.7342529296875
1858.18603515625,-1746.16162109375
1859.89501953125,-1745.5889892578125
1861.6043701171875,-1745.016357421875
1863.31396484375,-1744.443359375
1865.02392578125,-1743.8702392578125
1866.7340087890625,-1743.297119140625
1868.4443359375,-1742.723876953125
1870.1551513671875,-1742.150390625
1871.8662109375,-1741.5767822265625
1873.57763671875,-1741.003173828125
1875.2894287109375,-1740.4296875
1877.00146484375,-1739.85595703125
1878.7137451171875,-1739.2822265625
1880.42626953125,-1738.708251953125
1882.13916015625,-1738.1341552734375
1883.852294921875,-1737.5599365234375
1885.5657958984375,-1736.9857177734375
1887.2796630859375,-1736.411376953125
1888.9940185546875,-1735.8372802734375
1890.7086181640625,-1735.2633056640625
1892.423583984375,-1734.6893310546875
1894.138916015625,-1734.1153564453125
1895.8546142578125,-1733.54150390625
1897.57080078125,-1732.9678955078125
1899.2872314453125,-1732.3944091796875
1901.004150390625,-1731.8211669921875
1902.7213134765625,-1731.2479248046875
1904.43896484375,-1730.6746826171875
1906.1571044921875,-1730.1016845703125
1907.8756103515625,-1729.5289306640625
1909.5946044921875,-1728.956298828125
1911.31396484375,-1728.3837890625
1913.03369140625,-1727.8115234375
1914.7537841796875,-1727.239501953125
1916.4742431640625,-1726.6676025390625
1918.195068359375,-1726.0958251953125
1919.916259765625,-1725.524169921875
1921.6376953125,-1724.9525146484375
1923.359619140625,-1724.380859375
1925.0819091796875,-1723.80908203125
1926.8046875,-1723.2374267578125
1928.5277099609375,-1722.6658935546875
1930.2510986328125,-1722.09423828125
1931.974853515625,-1721.5224609375
1933.6988525390625,-1720.9508056640625
1935.4232177734375,-1720.37890625
1937.1478271484375,-1719.8070068359375
1938.872802734375,-1719.2349853515625
1940.59814453125,-1718.662841796875
1942.3238525390625,-1718.090576171875
1944.0498046875,-1717.5181884765625
1945.776123046875,-1716.94580078125
1947.502685546875,-1716.373291015625
1949.2296142578125,-1715.8006591796875
1950.9569091796875,-1715.22802734375
1952.6844482421875,-1714.6553955078125
1954.4122314453125,-1714.0826416015625
1956.140380859375,-1713.5098876953125
1957.8687744140625,-1712.9368896484375
1959.59765625,-1712.36376953125
1961.3267822265625,-1711.7906494140625
1963.0562744140625,-1711.2174072265625
1964.7861328125,-1710.644287109375
1966.516357421875,-1710.0709228515625
1968.246826171875,-1709.49755859375
1969.9776611328125,-1708.924072265625
1971.708740234375,-1708.3505859375
1973.440185546875,-1707.7769775390625
1975.171875,-1707.2032470703125
1976.9039306640625,-1706.6295166015625
1978.63623046875,-1706.0556640625
1980.368896484375,-1705.481689453125
1982.1019287109375,-1704.90771484375
1983.835205078125,-1704.333740234375
1985.5687255859375,-1703.759521484375
1987.302490234375,-1703.185302734375
1989.0364990234375,-1702.61083984375
1990.770751953125,-1702.036376953125
1992.5052490234375,-1701.461669921875
1994.2401123046875,-1700.8868408203125
1995.9752197265625,-1700.3118896484375
1997.710693359375,-1699.73681640625
1999.4464111328125,-1699.16162109375
2001.1824951171875,-1698.5863037109375
2002.9188232421875,-1698.0111083984375
2004.655517578125,-1697.435791015625
2006.3922119140625,-1696.8604736328125
2008.129150390625,-1696.2850341796875
2009.8663330078125,-1695.70947265625
2011.6038818359375,-1695.1339111328125
2013.3416748046875,-1694.55810546875
2015.07958984375,-1693.9822998046875
2016.81787109375,-1693.406494140625
2018.556396484375,-1692.83056640625
2020.295166015625,-1692.254638671875
2022.0341796875,-1691.6785888671875
2023.7734375,-1691.1026611328125
2025.512939453125,-1690.526611328125
2027.2529296875,-1689.950439453125
2028.9931640625,-1689.374267578125
2030.733642578125,-1688.798095703125
2032.4744873046875,-1688.2220458984375
2034.2154541015625,-1687.6458740234375
2035.956787109375,-1687.06982421875
2037.6983642578125,-1686.49365234375
2039.4403076171875,-1685.91748046875
2041.1824951171875,-1685.34130859375
2042.925048828125,-1684.76513671875
2044.6676025390625,-1684.1888427734375
2046.4105224609375,-1683.612548828125
2048.153564453125,-1683.0361328125
2049.89697265625,-1682.459716796875
2051.640625,-1681.88330078125
2053.384521484375,-1681.3067626953125
2055.128662109375,-1680.7303466796875
2056.873046875,-1680.15380859375
2058.61767578125,-1679.5772705078125
2060.3623046875,-1679.0006103515625
2062.107666015625,-1678.4239501953125
2063.85302734375,-1677.84716796875
2065.598876953125,-1677.2705078125
2067.3447265625,-1676.6937255859375
2069.091064453125,-1676.116943359375
2070.837646484375,-1675.5401611328125
2072.58447265625,-1674.96337890625
2074.33154296875,-1674.386474609375
2076.078857421875,-1673.8096923828125
2077.826416015625,-1673.2327880859375
2079.574462890625,-1672.65576171875
2081.322509765625,-1672.078857421875
2083.071044921875,-1671.501953125
2084.819580078125,-1670.925048828125
2086.568359375,-1670.3482666015625
2088.3173828125,-1669.7713623046875
2090.066650390625,-1669.1944580078125
2091.816162109375,-1668.6175537109375
2093.565673828125,-1668.040771484375
2095.315185546875,-1667.4639892578125
2097.064697265625,-1666.88720703125
2098.814453125,-1666.3104248046875
2100.564453125,-1665.7335205078125
2102.314453125,-1665.15673828125
2104.064453125,-1664.579833984375
2105.814697265625,-1664.0028076171875
2107.56494140625,-1663.4256591796875
2109.315673828125,-1662.8486328125
2111.06640625,-1662.271484375
2112.8173828125,-1661.6943359375
2114.568603515625,-1661.1171875
2116.320068359375,-1660.5399169921875
2118.07177734375,-1659.962646484375
2119.82373046875,-1659.3853759765625
2121.575927734375,-1658.80810546875
2123.328369140625,-1658.2308349609375
2125.080810546875,-1657.653564453125
2126.833740234375,-1657.0762939453125
2128.586669921875,-1656.4990234375
2130.340087890625,-1655.921630859375
2132.09375,-1655.3441162109375
2133.847412109375,-1654.7667236328125
2135.601318359375,-1654.189208984375
2137.355712890625,-1653.611572265625
2139.10986328125,-1653.033935546875
2140.864501953125,-1652.456298828125
2142.619140625,-1651.87841796875
2144.3740234375,-1651.300537109375
2146.12890625,-1650.722412109375
2147.8837890625,-1650.1441650390625
2149.638916015625,-1649.5654296875
2151.3935546875,-1648.986328125
2153.1484375,-1648.406494140625
2154.903076171875,-1647.826171875
2156.657470703125,-1647.245361328125
2158.411865234375,-1646.6639404296875
2160.166259765625,-1646.08203125
2161.920654296875,-1645.4996337890625
2163.6748046875,-1644.9168701171875
2165.4287109375,-1644.3336181640625
2167.182861328125,-1643.7496337890625
2168.93701171875,-1643.1650390625
2170.69091796875,-1642.5802001953125
2172.4453125,-1641.9949951171875
2174.19970703125,-1641.40966796875
2175.954345703125,-1640.82421875
2177.708984375,-1640.2386474609375
2179.4638671875,-1639.6529541015625
2181.218994140625,-1639.0672607421875
2182.97412109375,-1638.4815673828125
2184.729248046875,-1637.895751953125
2186.48486328125,-1637.309814453125
2188.24072265625,-1636.723876953125
2189.99658203125,-1636.1378173828125
2191.752685546875,-1635.5518798828125
2193.509033203125,-1634.9658203125
2195.26513671875,-1634.3797607421875
2197.021484375,-1633.7933349609375
2198.77783203125,-1633.206787109375
2200.53466796875,-1632.6201171875
2202.291259765625,-1632.033447265625
2204.048095703125,-1631.446533203125
2205.80517578125,-1630.859375
2207.562255859375,-1630.2720947265625
2209.319580078125,-1629.6846923828125
2211.07666015625,-1629.0972900390625
2212.834228515625,-1628.5096435546875
2214.591796875,-1627.921875
2216.349365234375,-1627.3338623046875
2218.107177734375,-1626.745849609375
2219.865234375,-1626.15771484375
2221.623291015625,-1625.569580078125
2223.38134765625,-1624.9813232421875
2225.139404296875,-1624.3927001953125
2226.89794921875,-1623.803955078125
2228.65625,-1623.21533203125
2230.4150390625,-1622.6268310546875
2232.173583984375,-1622.0384521484375
2233.9326171875,-1621.449951171875
2235.691650390625,-1620.861328125
2237.450927734375,-1620.2728271484375
2239.210693359375,-1619.6845703125
2240.970458984375,-1619.0966796875
2242.730224609375,-1618.509033203125
2244.490478515625,-1617.9215087890625
2246.25048828125,-1617.3341064453125
2248.010986328125,-1616.7469482421875
2249.771240234375,-1616.159912109375
2251.531982421875,-1615.572998046875
2253.292724609375,-1614.986083984375
2255.0537109375,-1614.3994140625
2256.81494140625,-1613.8131103515625
2258.576416015625,-1613.2271728515625
2260.337890625,-1612.641357421875
2262.099853515625,-1612.0557861328125
2263.86181640625,-1611.4703369140625
2265.624267578125,-1610.8851318359375
2267.38671875,-1610.30029296875
2269.14990234375,-1609.7159423828125
2270.9130859375,-1609.1319580078125
2272.6767578125,-1608.548583984375
2274.440673828125,-1607.9659423828125
2276.205078125,-1607.3839111328125
2277.9697265625,-1606.8026123046875
2279.734619140625,-1606.2220458984375
2281.499755859375,-1605.6424560546875
2283.26513671875,-1605.0633544921875
2285.031005859375,-1604.4849853515625
2286.797119140625,-1603.9072265625
2288.5634765625,-1603.330322265625
2290.330322265625,-1602.7540283203125
2292.097412109375,-1602.17822265625
2293.86474609375,-1601.60302734375
2295.63232421875,-1601.0283203125
2297.400390625,-1600.4541015625
2299.16845703125,-1599.88037109375
2300.93701171875,-1599.3067626953125
2302.70556640625,-1598.7335205078125
2304.47412109375,-1598.160400390625
2306.2431640625,-1597.5875244140625
2308.012451171875,-1597.0146484375
2309.781982421875,-1596.442138671875
2311.551513671875,-1595.869873046875
2313.3212890625,-1595.2977294921875
2315.09130859375,-1594.7257080078125
2316.861083984375,-1594.15380859375
2318.631103515625,-1593.582275390625
2320.40087890625,-1593.0106201171875
2322.171142578125,-1592.4390869140625
2323.94140625,-1591.8675537109375
2325.7119140625,-1591.296142578125
2327.482666015625,-1590.72509765625
2329.253662109375,-1590.154296875
2331.02490234375,-1589.5836181640625
2332.79638671875,-1589.01318359375
2334.56787109375,-1588.4429931640625
2336.33935546875,-1587.8731689453125
2338.11083984375,-1587.3037109375
2339.88232421875,-1586.734375
2341.654052734375,-1586.1651611328125
2343.42578125,-1585.5960693359375
2345.19775390625,-1585.0272216796875
2346.969482421875,-1584.4586181640625
2348.741455078125,-1583.890380859375
2350.513427734375,-1583.322265625
2352.28564453125,-1582.75439453125
2354.057861328125,-1582.1868896484375
2355.830322265625,-1581.619384765625
2357.6025390625,-1581.0518798828125
2359.37451171875,-1580.4842529296875
2361.146484375,-1579.916259765625
2362.918701171875,-1579.3480224609375
2364.690673828125,-1578.779541015625
2366.462646484375,-1578.2109375
2368.234619140625,-1577.642333984375
2370.006591796875,-1577.0733642578125
2371.7783203125,-1576.50390625
2373.550048828125,-1575.933837890625
2375.321533203125,-1575.3634033203125
2377.0927734375,-1574.7923583984375
2378.864013671875,-1574.2208251953125
2380.63525390625,-1573.6485595703125
2382.406005859375,-1573.0758056640625
2384.1767578125,-1572.50244140625
2385.947509765625,-1571.928466796875
2387.71826171875,-1571.35400390625
2389.48876953125,-1570.77880859375
2391.25927734375,-1570.203125
2393.029541015625,-1569.6270751953125
2394.800048828125,-1569.050537109375
2396.5703125,-1568.473388671875
2398.340087890625,-1567.8955078125
2400.110107421875,-1567.3167724609375
2401.879638671875,-1566.7369384765625
2403.64892578125,-1566.1561279296875
2405.417724609375,-1565.5743408203125
2407.1865234375,-1564.9915771484375
2408.954833984375,-1564.407958984375
2410.72314453125,-1563.823486328125
2412.490966796875,-1563.23779296875
2414.258056640625,-1562.65087890625
2416.0244140625,-1562.0631103515625
2417.78759765625,-1561.47509765625
2419.545654296875,-1560.8873291015625
2421.296630859375,-1560.300537109375
2423.039306640625,-1559.715087890625
2424.77197265625,-1559.1309814453125
2426.494384765625,-1558.548583984375
2428.206787109375,-1557.9676513671875
2429.908203125,-1557.3887939453125
2431.598876953125,-1556.8118896484375
2433.2783203125,-1556.237060546875
2434.946533203125,-1555.6636962890625
2436.603759765625,-1555.0916748046875
2438.25048828125,-1554.5206298828125
2439.886962890625,-1553.950439453125
2441.51318359375,-1553.3807373046875
2443.12939453125,-1552.8116455078125
2444.736328125,-1552.2431640625
2446.33251953125,-1551.6749267578125
2447.919189453125,-1551.107177734375
2449.49609375,-1550.5400390625
2451.064208984375,-1549.9737548828125
2452.62353515625,-1549.4080810546875
2454.173828125,-1548.8426513671875
2455.716064453125,-1548.2772216796875
2457.2490234375,-1547.7110595703125
2458.77294921875,-1547.1434326171875
2460.287841796875,-1546.5740966796875
2461.79443359375,-1546.0032958984375
2463.291259765625,-1545.430419921875
2464.778564453125,-1544.8555908203125
2466.256103515625,-1544.27880859375
2467.72412109375,-1543.6998291015625
2469.182373046875,-1543.1182861328125
2470.631103515625,-1542.5338134765625
2472.070556640625,-1541.9456787109375
2473.501953125,-1541.353759765625
2474.925537109375,-1540.7574462890625
2476.341796875,-1540.156982421875
2477.7509765625,-1539.5516357421875
2479.153564453125,-1538.94091796875
2480.549560546875,-1538.3248291015625
2481.938720703125,-1537.702880859375
2483.32080078125,-1537.0750732421875
2484.6962890625,-1536.4410400390625
2486.0654296875,-1535.8006591796875
2487.42822265625,-1535.1536865234375
2488.785400390625,-1534.5003662109375
2490.136474609375,-1533.840576171875
2491.482177734375,-1533.1739501953125
2493.222412109375,-1532.2972412109375
2495.0859375,-1531.340576171875
2496.80615234375,-1530.44091796875
2498.5166015625,-1529.5301513671875
2500.347900390625,-1528.5367431640625
2502.0380859375,-1527.6025390625
2503.846923828125,-1526.58349609375
2505.515625,-1525.6248779296875
2507.173583984375,-1524.654296875
2508.81982421875,-1523.67138671875
2510.580078125,-1522.598876953125
2512.20263671875,-1521.5902099609375
2513.93701171875,-1520.4903564453125
2515.535888671875,-1519.45654296875
2517.123291015625,-1518.41064453125
2518.699462890625,-1517.3525390625
2520.38330078125,-1516.198974609375
2521.93408203125,-1515.114501953125
2523.471435546875,-1514.017578125
2525.112548828125,-1512.822509765625
2526.622802734375,-1511.7008056640625
2528.120361328125,-1510.5677490234375
2529.71875,-1509.3350830078125
2531.189697265625,-1508.17919921875
2532.6474609375,-1507.012451171875
2533.870849609375,-1506.0169677734375
2535.304443359375,-1504.8306884765625
2536.724609375,-1503.6339111328125
2538.131591796875,-1502.4266357421875
2539.631103515625,-1501.11474609375
2541.00927734375,-1499.8858642578125
2542.373779296875,-1498.646728515625
2543.82861328125,-1497.300048828125
2545.166259765625,-1496.0374755859375
2546.49072265625,-1494.761474609375
2547.902587890625,-1493.3719482421875
2549.200927734375,-1492.0682373046875
2550.488525390625,-1490.7529296875
2551.864013671875,-1489.3243408203125
2553.130859375,-1487.9866943359375
2554.38671875,-1486.6380615234375
2555.725341796875,-1485.171875
2556.952880859375,-1483.796142578125
2558.166015625,-1482.4068603515625
2559.4560546875,-1480.8966064453125
2560.640869140625,-1479.48388671875
2561.90283203125,-1477.950927734375
2563.060791015625,-1476.5150146484375
2564.203857421875,-1475.06494140625
2565.33154296875,-1473.6024169921875
2566.530517578125,-1472.0150146484375
2567.62890625,-1470.529541015625
2568.714111328125,-1469.034423828125
2569.868896484375,-1467.413330078125
2570.927978515625,-1465.8973388671875
2572.05322265625,-1464.2529296875
2573.084228515625,-1462.716064453125
2574.102783203125,-1461.1697998046875
2575.109130859375,-1459.6134033203125
2576.1796875,-1457.9276123046875
2577.162841796875,-1456.35400390625
2578.134521484375,-1454.772216796875
2579.167236328125,-1453.0589599609375
2580.114501953125,-1451.459716796875
2581.050537109375,-1449.8529052734375
2582.04541015625,-1448.114013671875
2582.955078125,-1446.490478515625
2583.850341796875,-1444.8570556640625
2584.7978515625,-1443.08740234375
2585.6630859375,-1441.4356689453125
2586.578857421875,-1439.6474609375
2587.415283203125,-1437.978515625
2588.2392578125,-1436.302001953125
2589.052734375,-1434.618896484375
2589.732177734375,-1433.189697265625
2590.523681640625,-1431.494140625
2591.302001953125,-1429.790771484375
2592.0673828125,-1428.080322265625
2592.877197265625,-1426.230712890625
2593.615478515625,-1424.5062255859375
2594.34033203125,-1422.7747802734375
2595.105224609375,-1420.9024658203125
2595.801025390625,-1419.156982421875
2596.482666015625,-1417.4049072265625
2597.200439453125,-1415.5107421875
2597.851318359375,-1413.7449951171875
2598.53564453125,-1411.8363037109375
2599.155517578125,-1410.057373046875
2599.7607421875,-1408.2725830078125
2600.3515625,-1406.482177734375
2600.971923828125,-1404.547607421875
2601.532958984375,-1402.7457275390625
2602.079345703125,-1400.9384765625
2602.650634765625,-1398.9859619140625
2603.164306640625,-1397.16748046875
2603.66162109375,-1395.3436279296875
2604.177734375,-1393.3736572265625
2604.638427734375,-1391.5390625
2605.08154296875,-1389.6993408203125
2605.538818359375,-1387.712890625
2605.94482421875,-1385.863525390625
2606.33349609375,-1384.0098876953125
2606.73291015625,-1382.0087890625
2607.085693359375,-1380.146484375
2607.4208984375,-1378.2802734375
2607.762451171875,-1376.265869140625
2608.06103515625,-1374.3916015625
2608.341796875,-1372.5137939453125
2608.625244140625,-1370.4874267578125
2608.87353515625,-1368.6024169921875
2609.108154296875,-1366.71484375
2609.345703125,-1364.678955078125
2609.551513671875,-1362.78515625
2609.74560546875,-1360.8883056640625
2609.94140625,-1358.8431396484375
2610.108642578125,-1356.940185546875
2610.261474609375,-1355.03369140625
2610.410400390625,-1352.9783935546875
2610.536376953125,-1351.06787109375
2610.651611328125,-1349.1551513671875
2610.765869140625,-1347.091796875
2610.86083984375,-1345.175048828125
2610.950927734375,-1343.107666015625
2611.025146484375,-1341.1856689453125
2611.09423828125,-1339.260498046875
2611.158935546875,-1337.3333740234375
2611.225830078125,-1335.255615234375
2611.28564453125,-1333.32373046875
2611.34375,-1331.3897705078125
2611.404541015625,-1329.304443359375
2611.459228515625,-1327.365966796875
2611.512451171875,-1325.4251708984375
2611.568115234375,-1323.3331298828125
2611.6181640625,-1321.3885498046875
2611.667236328125,-1319.4417724609375
2611.718994140625,-1317.3428955078125
2611.755859375,-1315.8424072265625
2611.79296875,-1314.3408203125
2611.830322265625,-1312.8380126953125
2611.86865234375,-1311.333984375
2611.907470703125,-1309.8287353515625
2611.947021484375,-1308.3223876953125
2611.987060546875,-1306.8148193359375
2612.027587890625,-1305.3060302734375
2612.06884765625,-1303.7960205078125
2612.110595703125,-1302.284912109375
2612.153076171875,-1300.7718505859375
2612.1962890625,-1299.2579345703125
2612.23974609375,-1297.7421875
2612.28369140625,-1296.2252197265625
2612.327880859375,-1294.70751953125
2612.373046875,-1293.1893310546875
2612.418701171875,-1291.6690673828125
2612.465576171875,-1290.1490478515625
2612.5126953125,-1288.6273193359375
2612.56103515625,-1287.1046142578125
2612.610595703125,-1285.58056640625
2612.661865234375,-1284.055419921875
2612.71435546875,-1282.529296875
2612.76806640625,-1281.002197265625
2612.8232421875,-1279.474609375
2612.879150390625,-1277.9447021484375
2612.93603515625,-1276.4132080078125
2612.992919921875,-1274.881103515625
2613.050048828125,-1273.3465576171875
2613.106689453125,-1271.8114013671875
2613.16259765625,-1270.275146484375
2613.217041015625,-1268.73779296875
2613.270751953125,-1267.199462890625
2613.323486328125,-1265.65966796875
2613.375,-1264.1182861328125
2613.42529296875,-1262.5760498046875
2613.474609375,-1261.0328369140625
2613.5224609375,-1259.4879150390625
2613.56884765625,-1257.9422607421875
2613.613037109375,-1256.3956298828125
2613.65478515625,-1254.8477783203125
2613.69384765625,-1253.29931640625
2613.73095703125,-1251.75
2613.765869140625,-1250.199462890625
2613.799072265625,-1248.647216796875
2613.829833984375,-1247.0950927734375
2613.85986328125,-1245.541015625
2613.889404296875,-1243.9857177734375
2613.918212890625,-1242.4290771484375
2613.94580078125,-1240.8719482421875
2613.97265625,-1239.3135986328125
2613.99853515625,-1237.754150390625
2614.023681640625,-1236.193603515625
2614.047119140625,-1234.63232421875
2614.0693359375,-1233.0699462890625
2614.090576171875,-1231.5064697265625
2614.1103515625,-1229.9420166015625
2614.12890625,-1228.3763427734375
2614.1455078125,-1226.8096923828125
2614.15966796875,-1225.241943359375
2614.171875,-1223.67333984375
2614.181396484375,-1222.1041259765625
2614.18798828125,-1220.5350341796875
2614.191650390625,-1218.9683837890625
2614.191650390625,-1217.406005859375
2614.188232421875,-1215.849853515625
2614.180908203125,-1214.3016357421875
2614.169677734375,-1212.7626953125
2614.154052734375,-1211.2337646484375
2614.134033203125,-1209.7149658203125
2614.1103515625,-1208.206787109375
2614.07421875,-1206.26171875
2614.031494140625,-1204.3338623046875
2613.978759765625,-1202.2763671875
2613.922607421875,-1200.3828125
2613.859130859375,-1198.504150390625
2613.782958984375,-1196.49755859375
2613.704345703125,-1194.648681640625
2613.6103515625,-1192.672607421875
2613.513671875,-1190.851806640625
2613.407958984375,-1189.044677734375
2613.292724609375,-1187.251708984375
2613.156982421875,-1185.3363037109375
2613.020263671875,-1183.57177734375
2612.87255859375,-1181.8204345703125
2612.701416015625,-1179.9488525390625
2612.53125,-1178.223876953125
2612.349609375,-1176.5108642578125
2612.140869140625,-1174.678466796875
2611.933837890625,-1172.988037109375
2611.7138671875,-1171.307861328125
2611.46240234375,-1169.510009765625
2611.216552734375,-1167.85205078125
2610.959228515625,-1166.205322265625
2610.66943359375,-1164.4447021484375
2610.388427734375,-1162.8216552734375
2610.09619140625,-1161.21044921875
2609.768798828125,-1159.48828125
2609.45361328125,-1157.901611328125
2609.128173828125,-1156.3271484375
2608.7666015625,-1154.6455078125
2608.4208984375,-1153.0972900390625
2608.06494140625,-1151.5625
2607.669921875,-1149.925048828125
2607.29052734375,-1148.4189453125
2606.89892578125,-1146.925537109375
2606.46240234375,-1145.3306884765625
2606.043701171875,-1143.861572265625
2605.611083984375,-1142.4029541015625
2605.129150390625,-1140.8436279296875
2604.666259765625,-1139.4056396484375
2604.18798828125,-1137.976806640625
2603.656005859375,-1136.44775390625
2602.456298828125,-1133.20849609375
2601.783935546875,-1131.5045166015625
2601.177978515625,-1130.0281982421875
2600.465576171875,-1128.357421875
2599.824951171875,-1126.909423828125
2599.07275390625,-1125.2691650390625
2598.396484375,-1123.8465576171875
2597.552978515625,-1122.13427734375
2596.737060546875,-1120.537353515625
2595.8466796875,-1118.8570556640625
2594.986572265625,-1117.2916259765625
2594.2158203125,-1115.93505859375
2593.314453125,-1114.400390625
2592.5078125,-1113.0703125
2591.565673828125,-1111.565185546875
2590.725830078125,-1110.26171875
2589.747802734375,-1108.7882080078125
2588.875,-1107.5137939453125
2587.85693359375,-1106.0750732421875
2586.947998046875,-1104.8316650390625
2585.890869140625,-1103.427978515625
2584.9501953125,-1102.21484375
2583.858154296875,-1100.8463134765625
2582.8876953125,-1099.6646728515625
2581.76220703125,-1098.3328857421875
2580.76318359375,-1097.1839599609375
2579.60498046875,-1095.890869140625
2578.57666015625,-1094.7772216796875
2577.3837890625,-1093.5262451171875
2576.324951171875,-1092.450439453125
2575.097900390625,-1091.2423095703125
2574.009521484375,-1090.203857421875
2572.7490234375,-1089.038330078125
2571.630859375,-1088.03759765625
2570.336181640625,-1086.9154052734375
2568.942138671875,-1085.748046875
2567.529541015625,-1084.6065673828125
2566.184326171875,-1083.5562744140625
2564.739501953125,-1082.4656982421875
2563.279541015625,-1081.4014892578125
2561.891845703125,-1080.42431640625
2560.403564453125,-1079.4117431640625
2558.9013671875,-1078.42626953125
2557.475341796875,-1077.5234375
2555.947998046875,-1076.5914306640625
2554.408935546875,-1075.68798828125
2552.950439453125,-1074.863525390625
2551.389892578125,-1074.0145263671875
2549.818359375,-1073.193359375
2548.328857421875,-1072.44580078125
2546.7353515625,-1071.6781005859375
2545.13134765625,-1070.9383544921875
2543.6123046875,-1070.26806640625
2541.988525390625,-1069.5841064453125
2540.3564453125,-1068.929443359375
2538.8134765625,-1068.340087890625
2537.167724609375,-1067.742431640625
2535.51708984375,-1067.1749267578125
2533.959716796875,-1066.6685791015625
2532.30078125,-1066.16015625
2530.63916015625,-1065.6820068359375
2529.07470703125,-1065.2603759765625
2527.41357421875,-1064.8427734375
2525.75390625,-1064.4580078125
2524.192138671875,-1064.1256103515625
2522.5322265625,-1063.80322265625
2520.87255859375,-1063.5123291015625
2519.312744140625,-1063.2679443359375
2517.6591796875,-1063.04052734375
2516.0107421875,-1062.8458251953125
2514.46337890625,-1062.6923828125
2512.822998046875,-1062.559814453125
2511.18701171875,-1062.45849609375
2509.6513671875,-1062.3917236328125
2508.025390625,-1062.351318359375
2506.40625,-1062.3421630859375
2504.8896484375,-1062.36181640625
2503.28662109375,-1062.413330078125
2501.692626953125,-1062.495849609375
2499.828125,-1062.631591796875
2497.976318359375,-1062.8084716796875
2496.138671875,-1063.02587890625
2494.318359375,-1063.2830810546875
2492.51708984375,-1063.5791015625
2490.736572265625,-1063.9146728515625
2488.976806640625,-1064.2896728515625
2487.236083984375,-1064.703369140625
2485.51416015625,-1065.15576171875
2483.81201171875,-1065.6461181640625
2482.13134765625,-1066.174072265625
2480.473388671875,-1066.739501953125
2478.83984375,-1067.3409423828125
2477.23193359375,-1067.977294921875
2475.650634765625,-1068.6473388671875
2474.096435546875,-1069.35107421875
2472.568359375,-1070.08837890625
2471.066162109375,-1070.8590087890625
2469.59033203125,-1071.6630859375
2468.137939453125,-1072.50146484375
2466.70361328125,-1073.3759765625
2465.284912109375,-1074.2867431640625
2463.8828125,-1075.2337646484375
2462.497314453125,-1076.2161865234375
2461.12939453125,-1077.2332763671875
2459.779296875,-1078.2843017578125
2458.447998046875,-1079.368896484375
2457.135986328125,-1080.48681640625
2455.844970703125,-1081.6378173828125
2454.575927734375,-1082.82177734375
2453.329833984375,-1084.037841796875
2452.106689453125,-1085.28515625
2450.906494140625,-1086.5628662109375
2449.728515625,-1087.8699951171875
2448.572998046875,-1089.206298828125
2447.44091796875,-1090.5709228515625
2446.332763671875,-1091.96337890625
2445.248779296875,-1093.38330078125
2444.189453125,-1094.8304443359375
2443.156005859375,-1096.304443359375
2442.150634765625,-1097.804931640625
2441.177001953125,-1099.3302001953125
2440.23681640625,-1100.87890625
2439.32958984375,-1102.4510498046875
2438.45361328125,-1104.046875
2437.6083984375,-1105.666015625
2436.795654296875,-1107.307861328125
2436.01806640625,-1108.97265625
2435.384521484375,-1110.4056396484375
2434.707763671875,-1112.025146484375
2434.131591796875,-1113.4879150390625
2433.58447265625,-1114.96337890625
2432.977294921875,-1116.7156982421875
2432.41162109375,-1118.4818115234375
2431.8916015625,-1120.2586669921875
2431.42138671875,-1122.053955078125
2431.000244140625,-1123.8646240234375
2430.62548828125,-1125.685302734375
2430.294189453125,-1127.5179443359375
2430.00732421875,-1129.3616943359375
2429.76513671875,-1131.21484375
2429.594970703125,-1132.7969970703125
2429.43115234375,-1134.6619873046875
2429.31201171875,-1136.437744140625
2429.23681640625,-1138.031494140625
2429.191650390625,-1139.6297607421875
2429.175537109375,-1141.2310791015625
2429.18701171875,-1142.83544921875
2429.222412109375,-1144.3480224609375
2429.28125,-1145.8631591796875
2429.36962890625,-1147.4749755859375
2429.484375,-1149.0888671875
2429.61669921875,-1150.6094970703125
2429.782470703125,-1152.2265625
2429.974853515625,-1153.8446044921875
2430.18017578125,-1155.36767578125
2430.425048828125,-1156.98583984375
2430.697509765625,-1158.603515625
2430.997314453125,-1160.220458984375
2431.3037109375,-1161.7413330078125
2431.654296875,-1163.3560791015625
2432.007568359375,-1164.874755859375
2432.407470703125,-1166.4866943359375
2432.833251953125,-1168.0966796875
2433.25732421875,-1169.6094970703125
2433.732666015625,-1171.214111328125
2434.2333984375,-1172.8157958984375
2434.72705078125,-1174.3204345703125
2435.2744140625,-1175.9161376953125
2435.8447265625,-1177.5087890625
2436.401611328125,-1179.005126953125
2437.0146484375,-1180.592041015625
2437.649658203125,-1182.1751708984375
2438.267578125,-1183.661376953125
2438.94580078125,-1185.2364501953125
2439.646240234375,-1186.806640625
2440.32666015625,-1188.2794189453125
2441.072265625,-1189.8382568359375
2441.84130859375,-1191.390380859375
2442.58642578125,-1192.844970703125
2443.400634765625,-1194.3834228515625
2444.238037109375,-1195.9144287109375
2445.046875,-1197.3485107421875
2445.927734375,-1198.864990234375
2446.82958984375,-1200.37451171875
2447.696533203125,-1201.7890625
2448.63671875,-1203.2860107421875
2449.595947265625,-1204.7764892578125
2450.51611328125,-1206.1728515625
2451.512939453125,-1207.6492919921875
2452.529296875,-1209.117919921875
2453.56494140625,-1210.578857421875
2454.556640625,-1211.9468994140625
2455.627197265625,-1213.393798828125
2456.64990234375,-1214.749755859375
2457.751953125,-1216.1845703125
2458.86962890625,-1217.6134033203125
2459.936279296875,-1218.9522705078125
2460.880859375,-1220.118896484375
2461.973388671875,-1221.4468994140625
2462.9404296875,-1222.604248046875
2464.0576171875,-1223.921875
2465.046142578125,-1225.0703125
2466.1875,-1226.3775634765625
2467.19677734375,-1227.5169677734375
2468.361572265625,-1228.814453125
2469.39013671875,-1229.9459228515625
2470.575439453125,-1231.235595703125
2471.620361328125,-1232.36181640625
2472.822265625,-1233.6475830078125
2473.87939453125,-1234.7725830078125
2475.092041015625,-1236.0596923828125
2476.15576171875,-1237.1884765625
2477.3720703125,-1238.4833984375
2478.435791015625,-1239.62158203125
2479.649658203125,-1240.9293212890625
2480.709716796875,-1242.0802001953125
2481.918212890625,-1243.4034423828125
2482.97265625,-1244.568603515625
2484.173828125,-1245.908935546875
2485.221435546875,-1247.08935546875
2486.414794921875,-1248.44677734375
2487.455078125,-1249.640869140625
2488.63671875,-1251.009521484375
2489.6640625,-1252.2103271484375
2490.830322265625,-1253.586669921875
2491.84423828125,-1254.794189453125
2492.9951171875,-1256.177978515625
2493.99609375,-1257.392822265625
2495.138427734375,-1258.7918701171875
2496.135009765625,-1260.0245361328125
2497.268798828125,-1261.44140625
2498.25634765625,-1262.688720703125
2499.3779296875,-1264.1239013671875
2500.352783203125,-1265.3880615234375
2501.4580078125,-1266.843505859375
2502.417724609375,-1268.1260986328125
2503.5068359375,-1269.6015625
2504.453369140625,-1270.90087890625
2505.527587890625,-1272.3955078125
2506.457763671875,-1273.713134765625
2507.50732421875,-1275.23095703125
2508.413330078125,-1276.570556640625
2509.244140625,-1277.82373046875
2510.065673828125,-1279.0853271484375
2510.940185546875,-1280.453125
2511.74267578125,-1281.7315673828125
2512.5361328125,-1283.017822265625
2513.379638671875,-1284.412353515625
2514.152587890625,-1285.715576171875
2514.91455078125,-1287.0269775390625
2515.72216796875,-1288.4488525390625
2516.458984375,-1289.7781982421875
2517.18359375,-1291.1162109375
2517.94921875,-1292.5665283203125
2518.64697265625,-1293.9219970703125
2519.33154296875,-1295.2857666015625
2520.053955078125,-1296.763671875
2520.71044921875,-1298.14453125
2521.352783203125,-1299.53369140625
2522.027587890625,-1301.038818359375
2522.638427734375,-1302.44482421875
2523.2333984375,-1303.8587646484375
2523.856689453125,-1305.39013671875
2524.41943359375,-1306.820068359375
2524.96728515625,-1308.257080078125
2525.54150390625,-1309.8123779296875
2526.06005859375,-1311.263427734375
2526.5654296875,-1312.7208251953125
2527.094482421875,-1314.296142578125
2527.571533203125,-1315.760498046875
2528.0341796875,-1317.221435546875
2528.517578125,-1318.786865234375
2528.952880859375,-1320.2305908203125
2529.502197265625,-1322.101806640625
2529.997802734375,-1323.8436279296875
2530.4140625,-1325.3519287109375
2530.869140625,-1327.0577392578125
2531.251220703125,-1328.5347900390625
2531.669677734375,-1330.2113037109375
2532.09228515625,-1331.9765625
2532.4921875,-1333.724365234375
2532.848388671875,-1335.353271484375
2533.20458984375,-1337.0655517578125
2533.53857421875,-1338.75634765625
2533.8310546875,-1340.32861328125
2534.119140625,-1341.97900390625
2534.385498046875,-1343.609375
2534.616943359375,-1345.1258544921875
2534.84228515625,-1346.719970703125
2535.0458984375,-1348.2977294921875
2535.25537109375,-1350.1331787109375
2535.430419921875,-1351.946044921875
2535.5712890625,-1353.7352294921875
2535.6787109375,-1355.499755859375
2535.75390625,-1357.23974609375
2535.7978515625,-1358.9552001953125
2535.81103515625,-1360.64404296875
2535.793212890625,-1362.303466796875
2535.74462890625,-1363.93359375
2535.6650390625,-1365.5335693359375
2535.554443359375,-1367.1038818359375
2535.41259765625,-1368.646484375
2535.23876953125,-1370.162109375
2535.032958984375,-1371.6500244140625
2534.758544921875,-1373.3267822265625
2534.443603515625,-1374.9664306640625
2534.0732421875,-1376.636962890625
2533.67724609375,-1378.197021484375
2533.24365234375,-1379.717529296875
2532.751953125,-1381.2615966796875
2532.24462890625,-1382.7003173828125
2531.69970703125,-1384.0982666015625
2531.089111328125,-1385.5150146484375
2530.376953125,-1387.00390625
2529.67138671875,-1388.3387451171875
2528.85498046875,-1389.741943359375
2527.951416015625,-1391.1495361328125
2526.99267578125,-1392.5032958984375
2526.02001953125,-1393.7542724609375
2524.957763671875,-1394.999755859375
2523.83642578125,-1396.2015380859375
2522.699951171875,-1397.3214111328125
2521.462890625,-1398.4432373046875
2520.169921875,-1399.51953125
2518.872802734375,-1400.510986328125
2517.632080078125,-1401.385009765625
2516.24365234375,-1402.2872314453125
2514.9228515625,-1403.07958984375
2513.451416015625,-1403.8936767578125
2512.05712890625,-1404.6029052734375
2510.689453125,-1405.243408203125
2509.29248046875,-1405.8466796875
2507.804931640625,-1406.435791015625
2506.352294921875,-1406.9599609375
2504.873779296875,-1407.444091796875
2503.30517578125,-1407.9071044921875
2501.77880859375,-1408.3115234375
2500.23095703125,-1408.6763916015625
2498.593017578125,-1409.010986328125
2497.003173828125,-1409.2852783203125
2495.39453125,-1409.5159912109375
2493.69775390625,-1409.7137451171875
2492.055908203125,-1409.86083984375
2490.39892578125,-1409.9658203125
2488.6533203125,-1410.0284423828125
2486.967529296875,-1410.0439453125
2485.26953125,-1410.016357421875
2483.4853515625,-1409.9417724609375
2481.765869140625,-1409.827880859375
2480.262451171875,-1409.6961669921875
2478.75244140625,-1409.5347900390625
2477.236083984375,-1409.3438720703125
2475.714111328125,-1409.1229248046875
2474.18701171875,-1408.8714599609375
2472.654541015625,-1408.58984375
2471.11767578125,-1408.2786865234375
2469.57666015625,-1407.9381103515625
2468.03173828125,-1407.56884765625
2466.483154296875,-1407.171875
2464.930908203125,-1406.747802734375
2463.375244140625,-1406.2967529296875
2461.81689453125,-1405.8189697265625
2460.255615234375,-1405.3153076171875
2458.69140625,-1404.7869873046875
2457.123779296875,-1404.2349853515625
2455.552978515625,-1403.659912109375
2453.979248046875,-1403.062255859375
2452.403076171875,-1402.4423828125
2450.82373046875,-1401.80029296875
2449.24169921875,-1401.13671875
2447.656494140625,-1400.452880859375
2446.06787109375,-1399.7496337890625
2444.475830078125,-1399.0274658203125
2442.880126953125,-1398.286865234375
2441.520751953125,-1397.64306640625
2439.917724609375,-1396.8701171875
2438.310791015625,-1396.0810546875
2436.698486328125,-1395.2779541015625
2435.078857421875,-1394.4647216796875
2433.451416015625,-1393.6441650390625
2431.81494140625,-1392.817626953125
2430.16845703125,-1391.98583984375
2428.51220703125,-1391.149658203125
2426.844970703125,-1390.31005859375
2425.5029296875,-1389.637451171875
2424.068359375,-1388.9224853515625
2422.62451171875,-1388.2073974609375
2421.2578125,-1387.5352783203125
2419.797119140625,-1386.8231201171875
2418.32568359375,-1386.113037109375
2416.93115234375,-1385.4471435546875
2415.440185546875,-1384.7427978515625
2413.938720703125,-1384.0423583984375
2412.515869140625,-1383.386962890625
2410.993896484375,-1382.695556640625
2409.462158203125,-1382.0101318359375
2408.0107421875,-1381.3701171875
2406.45751953125,-1380.6964111328125
2404.89404296875,-1380.029052734375
2403.41259765625,-1379.4073486328125
2401.827880859375,-1378.7535400390625
2400.232177734375,-1378.1070556640625
2398.720703125,-1377.5069580078125
2397.10400390625,-1376.877197265625
2395.4755859375,-1376.256591796875
2393.933837890625,-1375.6826171875
2392.283935546875,-1375.0833740234375
2390.622314453125,-1374.494384765625
2389.048828125,-1373.948974609375
2387.366943359375,-1373.379150390625
2385.674072265625,-1372.8197021484375
2384.071044921875,-1372.302490234375
2382.357421875,-1371.76318359375
2380.6337890625,-1371.2340087890625
2379.002197265625,-1370.744384765625
2377.25927734375,-1370.2340087890625
2375.5068359375,-1369.734130859375
2373.848388671875,-1369.2740478515625
2372.39013671875,-1368.87939453125
2370.715576171875,-1368.4376220703125
2369.24365234375,-1368.0596923828125
2367.5537109375,-1367.638671875
2366.067626953125,-1367.280517578125
2364.36083984375,-1366.8834228515625
2362.860595703125,-1366.5469970703125
2361.1376953125,-1366.1741943359375
2359.623779296875,-1365.858642578125
2357.886962890625,-1365.5113525390625
2356.36474609375,-1365.2205810546875
2354.62353515625,-1364.90380859375
2353.0986328125,-1364.6395263671875
2351.354248046875,-1364.3515625
2349.8271484375,-1364.1119384765625
2348.080322265625,-1363.851806640625
2346.544189453125,-1363.634765625
2344.779541015625,-1363.3997802734375
2343.23046875,-1363.2071533203125
2341.4541015625,-1363.001708984375
2339.894287109375,-1362.833984375
2338.105712890625,-1362.6556396484375
2336.535888671875,-1362.510498046875
2334.736572265625,-1362.3577880859375
2333.1572265625,-1362.2353515625
2331.346923828125,-1362.1080322265625
2329.758544921875,-1362.0076904296875
2327.938232421875,-1361.906494140625
2326.341064453125,-1361.830322265625
2324.5107421875,-1361.7578125
2322.905029296875,-1361.706787109375
2321.065185546875,-1361.6629638671875
2319.451904296875,-1361.6378173828125
2317.9501953125,-1361.6256103515625
2316.44580078125,-1361.624267578125
2314.822265625,-1361.634765625
2313.311767578125,-1361.6553955078125
2311.79833984375,-1361.6865234375
2310.165771484375,-1361.7318115234375
2308.64697265625,-1361.78466796875
2307.125732421875,-1361.847900390625
2305.484619140625,-1361.9276123046875
2303.958251953125,-1362.012451171875
2302.4296875,-1362.107666015625
2300.78125,-1362.2216796875
2299.248046875,-1362.338134765625
2297.712890625,-1362.464599609375
2296.05712890625,-1362.61181640625
2294.517578125,-1362.75830078125
2292.97607421875,-1362.91455078125
2291.31396484375,-1363.0931396484375
2289.768798828125,-1363.2689208984375
2288.2216796875,-1363.4544677734375
2286.55419921875,-1363.666015625
2285.00439453125,-1363.8740234375
2283.453369140625,-1364.09326171875
2281.781494140625,-1364.34130859375
2280.228271484375,-1364.583251953125
2278.674072265625,-1364.83642578125
2276.99951171875,-1365.12255859375
2275.44384765625,-1365.4005126953125
2273.887451171875,-1365.68994140625
2272.211181640625,-1366.014404296875
2270.654296875,-1366.328125
2269.09716796875,-1366.653564453125
2267.420166015625,-1367.0179443359375
2265.864013671875,-1367.3699951171875
2264.308349609375,-1367.73583984375
2262.63427734375,-1368.1458740234375
2261.08056640625,-1368.5411376953125
2259.5283203125,-1368.9495849609375
2257.857421875,-1369.40380859375
2256.306884765625,-1369.8385009765625
2254.75732421875,-1370.2847900390625
2253.089111328125,-1370.778076171875
2251.541015625,-1371.24755859375
2249.99365234375,-1371.7281494140625
2248.328369140625,-1372.258544921875
2246.783203125,-1372.7630615234375
2245.239501953125,-1373.2794189453125
2243.57861328125,-1373.8487548828125
2242.037841796875,-1374.389404296875
2240.498291015625,-1374.94140625
2238.8427734375,-1375.54833984375
2237.30712890625,-1376.12451171875
2235.7734375,-1376.7130126953125
2234.12451171875,-1377.360107421875
2232.595458984375,-1377.9732666015625
2231.06884765625,-1378.59814453125
2229.427490234375,-1379.283935546875
2227.90576171875,-1379.9324951171875
2226.386962890625,-1380.593017578125
2224.755126953125,-1381.318359375
2223.242919921875,-1382.00537109375
2221.734619140625,-1382.704833984375
2220.1142578125,-1383.4713134765625
2218.613037109375,-1384.1961669921875
2217.114990234375,-1384.932861328125
2215.505615234375,-1385.7381591796875
2214.013916015625,-1386.497314453125
2212.52587890625,-1387.2669677734375
2210.927734375,-1388.109130859375
2209.448486328125,-1388.904541015625
2207.9736328125,-1389.7127685546875
2206.39111328125,-1390.59765625
2204.926513671875,-1391.43212890625
2203.46630859375,-1392.278564453125
2201.8984375,-1393.2025146484375
2200.447998046875,-1394.0716552734375
2199.00244140625,-1394.954345703125
2197.4521484375,-1395.919921875
2196.01806640625,-1396.8284912109375
2194.589599609375,-1397.7470703125
2193.056396484375,-1398.749267578125
2191.63818359375,-1399.69384765625
2190.22509765625,-1400.6500244140625
2188.708740234375,-1401.6915283203125
2187.304931640625,-1402.6680908203125
2185.905517578125,-1403.6549072265625
2184.40380859375,-1404.7293701171875
2183.014404296875,-1405.7379150390625
2181.629150390625,-1406.756103515625
2180.14208984375,-1407.8626708984375
2178.764892578125,-1408.8990478515625
2177.390625,-1409.943359375
2175.913330078125,-1411.0760498046875
2174.54345703125,-1412.13427734375
2173.175537109375,-1413.1986083984375
2171.702880859375,-1414.3502197265625
2170.335693359375,-1415.4229736328125
2168.966796875,-1416.4976806640625
2167.48974609375,-1417.6553955078125
2166.1142578125,-1418.7298583984375
2164.734130859375,-1419.8021240234375
2163.241943359375,-1420.95263671875
2161.849853515625,-1422.0164794921875
2160.450927734375,-1423.0750732421875
2158.937255859375,-1424.208984375
2157.52490234375,-1425.2554931640625
2156.109619140625,-1426.29296875
2154.5869140625,-1427.396728515625
2153.177734375,-1428.4066162109375
2151.77490234375,-1429.4017333984375
2150.2734375,-1430.45654296875
2148.888916015625,-1431.420166015625
2147.513916015625,-1432.3681640625
2146.0439453125,-1433.37158203125
2144.68896484375,-1434.2872314453125
2143.342529296875,-1435.187255859375
2141.900634765625,-1436.1385498046875
2140.568603515625,-1437.0047607421875
2139.24267578125,-1437.854736328125
2137.821533203125,-1438.7518310546875
2136.5087890625,-1439.568115234375
2135.202880859375,-1440.3680419921875
2133.803466796875,-1441.2115478515625
2132.5107421875,-1441.978759765625
2130.830078125,-1442.958984375
2129.258056640625,-1443.858154296875
2127.889404296875,-1444.6260986328125
2126.333251953125,-1445.482177734375
2124.978515625,-1446.212158203125
2123.437744140625,-1447.0242919921875
2122.096435546875,-1447.7154541015625
2120.57177734375,-1448.483154296875
2118.962890625,-1449.27294921875
2117.365478515625,-1450.0343017578125
2115.873046875,-1450.7230224609375
2114.298095703125,-1451.423828125
2112.733642578125,-1452.093505859375
2111.271240234375,-1452.696533203125
2109.728271484375,-1453.3095703125
2108.196533203125,-1453.89453125
2106.764404296875,-1454.4193115234375
2105.2509765625,-1454.9486083984375
2103.744384765625,-1455.449462890625
2101.977783203125,-1456.0028076171875
2100.214111328125,-1456.5166015625
2098.45068359375,-1456.9888916015625
2096.684814453125,-1457.4180908203125
2094.917236328125,-1457.803955078125
2093.148681640625,-1458.14599609375
2091.38037109375,-1458.443359375
2089.612548828125,-1458.696044921875
2087.844970703125,-1458.904296875
2086.0771484375,-1459.0693359375
2084.308349609375,-1459.191162109375
2082.5390625,-1459.269775390625
2080.769775390625,-1459.305419921875
2079.001220703125,-1459.2991943359375
2077.23388671875,-1459.2520751953125
2075.468994140625,-1459.1636962890625
2073.70849609375,-1459.0340576171875
2071.95458984375,-1458.8638916015625
2070.208251953125,-1458.65380859375
2068.4697265625,-1458.404296875
2066.74072265625,-1458.1160888671875
2065.02392578125,-1457.7896728515625
2063.322021484375,-1457.4248046875
2061.635986328125,-1457.0208740234375
2059.967041015625,-1456.5777587890625
2058.31640625,-1456.095947265625
2056.685302734375,-1455.576416015625
2055.073974609375,-1455.0196533203125
2053.484130859375,-1454.426025390625
2051.91552734375,-1453.7960205078125
2050.368896484375,-1453.1300048828125
2048.845703125,-1452.428466796875
2047.3460693359375,-1451.691650390625
2045.867919921875,-1450.9200439453125
2044.408935546875,-1450.11376953125
2042.968994140625,-1449.2720947265625
2041.551513671875,-1448.3939208984375
2040.1610107421875,-1447.481201171875
2038.7994384765625,-1446.5357666015625
2037.4659423828125,-1445.559326171875
2036.1627197265625,-1444.55126953125
2034.89208984375,-1443.513671875
2033.6552734375,-1442.447509765625
2032.452392578125,-1441.354248046875
2031.283203125,-1440.235107421875
2030.1473388671875,-1439.0911865234375
2029.0450439453125,-1437.92041015625
2027.969482421875,-1436.7216796875
2026.91650390625,-1435.49169921875
2025.8863525390625,-1434.236328125
2024.8807373046875,-1432.9552001953125
2023.90087890625,-1431.6458740234375
2022.9478759765625,-1430.3099365234375
2022.0252685546875,-1428.948486328125
2021.1351318359375,-1427.5621337890625
2020.2774658203125,-1426.1529541015625
2019.4552001953125,-1424.7220458984375
2018.6712646484375,-1423.2720947265625
2017.9298095703125,-1421.80078125
2017.230224609375,-1420.311279296875
2016.5738525390625,-1418.804443359375
2015.956787109375,-1417.2828369140625
2015.374267578125,-1415.74658203125
2014.822021484375,-1414.19384765625
2014.298583984375,-1412.6239013671875
2013.80322265625,-1411.0386962890625
2013.338623046875,-1409.4383544921875
2012.9083251953125,-1407.821533203125
2012.5128173828125,-1406.1883544921875
2012.1510009765625,-1404.5396728515625
2011.8228759765625,-1402.876708984375
2011.52880859375,-1401.2003173828125
2011.2698974609375,-1399.51123046875
2011.0457763671875,-1397.81005859375
2010.8558349609375,-1396.0970458984375
2010.699951171875,-1394.3729248046875
2010.578369140625,-1392.6385498046875
2010.490966796875,-1390.894287109375
2010.437744140625,-1389.140625
2010.418701171875,-1387.3780517578125
2010.433837890625,-1385.6075439453125
2010.4827880859375,-1383.8297119140625
2010.56591796875,-1382.0455322265625
2010.683349609375,-1380.2603759765625
2010.831298828125,-1378.489013671875
2011.0018310546875,-1376.7427978515625
2011.1888427734375,-1375.0286865234375
2011.388671875,-1373.35107421875
2011.6014404296875,-1371.7105712890625
2011.8253173828125,-1370.107666015625
2012.0570068359375,-1368.5430908203125
2012.290771484375,-1367.016845703125
2012.5196533203125,-1365.5330810546875
2012.7681884765625,-1363.87890625
2012.9932861328125,-1362.276611328125
2013.1964111328125,-1360.6507568359375
2013.3582763671875,-1359.1298828125
2013.5032958984375,-1357.388671875
2013.592529296875,-1355.7596435546875
2013.6337890625,-1354.119873046875
2013.6231689453125,-1352.5311279296875
2013.547119140625,-1350.815185546875
2013.3995361328125,-1349.1409912109375
2013.1763916015625,-1347.502685546875
2012.878173828125,-1345.9014892578125
2012.50927734375,-1344.345703125
2012.0745849609375,-1342.8419189453125
2011.5748291015625,-1341.392333984375
2011.0069580078125,-1339.993408203125
2010.3013916015625,-1338.5101318359375
2009.513671875,-1337.0889892578125
2008.703369140625,-1335.815185546875
2007.7698974609375,-1334.5289306640625
2006.768798828125,-1333.318359375
2005.7044677734375,-1332.1876220703125
2004.5369873046875,-1331.0992431640625
2003.318115234375,-1330.097900390625
2002.0159912109375,-1329.1605224609375
2000.7274169921875,-1328.35498046875
1999.29296875,-1327.5848388671875
1997.80078125,-1326.9158935546875
1996.265625,-1326.340576171875
1994.829833984375,-1325.8880615234375
1993.3687744140625,-1325.4974365234375
1991.883544921875,-1325.170166015625
1990.35986328125,-1324.9063720703125
1988.8138427734375,-1324.7076416015625
1987.2381591796875,-1324.582275390625
1985.6148681640625,-1324.533447265625
1983.96240234375,-1324.564208984375
1982.453857421875,-1324.6536865234375
1980.9259033203125,-1324.80615234375
1979.4388427734375,-1325.0130615234375
1977.8782958984375,-1325.2843017578125
1976.301025390625,-1325.608642578125
1974.767822265625,-1325.9710693359375
1973.1622314453125,-1326.39794921875
1971.5438232421875,-1326.8743896484375
1969.97509765625,-1327.3804931640625
1968.520263671875,-1327.89013671875
1966.938720703125,-1328.489501953125
1965.474365234375,-1329.086181640625
1964.0684814453125,-1329.6983642578125
1962.6627197265625,-1330.3516845703125
1961.1968994140625,-1331.0780029296875
1959.7947998046875,-1331.8172607421875
1958.39501953125,-1332.5970458984375
1956.9364013671875,-1333.4495849609375
1955.53759765625,-1334.2998046875
1954.13671875,-1335.1805419921875
1952.6727294921875,-1336.1292724609375
1951.26953125,-1337.069091796875
1949.86474609375,-1338.038818359375
1948.3946533203125,-1339.0792236328125
1947.1671142578125,-1339.9642333984375
1945.9349365234375,-1340.864990234375
1944.6968994140625,-1341.7818603515625
1943.4547119140625,-1342.7132568359375
1942.206787109375,-1343.6575927734375
1940.953125,-1344.61181640625
1939.70263671875,-1345.57080078125
1938.45556640625,-1346.5321044921875
1937.2122802734375,-1347.4952392578125
1935.9715576171875,-1348.4593505859375
1934.7271728515625,-1349.4290771484375
1933.467041015625,-1350.4130859375
1932.19677734375,-1351.406494140625
1930.91943359375,-1352.406494140625
1929.6331787109375,-1353.4130859375
1928.3399658203125,-1354.4241943359375
1927.036865234375,-1355.4404296875
1925.723388671875,-1356.4625244140625
1924.401123046875,-1357.489990234375
1923.0697021484375,-1358.52294921875
1921.7293701171875,-1359.5615234375
1920.3800048828125,-1360.60546875
1919.0218505859375,-1361.6549072265625
1917.6546630859375,-1362.7100830078125
1916.279052734375,-1363.7711181640625
1914.8944091796875,-1364.837890625
1913.5010986328125,-1365.9100341796875
1912.0989990234375,-1366.987548828125
1910.6881103515625,-1368.0711669921875
1909.2689208984375,-1369.16064453125
1907.841064453125,-1370.2559814453125
1906.404541015625,-1371.3570556640625
1904.9593505859375,-1372.463623046875
1903.5052490234375,-1373.575439453125
1902.0421142578125,-1374.6925048828125
1900.5704345703125,-1375.815185546875
1899.09033203125,-1376.9437255859375
1897.6016845703125,-1378.078125
1896.4049072265625,-1378.989990234375
1895.1275634765625,-1379.962890625
1893.8443603515625,-1380.940185546875
1892.631103515625,-1381.864013671875
1891.3360595703125,-1382.849609375
1890.034912109375,-1383.8392333984375
1888.8046875,-1384.77392578125
1887.4915771484375,-1385.7708740234375
1886.172607421875,-1386.7718505859375
1884.926025390625,-1387.7178955078125
1883.59619140625,-1388.7275390625
1882.260986328125,-1389.741455078125
1880.9991455078125,-1390.6995849609375
1879.653076171875,-1391.721435546875
1878.3013916015625,-1392.747314453125
1877.0240478515625,-1393.71630859375
1875.661376953125,-1394.7493896484375
1874.29296875,-1395.7861328125
1872.9998779296875,-1396.76513671875
1871.62060546875,-1397.808837890625
1870.2359619140625,-1398.856201171875
1868.927734375,-1399.84521484375
1867.532470703125,-1400.899658203125
1866.1319580078125,-1401.9576416015625
1864.7261962890625,-1403.0191650390625
1863.398193359375,-1404.0216064453125
1861.982177734375,-1405.0902099609375
1860.644775390625,-1406.0992431640625
1859.2188720703125,-1407.1748046875
1857.787841796875,-1408.2540283203125
1856.436279296875,-1409.27294921875
1854.9952392578125,-1410.3587646484375
1853.549072265625,-1411.4481201171875
1852.183349609375,-1412.4765625
1850.9847412109375,-1413.37890625
1849.61083984375,-1414.412841796875
1848.4049072265625,-1415.3199462890625
1847.0223388671875,-1416.3592529296875
1845.80908203125,-1417.27099609375
1844.4183349609375,-1418.315673828125
1843.1976318359375,-1419.23193359375
1841.7984619140625,-1420.2816162109375
1840.5704345703125,-1421.2022705078125
1839.1627197265625,-1422.2568359375
1837.92724609375,-1423.1817626953125
1836.51123046875,-1424.2412109375
1835.2684326171875,-1425.1702880859375
1833.8441162109375,-1426.2344970703125
1832.5941162109375,-1427.1676025390625
1831.1611328125,-1428.236328125
1829.9033203125,-1429.1732177734375
1828.4617919921875,-1430.24609375
1827.1968994140625,-1431.186767578125
1825.7470703125,-1432.264404296875
1824.474853515625,-1433.209228515625
1823.0167236328125,-1434.2911376953125
1821.7371826171875,-1435.23974609375
1820.270751953125,-1436.3260498046875
1818.9847412109375,-1437.2777099609375
1817.515380859375,-1438.364013671875
1816.230224609375,-1439.3131103515625
1814.7618408203125,-1440.396240234375
1813.4774169921875,-1441.342529296875
1812.010009765625,-1442.42236328125
1810.7257080078125,-1443.365966796875
1809.250732421875,-1444.447998046875
1807.954833984375,-1445.3968505859375
1806.47021484375,-1446.4820556640625
1805.16748046875,-1447.432861328125
1803.9547119140625,-1448.3170166015625
1802.7392578125,-1449.2021484375
1801.42724609375,-1450.1568603515625
1800.2061767578125,-1451.0445556640625
1798.9825439453125,-1451.9337158203125
1797.6617431640625,-1452.892822265625
1796.4326171875,-1453.78466796875
1795.2008056640625,-1454.677978515625
1793.871337890625,-1455.6414794921875
1792.634033203125,-1456.5374755859375
1791.3941650390625,-1457.434814453125
1790.055908203125,-1458.4027099609375
1788.810546875,-1459.3028564453125
1787.5626220703125,-1460.204345703125
1786.2158203125,-1461.1766357421875
1784.9625244140625,-1462.0809326171875
1783.7066650390625,-1462.9866943359375
1782.3515625,-1463.9637451171875
1781.0908203125,-1464.872802734375
1779.8275146484375,-1465.783447265625
1778.4644775390625,-1466.7659912109375
1777.1962890625,-1467.679931640625
1775.9256591796875,-1468.5955810546875
1774.5546875,-1469.5833740234375
1773.2791748046875,-1470.50244140625
1772.0013427734375,-1471.4229736328125
1770.62255859375,-1472.4161376953125
1769.33984375,-1473.3402099609375
1768.0546875,-1474.265869140625
1766.6680908203125,-1475.2645263671875
1765.3780517578125,-1476.1934814453125
1764.0855712890625,-1477.1239013671875
1762.69091796875,-1478.127685546875
1761.3936767578125,-1479.0615234375
1760.093994140625,-1479.9970703125
1758.6920166015625,-1481.0064697265625
1757.3876953125,-1481.945556640625
1756.0814208984375,-1482.886474609375
1754.6722412109375,-1483.9019775390625
1753.361572265625,-1484.8468017578125
1752.0489501953125,-1485.793701171875
1748.3582763671875,-1488.4625244140625
1741.942138671875,-1493.1065673828125
1738.3272705078125,-1495.7237548828125
1736.48193359375,-1497.0601806640625
1735.750244140625,-1497.5902099609375
1735.4632568359375,-1497.798095703125
1735.363525390625,-1497.870361328125
1735.34033203125,-1497.88720703125
1735.3350830078125,-1497.8909912109375