x,z
-1061.42724609375,-1868.602294921875
-1061.4296875,-1868.6058349609375
-1061.46923828125,-1868.6641845703125
-1061.574951171875,-1868.820068359375
-1061.8544921875,-1869.2325439453125
-1062.5469970703125,-1870.2550048828125
-1063.9454345703125,-1872.3206787109375
-1066.7265625,-1876.430419921875
-1072.43701171875,-1884.873291015625
-1073.587158203125,-1886.5814208984375
-1074.59326171875,-1888.07763671875
-1075.601806640625,-1889.579345703125
-1076.45703125,-1890.85400390625
-1077.4697265625,-1892.3653564453125
-1078.484619140625,-1893.882080078125
-1079.5018310546875,-1895.404052734375
-1080.5211181640625,-1896.9310302734375
-1081.5426025390625,-1898.4630126953125
-1082.566162109375,-1899.9998779296875
-1083.5921630859375,-1901.541748046875
-1084.54150390625,-1902.969482421875
-1085.572021484375,-1904.5208740234375
-1086.6051025390625,-1906.0771484375
-1087.6407470703125,-1907.63818359375
-1088.6788330078125,-1909.2041015625
-1089.719482421875,-1910.7747802734375
-1090.7620849609375,-1912.3497314453125
-1091.806884765625,-1913.9288330078125
-1092.85400390625,-1915.5125732421875
-1093.9036865234375,-1917.1011962890625
-1094.8748779296875,-1918.5718994140625
-1095.92919921875,-1920.16943359375
-1096.9857177734375,-1921.7711181640625
-1097.9630126953125,-1923.2532958984375
-1099.1055908203125,-1924.98681640625
-1100.0869140625,-1926.4766845703125
-1101.234375,-1928.2197265625
-1102.3023681640625,-1929.8427734375
-1103.37255859375,-1931.47021484375
-1104.445068359375,-1933.1019287109375
-1105.436767578125,-1934.61181640625
-1106.2645263671875,-1935.872802734375
-1107.093505859375,-1937.1361083984375
-1108.173095703125,-1938.7823486328125
-1109.171630859375,-1940.3055419921875
-1110.0048828125,-1941.5775146484375
-1110.8392333984375,-1942.85205078125
-1111.925537109375,-1944.51220703125
-1112.9300537109375,-1946.04833984375
-1113.7685546875,-1947.3309326171875
-1114.8603515625,-1949.0018310546875
-1115.8702392578125,-1950.547607421875
-1116.7132568359375,-1951.8382568359375
-1117.5576171875,-1953.1312255859375
-1118.4031982421875,-1954.42626953125
-1119.419677734375,-1955.983154296875
-1120.268310546875,-1957.28271484375
-1121.1182861328125,-1958.584228515625
-1122.1402587890625,-1960.1488037109375
-1122.99365234375,-1961.4549560546875
-1123.8485107421875,-1962.7633056640625
-1124.8760986328125,-1964.3360595703125
-1125.7335205078125,-1965.648681640625
-1126.5899658203125,-1966.959716796875
-1127.6158447265625,-1968.5303955078125
-1128.4693603515625,-1969.8372802734375
-1129.5771484375,-1971.5335693359375
-1130.59814453125,-1973.0970458984375
-1131.4478759765625,-1974.398193359375
-1132.2960205078125,-1975.697509765625
-1133.142578125,-1976.994873046875
-1134.2415771484375,-1978.6795654296875
-1135.3419189453125,-1980.3668212890625
-1136.3592529296875,-1981.9276123046875
-1137.207763671875,-1983.22998046875
-1138.2264404296875,-1984.794189453125
-1139.24560546875,-1986.3604736328125
-1140.3509521484375,-1988.06005859375
-1141.3721923828125,-1989.631103515625
-1142.3944091796875,-1991.2044677734375
-1143.2469482421875,-1992.517822265625
-1144.2706298828125,-1994.096435546875
-1145.1239013671875,-1995.413818359375
-1146.2335205078125,-1997.1292724609375
-1147.2586669921875,-1998.715576171875
-1148.1136474609375,-2000.0399169921875
-1149.140625,-2001.6324462890625
-1150.1685791015625,-2003.2283935546875
-1151.282958984375,-2004.960693359375
-1152.3118896484375,-2006.5628662109375
-1153.1697998046875,-2007.900390625
-1154.2001953125,-2009.508544921875
-1155.059814453125,-2010.8515625
-1156.09228515625,-2012.466552734375
-1157.1258544921875,-2014.0845947265625
-1157.98779296875,-2015.4351806640625
-1159.1094970703125,-2017.1939697265625
-1160.146240234375,-2018.8204345703125
-1161.2706298828125,-2020.5855712890625
-1162.3096923828125,-2022.2176513671875
-1163.17626953125,-2023.579833984375
-1164.217529296875,-2025.21728515625
-1165.0863037109375,-2026.584228515625
-1166.130126953125,-2028.2274169921875
-1167.0010986328125,-2029.598876953125
-1167.872802734375,-2030.97216796875
-1168.919677734375,-2032.6224365234375
-1169.7928466796875,-2033.999755859375
-1170.841552734375,-2035.6551513671875
-1171.8912353515625,-2037.313720703125
-1172.94189453125,-2038.9752197265625
-1173.8182373046875,-2040.362060546875
-1174.8707275390625,-2042.0289306640625
-1175.7486572265625,-2043.4202880859375
-1176.8028564453125,-2045.0921630859375
-1177.6822509765625,-2046.4874267578125
-1178.5623779296875,-2047.88427734375
-1179.4432373046875,-2049.282958984375
-1180.3253173828125,-2050.683349609375
-1181.2083740234375,-2052.085693359375
-1182.3583984375,-2053.9111328125
-1183.4217529296875,-2055.598388671875
-1184.4869384765625,-2057.287841796875
-1185.5543212890625,-2058.978759765625
-1186.4454345703125,-2060.389404296875
-1187.248779296875,-2061.66015625
-1188.142822265625,-2063.073486328125
-1189.038330078125,-2064.48828125
-1189.935302734375,-2065.904541015625
-1190.8336181640625,-2067.322265625
-1191.733154296875,-2068.741455078125
-1192.5435791015625,-2070.019775390625
-1193.354736328125,-2071.299072265625
-1194.16650390625,-2072.579345703125
-1195.0692138671875,-2074.002685546875
-1195.9727783203125,-2075.427734375
-1196.87744140625,-2076.85498046875
-1197.6925048828125,-2078.140869140625
-1198.5992431640625,-2079.5712890625
-1199.416015625,-2080.85986328125
-1200.233642578125,-2082.149658203125
-1201.1429443359375,-2083.583740234375
-1202.0528564453125,-2085.018798828125
-1202.961669921875,-2086.451904296875
-1203.867431640625,-2087.879638671875
-1204.7681884765625,-2089.298828125
-1205.573486328125,-2090.567138671875
-1206.4615478515625,-2091.96533203125
-1207.5166015625,-2093.6259765625
-1208.3865966796875,-2094.9951171875
-1209.2486572265625,-2096.3515625
-1210.27294921875,-2097.963134765625
-1211.1180419921875,-2099.29248046875
-1212.205322265625,-2101.00244140625
-1213.1962890625,-2102.560791015625
-1214.0120849609375,-2103.84326171875
-1214.819091796875,-2105.11181640625
-1215.85595703125,-2106.740966796875
-1216.957275390625,-2108.470947265625
-1217.9652099609375,-2110.053466796875
-1218.95849609375,-2111.61279296875
-1220.01171875,-2113.265625
-1220.9749755859375,-2114.77685546875
-1221.924560546875,-2116.2666015625
-1222.8603515625,-2117.73486328125
-1223.783203125,-2119.182373046875
-1224.6939697265625,-2120.610595703125
-1225.6593017578125,-2122.12451171875
-1226.60791015625,-2123.614501953125
-1227.5400390625,-2125.081298828125
-1228.3909912109375,-2126.423095703125
-1229.2276611328125,-2127.745361328125
-1230.04931640625,-2129.047119140625
-1230.856201171875,-2130.32958984375
-1231.7100830078125,-2131.69091796875
-1232.669189453125,-2133.22509765625
-1233.4932861328125,-2134.54736328125
-1234.4180908203125,-2136.034423828125
-1235.212646484375,-2137.314697265625
-1236.101806640625,-2138.751220703125
-1236.9718017578125,-2140.161376953125
-1237.823486328125,-2141.5458984375
-1238.657958984375,-2142.9052734375
-1239.475830078125,-2144.240478515625
-1240.326904296875,-2145.63330078125
-1241.110595703125,-2146.91845703125
-1242.0213623046875,-2148.413330078125
-1242.9111328125,-2149.87548828125
-1243.7806396484375,-2151.306884765625
-1244.6734619140625,-2152.78076171875
-1245.5433349609375,-2154.22265625
-1246.3880615234375,-2155.631103515625
-1247.2442626953125,-2157.07275390625
-1248.032958984375,-2158.41943359375
-1248.8680419921875,-2159.86962890625
-1249.63330078125,-2161.224853515625
-1250.4705810546875,-2162.740478515625
-1251.2357177734375,-2164.162109375
-1251.9619140625,-2165.553955078125
-1252.6793212890625,-2166.97412109375
-1253.379150390625,-2168.4189453125
-1254.052978515625,-2169.888916015625
-1254.6690673828125,-2171.337890625
-1255.269287109375,-2172.885498046875
-1255.79833984375,-2174.425048828125
-1256.241943359375,-2175.898193359375
-1256.6214599609375,-2177.405029296875
-1256.939697265625,-2178.99267578125
-1257.1612548828125,-2180.55615234375
-1257.2947998046875,-2182.099365234375
-1257.33837890625,-2183.622314453125
-1257.29150390625,-2185.170654296875
-1257.137451171875,-2186.78564453125
-1256.8948974609375,-2188.274658203125
-1256.5015869140625,-2189.91796875
-1256.03369140625,-2191.378662109375
-1255.42578125,-2192.877685546875
-1254.7568359375,-2194.23193359375
-1253.9700927734375,-2195.560546875
-1253.0877685546875,-2196.8125
-1252.0487060546875,-2198.04248046875
-1250.936767578125,-2199.14892578125
-1249.788818359375,-2200.118408203125
-1248.505615234375,-2201.04736328125
-1247.214111328125,-2201.84912109375
-1245.7607421875,-2202.63134765625
-1244.28271484375,-2203.314208984375
-1242.839599609375,-2203.878173828125
-1241.294189453125,-2204.384765625
-1239.7523193359375,-2204.8037109375
-1238.27587890625,-2205.1337890625
-1236.70654296875,-2205.40966796875
-1235.0941162109375,-2205.6171875
-1233.4376220703125,-2205.758056640625
-1231.91552734375,-2205.829345703125
-1230.3599853515625,-2205.850341796875
-1228.704833984375,-2205.817626953125
-1227.00927734375,-2205.72900390625
-1225.4049072265625,-2205.602783203125
-1223.83203125,-2205.440673828125
-1222.226806640625,-2205.23486328125
-1220.6585693359375,-2204.997802734375
-1219.1318359375,-2204.73388671875
-1217.651611328125,-2204.448486328125
-1216.150146484375,-2204.1298828125
-1214.6258544921875,-2203.77685546875
-1213.152587890625,-2203.407958984375
-1211.6590576171875,-2203.00927734375
-1210.1644287109375,-2202.581787109375
-1208.6787109375,-2202.13037109375
-1207.2000732421875,-2201.659912109375
-1205.506103515625,-2201.100830078125
-1204.0352783203125,-2200.601806640625
-1202.3203125,-2200.006103515625
-1200.8804931640625,-2199.4931640625
-1199.3482666015625,-2198.931884765625
-1197.8787841796875,-2198.378662109375
-1196.3157958984375,-2197.77587890625
-1194.6561279296875,-2197.121826171875
-1193.0567626953125,-2196.47900390625
-1191.5196533203125,-2195.849609375
-1189.9649658203125,-2195.2021484375
-1188.55859375,-2194.607666015625
-1187.1373291015625,-2193.999267578125
-1185.7015380859375,-2193.376953125
-1184.079345703125,-2192.665283203125
-1182.698974609375,-2192.05224609375
-1181.3056640625,-2191.42724609375
-1179.8111572265625,-2190.75
-1178.3021240234375,-2190.058837890625
-1176.8685302734375,-2189.395751953125
-1175.3316650390625,-2188.678466796875
-1173.781005859375,-2187.947998046875
-1172.30859375,-2187.248046875
-1170.730712890625,-2186.49169921875
-1169.1395263671875,-2185.722412109375
-1167.6297607421875,-2184.9873046875
-1166.0126953125,-2184.193603515625
-1164.3824462890625,-2183.386962890625
-1162.7392578125,-2182.5673828125
-1161.1812744140625,-2181.78515625
-1159.5140380859375,-2180.94287109375
-1157.9332275390625,-2180.138916015625
-1156.541259765625,-2179.426513671875
-1155.14111328125,-2178.70556640625
-1153.430419921875,-2177.81884765625
-1152.0126953125,-2177.079345703125
-1150.3826904296875,-2176.224365234375
-1148.947998046875,-2175.468017578125
-1147.5057373046875,-2174.7041015625
-1146.1602783203125,-2173.988037109375
-1144.712646484375,-2173.21435546875
-1143.37060546875,-2172.494140625
-1141.927978515625,-2171.716552734375
-1140.4879150390625,-2170.936767578125
-1139.05078125,-2170.15478515625
-1137.718505859375,-2169.42626953125
-1136.2860107421875,-2168.6396484375
-1134.8499755859375,-2167.847412109375
-1133.51025390625,-2167.10546875
-1132.061279296875,-2166.300048828125
-1130.607421875,-2165.48876953125
-1129.2529296875,-2164.73046875
-1127.7890625,-2163.907958984375
-1126.424560546875,-2163.138671875
-1125.0548095703125,-2162.364501953125
-1123.57373046875,-2161.525146484375
-1122.08642578125,-2160.679931640625
-1120.698974609375,-2159.89013671875
-1119.1981201171875,-2159.0341796875
-1117.690673828125,-2158.172607421875
-1116.2845458984375,-2157.367431640625
-1114.8721923828125,-2156.55712890625
-1113.45361328125,-2155.741455078125
-1111.919189453125,-2154.85693359375
-1110.3780517578125,-2153.96630859375
-1108.830078125,-2153.069091796875
-1107.275390625,-2152.165283203125
-1105.82568359375,-2151.320556640625
-1104.258056640625,-2150.40478515625
-1102.7967529296875,-2149.548828125
-1101.2169189453125,-2148.620849609375
-1099.744140625,-2147.753662109375
-1098.2657470703125,-2146.880615234375
-1096.667724609375,-2145.93408203125
-1095.06396484375,-2144.981201171875
-1093.454345703125,-2144.021728515625
-1091.838623046875,-2143.0556640625
-1090.33251953125,-2142.15234375
-1088.82177734375,-2141.24365234375
-1087.1898193359375,-2140.25830078125
-1085.6697998046875,-2139.3369140625
-1084.3800048828125,-2138.55224609375
-1082.8511962890625,-2137.618896484375
-1081.55419921875,-2136.82470703125
-1080.0172119140625,-2135.880615234375
-1078.3568115234375,-2134.857177734375
-1076.8101806640625,-2133.90087890625
-1075.259765625,-2132.939453125
-1073.7060546875,-2131.97216796875
-1072.388671875,-2131.148681640625
-1070.8284912109375,-2130.16943359375
-1069.264404296875,-2129.18310546875
-1067.696044921875,-2128.190185546875
-1066.1234130859375,-2127.191162109375
-1064.546875,-2126.18603515625
-1063.210205078125,-2125.3310546875
-1061.627685546875,-2124.315185546875
-1060.28662109375,-2123.450439453125
-1058.69921875,-2122.421875
-1057.1087646484375,-2121.385986328125
-1055.5152587890625,-2120.343017578125
-1053.9188232421875,-2119.292724609375
-1052.1971435546875,-2118.15380859375
-1050.596435546875,-2117.088623046875
-1048.994140625,-2116.015625
-1047.3897705078125,-2114.9345703125
-1046.030029296875,-2114.013916015625
-1044.4205322265625,-2112.9189453125
-1043.180908203125,-2112.072021484375
-1041.93994140625,-2111.220947265625
-1040.697998046875,-2110.365966796875
-1039.3304443359375,-2109.42041015625
-1038.0858154296875,-2108.556396484375
-1036.8399658203125,-2107.6884765625
-1035.59326171875,-2106.81640625
-1034.345703125,-2105.940185546875
-1033.0975341796875,-2105.0595703125
-1031.4739990234375,-2103.908203125
-1030.2242431640625,-2103.01708984375
-1028.9749755859375,-2102.12255859375
-1027.7283935546875,-2101.226318359375
-1026.4844970703125,-2100.32861328125
-1025.243408203125,-2099.4296875
-1024.0050048828125,-2098.529296875
-1022.7696533203125,-2097.6279296875
-1021.5372314453125,-2096.724853515625
-1020.1851196289062,-2095.729736328125
-1018.9591674804688,-2094.822998046875
-1017.7362060546875,-2093.913818359375
-1016.5143432617188,-2093.0009765625
-1015.2922973632812,-2092.08349609375
-1013.7034301757812,-2090.883544921875
-1012.4816284179688,-2089.95556640625
-1011.2607421875,-2089.023681640625
-1010.04052734375,-2088.087646484375
-1008.82080078125,-2087.147216796875
-1007.6012573242188,-2086.202880859375
-1006.3818359375,-2085.254638671875
-1004.797119140625,-2084.015869140625
-1003.5787353515625,-2083.058349609375
-1002.360595703125,-2082.096435546875
-1001.1422729492188,-2081.13037109375
-999.923583984375,-2080.159912109375
-998.7046508789062,-2079.185546875
-997.4854125976562,-2078.207275390625
-996.265869140625,-2077.22509765625
-995.0458374023438,-2076.23876953125
-993.8253173828125,-2075.248779296875
-992.6044921875,-2074.25439453125
-991.3834228515625,-2073.255615234375
-990.1625366210938,-2072.25244140625
-988.9419555664062,-2071.244873046875
-987.7219848632812,-2070.23291015625
-986.5025024414062,-2069.2158203125
-985.2833251953125,-2068.194091796875
-984.0642700195312,-2067.167236328125
-982.7233276367188,-2066.032470703125
-981.5042724609375,-2064.995849609375
-980.2854614257812,-2063.95458984375
-979.0675048828125,-2062.9091796875
-977.728759765625,-2061.753173828125
-976.51220703125,-2060.697021484375
-975.2960815429688,-2059.6357421875
-974.0806274414062,-2058.56982421875
-972.8662719726562,-2057.4990234375
-971.653076171875,-2056.423583984375
-970.4412841796875,-2055.342529296875
-969.230712890625,-2054.25634765625
-968.0215454101562,-2053.16455078125
-966.8135986328125,-2052.0673828125
-965.486328125,-2050.8544921875
-964.2811889648438,-2049.746337890625
-963.077392578125,-2048.633056640625
-961.8748779296875,-2047.514892578125
-960.673583984375,-2046.3916015625
-959.4735107421875,-2045.26318359375
-958.1548461914062,-2044.01611328125
-956.9573974609375,-2042.8773193359375
-955.7613525390625,-2041.7335205078125
-954.56689453125,-2040.584716796875
-953.3739013671875,-2039.430908203125
-952.1824340820312,-2038.2720947265625
-950.9923706054688,-2037.1083984375
-949.8037719726562,-2035.9395751953125
-948.6166381835938,-2034.765869140625
-947.4310913085938,-2033.587158203125
-946.2470703125,-2032.4033203125
-945.0646362304688,-2031.2147216796875
-943.8834838867188,-2030.0213623046875
-942.5855102539062,-2028.7032470703125
-941.4069213867188,-2027.500244140625
-940.2296752929688,-2026.29296875
-938.93603515625,-2024.9599609375
-937.7611694335938,-2023.7437744140625
-936.5870361328125,-2022.5234375
-935.296142578125,-2021.176513671875
-934.1229858398438,-2019.9481201171875
-932.9503173828125,-2018.7161865234375
-931.6609497070312,-2017.3568115234375
-930.4893798828125,-2016.1175537109375
-929.2012329101562,-2014.750244140625
-928.0305786132812,-2013.503662109375
-926.8599853515625,-2012.2540283203125
-925.572021484375,-2010.875732421875
-924.400634765625,-2009.6197509765625
-923.2286987304688,-2008.3609619140625
-922.0562744140625,-2007.0997314453125
-920.76611328125,-2005.7095947265625
-919.5927734375,-2004.443359375
-918.3015747070312,-2003.0477294921875
-917.127197265625,-2001.7762451171875
-915.8346557617188,-2000.3746337890625
-914.6588745117188,-1999.097900390625
-913.3646850585938,-1997.6910400390625
-912.1874389648438,-1996.4097900390625
-911.0094604492188,-1995.1260986328125
-909.7128295898438,-1993.71142578125
-908.5333251953125,-1992.4227294921875
-907.3530883789062,-1991.1317138671875
-906.0540161132812,-1989.7088623046875
-904.8722534179688,-1988.4129638671875
-903.5717163085938,-1986.985107421875
-902.2704467773438,-1985.5548095703125
-901.0869140625,-1984.252197265625
-899.7843627929688,-1982.81689453125
-898.5997314453125,-1981.509765625
-897.4146118164062,-1980.200439453125
-896.1101684570312,-1978.7574462890625
-894.9234619140625,-1977.4432373046875
-893.616943359375,-1975.9949951171875
-892.4281005859375,-1974.6763916015625
-891.119384765625,-1973.2239990234375
-889.9288330078125,-1971.9019775390625
-888.7374267578125,-1970.5784912109375
-887.5449829101562,-1969.2530517578125
-886.2319946289062,-1967.7928466796875
-885.037353515625,-1966.4635009765625
-883.72216796875,-1964.9991455078125
-882.525634765625,-1963.666259765625
-881.2081909179688,-1962.1982421875
-880.0092163085938,-1960.8623046875
-878.688720703125,-1959.3909912109375
-877.4867553710938,-1958.05224609375
-876.2833251953125,-1956.712158203125
-875.078369140625,-1955.370849609375
-873.871826171875,-1954.028564453125
-872.6636352539062,-1952.6851806640625
-871.3327026367188,-1951.2061767578125
-870.1210327148438,-1949.860595703125
-868.9078369140625,-1948.513916015625
-867.6934204101562,-1947.166259765625
-866.3562622070312,-1945.6824951171875
-865.1395263671875,-1944.332275390625
-863.7996215820312,-1942.8455810546875
-862.5800170898438,-1941.492431640625
-861.3589477539062,-1940.137939453125
-860.136474609375,-1938.7822265625
-858.9127197265625,-1937.42529296875
-857.5653076171875,-1935.931396484375
-856.3392333984375,-1934.572265625
-855.1119384765625,-1933.2119140625
-853.8833618164062,-1931.8502197265625
-852.5303955078125,-1930.3507080078125
-851.2991333007812,-1928.986083984375
-849.943603515625,-1927.4835205078125
-848.5869140625,-1925.9794921875
-847.3525390625,-1924.611083984375
-845.993408203125,-1923.1043701171875
-844.633056640625,-1921.595947265625
-843.395263671875,-1920.222900390625
-842.1565551757812,-1918.848388671875
-840.79296875,-1917.3348388671875
-839.5525512695312,-1915.957763671875
-838.3114013671875,-1914.57958984375
-836.9451293945312,-1913.0626220703125
-835.7018432617188,-1911.6822509765625
-834.3328247070312,-1910.1622314453125
-833.0869140625,-1908.779052734375
-831.8397827148438,-1907.3946533203125
-830.4666137695312,-1905.870361328125
-829.2171020507812,-1904.4837646484375
-827.9664306640625,-1903.09619140625
-826.7146606445312,-1901.707763671875
-825.336181640625,-1900.1798095703125
-824.0814208984375,-1898.790283203125
-822.6990356445312,-1897.26123046875
-821.4401245117188,-1895.87109375
-820.052490234375,-1894.342041015625
-818.7883911132812,-1892.952392578125
-817.7752685546875,-1891.8409423828125
-816.50634765625,-1890.4520263671875
-815.1072998046875,-1888.9251708984375
-813.8322143554688,-1887.5382080078125
-812.4259033203125,-1886.0140380859375
-811.1436767578125,-1884.6298828125
-809.7288818359375,-1883.1090087890625
-808.4386596679688,-1881.7281494140625
-807.0147094726562,-1880.21142578125
-805.5855712890625,-1878.6973876953125
-804.1509399414062,-1877.1865234375
-802.7106323242188,-1875.6790771484375
-801.264404296875,-1874.1754150390625
-799.944091796875,-1872.8123779296875
-798.8839111328125,-1871.724609375
-797.553466796875,-1870.3685302734375
-796.0830688476562,-1868.8812255859375
-794.6053466796875,-1867.39892578125
-793.1203002929688,-1865.9219970703125
-791.6279907226562,-1864.4500732421875
-790.1286010742188,-1862.9833984375
-788.6220703125,-1861.5225830078125
-787.108154296875,-1860.0679931640625
-786.0025024414062,-1859.0142822265625
-784.4756469726562,-1857.571533203125
-782.9410400390625,-1856.135986328125
-781.820068359375,-1855.0963134765625
-780.6950073242188,-1854.060302734375
-779.141357421875,-1852.6422119140625
-778.0067138671875,-1851.615966796875
-776.867919921875,-1850.593994140625
-775.2950439453125,-1849.1962890625
-773.85791015625,-1847.933349609375
-772.2687377929688,-1846.552978515625
-770.670654296875,-1845.1820068359375
-769.5029296875,-1844.1910400390625
-767.8895874023438,-1842.8372802734375
-766.7105712890625,-1841.859375
-765.081298828125,-1840.5244140625
-763.8902587890625,-1839.560791015625
-762.6939086914062,-1838.603271484375
-761.0405883789062,-1837.2965087890625
-759.832275390625,-1836.35302734375
-758.6190795898438,-1835.4151611328125
-757.4011840820312,-1834.48291015625
-756.1786499023438,-1833.5562744140625
-754.9515991210938,-1832.635498046875
-753.719970703125,-1831.720703125
-752.48388671875,-1830.8121337890625
-751.2431640625,-1829.9100341796875
-749.8419189453125,-1828.9024658203125
-748.5916137695312,-1828.01318359375
-747.3370971679688,-1827.129638671875
-746.0784912109375,-1826.2523193359375
-744.8160400390625,-1825.38134765625
-743.5505981445312,-1824.516845703125
-742.2818603515625,-1823.657470703125
-741.0107421875,-1822.80322265625
-739.7366333007812,-1821.953125
-737.9798583984375,-1820.7913818359375
-736.6991577148438,-1819.9522705078125
-735.4156494140625,-1819.1185302734375
-734.13037109375,-1818.2908935546875
-732.8427734375,-1817.4686279296875
-731.0685424804688,-1816.3463134765625
-729.7757568359375,-1815.5355224609375
-727.9949951171875,-1814.425537109375
-726.6994018554688,-1813.6207275390625
-725.4048461914062,-1812.816650390625
-723.6272583007812,-1811.7095947265625
-722.3373413085938,-1810.9022216796875
-720.5692749023438,-1809.7867431640625
-719.2874755859375,-1808.970458984375
-717.5308837890625,-1807.8397216796875
-716.2578125,-1807.010986328125
-714.5146484375,-1805.8623046875
-713.253173828125,-1805.0198974609375
-711.5292358398438,-1803.85107421875
-709.8203735351562,-1802.668701171875
-708.2809448242188,-1801.580810546875
-706.602294921875,-1800.368896484375
-705.0879516601562,-1799.2535400390625
-703.4349975585938,-1798.012451171875
-701.7985229492188,-1796.757568359375
-700.1808471679688,-1795.4881591796875
-698.7269287109375,-1794.3203125
-697.145263671875,-1793.0198974609375
-695.5811157226562,-1791.703369140625
-694.1741943359375,-1790.493408203125
-692.6431884765625,-1789.14892578125
-691.2669677734375,-1787.9149169921875
-689.7708740234375,-1786.544677734375
-688.2937622070312,-1785.1612548828125
-686.9678955078125,-1783.891845703125
-685.5289916992188,-1782.4825439453125
-684.23876953125,-1781.189697265625
-682.9638671875,-1779.885986328125
-681.7025146484375,-1778.572265625
-680.3298950195312,-1777.116943359375
-679.0963745117188,-1775.7847900390625
-677.7574462890625,-1774.3094482421875
-676.43896484375,-1772.8228759765625
-675.0245971679688,-1771.187744140625
-673.7500610351562,-1769.67626953125
-672.6102905273438,-1768.2916259765625
-671.6008911132812,-1767.0374755859375
-670.4987182617188,-1765.63525390625
-669.4173583984375,-1764.2237548828125
-668.3549194335938,-1762.8028564453125
-667.2052001953125,-1761.2293701171875
-666.1752319335938,-1759.7904052734375
-665.1587524414062,-1758.3448486328125
-664.1552734375,-1756.8935546875
-663.165283203125,-1755.4366455078125
-662.1891479492188,-1753.974365234375
-661.2271728515625,-1752.5064697265625
-660.2793579101562,-1751.032958984375
-659.3450317382812,-1749.5537109375
-658.422607421875,-1748.0692138671875
-657.5106811523438,-1746.5794677734375
-656.609130859375,-1745.0845947265625
-655.7180786132812,-1743.58447265625
-654.8387451171875,-1742.078857421875
-653.9732055664062,-1740.5675048828125
-653.1234130859375,-1739.0499267578125
-652.2911376953125,-1737.5255126953125
-651.47607421875,-1735.9945068359375
-650.6761474609375,-1734.45654296875
-649.8887329101562,-1732.9122314453125
-649.111328125,-1731.3623046875
-648.3423461914062,-1729.8076171875
-647.5822143554688,-1728.2481689453125
-646.83154296875,-1726.68408203125
-646.1641235351562,-1725.2725830078125
-645.4312133789062,-1723.7000732421875
-644.7072143554688,-1722.123291015625
-643.9205932617188,-1720.3839111328125
-643.2132568359375,-1718.79833984375
-642.5122680664062,-1717.2088623046875
-641.8168334960938,-1715.61572265625
-641.1266479492188,-1714.01904296875
-640.4428100585938,-1712.4188232421875
-639.7667236328125,-1710.81494140625
-639.0989379882812,-1709.207763671875
-638.4393920898438,-1707.596923828125
-637.787841796875,-1705.9825439453125
-637.1441650390625,-1704.3646240234375
-636.4449462890625,-1702.580810546875
-635.817138671875,-1700.9554443359375
-635.134521484375,-1699.16357421875
-634.5201416015625,-1697.531005859375
-633.9102783203125,-1695.89501953125
-633.3042602539062,-1694.2562255859375
-632.6427612304688,-1692.4503173828125
-632.0458374023438,-1690.8056640625
-631.4524536132812,-1689.1585693359375
-630.8024291992188,-1687.343994140625
-630.154541015625,-1685.5264892578125
-629.509033203125,-1683.706298828125
-628.924560546875,-1682.0494384765625
-628.2837524414062,-1680.2247314453125
-627.7031860351562,-1678.564208984375
-627.066650390625,-1676.7354736328125
-626.4320068359375,-1674.9044189453125
-625.7989501953125,-1673.071044921875
-625.2252197265625,-1671.4022216796875
-624.596923828125,-1669.5645751953125
-624.0286865234375,-1667.892333984375
-623.46337890625,-1666.21875
-622.8441162109375,-1664.3763427734375
-622.2262573242188,-1662.5323486328125
-621.6069946289062,-1660.6881103515625
-621.0397338867188,-1659.0126953125
-620.4093627929688,-1657.172119140625
-619.83203125,-1655.5001220703125
-619.1930541992188,-1653.660888671875
-618.5498046875,-1651.81982421875
-617.9027099609375,-1649.978271484375
-617.2521362304688,-1648.1375732421875
-616.5955200195312,-1646.29736328125
-615.9306640625,-1644.4600830078125
-615.2576904296875,-1642.624755859375
-614.5782470703125,-1640.788818359375
-613.9568481445312,-1639.1192626953125
-613.2687377929688,-1637.2823486328125
-612.573486328125,-1635.4482421875
-611.8715209960938,-1633.617431640625
-611.1633911132812,-1631.7880859375
-610.4485473632812,-1629.958984375
-609.6620483398438,-1627.9630126953125
-608.93701171875,-1626.1336669921875
-608.2054443359375,-1624.3062744140625
-607.5332641601562,-1622.6474609375
-606.7857055664062,-1620.825927734375
-606.0983276367188,-1619.172119140625
-605.33251953125,-1617.3551025390625
-604.4848022460938,-1615.3768310546875
-603.6961669921875,-1613.5673828125
-602.8235473632812,-1611.597900390625
-602.0122680664062,-1609.796630859375
-601.1893310546875,-1607.99951171875
-600.3544311523438,-1606.20703125
-599.50732421875,-1604.4197998046875
-598.6484985351562,-1602.6370849609375
-597.7786254882812,-1600.8585205078125
-596.8980712890625,-1599.083740234375
-596.0070190429688,-1597.31298828125
-595.1881103515625,-1595.706787109375
-594.2775268554688,-1593.944091796875
-593.3567504882812,-1592.185791015625
-592.3405151367188,-1590.2728271484375
-591.3983764648438,-1588.5238037109375
-590.4462890625,-1586.779052734375
-589.4845581054688,-1585.0382080078125
-588.424560546875,-1583.143798828125
-587.44287109375,-1581.41162109375
-586.45166015625,-1579.683349609375
-585.3593139648438,-1577.80322265625
-584.3475952148438,-1576.085205078125
-583.3255615234375,-1574.3726806640625
-582.2933349609375,-1572.6654052734375
-581.2510986328125,-1570.962646484375
-580.1039428710938,-1569.1094970703125
-579.0441284179688,-1567.4144287109375
-577.9766235351562,-1565.7227783203125
-576.9013671875,-1564.0345458984375
-575.8181762695312,-1562.3502197265625
-574.7266845703125,-1560.67041015625
-573.6265258789062,-1558.9957275390625
-572.517333984375,-1557.3260498046875
-571.3992309570312,-1555.6610107421875
-570.169921875,-1553.849609375
-569.0347290039062,-1552.1932373046875
-567.891845703125,-1550.5408935546875
-566.7416381835938,-1548.8924560546875
-565.4791259765625,-1547.098388671875
-564.3153076171875,-1545.45703125
-563.0391845703125,-1543.6693115234375
-561.8637084960938,-1542.0330810546875
-560.5755004882812,-1540.25048828125
-559.3893432617188,-1538.619140625
-558.0897827148438,-1536.8419189453125
-556.7843017578125,-1535.067138671875
-555.5819091796875,-1533.442626953125
-554.26416015625,-1531.6741943359375
-553.0508422851562,-1530.0572509765625
-551.721435546875,-1528.2969970703125
-550.4979858398438,-1526.6849365234375
-549.1594848632812,-1524.9267578125
-547.819091796875,-1523.1688232421875
-546.58984375,-1521.55712890625
-545.2484130859375,-1519.7979736328125
-544.0183715820312,-1518.18408203125
-542.67626953125,-1516.421142578125
-541.446533203125,-1514.8031005859375
-540.1058959960938,-1513.0361328125
-538.8779296875,-1511.41455078125
-537.6510009765625,-1509.791015625
-536.3137817382812,-1508.0177001953125
-535.0891723632812,-1506.39013671875
-533.7544555664062,-1504.6119384765625
-532.531982421875,-1502.979736328125
-531.1995849609375,-1501.1971435546875
-529.9793701171875,-1499.561279296875
-528.6490478515625,-1497.774658203125
-527.4302978515625,-1496.1346435546875
-526.2119140625,-1494.4925537109375
-524.9940795898438,-1492.848388671875
-523.6666870117188,-1491.0523681640625
-522.4513549804688,-1489.4041748046875
-521.23779296875,-1487.7537841796875
-519.9158325195312,-1485.9510498046875
-518.7059326171875,-1484.2958984375
-517.4976806640625,-1482.6383056640625
-516.291259765625,-1480.9781494140625
-515.086669921875,-1479.3154296875
-513.8839111328125,-1477.6502685546875
-512.6831665039062,-1475.9827880859375
-511.3757019042969,-1474.1607666015625
-510.1792907714844,-1472.48779296875
-508.8762512207031,-1470.65966796875
-507.6836242675781,-1468.981201171875
-506.3846740722656,-1467.1473388671875
-504.3329162597656,-1464.237548828125
-503.14794921875,-1462.5494384765625
-502.2875671386719,-1461.3199462890625
-501.1065368652344,-1459.6270751953125
-500.24908447265625,-1458.394287109375
-499.0721130371094,-1456.697021484375
-498.2176208496094,-1455.4609375
-497.0447082519531,-1453.7593994140625
-496.1930236816406,-1452.520263671875
-495.3424072265625,-1451.280029296875
-494.4927978515625,-1450.038330078125
-493.6440734863281,-1448.7952880859375
-492.47857666015625,-1447.083984375
-491.6319885253906,-1445.8377685546875
-490.469482421875,-1444.1221923828125
-489.6252136230469,-1442.873046875
-488.4662780761719,-1441.1533203125
-487.30975341796875,-1439.43115234375
-486.1558532714844,-1437.706298828125
-485.00482177734375,-1435.978515625
-483.8570251464844,-1434.247802734375
-483.02435302734375,-1432.9871826171875
-481.8822937011719,-1431.2510986328125
-480.7434997558594,-1429.5115966796875
-479.60809326171875,-1427.768798828125
-478.47637939453125,-1426.0225830078125
-477.65582275390625,-1424.75048828125
-476.5310974121094,-1422.998291015625
-475.71575927734375,-1421.7215576171875
-474.5982360839844,-1419.9630126953125
-473.485107421875,-1418.20068359375
-472.6784973144531,-1416.9166259765625
-471.67413330078125,-1415.30859375
-470.87384033203125,-1414.019775390625
-469.778076171875,-1412.244140625
-468.78662109375,-1410.626220703125
-467.9966735839844,-1409.3294677734375
-467.0129089355469,-1407.7052001953125
-466.228759765625,-1406.4033203125
-465.2521057128906,-1404.77294921875
-464.4739990234375,-1403.466552734375
-463.40936279296875,-1401.6673583984375
-462.35113525390625,-1399.8643798828125
-461.2993469238281,-1398.0572509765625
-460.2537536621094,-1396.2452392578125
-459.49700927734375,-1394.9244384765625
-458.7432556152344,-1393.6011962890625
-457.71221923828125,-1391.77783203125
-456.966796875,-1390.4490966796875
-456.22552490234375,-1389.117919921875
-455.48870849609375,-1387.784423828125
-454.75653076171875,-1386.448486328125
-453.75762939453125,-1384.607421875
-453.0367431640625,-1383.2650146484375
-452.3197326660156,-1381.9195556640625
-451.60626220703125,-1380.5714111328125
-450.8962097167969,-1379.220703125
-449.9257507324219,-1377.359619140625
-449.2241516113281,-1376.00341796875
-448.5264892578125,-1374.6451416015625
-447.8331604003906,-1373.2847900390625
-446.88690185546875,-1371.410888671875
-445.9486999511719,-1369.5330810546875
-445.2711181640625,-1368.164794921875
-444.34539794921875,-1366.2796630859375
-443.50921630859375,-1364.5625
-442.5947265625,-1362.670166015625
-441.685302734375,-1360.7744140625
-440.7807922363281,-1358.8756103515625
-440.1260070800781,-1357.4925537109375
-439.3926696777344,-1355.934814453125
-438.74383544921875,-1354.5484619140625
-438.0979919433594,-1353.1607666015625
-437.4551086425781,-1351.7713623046875
-436.8150939941406,-1350.380615234375
-436.17791748046875,-1348.9884033203125
-435.54351806640625,-1347.5947265625
-434.6761474609375,-1345.6761474609375
-434.0487976074219,-1344.27880859375
-433.19097900390625,-1342.354736328125
-432.57049560546875,-1340.9532470703125
-431.7218017578125,-1339.0233154296875
-431.1078796386719,-1337.617919921875
-430.4968566894531,-1336.2110595703125
-429.8887023925781,-1334.8031005859375
-429.0570373535156,-1332.8648681640625
-428.4551086425781,-1331.4537353515625
-427.6308898925781,-1329.510986328125
-427.0337829589844,-1328.096435546875
-426.2157897949219,-1326.1495361328125
-425.4012451171875,-1324.2005615234375
-424.5905456542969,-1322.2498779296875
-423.7839050292969,-1320.2972412109375
-422.9809875488281,-1318.3424072265625
-422.3992004394531,-1316.9190673828125
-421.60223388671875,-1314.960205078125
-421.02490234375,-1313.5343017578125
-420.2342224121094,-1311.5718994140625
-419.6614990234375,-1310.1435546875
-418.8769836425781,-1308.177734375
-418.0958557128906,-1306.2098388671875
-417.38861083984375,-1304.4190673828125
-416.61376953125,-1302.447265625
-415.8421936035156,-1300.4735107421875
-415.0738525390625,-1298.4979248046875
-414.3086853027344,-1296.5206298828125
-413.754150390625,-1295.08154296875
-412.9942932128906,-1293.1009521484375
-412.44354248046875,-1291.659423828125
-411.89434814453125,-1290.217041015625
-411.14166259765625,-1288.2322998046875
-410.39154052734375,-1286.2457275390625
-409.71160888671875,-1284.4383544921875
-409.03363037109375,-1282.6298828125
-408.2900390625,-1280.6392822265625
-407.6159973144531,-1278.8284912109375
-406.8765869140625,-1276.835205078125
-406.2060852050781,-1275.021728515625
-405.4703369140625,-1273.0257568359375
-404.80316162109375,-1271.2103271484375
-404.07098388671875,-1269.212158203125
-403.40673828125,-1267.394775390625
-402.8760986328125,-1265.9400634765625
-402.2135009765625,-1264.12060546875
-401.6838684082031,-1262.6644287109375
-401.0223693847656,-1260.8436279296875
-400.361328125,-1259.0224609375
-399.6347961425781,-1257.0189208984375
-398.9747619628906,-1255.197021484375
-398.3148193359375,-1253.37451171875
-397.65484619140625,-1251.55126953125
-396.9289245605469,-1249.544921875
-396.20318603515625,-1247.537841796875
-395.54376220703125,-1245.7125244140625
-394.81884765625,-1243.7042236328125
-394.16021728515625,-1241.8780517578125
-393.4359130859375,-1239.86865234375
-392.7777099609375,-1238.0413818359375
-392.1197204589844,-1236.2135009765625
-391.39642333984375,-1234.2022705078125
-390.73919677734375,-1232.3734130859375
-390.0821228027344,-1230.5439453125
-389.3594665527344,-1228.531005859375
-388.7027587890625,-1226.700439453125
-387.9807434082031,-1224.686279296875
-387.3246765136719,-1222.8546142578125
-386.6033630371094,-1220.83935546875
-385.9479064941406,-1219.006591796875
-385.42376708984375,-1217.5400390625
-384.76885986328125,-1215.7061767578125
-384.2452087402344,-1214.238525390625
-383.5909118652344,-1212.4034423828125
-382.8716735839844,-1210.3841552734375
-382.2182922363281,-1208.5479736328125
-381.5000915527344,-1206.52783203125
-380.8476257324219,-1204.6907958984375
-380.13055419921875,-1202.6695556640625
-379.4792785644531,-1200.83154296875
-378.82855224609375,-1198.9927978515625
-378.1133117675781,-1196.969482421875
-377.46356201171875,-1195.12939453125
-376.7492980957031,-1193.1043701171875
-376.10040283203125,-1191.2628173828125
-375.3872375488281,-1189.236572265625
-374.7394714355469,-1187.3941650390625
-374.0276184082031,-1185.366943359375
-373.3809814453125,-1183.523193359375
-372.6702880859375,-1181.4945068359375
-372.02484130859375,-1179.6495361328125
-371.3155822753906,-1177.6195068359375
-370.6714782714844,-1175.7735595703125
-370.0279541015625,-1173.927001953125
-369.32073974609375,-1171.8951416015625
-368.6784362792969,-1170.0474853515625
-368.16510009765625,-1168.56884765625
-367.5239562988281,-1166.7197265625
-366.819580078125,-1164.684814453125
-366.1161804199219,-1162.6490478515625
-365.41387939453125,-1160.6126708984375
-364.7127380371094,-1158.5758056640625
-364.07635498046875,-1156.7235107421875
-363.56781005859375,-1155.2412109375
-362.9327697753906,-1153.387451171875
-362.2350158691406,-1151.347412109375
-361.5382995605469,-1149.306884765625
-360.8426513671875,-1147.265625
-360.2110900878906,-1145.409423828125
-359.70648193359375,-1143.924072265625
-359.0135192871094,-1141.8809814453125
-358.3213806152344,-1139.8370361328125
-357.8184509277344,-1138.35009765625
-357.3158874511719,-1136.8626708984375
-356.62548828125,-1134.817138671875
-356.1238708496094,-1133.3292236328125
-355.4348449707031,-1131.283203125
-354.80902099609375,-1129.4224853515625
-354.18359375,-1127.56103515625
-353.55841064453125,-1125.698486328125
-352.87103271484375,-1123.6490478515625
-352.1841125488281,-1121.599365234375
-351.684814453125,-1120.1083984375
-350.9986572265625,-1118.05810546875
-350.3128356933594,-1116.00732421875
-349.8142395019531,-1114.515380859375
-349.1290588378906,-1112.463623046875
-348.63104248046875,-1110.9713134765625
-348.00885009765625,-1109.1058349609375
-347.32476806640625,-1107.053466796875
-346.7031555175781,-1105.1871337890625
-346.0196533203125,-1103.1336669921875
-345.33636474609375,-1101.07958984375
-344.6531982421875,-1099.0245361328125
-344.1563720703125,-1097.5294189453125
-343.4734191894531,-1095.473388671875
-342.7905578613281,-1093.4171142578125
-342.10797119140625,-1091.3609619140625
-341.4257507324219,-1089.3048095703125
-340.743896484375,-1087.2484130859375
-340.12420654296875,-1085.3782958984375
-339.6285095214844,-1083.8817138671875
-339.009033203125,-1082.0103759765625
-338.3277587890625,-1079.9510498046875
-337.7085266113281,-1078.0787353515625
-337.027587890625,-1076.0191650390625
-336.408935546875,-1074.14697265625
-335.91436767578125,-1072.6492919921875
-335.2963562011719,-1070.7767333984375
-334.6167297363281,-1068.7161865234375
-333.9989318847656,-1066.8424072265625
-333.5047607421875,-1065.3428955078125
-332.88714599609375,-1063.46826171875
-332.3932189941406,-1061.9683837890625
-331.77593994140625,-1060.09326171875
-331.28228759765625,-1058.59326171875
-330.665283203125,-1056.7178955078125
-330.1717529296875,-1055.217529296875
-329.554931640625,-1053.341552734375
-329.0616760253906,-1051.8404541015625
-328.38385009765625,-1049.776123046875
-327.7681884765625,-1047.8995361328125
-327.2759704589844,-1046.3980712890625
-326.66082763671875,-1044.520751953125
-326.168701171875,-1043.0184326171875
-325.5536193847656,-1041.139892578125
-325.0616149902344,-1039.63671875
-324.44677734375,-1037.7574462890625
-323.9549865722656,-1036.253662109375
-323.2789611816406,-1034.18603515625
-322.66455078125,-1032.3062744140625
-322.173095703125,-1030.802490234375
-321.55889892578125,-1028.9224853515625
-321.0676574707031,-1027.41845703125
-320.4536437988281,-1025.5379638671875
-319.7783203125,-1023.4692993164062
-319.1644592285156,-1021.58837890625
-318.6733703613281,-1020.0834350585938
-318.0595397949219,-1018.201904296875
-317.5684814453125,-1016.6962890625
-316.9546813964844,-1014.8140258789062
-316.463623046875,-1013.3079833984375
-315.8497009277344,-1011.4253540039062
-315.35845947265625,-1009.919189453125
-314.74420166015625,-1008.0364990234375
-314.2525939941406,-1006.5303344726562
-313.6378173828125,-1004.6475219726562
-313.1456604003906,-1003.1409912109375
-312.46844482421875,-1001.0692749023438
-311.8523254394531,-999.1858520507812
-311.3591003417969,-997.67919921875
-310.68048095703125,-995.6076049804688
-310.0629577636719,-993.7242431640625
-309.38311767578125,-991.6524047851562
-308.70263671875,-989.5804443359375
-308.0835266113281,-987.69677734375
-307.4019470214844,-985.6246948242188
-306.7818603515625,-983.7408447265625
-306.0992736816406,-981.66845703125
-305.4163513183594,-979.5958862304688
-304.79522705078125,-977.7115478515625
-304.2981262207031,-976.2039184570312
-303.6144104003906,-974.130859375
-302.99267578125,-972.2462768554688
-302.49517822265625,-970.7384643554688
-301.8109436035156,-968.6651000976562
-301.1264953613281,-966.5914306640625
-300.4418029785156,-964.5175170898438
-299.7569580078125,-962.4434814453125
-299.07208251953125,-960.3692626953125
-298.3871765136719,-958.2947387695312
-297.7645263671875,-956.4085693359375
-297.0794677734375,-954.33349609375
-296.3943786621094,-952.2581176757812
-295.7715148925781,-950.3711547851562
-295.27325439453125,-948.8615112304688
-294.650390625,-946.9744262695312
-294.152099609375,-945.4647827148438
-293.4668273925781,-943.3887329101562
-292.7814025878906,-941.3123779296875
-292.0957946777344,-939.2356567382812
-291.40997314453125,-937.1585693359375
-290.7864074707031,-935.270263671875
-290.2875061035156,-933.7596435546875
-289.6637878417969,-931.87109375
-289.1647033691406,-930.3600463867188
-288.54071044921875,-928.4710693359375
-287.8542785644531,-926.3929443359375
-287.1677551269531,-924.314697265625
-286.48114013671875,-922.2361450195312
-285.7944030761719,-920.1572265625
-285.2948303222656,-918.6451416015625
-284.60784912109375,-916.5658569335938
-283.9833068847656,-914.6754760742188
-283.2963562011719,-912.5960693359375
-282.60943603515625,-910.5166015625
-281.98492431640625,-908.6258544921875
-281.2979736328125,-906.5457763671875
-280.6109924316406,-904.4654541015625
-279.924072265625,-902.3848876953125
-279.23724365234375,-900.3040771484375
-278.5505065917969,-898.2229614257812
-277.8638000488281,-896.1415405273438
-277.23956298828125,-894.2489624023438
-276.740234375,-892.7347412109375
-276.0536804199219,-890.6524047851562
-275.3672180175781,-888.570068359375
-274.6808166503906,-886.4874877929688
-273.9945068359375,-884.40478515625
-273.4953918457031,-882.8900146484375
-272.87164306640625,-880.996337890625
-272.1856689453125,-878.9130249023438
-271.49981689453125,-876.8292846679688
-270.8140869140625,-874.7452392578125
-270.1907043457031,-872.8504028320312
-269.69189453125,-871.3342895507812
-269.00592041015625,-869.2496337890625
-268.5068359375,-867.7335815429688
-267.82037353515625,-865.649169921875
-267.13360595703125,-863.5647583007812
-266.4464416503906,-861.4802856445312
-265.7588195800781,-859.3958129882812
-265.1331787109375,-857.5006713867188
-264.63232421875,-855.9844360351562
-263.9431457519531,-853.8995971679688
-263.3161315917969,-852.0042114257812
-262.6258850097656,-849.9193115234375
-261.93499755859375,-847.83447265625
-261.2435302734375,-845.7499389648438
-260.6144104003906,-843.8551025390625
-259.9223327636719,-841.77294921875
-259.2298889160156,-839.6920776367188
-258.53668212890625,-837.6112670898438
-258.0320739746094,-836.0980834960938
-257.33758544921875,-834.0176391601562
-256.83203125,-832.5048217773438
-256.13616943359375,-830.4248046875
-255.62966918945312,-828.912109375
-254.93258666992188,-826.8322143554688
-254.23477172851562,-824.7523193359375
-253.72682189941406,-823.2396850585938
-253.02786254882812,-821.1597290039062
-252.32846069335938,-819.0796508789062
-251.69235229492188,-817.1884155273438
-251.18331909179688,-815.6753540039062
-250.48318481445312,-813.5949096679688
-249.78294372558594,-811.5143432617188
-249.08258056640625,-809.4335327148438
-248.57318115234375,-807.9201049804688
-247.87271118164062,-805.8390502929688
-247.1721954345703,-803.7578735351562
-246.6627197265625,-802.2442626953125
-245.96218872070312,-800.1629638671875
-245.2616424560547,-798.0816040039062
-244.56105041503906,-796.0001831054688
-243.86041259765625,-793.9185180664062
-243.15975952148438,-791.836669921875
-242.4591064453125,-789.7545166015625
-241.75851440429688,-787.6722412109375
-241.05807495117188,-785.5897827148438
-240.35780334472656,-783.5072631835938
-239.84860229492188,-781.9925537109375
-239.1484832763672,-779.909423828125
-238.4484405517578,-777.8258666992188
-237.74842834472656,-775.7420654296875
-237.23934936523438,-774.2264404296875
-236.5394287109375,-772.1425170898438
-235.83950805664062,-770.0587158203125
-235.33074951171875,-768.5440673828125
-234.63180541992188,-766.463623046875
-233.93284606933594,-764.3834228515625
-233.2337188720703,-762.302978515625
-232.5979766845703,-760.4114990234375
-231.9621124267578,-758.5197143554688
-231.2626953125,-756.4386596679688
-230.62696838378906,-754.5468139648438
-229.92784118652344,-752.4657592773438
-229.22891235351562,-750.3846435546875
-228.59376525878906,-748.4924926757812
-227.89535522460938,-746.4108276367188
-227.19789123535156,-744.330810546875
-226.50267028808594,-742.256591796875
-225.81106567382812,-740.1923217773438
-225.12416076660156,-738.1409912109375
-224.50430297851562,-736.2890625
-224.01181030273438,-734.8171997070312
-223.3401336669922,-732.8087768554688
-222.7353515625,-730.999267578125
-222.2553253173828,-729.5623779296875
-221.65975952148438,-727.7789916992188
-221.0101776123047,-725.8335571289062
-220.3668212890625,-723.9060668945312
-219.787353515625,-722.1686401367188
-219.15663146972656,-720.2759399414062
-218.53297424316406,-718.4027099609375
-217.97198486328125,-716.7160034179688
-217.36123657226562,-714.8778076171875
-216.75735473632812,-713.057861328125
-216.2147216796875,-711.4199829101562
-215.62452697753906,-709.635986328125
-215.09347534179688,-708.029541015625
-214.5672149658203,-706.4378662109375
-214.04554748535156,-704.8606567382812
-213.4771270751953,-703.1424560546875
-212.91452026367188,-701.4411010742188
-212.35830688476562,-699.7572631835938
-211.8584442138672,-698.2427368164062
-211.26634216308594,-696.44677734375
-210.73056030273438,-694.8192749023438
-210.20144653320312,-693.2091064453125
-209.6793975830078,-691.61669921875
-209.16464233398438,-690.0419921875
-208.565673828125,-688.2028198242188
-207.97686767578125,-686.3867797851562
-207.4867401123047,-684.8680419921875
-207.00430297851562,-683.3656005859375
-206.52947998046875,-681.878662109375
-206.06216430664062,-680.4061889648438
-205.60223388671875,-678.94775390625
-205.14955139160156,-677.503173828125
-204.14779663085938,-674.2708129882812
-203.60330200195312,-672.4918212890625
-203.10833740234375,-670.860595703125
-202.58682250976562,-669.12646484375
-202.076904296875,-667.4151611328125
-201.5780487060547,-665.725341796875
-201.09010314941406,-664.0576782226562
-200.61349487304688,-662.4126586914062
-200.14735412597656,-660.7858276367188
-199.69131469726562,-659.1762084960938
-199.24456787109375,-657.5818481445312
-198.8377227783203,-656.1148071289062
-198.40817260742188,-654.5498657226562
-197.98773193359375,-653.0004272460938
-197.51890563964844,-651.2493286132812
-197.11924743652344,-649.734375
-196.6761016845703,-648.0232543945312
-196.30157470703125,-646.5440673828125
-195.86474609375,-644.7703247070312
-195.4487762451172,-643.0198364257812
-195.0547332763672,-641.2896728515625
-194.68370056152344,-639.57666015625
-194.35691833496094,-637.9786376953125
-194.0349884033203,-636.2938842773438
-193.73995971679688,-634.6217651367188
-193.47286987304688,-632.9623413085938
-193.23399353027344,-631.3154907226562
-193.02520751953125,-629.6804809570312
-192.8485565185547,-628.0573120117188
-192.6985626220703,-626.3514404296875
-192.5974884033203,-624.8444213867188
-192.5222930908203,-623.2492065429688
-192.48046875,-621.658935546875
-192.47267150878906,-620.0745239257812
-192.5089569091797,-618.2193603515625
-192.5947723388672,-616.3748779296875
-192.73048400878906,-614.542724609375
-192.91537475585938,-612.7240600585938
-193.14842224121094,-610.919921875
-193.38330078125,-609.3985595703125
-193.6682891845703,-607.801025390625
-193.9717559814453,-606.3056030273438
-194.30885314941406,-604.82421875
-194.67930603027344,-603.3577270507812
-195.0826416015625,-601.9069213867188
-196.0727081298828,-598.8072509765625
-196.67123413085938,-597.1674194335938
-197.3470001220703,-595.4745483398438
-198.07064819335938,-593.8114013671875
-198.803466796875,-592.2536010742188
-199.57781982421875,-590.7210083007812
-200.4335479736328,-589.1407470703125
-201.28665161132812,-587.6635131835938
-202.17825317382812,-586.2120971679688
-203.01405334472656,-584.925048828125
-203.9784698486328,-583.5134887695312
-204.9798583984375,-582.1213989257812
-206.01707458496094,-580.7492065429688
-207.08987426757812,-579.3970336914062
-208.19583129882812,-578.0633544921875
-209.33287048339844,-576.7462158203125
-210.49942016601562,-575.4447021484375
-211.6947479248047,-574.1585693359375
-213.91909790039062,-571.8798828125
-215.0011749267578,-570.8184814453125
-216.10153198242188,-569.7640380859375
-217.2170867919922,-568.7130126953125
-218.54344177246094,-567.4749145507812
-219.8763885498047,-566.2264404296875
-221.1393585205078,-565.0230102539062
-222.26068115234375,-563.9285888671875
-223.3700714111328,-562.8153076171875
-224.46592712402344,-561.6825561523438
-225.54710388183594,-560.5298461914062
-226.61172485351562,-559.3570556640625
-227.65792846679688,-558.1644897460938
-228.74195861816406,-556.8817138671875
-229.73960876464844,-555.6535034179688
-230.7097625732422,-554.4096069335938
-231.65159606933594,-553.1500854492188
-232.7217559814453,-551.6478271484375
-233.5983123779297,-550.3538208007812
-234.58880615234375,-548.8117065429688
-235.4882049560547,-547.32763671875
-236.2586669921875,-545.9850463867188
-237.1238555908203,-544.3890991210938
-237.82350158691406,-543.0196533203125
-238.48928833007812,-541.6388549804688
-239.1206512451172,-540.2471313476562
-239.78599548339844,-538.6798095703125
-240.37628173828125,-537.1846923828125
-240.92738342285156,-535.6810302734375
-241.4131622314453,-534.25390625
-241.89073181152344,-532.736083984375
-242.35260009765625,-531.1275634765625
-242.77149963378906,-529.5135498046875
-243.18545532226562,-527.7242431640625
-243.54818725585938,-525.9305419921875
-243.8455810546875,-524.2188720703125
-244.09628295898438,-522.5040893554688
-244.30062866210938,-520.7858276367188
-244.45953369140625,-519.0626831054688
-244.5729217529297,-517.3329467773438
-244.64077758789062,-515.5955200195312
-244.66329956054688,-513.7623291015625
-244.63990783691406,-512.0079345703125
-244.57347106933594,-510.245361328125
-244.48422241210938,-508.7405700683594
-244.36582946777344,-507.2292175292969
-244.2187042236328,-505.7117614746094
-244.0331268310547,-504.09820556640625
-243.83004760742188,-502.5669860839844
-243.55673217773438,-500.7571105957031
-243.26260375976562,-499.029296875
-242.9704132080078,-497.4762268066406
-242.591796875,-495.6410827636719
-242.2403564453125,-494.07476806640625
-241.8609619140625,-492.5037536621094
-241.4774932861328,-491.0210266113281
-241.04183959960938,-489.44195556640625
-240.6056671142578,-487.9528503417969
-240.11485290527344,-486.3678894042969
-239.6265869140625,-484.87408447265625
-239.07984924316406,-483.28485107421875
-238.5045928955078,-481.6939392089844
-237.93777465820312,-480.195556640625
-237.30850219726562,-478.6024475097656
-236.69053649902344,-477.1014404296875
-236.04783630371094,-475.59747314453125
-235.33921813964844,-473.99554443359375
-234.65025329589844,-472.48260498046875
-233.94322204589844,-470.9625244140625
-233.17807006835938,-469.3370361328125
-232.45213317871094,-467.7958984375
-231.68394470214844,-466.1447448730469
-231.05975341796875,-464.7731628417969
-230.36007690429688,-463.1921691894531
-229.67803955078125,-461.59722900390625
-229.0155029296875,-459.9894104003906
-228.33355712890625,-458.2678527832031
-227.71339416503906,-456.6355895996094
-227.11477661132812,-454.99224853515625
-226.53778076171875,-453.33831787109375
-225.98275756835938,-451.6747741699219
-225.41796875,-449.8985595703125
-224.94163513183594,-448.3255920410156
-224.45703125,-446.64324951171875
-223.9977264404297,-444.9573059082031
-223.5912322998047,-443.37396240234375
-223.1848602294922,-441.682373046875
-222.80764770507812,-439.9881591796875
-222.46054077148438,-438.2915344238281
-222.1622314453125,-436.69903564453125
-221.89015197753906,-435.1048889160156
-221.6287841796875,-433.4034118652344
-221.4112548828125,-431.8080749511719
-221.20875549316406,-430.10687255859375
-221.0369415283203,-428.4069519042969
-220.8955078125,-426.7090759277344
-220.78453063964844,-425.01409912109375
-220.70407104492188,-423.3225402832031
-220.6565704345703,-421.7403259277344
-220.6358642578125,-420.1618957519531
-220.64305114746094,-418.4828186035156
-220.67686462402344,-416.91339111328125
-220.74205017089844,-415.2447204589844
-220.8307647705078,-413.6856384277344
-220.95611572265625,-412.02899169921875
-221.10272216796875,-410.48223876953125
-221.27789306640625,-408.94195556640625
-221.4949493408203,-407.3060302734375
-221.74253845214844,-405.67724609375
-222.00193786621094,-404.1567077636719
-222.30859375,-402.54205322265625
-222.62460327148438,-401.0350341796875
-222.9921875,-399.434326171875
-223.41709899902344,-397.7408447265625
-223.82064819335938,-396.25274658203125
-224.2804718017578,-394.6717529296875
-224.73829650878906,-393.1955261230469
-225.2545166015625,-391.6275634765625
-225.83331298828125,-389.969482421875
-226.4058074951172,-388.41656494140625
-227.00428771972656,-386.8708190917969
-227.66807556152344,-385.23602294921875
-228.31829833984375,-383.704345703125
-228.99314880371094,-382.1797790527344
-229.69313049316406,-380.66265869140625
-230.4193572998047,-379.15338134765625
-231.17581176757812,-377.65362548828125
-231.96371459960938,-376.16424560546875
-232.78147888183594,-374.68328857421875
-233.62831115722656,-373.20928955078125
-234.50381469726562,-371.7421569824219
-235.406494140625,-370.28094482421875
-236.33482360839844,-368.82476806640625
-237.28726196289062,-367.3730163574219
-238.26351928710938,-365.92626953125
-239.13783264160156,-364.6651916503906
-240.16070556640625,-363.2299499511719
-241.0767059326172,-361.9797668457031
-242.14764404296875,-360.5580139160156
-243.24411010742188,-359.1438903808594
-244.36607360839844,-357.7377624511719
-245.51309204101562,-356.3397521972656
-246.7593536376953,-354.86407470703125
-247.95806884765625,-353.4843444824219
-249.0274200439453,-352.28448486328125
-250.27247619628906,-350.9210205078125
-251.38197326660156,-349.7345886230469
-252.42884826660156,-348.6383361816406
-253.49185180664062,-347.5472106933594
-254.6546630859375,-346.37823486328125
-255.75112915039062,-345.2991638183594
-256.85943603515625,-344.2320861816406
-258.06378173828125,-343.0982666015625
-259.19146728515625,-342.0592041015625
-260.414794921875,-340.9541931152344
-261.55804443359375,-339.9399108886719
-262.7078552246094,-338.93621826171875
-263.95367431640625,-337.8671875
-265.11981201171875,-336.8824157714844
-266.29827880859375,-335.9012145996094
-267.4894714355469,-334.92425537109375
-268.78594970703125,-333.8784484863281
-270.0019836425781,-332.9137878417969
-271.22930908203125,-331.95452880859375
-272.5631408691406,-330.9263610839844
-273.8126220703125,-329.9755554199219
-275.169677734375,-328.9548034667969
-276.53802490234375,-327.936279296875
-277.8179626464844,-326.9916687011719
-279.2060241699219,-325.9749450683594
-280.5042724609375,-325.0315856933594
-281.91302490234375,-324.0167541503906
-283.2314453125,-323.07562255859375
-284.5594177246094,-322.1346435546875
-285.9994812011719,-321.1203918457031
-287.3447265625,-320.1771240234375
-288.8016357421875,-319.15924072265625
-290.2672119140625,-318.1388854980469
-291.6354675292969,-317.188720703125
-293.1164855957031,-316.1626281738281
-294.4990539550781,-315.20751953125
-295.8890380859375,-314.2501525878906
-297.3932189941406,-313.2153625488281
-298.7959289550781,-312.2504577636719
-300.2041320800781,-311.28118896484375
-301.7264404296875,-310.2319030761719
-303.1450500488281,-309.2517395019531
-304.67730712890625,-308.1890869140625
-306.1035461425781,-307.1949462890625
-307.6424560546875,-306.1158752441406
-309.0740661621094,-305.1056213378906
-310.5080871582031,-304.08721923828125
-311.94451904296875,-303.060791015625
-313.49420166015625,-301.9465026855469
-314.93572998046875,-300.90380859375
-316.37982177734375,-299.8536682128906
-317.9381103515625,-298.71484375
-319.3889465332031,-297.65045166015625
-320.955810546875,-296.4974060058594
-322.4138488769531,-295.4208984375
-323.8750915527344,-294.3385314941406
-325.3397521972656,-293.2500305175781
-326.8083190917969,-292.15557861328125
-328.2807922363281,-291.05560302734375
-329.7569580078125,-289.9503479003906
-331.3504943847656,-288.7543029785156
-332.8338317871094,-287.6382141113281
-334.3209228515625,-286.5168762207031
-335.92669677734375,-285.30352783203125
-337.42193603515625,-284.17181396484375
-338.92132568359375,-283.03546142578125
-340.4248962402344,-281.8948974609375
-341.93255615234375,-280.75030517578125
-343.4443664550781,-279.601806640625
-345.0772705078125,-278.3604736328125
-346.5981750488281,-277.2038879394531
-348.2414855957031,-275.9544982910156
-349.77239990234375,-274.79107666015625
-351.4261474609375,-273.5345458984375
-352.96630859375,-272.3642272949219
-354.62982177734375,-271.10009765625
-356.1792297363281,-269.92266845703125
-357.3740539550781,-269.0145568847656
-358.5713195800781,-268.10430908203125
-359.89111328125,-267.1005554199219
-361.0934753417969,-266.1858825683594
-362.4189453125,-265.17730712890625
-363.62646484375,-264.2581787109375
-364.83642578125,-263.3368835449219
-366.1701354980469,-262.3211364746094
-367.38507080078125,-261.3955993652344
-368.6023254394531,-260.46807861328125
-369.94171142578125,-259.44720458984375
-371.15777587890625,-258.52008056640625
-372.49383544921875,-257.50115966796875
-373.7071228027344,-256.5757141113281
-375.04022216796875,-255.55877685546875
-376.2506408691406,-254.63536071777344
-377.45965576171875,-253.7129364013672
-378.66754150390625,-252.79141235351562
-379.8743591308594,-251.8707733154297
-381.2012634277344,-250.8587646484375
-382.4093933105469,-249.93746948242188
-383.6198425292969,-249.01470947265625
-384.9538879394531,-247.99803161621094
-386.16864013671875,-247.0725555419922
-387.3851013183594,-246.1459503173828
-388.6032409667969,-245.218017578125
-389.9449462890625,-244.19566345214844
-391.1661071777344,-243.26463317871094
-392.3885803222656,-242.33204650878906
-393.612548828125,-241.39784240722656
-394.9609069824219,-240.3683624267578
-396.1888732910156,-239.43077087402344
-397.4191589355469,-238.49160766601562
-398.6517639160156,-237.55091857910156
-399.8865661621094,-236.60882568359375
-401.1235656738281,-235.66534423828125
-402.36285400390625,-234.7205352783203
-403.6045227050781,-233.7743682861328
-404.84857177734375,-232.82696533203125
-406.0951843261719,-231.87832641601562
-407.3444519042969,-230.92852783203125
-408.59649658203125,-229.97760009765625
-409.85137939453125,-229.0255584716797
-411.109130859375,-228.07252502441406
-412.3697204589844,-227.11856079101562
-414.01220703125,-225.8775177001953
-415.2760009765625,-224.92422485351562
-416.53662109375,-223.97459411621094
-417.7915954589844,-223.03042602539062
-419.03936767578125,-222.0929412841797
-420.2790222167969,-221.16287231445312
-421.50982666015625,-220.24081420898438
-422.9739074707031,-219.14584350585938
-424.1827392578125,-218.2433624267578
-425.8572082519531,-216.99603271484375
-427.3938293457031,-215.85464477539062
-428.9136657714844,-214.72872924804688
-430.5321044921875,-213.532470703125
-432.0187072753906,-212.43641662597656
-433.4893798828125,-211.35540771484375
-434.83404541015625,-210.37086486816406
-436.1669006347656,-209.3995819091797
-437.59759521484375,-208.36334228515625
-439.0150451660156,-207.3448944091797
-440.42083740234375,-206.3448944091797
-441.81671142578125,-205.36280822753906
-443.2038269042969,-204.39767456054688
-444.5821838378906,-203.44883728027344
-445.8459167480469,-202.58779907226562
-447.2060852050781,-201.6720428466797
-449.7947082519531,-199.96400451660156
-451.1278076171875,-199.10276794433594
-452.4509582519531,-198.25906372070312
-453.96563720703125,-197.30593872070312
-455.2672119140625,-196.4969940185547
-456.55914306640625,-195.70359802246094
-459.4064636230469,-193.9911346435547
-460.9549255371094,-193.08250427246094
-462.49053955078125,-192.19956970214844
-464.0153503417969,-191.34274291992188
-465.4360656738281,-190.56442260742188
-466.9434814453125,-189.76112365722656
-468.4418640136719,-188.98495483398438
-469.9337463378906,-188.2347412109375
-471.41705322265625,-187.50918579101562
-472.799560546875,-186.85345458984375
-474.1745300292969,-186.2210693359375
-475.634033203125,-185.57501220703125
-477.0865478515625,-184.95388793945312
-478.5300598144531,-184.35826110839844
-479.96337890625,-183.78746032714844
-481.3880310058594,-183.2452392578125
-482.80584716796875,-182.7309112548828
-484.3892822265625,-182.1833038330078
-486.0452880859375,-181.640869140625
-487.6846923828125,-181.1367950439453
-489.3072204589844,-180.6712188720703
-490.911376953125,-180.24417114257812
-492.5804138183594,-179.83627319335938
-494.23260498046875,-179.47189331054688
-495.7079772949219,-179.18063354492188
-497.254150390625,-178.91009521484375
-498.7900390625,-178.6781768798828
-500.39581298828125,-178.47671508789062
-501.9110412597656,-178.32640075683594
-503.4967041015625,-178.2112579345703
-505.0754699707031,-178.14198303222656
-508.1416320800781,-178.1380157470703
-509.86199951171875,-178.2158203125
-511.4180908203125,-178.33721923828125
-512.965576171875,-178.5065155029297
-514.7326049804688,-178.75807189941406
-516.4080200195312,-179.0559844970703
-517.9169921875,-179.374755859375
-519.4091796875,-179.73904418945312
-521.0267944335938,-180.1898651123047
-522.5449829101562,-180.6681365966797
-524.038330078125,-181.19276428222656
-525.5079956054688,-181.76478576660156
-528.3037719726562,-183.01611328125
-529.891357421875,-183.8297576904297
-531.4404296875,-184.70030212402344
-532.7611083984375,-185.50885009765625
-534.04833984375,-186.35971069335938
-535.30078125,-187.2522735595703
-536.5180053710938,-188.18370056152344
-537.7533569335938,-189.20001220703125
-538.9459228515625,-190.25738525390625
-540.0960083007812,-191.3533477783203
-541.2022094726562,-192.4859619140625
-542.2637939453125,-193.6526336669922
-543.32470703125,-194.90771484375
-544.290283203125,-196.14102172851562
-545.2069702148438,-197.40380859375
-546.1113891601562,-198.7546844482422
-546.924560546875,-200.0739288330078
-547.6868896484375,-201.4169158935547
-548.3966674804688,-202.78199768066406
-549.0523071289062,-204.16781616210938
-549.6786499023438,-205.63681030273438
-550.2219848632812,-207.0587921142578
-550.7105712890625,-208.49510192871094
-551.1648559570312,-210.0092315673828
-551.544189453125,-211.46746826171875
-551.8819580078125,-213.00010681152344
-552.1571655273438,-214.53929138183594
-552.3936767578125,-216.28500366210938
-552.5532836914062,-218.03729248046875
-552.6362915039062,-219.73500061035156
-552.6500244140625,-221.3102569580078
-552.609130859375,-222.8295135498047
-552.51123046875,-224.42991638183594
-552.3582763671875,-226.04156494140625
-552.140869140625,-227.73583984375
-551.8782958984375,-229.3707733154297
-551.5639038085938,-231.01495361328125
-551.19580078125,-232.66748046875
-550.772705078125,-234.3280792236328
-550.359619140625,-235.77664184570312
-549.8327026367188,-237.4469451904297
-549.2487182617188,-239.12110900878906
-548.6083984375,-240.7967529296875
-548.006103515625,-242.2546844482422
-547.3942260742188,-243.6392822265625
-546.7078247070312,-245.0943603515625
-545.9771118164062,-246.54673767089844
-545.20166015625,-247.9954071044922
-544.3399658203125,-249.5115203857422
-543.519287109375,-250.87857055664062
-542.659423828125,-252.23965454101562
-541.7113647460938,-253.66473388671875
-540.7185668945312,-255.08148193359375
-539.6809692382812,-256.4880676269531
-538.6550903320312,-257.81463623046875
-537.5894165039062,-259.1307067871094
-536.6031494140625,-260.29888916015625
-535.4039916992188,-261.6631164550781
-534.35205078125,-262.81414794921875
-533.1409912109375,-264.0914611816406
-531.9583740234375,-265.2933349609375
-530.8779907226562,-266.35357666015625
-529.55908203125,-267.6020202636719
-528.4182739257812,-268.6437683105469
-527.028564453125,-269.8687744140625
-525.6785278320312,-271.01727294921875
-524.2955322265625,-272.15350341796875
-523.1184692382812,-273.0909423828125
-521.8384399414062,-274.0809020996094
-520.6160888671875,-275.0000915527344
-519.3720703125,-275.9110412597656
-518.1071166992188,-276.8142395019531
-516.7355346679688,-277.7692565917969
-515.4290161132812,-278.6565856933594
-514.10205078125,-279.5361022949219
-512.7549438476562,-280.4088134765625
-511.3887023925781,-281.27581787109375
-509.91143798828125,-282.19476318359375
-508.5078125,-283.05084228515625
-507.18115234375,-283.8448181152344
-505.8385009765625,-284.6341552734375
-504.3826904296875,-285.47491455078125
-502.90972900390625,-286.3110656738281
-501.32025146484375,-287.19781494140625
-499.8131408691406,-288.0245666503906
-498.1877136230469,-288.9016418457031
-496.6478271484375,-289.72015380859375
-495.1968994140625,-290.4819030761719
-493.628662109375,-291.29693603515625
-492.04736328125,-292.1127014160156
-490.5608825683594,-292.8764343261719
-488.9611511230469,-293.6974182128906
-487.3634033203125,-294.51922607421875
-485.8753967285156,-295.2894592285156
-484.28582763671875,-296.1205139160156
-482.8077087402344,-296.9035339355469
-481.2309875488281,-297.752197265625
-479.766845703125,-298.5545959472656
-478.305908203125,-299.3697509765625
-476.7388916015625,-300.2606506347656
-475.2753601074219,-301.1086120605469
-473.7078552246094,-302.0334777832031
-472.1412658691406,-302.9739074707031
-470.5806579589844,-303.92620849609375
-469.13641357421875,-304.81982421875
-467.60614013671875,-305.7782897949219
-466.19525146484375,-306.6710510253906
-464.7025146484375,-307.6234436035156
-463.3268127441406,-308.5067443847656
-461.87115478515625,-309.4465637207031
-460.43359375,-310.3802185058594
-459.1082763671875,-311.2469482421875
-457.70794677734375,-312.1704406738281
-456.3282470703125,-313.09014892578125
-454.96820068359375,-314.0079040527344
-453.7171936035156,-314.8625183105469
-452.3975524902344,-315.7767639160156
-450.84539794921875,-316.8739318847656
-449.33050537109375,-317.9754333496094
-448.09735107421875,-318.8998718261719
-446.6493835449219,-320.01873779296875
-445.4674987792969,-320.957763671875
-444.0018005371094,-322.1526794433594
-442.5699768066406,-323.3553466796875
-441.2437438964844,-324.5036315917969
-439.8751220703125,-325.7286682128906
-438.6076354980469,-326.9039306640625
-437.3669738769531,-328.0944519042969
-436.28570556640625,-329.1658630371094
-435.0263671875,-330.45587158203125
-433.8597717285156,-331.697509765625
-432.6592102050781,-333.0300598144531
-431.5523986816406,-334.3139343261719
-430.4756164550781,-335.6182861328125
-429.37164306640625,-337.01611328125
-428.30157470703125,-338.43505859375
-427.266357421875,-339.8748474121094
-426.2663879394531,-341.3349304199219
-425.4011535644531,-342.65765380859375
-424.51568603515625,-344.0743408203125
-423.61602783203125,-345.587158203125
-422.75225830078125,-347.1174011230469
-421.9239501953125,-348.66412353515625
-421.13134765625,-350.2254638671875
-420.4127502441406,-351.7168273925781
-419.72662353515625,-353.2197265625
-419.0393371582031,-354.81805419921875
-418.423828125,-356.34320068359375
-417.8106384277344,-357.9641418457031
-417.262451171875,-359.5086364746094
-416.7181091308594,-361.1461486816406
-416.210205078125,-362.79034423828125
-415.76641845703125,-364.355224609375
-415.3388977050781,-366.01654052734375
-414.9715270996094,-367.6009216308594
-414.6218566894531,-369.2859802246094
-414.2984619140625,-371.0751647949219
-414.0244445800781,-372.8812255859375
-413.806884765625,-374.6142272949219
-413.61822509765625,-376.4591064453125
-413.4728088378906,-378.2315979003906
-413.35748291015625,-380.0232238769531
-413.2709045410156,-381.8344421386719
-413.213623046875,-383.66552734375
-413.1859436035156,-385.2227478027344
-413.1821594238281,-386.7902526855469
-413.2108459472656,-388.6650085449219
-413.2801208496094,-390.5549011230469
-413.3666076660156,-392.1572570800781
-413.4683837890625,-393.6656188964844
-413.59954833984375,-395.2807312011719
-413.75653076171875,-396.9020690917969
-413.9281311035156,-398.42706298828125
-414.1365966796875,-400.0587463378906
-414.35455322265625,-401.593505859375
-414.609130859375,-403.2364807128906
-414.8678283691406,-404.7821044921875
-415.1656799316406,-406.43634033203125
-415.48651123046875,-408.0964050292969
-415.8301086425781,-409.7624206542969
-416.2196350097656,-411.5387268066406
-416.5841064453125,-413.1112060546875
-416.9952087402344,-414.7934875488281
-417.40234375,-416.3747253417969
-417.8600158691406,-418.0658264160156
-418.3413391113281,-419.7615051269531
-418.8457946777344,-421.461669921875
-419.3728942871094,-423.16729736328125
-419.9217529296875,-424.8789978027344
-420.4916687011719,-426.5970764160156
-421.04510498046875,-428.2138671875
-421.6558532714844,-429.9450378417969
-422.24725341796875,-431.5740966796875
-422.89794921875,-433.318115234375
-423.52618408203125,-434.9591979980469
-424.21478271484375,-436.7156982421875
-424.9179992675781,-438.4671936035156
-425.6332092285156,-440.2117614746094
-426.3586120605469,-441.9502868652344
-427.0923767089844,-443.6834716796875
-427.8330383300781,-445.4120178222656
-428.57940673828125,-447.1369934082031
-429.28643798828125,-448.75927734375
-430.0492248535156,-450.4991455078125
-430.67486572265625,-451.9190979003906
-431.450927734375,-453.6733093261719
-432.2330322265625,-455.4354553222656
-433.02001953125,-457.2066345214844
-433.81048583984375,-458.98779296875
-434.603759765625,-460.77978515625
-435.3497009277344,-462.4701843261719
-436.1471252441406,-464.284423828125
-436.9452819824219,-466.1108093261719
-437.59381103515625,-467.60418701171875
-438.1921691894531,-468.9906311035156
-438.79034423828125,-470.3847961425781
-439.3881530761719,-471.7866516113281
-439.985595703125,-473.1961364746094
-440.5823669433594,-474.613037109375
-441.1782531738281,-476.03729248046875
-441.77301025390625,-477.468994140625
-442.3666076660156,-478.9081726074219
-442.9588623046875,-480.35498046875
-443.5497741699219,-481.8094482421875
-444.1883850097656,-483.3937072753906
-444.77642822265625,-484.86383056640625
-445.411865234375,-486.4648132324219
-445.9969787597656,-487.9503479003906
-446.58074951171875,-489.4432678222656
-447.1632080078125,-490.9434509277344
-447.7442321777344,-492.4507141113281
-448.3236999511719,-493.9649963378906
-448.9017028808594,-495.48638916015625
-449.4782409667969,-497.0148620605469
-450.1012268066406,-498.6787414550781
-450.675048828125,-500.2218933105469
-451.29534912109375,-501.9013671875
-451.9141845703125,-503.588623046875
-452.48419189453125,-505.1529846191406
-453.1001281738281,-506.8552551269531
-453.7145690917969,-508.56549072265625
-454.2803649902344,-510.1510925292969
-454.89190673828125,-511.8763427734375
-455.45513916015625,-513.4757690429688
-456.0637512207031,-515.2157592773438
-456.6237487792969,-516.8285522460938
-457.1817932128906,-518.4478149414062
-457.7839050292969,-520.2094116210938
-458.3374328613281,-521.8423461914062
-458.93463134765625,-523.6187133789062
-459.48358154296875,-525.2651977539062
-460.07574462890625,-527.05615234375
-460.6651611328125,-528.8546142578125
-461.20672607421875,-530.5213012695312
-461.74591064453125,-532.1942138671875
-462.2826232910156,-533.8734130859375
-462.81707763671875,-535.5588989257812
-463.3494873046875,-537.2506713867188
-463.9242248535156,-539.0902099609375
-464.4969787597656,-540.9365234375
-465.0238342285156,-542.6469116210938
-465.549072265625,-544.3631591796875
-466.1163330078125,-546.2288208007812
-466.6380310058594,-547.9566650390625
-467.1578063964844,-549.6900024414062
-467.7187805175781,-551.5741577148438
-468.23486328125,-553.319580078125
-468.7920227050781,-555.2166137695312
-469.3031921386719,-556.9686889648438
-469.7686767578125,-558.573974609375
-470.273193359375,-560.3242797851562
-470.7743835449219,-562.0736694335938
-471.2720031738281,-563.822021484375
-471.8067321777344,-565.71484375
-472.2962646484375,-567.4612426757812
-472.7818298339844,-569.206787109375
-473.304443359375,-571.1006469726562
-473.7845458984375,-572.8543090820312
-474.26251220703125,-574.6130981445312
-474.73809814453125,-576.3758544921875
-475.250732421875,-578.2897338867188
-475.72149658203125,-580.0604248046875
-476.1902160644531,-581.8353271484375
-476.6570129394531,-583.6143188476562
-477.1604919433594,-585.546142578125
-477.6231994628906,-587.333984375
-478.1221008300781,-589.27587890625
-478.580322265625,-591.0730590820312
-479.0362548828125,-592.8749389648438
-479.4899597167969,-594.6817626953125
-479.9789123535156,-596.6447143554688
-480.42791748046875,-598.4618530273438
-480.8373718261719,-600.1320190429688
-481.3185119628906,-602.1115112304688
-481.76019287109375,-603.9441528320312
-482.19970703125,-605.7819213867188
-482.6370849609375,-607.62451171875
-483.0722961425781,-609.4718627929688
-483.5414733886719,-611.4788208007812
-483.97222900390625,-613.3363647460938
-484.3651123046875,-615.0433349609375
-484.791748046875,-616.9100952148438
-485.2163391113281,-618.7816162109375
-485.6037902832031,-620.5012817382812
-486.02459716796875,-622.381591796875
-486.4432373046875,-624.2665405273438
-486.85992431640625,-626.156494140625
-487.2748718261719,-628.05126953125
-487.6882019042969,-629.9506225585938
-488.0998229980469,-631.854248046875
-488.5097351074219,-633.76220703125
-488.9180603027344,-635.6746215820312
-489.3248596191406,-637.5916137695312
-489.7302551269531,-639.5130004882812
-490.13427734375,-641.438720703125
-490.537109375,-643.36865234375
-490.938720703125,-645.3026733398438
-491.3389587402344,-647.2408447265625
-491.7378845214844,-649.1832275390625
-492.1355895996094,-651.1298828125
-492.5321350097656,-653.0806884765625
-492.92767333984375,-655.0355834960938
-493.32257080078125,-656.9944458007812
-493.71710205078125,-658.957275390625
-494.1117248535156,-660.9240112304688
-494.50665283203125,-662.894287109375
-494.9022521972656,-664.8683471679688
-495.2657775878906,-666.6813354492188
-495.6633605957031,-668.66259765625
-496.0621032714844,-670.64697265625
-496.46209716796875,-672.6343994140625
-496.7630310058594,-674.127197265625
-497.16571044921875,-676.12060546875
-497.57000732421875,-678.1175537109375
-497.8742980957031,-679.6176147460938
-498.2813415527344,-681.6204833984375
-498.6899719238281,-683.62646484375
-499.1002502441406,-685.6354370117188
-499.4779052734375,-687.479736328125
-499.89166259765625,-689.49462890625
-500.3069763183594,-691.5127563476562
-500.7237548828125,-693.5344848632812
-501.1068420410156,-695.3908081054688
-501.5257263183594,-697.4191284179688
-501.94537353515625,-699.4506225585938
-502.33056640625,-701.315673828125
-502.6460266113281,-702.8438110351562
-503.0670471191406,-704.8842163085938
-503.48858642578125,-706.9278564453125
-503.9107666015625,-708.9746704101562
-504.33367919921875,-711.0242919921875
-504.75762939453125,-713.0768432617188
-505.1829833984375,-715.132568359375
-505.5741271972656,-717.0198364257812
-506.00225830078125,-719.0818481445312
-506.4317321777344,-721.1471557617188
-506.8623046875,-723.2158813476562
-507.1857604980469,-724.7694091796875
-507.6177062988281,-726.8433227539062
-508.0504455566406,-728.919921875
-508.37554931640625,-730.4791870117188
-508.80975341796875,-732.5606689453125
-509.24505615234375,-734.6451416015625
-509.64520263671875,-736.5582275390625
-510.0465087890625,-738.4730834960938
-510.4853515625,-740.5617065429688
-510.8878479003906,-742.4718017578125
-511.3263244628906,-744.5462036132812
-511.76361083984375,-746.6079711914062
-512.1994018554688,-748.6550903320312
-512.6334838867188,-750.68603515625
-512.957763671875,-752.1975708007812
-513.3883056640625,-754.1958618164062
-513.7815551757812,-756.009521484375
-514.2095947265625,-757.9691162109375
-514.6361083984375,-759.9092407226562
-515.0253295898438,-761.6693725585938
-515.4490356445312,-763.5712280273438
-515.8715209960938,-765.4520263671875
-516.2579345703125,-767.1580810546875
-516.6790771484375,-769.0000610351562
-517.0997924804688,-770.8222045898438
-517.5203247070312,-772.6246337890625
-517.9402465820312,-774.4066162109375
-518.3598022460938,-776.16845703125
-518.7798461914062,-777.9121704101562
-519.2006225585938,-779.6384887695312
-519.622314453125,-781.34765625
-520.0453491210938,-783.04052734375
-520.4342041015625,-784.5789794921875
-520.859619140625,-786.2433471679688
-521.2860717773438,-787.8931884765625
-521.71337890625,-789.5287475585938
-522.1771850585938,-791.28515625
-522.5704956054688,-792.75927734375
-523.0010986328125,-794.3549194335938
-523.4338989257812,-795.9375
-523.9793701171875,-797.8975219726562
-524.4201049804688,-799.4512939453125
-524.977294921875,-801.3758544921875
-525.4288940429688,-802.9022827148438
-526.00244140625,-804.79345703125
-526.5881958007812,-806.6656494140625
-527.1888427734375,-808.5193481445312
-527.6812133789062,-809.9891967773438
-528.312255859375,-811.8104248046875
-528.9611206054688,-813.61572265625
-529.6282958984375,-815.4068603515625
-530.1751098632812,-816.830322265625
-530.8753662109375,-818.598388671875
-531.6915893554688,-820.5884399414062
-532.3818969726562,-822.2162475585938
-532.9864501953125,-823.6033935546875
-533.7586059570312,-825.3267822265625
-534.389892578125,-826.6968994140625
-535.1964111328125,-828.3981323242188
-535.8561401367188,-829.7494506835938
-536.6998291015625,-831.42578125
-537.5650634765625,-833.0872192382812
-538.45263671875,-834.7330322265625
-539.3626098632812,-836.362548828125
-540.2951049804688,-837.9747314453125
-541.314453125,-839.6747436523438
-542.3590698242188,-841.3541259765625
-543.4287109375,-843.01220703125
-544.4544067382812,-844.5465698242188
-545.501708984375,-846.0614013671875
-546.5700073242188,-847.556884765625
-547.6587524414062,-849.0327758789062
-548.842041015625,-850.5853881835938
-549.9716796875,-852.0206298828125
-551.120849609375,-853.435546875
-552.3679809570312,-854.9218139648438
-553.5570678710938,-856.2933349609375
-554.7648315429688,-857.6437377929688
-555.9907836914062,-858.9724731445312
-557.2347412109375,-860.2789306640625
-558.5809936523438,-861.6480712890625
-559.8611450195312,-862.9088134765625
-561.1576538085938,-864.147705078125
-562.470458984375,-865.3641357421875
-563.7999877929688,-866.556396484375
-565.0565795898438,-867.6464233398438
-566.4196166992188,-868.7903442382812
-567.799072265625,-869.9100952148438
-569.1937866210938,-871.0060424804688
-570.6979370117188,-872.148681640625
-572.1234130859375,-873.1950073242188
-573.564208984375,-874.217041015625
-575.0203247070312,-875.2150268554688
-576.49169921875,-876.1884765625
-577.8785400390625,-877.0750732421875
-579.3794555664062,-878.001708984375
-580.794921875,-878.8462524414062
-582.3274536132812,-879.7310180664062
-583.7725830078125,-880.5387573242188
-585.3369140625,-881.38525390625
-586.9181518554688,-882.2120361328125
-588.5164794921875,-883.0198974609375
-590.1316528320312,-883.8094482421875
-591.763671875,-884.5806884765625
-593.3021240234375,-885.2841796875
-594.9669799804688,-886.020751953125
-596.648681640625,-886.73974609375
-598.3472900390625,-887.4412231445312
-600.0623168945312,-888.125732421875
-601.9097290039062,-888.8370971679688
-603.6586303710938,-889.4863891601562
-605.4241333007812,-890.1185302734375
-607.2058715820312,-890.734619140625
-609.003173828125,-891.3341064453125
-610.8157348632812,-891.91455078125
-612.6445922851562,-892.47412109375
-614.489013671875,-893.0126342773438
-616.3482055664062,-893.5310668945312
-618.22119140625,-894.0299682617188
-620.1073608398438,-894.509521484375
-622.006591796875,-894.9696655273438
-623.5354614257812,-895.3235473632812
-625.458251953125,-895.7485961914062
-627.2639770507812,-896.1281127929688
-628.81982421875,-896.4400634765625
-630.6442260742188,-896.7874145507812
-632.2153930664062,-897.0702514648438
-633.7930908203125,-897.3395385742188
-635.7739868164062,-897.6581420898438
-637.7635498046875,-897.9575805664062
-639.3604736328125,-898.1825561523438
-640.9617919921875,-898.393798828125
-642.5673828125,-898.5911254882812
-644.5798950195312,-898.8176879882812
-646.5978393554688,-899.0216064453125
-648.6202392578125,-899.2026977539062
-650.6463012695312,-899.361083984375
-652.67578125,-899.4971923828125
-654.301513671875,-899.590576171875
-656.3357543945312,-899.6873168945312
-658.3716430664062,-899.7603149414062
-660.408935546875,-899.8082275390625
-662.31201171875,-899.830078125
-664.3522338867188,-899.8289794921875
-667.345458984375,-899.78125
-668.97802734375,-899.7316284179688
-671.9705200195312,-899.5968017578125
-673.602294921875,-899.499755859375
-676.9993896484375,-899.2454223632812
-678.8992309570312,-899.0709228515625
-681.8807373046875,-898.7483520507812
-683.3702392578125,-898.5648193359375
-684.8590698242188,-898.3666381835938
-686.4826049804688,-898.1339111328125
-687.9705200195312,-897.906005859375
-689.4580078125,-897.6642456054688
-690.9447631835938,-897.4085693359375
-692.4306640625,-897.138427734375
-693.9157104492188,-896.8540649414062
-695.4003295898438,-896.5560302734375
-697.2890014648438,-896.1573486328125
-698.7716064453125,-895.8284301757812
-700.38720703125,-895.453125
-701.86669921875,-895.0939331054688
-703.3451538085938,-894.7203979492188
-704.9567260742188,-894.2965698242188
-706.432861328125,-893.893310546875
-708.0416870117188,-893.4366455078125
-709.515380859375,-893.0029907226562
-710.9881591796875,-892.5548706054688
-712.4603271484375,-892.092529296875
-713.931396484375,-891.61572265625
-715.4013061523438,-891.1243286132812
-716.8701782226562,-890.6182861328125
-718.3380126953125,-890.0977783203125
-719.8046875,-889.562744140625
-721.2698364257812,-889.012939453125
-722.7334594726562,-888.4483642578125
-724.1958618164062,-887.8690185546875
-725.6571044921875,-887.275390625
-727.116943359375,-886.6676025390625
-728.5751953125,-886.0458374023438
-730.4285278320312,-885.2339477539062
-731.88232421875,-884.579833984375
-733.3339233398438,-883.911376953125
-735.1780395507812,-883.0401000976562
-736.6240234375,-882.3394165039062
-738.0670776367188,-881.6244506835938
-739.5069580078125,-880.8950805664062
-740.9432373046875,-880.1510009765625
-742.3759155273438,-879.3919677734375
-743.8048095703125,-878.6182250976562
-745.2301635742188,-877.8302612304688
-746.651611328125,-877.028076171875
-748.0689697265625,-876.2117919921875
-749.4820556640625,-875.3812866210938
-750.8906860351562,-874.5366821289062
-752.6754150390625,-873.4420776367188
-754.066650390625,-872.5685424804688
-755.4470825195312,-871.68310546875
-756.8168334960938,-870.7855224609375
-758.176025390625,-869.876220703125
-759.5249633789062,-868.95556640625
-761.1057739257812,-867.8534545898438
-762.431396484375,-866.9086303710938
-763.9826049804688,-865.7766723632812
-765.2841796875,-864.8033447265625
-766.9290161132812,-863.5424194335938
-768.5603637695312,-862.257080078125
-770.0620727539062,-861.042724609375
-771.3226318359375,-859.9998779296875
-772.9136962890625,-858.6527099609375
-774.378173828125,-857.3822631835938
-775.6080322265625,-856.29296875
-777.1609497070312,-854.8878173828125
-778.3710327148438,-853.7689208984375
-779.4631958007812,-852.740234375
-780.6559448242188,-851.5960083007812
-781.7330322265625,-850.5447387695312
-782.9102783203125,-849.3764038085938
-783.9740600585938,-848.3040161132812
-785.0314331054688,-847.2218627929688
-786.1875610351562,-846.020751953125
-787.336669921875,-844.8084716796875
-788.4783325195312,-843.5850219726562
-789.509521484375,-842.4630737304688
-790.6367797851562,-841.2183837890625
-791.6549072265625,-840.077392578125
-792.666259765625,-838.9274291992188
-793.6705322265625,-837.7681884765625
-794.6676025390625,-836.5995483398438
-795.6574096679688,-835.4215087890625
-796.7377319335938,-834.1148681640625
-797.808837890625,-832.796875
-798.774658203125,-831.5889892578125
-799.8287963867188,-830.2498779296875
-800.8743896484375,-828.9002075195312
-801.8173217773438,-827.664306640625
-802.752685546875,-826.4197387695312
-803.6800537109375,-825.1665649414062
-804.5992431640625,-823.904541015625
-805.6009521484375,-822.5061645507812
-806.5029907226562,-821.2257080078125
-807.39697265625,-819.9365234375
-808.3709716796875,-818.5086669921875
-809.2479248046875,-817.201904296875
-810.203369140625,-815.7550659179688
-811.0638427734375,-814.4312744140625
-812.0015258789062,-812.9661254882812
-812.8455810546875,-811.6260986328125
-813.6814575195312,-810.2783813476562
-814.5090942382812,-808.9228515625
-815.4098510742188,-807.4228515625
-816.2200317382812,-806.0512084960938
-817.02197265625,-804.6719970703125
-817.89453125,-803.1463623046875
-818.6791381835938,-801.751708984375
-819.5328369140625,-800.2093505859375
-820.3007202148438,-798.7997436523438
-821.13671875,-797.2413330078125
-821.8890380859375,-795.8176879882812
-822.7083129882812,-794.2443237304688
-823.4453735351562,-792.8075561523438
-824.2474975585938,-791.2199096679688
-824.968994140625,-789.77001953125
-825.7543334960938,-788.1680297851562
-826.4609375,-786.7053833007812
-827.2301635742188,-785.0897827148438
-827.9219360351562,-783.6151123046875
-828.6747436523438,-781.9864501953125
-829.4191284179688,-780.3509521484375
-830.0885620117188,-778.858154296875
-830.8171997070312,-777.2098388671875
-831.538330078125,-775.5552368164062
-832.2525024414062,-773.8945922851562
-832.9596557617188,-772.2277221679688
-833.6598510742188,-770.5547485351562
-834.2903442382812,-769.02880859375
-834.9771118164062,-767.3449096679688
-835.6563720703125,-765.6552124023438
-836.3276977539062,-763.9595336914062
-836.990966796875,-762.2578735351562
-837.6463623046875,-760.5503540039062
-838.2355346679688,-758.9930419921875
-838.8763427734375,-757.2745361328125
-839.509765625,-755.5505981445312
-840.1923217773438,-753.6640625
-840.8104248046875,-751.9293823242188
-841.4217529296875,-750.1895141601562
-842.0264892578125,-748.4443969726562
-842.6251220703125,-746.6942138671875
-843.21826171875,-744.9390869140625
-843.8599243164062,-743.019287109375
-844.4432373046875,-741.2549438476562
-845.0211791992188,-739.4863891601562
-845.5939331054688,-737.713623046875
-846.1627197265625,-735.936767578125
-846.7799072265625,-733.9942016601562
-847.343017578125,-732.2098388671875
-847.954345703125,-730.2589721679688
-848.51220703125,-728.4669799804688
-849.1185913085938,-726.5084228515625
-849.673095703125,-724.7100830078125
-850.2260131835938,-722.9088134765625
-850.7761840820312,-721.1045532226562
-851.3229370117188,-719.2970581054688
-851.866943359375,-717.4859008789062
-852.4097900390625,-715.6710815429688
-852.9524536132812,-713.8533935546875
-853.5449829101562,-711.8683471679688
-854.1388549804688,-709.8815307617188
-854.7344360351562,-707.8926391601562
-855.2821044921875,-706.0670166015625
-855.88134765625,-704.0726928710938
-856.4826049804688,-702.0758056640625
-857.0352783203125,-700.243408203125
-857.639892578125,-698.2423706054688
-858.1954345703125,-696.4060668945312
-858.7522583007812,-694.567626953125
-859.3102416992188,-692.7271728515625
-859.9202880859375,-690.7173461914062
-860.4806518554688,-688.8728637695312
-861.0420532226562,-687.0263061523438
-861.6556396484375,-685.0094604492188
-862.218994140625,-683.1588134765625
-862.7833251953125,-681.3064575195312
-863.3485717773438,-679.452392578125
-863.9662475585938,-677.4273071289062
-864.5333251953125,-675.5687866210938
-865.1012573242188,-673.7081909179688
-865.6701049804688,-671.8456420898438
-866.2916259765625,-669.8116455078125
-866.8621826171875,-667.945556640625
-867.4335327148438,-666.077880859375
-868.0057373046875,-664.2085571289062
-868.6309204101562,-662.1671752929688
-869.2050170898438,-660.2938232421875
-869.7802124023438,-658.4182739257812
-870.3563842773438,-656.5407104492188
-870.9335327148438,-654.661376953125
-871.5115356445312,-652.7805786132812
-872.0903930664062,-650.8984375
-872.7228393554688,-648.8435668945312
-873.303466796875,-646.9583740234375
-873.8848266601562,-645.071533203125
-874.5199584960938,-643.01123046875
-875.1560668945312,-640.9487915039062
-875.7931518554688,-638.8842163085938
-876.3778686523438,-636.989990234375
-876.9630737304688,-635.093994140625
-877.5487670898438,-633.1963500976562
-878.1346435546875,-631.2969970703125
-878.7202758789062,-629.3959350585938
-879.252197265625,-627.666015625
-879.836669921875,-625.7611694335938
-880.4732055664062,-623.6806030273438
-881.0556640625,-621.771240234375
-881.690185546875,-619.6859741210938
-882.271240234375,-617.7724609375
-882.905029296875,-615.68310546875
-883.5393676757812,-613.5919799804688
-884.1218872070312,-611.673583984375
-884.7059326171875,-609.7540283203125
-885.2918090820312,-607.833251953125
-885.8797607421875,-605.9114379882812
-886.4699096679688,-603.9887084960938
-887.1160888671875,-601.8900146484375
-887.7105102539062,-599.9652709960938
-888.306884765625,-598.0396118164062
-888.9052124023438,-596.1129760742188
-889.5053100585938,-594.1853637695312
-890.05224609375,-592.4320068359375
-890.6552734375,-590.5023193359375
-891.2597045898438,-588.5718383789062
-891.8653564453125,-586.6410522460938
-892.4715576171875,-584.712890625
-893.0219116210938,-582.966064453125
-893.6253051757812,-581.0550537109375
-894.2258911132812,-579.1574096679688
-894.7692260742188,-577.4450073242188
-895.3636474609375,-575.576416015625
-895.954833984375,-573.7238159179688
-896.5426635742188,-571.8881225585938
-897.1273193359375,-570.0704956054688
-897.6561889648438,-568.4345092773438
-898.2357177734375,-566.6527709960938
-898.8134765625,-564.8884887695312
-899.3893432617188,-563.140625
-899.9632568359375,-561.4095458984375
-900.5346069335938,-559.6975708007812
-901.1035766601562,-558.0057983398438
-901.6710815429688,-556.3321533203125
-902.2373657226562,-554.6732788085938
-902.801513671875,-553.027587890625
-903.3626098632812,-551.3958740234375
-903.920166015625,-549.7800903320312
-904.4730834960938,-548.1828002929688
-905.0216674804688,-546.604248046875
-905.5665283203125,-545.0438842773438
-906.1087036132812,-543.5014038085938
-906.6489868164062,-541.9766845703125
-907.1886596679688,-540.4689331054688
-907.7774047851562,-538.843505859375
-908.3174438476562,-537.371826171875
-908.859375,-535.9163208007812
-909.4029541015625,-534.4773559570312
-909.9486694335938,-533.0545043945312
-910.4976806640625,-531.646728515625
-911.2513427734375,-529.7515258789062
-911.9605712890625,-528.0088500976562
-912.7294311523438,-526.1692504882812
-913.4552001953125,-524.478759765625
-914.2421264648438,-522.694091796875
-914.984375,-521.052978515625
-915.7879028320312,-519.3200073242188
-916.5995483398438,-517.6136474609375
-917.4199829101562,-515.9336547851562
-918.1951293945312,-514.38916015625
-918.9776611328125,-512.867919921875
-919.8248901367188,-511.2625427246094
-920.6217041015625,-509.7870788574219
-921.4821166992188,-508.2297668457031
-922.2904052734375,-506.7982177734375
-923.161865234375,-505.2880554199219
-924.0357666015625,-503.8068542480469
-924.8570556640625,-502.4491882324219
-925.7435913085938,-501.0220947265625
-926.5785522460938,-499.7159118652344
-927.4802856445312,-498.34405517578125
-928.3292236328125,-497.08868408203125
-929.1857299804688,-495.8572082519531
-930.2977294921875,-494.31048583984375
-931.3623657226562,-492.8872375488281
-932.5062255859375,-491.4157409667969
-933.6024169921875,-490.0581359863281
-934.7822875976562,-488.6549377441406
-935.9144287109375,-487.362548828125
-937.1296997070312,-486.0291748046875
-938.291259765625,-484.8037414550781
-939.4647827148438,-483.5640869140625
-940.7208862304688,-482.3847351074219
-941.9201049804688,-481.2587890625
-943.2041625976562,-480.10089111328125
-944.4323120117188,-479.03948974609375
-945.67724609375,-478.0094299316406
-946.9392700195312,-477.00994873046875
-948.2175903320312,-476.0407409667969
-949.5881958007812,-475.0489807128906
-950.8985595703125,-474.14593505859375
-952.3028564453125,-473.22589111328125
-953.6441040039062,-472.3899230957031
-954.9987182617188,-471.5845031738281
-956.3662109375,-470.80902099609375
-957.7470703125,-470.0640563964844
-959.223876953125,-469.3089904785156
-960.6317749023438,-468.62774658203125
-962.1347045898438,-467.9400634765625
-963.5647583007812,-467.32135009765625
-965.0051879882812,-466.73175048828125
-966.5422973632812,-466.1387023925781
-968.0917358398438,-465.5776062011719
-969.5662231445312,-465.0783996582031
-971.1385498046875,-464.58294677734375
-972.720947265625,-464.1221923828125
-974.3994140625,-463.6733093261719
-976.0838623046875,-463.2632751464844
-977.6845703125,-462.9109191894531
-979.2908935546875,-462.59375
-980.903564453125,-462.31182861328125
-982.5233764648438,-462.0668029785156
-984.1510009765625,-461.857666015625
-985.7872924804688,-461.6845397949219
-987.4324951171875,-461.5460205078125
-989.1785888671875,-461.43560791015625
-990.9334106445312,-461.3607177734375
-992.6028442382812,-461.3205871582031
-994.3720092773438,-461.31103515625
-996.1483764648438,-461.3373107910156
-997.8361206054688,-461.3979797363281
-999.6212768554688,-461.5012512207031
-1001.4115600585938,-461.64093017578125
-1003.1099243164062,-461.8048400878906
-1004.9033203125,-462.0101623535156
-1006.6011352539062,-462.2375183105469
-1008.3904418945312,-462.5142517089844
-1010.1761474609375,-462.8296203613281
-1011.8644409179688,-463.1626281738281
-1013.6436767578125,-463.5481262207031
-1015.4193115234375,-463.9701232910156
-1017.0980224609375,-464.4029541015625
-1018.7735595703125,-464.8680114746094
-1020.5391235351562,-465.3923034667969
-1022.30078125,-465.9503479003906
-1023.966552734375,-466.5086364746094
-1025.629638671875,-467.0948181152344
-1027.289306640625,-467.7081604003906
-1028.9443359375,-468.35003662109375
-1030.593505859375,-469.0221862792969
-1032.145751953125,-469.6849060058594
-1033.784423828125,-470.4147033691406
-1035.4189453125,-471.1712646484375
-1037.0499267578125,-471.9521179199219
-1038.67919921875,-472.7525939941406
-1040.219970703125,-473.5190124511719
-1041.8575439453125,-474.3316955566406
-1043.413330078125,-475.0919494628906
-1044.98046875,-475.83807373046875
-1046.5592041015625,-476.5652770996094
-1047.9615478515625,-477.1879577636719
-1049.5606689453125,-477.86993408203125
-1050.979736328125,-478.4491271972656
-1052.5009765625,-479.0428466796875
-1054.125,-479.6454772949219
-1055.7562255859375,-480.2174072265625
-1057.39404296875,-480.7571105957031
-1059.134765625,-481.2921447753906
-1060.7845458984375,-481.7635803222656
-1062.43896484375,-482.2022705078125
-1063.9024658203125,-482.5622863769531
-1065.6636962890625,-482.9600830078125
-1067.333251953125,-483.30120849609375
-1068.91064453125,-483.5919189453125
-1070.5938720703125,-483.8695068359375
-1072.2847900390625,-484.1153869628906
-1074.0836181640625,-484.3414611816406
-1075.7908935546875,-484.5224914550781
-1077.506591796875,-484.6723937988281
-1079.23046875,-484.7921142578125
-1080.8597412109375,-484.8775939941406
-1082.595703125,-484.9383239746094
-1084.3353271484375,-484.96826171875
-1086.0775146484375,-484.9666748046875
-1087.82080078125,-484.9349365234375
-1089.562744140625,-484.8740539550781
-1091.198974609375,-484.7892761230469
-1092.9332275390625,-484.6698913574219
-1094.6632080078125,-484.5203857421875
-1096.388427734375,-484.342529296875
-1098.2088623046875,-484.12432861328125
-1099.9208984375,-483.88812255859375
-1101.62451171875,-483.620849609375
-1103.219970703125,-483.3401184082031
-1104.9066162109375,-483.0119934082031
-1106.584716796875,-482.6543884277344
-1108.253662109375,-482.2674255371094
-1109.8157958984375,-481.8744812011719
-1111.4669189453125,-481.42669677734375
-1113.1094970703125,-480.94970703125
-1114.7427978515625,-480.4426574707031
-1116.4598388671875,-479.87347412109375
-1117.9752197265625,-479.3398132324219
-1119.57421875,-478.7464599609375
-1121.0687255859375,-478.16461181640625
-1122.6444091796875,-477.5215148925781
-1124.1142578125,-476.89141845703125
-1125.66064453125,-476.1934814453125
-1127.1905517578125,-475.4655456542969
-1128.6163330078125,-474.7547607421875
-1130.1168212890625,-473.97314453125
-1131.6025390625,-473.1642761230469
-1132.9862060546875,-472.3766784667969
-1134.3543701171875,-471.5626525878906
-1135.70703125,-470.7221984863281
-1137.1270751953125,-469.8003845214844
-1138.53076171875,-468.84918212890625
-1139.8382568359375,-467.9271240234375
-1141.133056640625,-466.9788513183594
-1142.4150390625,-466.0043029785156
-1143.7630615234375,-464.9395446777344
-1145.0968017578125,-463.84466552734375
-1146.417236328125,-462.720458984375
-1147.7255859375,-461.5676574707031
-1148.9466552734375,-460.4568176269531
-1150.1583251953125,-459.3203125
-1151.4359130859375,-458.08447265625
-1152.629638671875,-456.8955078125
-1153.88916015625,-455.6055603027344
-1155.06640625,-454.3663635253906
-1156.236328125,-453.102783203125
-1157.47119140625,-451.7339172363281
-1158.625732421875,-450.4213562011719
-1159.77294921875,-449.08544921875
-1160.9130859375,-447.7265625
-1161.9757080078125,-446.4325256347656
-1163.102294921875,-445.0316162109375
-1164.1512451171875,-443.6990661621094
-1165.262451171875,-442.256591796875
-1166.3643798828125,-440.79193115234375
-1167.4559326171875,-439.30517578125
-1168.3343505859375,-438.0804138183594
-1169.405029296875,-436.55230712890625
-1170.39892578125,-435.0998229980469
-1171.2530517578125,-433.8262939453125
-1172.228271484375,-432.3423767089844
-1173.18701171875,-430.850830078125
-1174.130126953125,-429.35296630859375
-1175.05908203125,-427.849853515625
-1175.854248046875,-426.5436706542969
-1176.76171875,-425.0334167480469
-1177.6593017578125,-423.5200500488281
-1178.5509033203125,-421.9988708496094
-1179.439697265625,-420.4650573730469
-1180.3253173828125,-418.918701171875
-1181.0888671875,-417.569580078125
-1181.965576171875,-416.0024719238281
-1182.838134765625,-414.4241943359375
-1183.7069091796875,-412.8346252441406
-1184.5718994140625,-411.2335510253906
-1185.432861328125,-409.6206970214844
-1186.2896728515625,-407.9958190917969
-1187.02880859375,-406.5774841308594
-1187.877685546875,-404.92901611328125
-1188.7225341796875,-403.2676086425781
-1189.563720703125,-401.59326171875
-1190.2349853515625,-400.2445983886719
-1190.904541015625,-398.8883361816406
-1191.6270751953125,-397.410888671875
-1192.29052734375,-396.0388488769531
-1192.9503173828125,-394.6582336425781
-1193.660400390625,-393.1526794433594
-1194.3116455078125,-391.75390625
-1194.9593505859375,-390.3467102050781
-1195.6033935546875,-388.9314270019531
-1196.2974853515625,-387.38922119140625
-1196.935302734375,-385.9575500488281
-1197.57080078125,-384.5184326171875
-1198.204833984375,-383.0723571777344
-1198.8380126953125,-381.6196594238281
-1199.471435546875,-380.1605529785156
-1200.105712890625,-378.69549560546875
-1200.74169921875,-377.22479248046875
-1201.3802490234375,-375.7489013671875
-1202.02197265625,-374.26812744140625
-1202.667724609375,-372.78277587890625
-1203.3179931640625,-371.2931213378906
-1203.973388671875,-369.79949951171875
-1204.63427734375,-368.3026428222656
-1205.3568115234375,-366.6773681640625
-1206.0303955078125,-365.1739501953125
-1206.71044921875,-363.6673278808594
-1207.3968505859375,-362.1575927734375
-1208.0897216796875,-360.6448669433594
-1208.847412109375,-359.0028991699219
-1209.5538330078125,-357.4843444824219
-1210.267333984375,-355.96331787109375
-1211.04833984375,-354.3131103515625
-1211.7769775390625,-352.7873840332031
-1212.5128173828125,-351.25933837890625
-1213.2557373046875,-349.7290344238281
-1214.0057373046875,-348.1968078613281
-1214.762939453125,-346.66265869140625
-1215.52734375,-345.1265563964844
-1216.2989501953125,-343.58843994140625
-1217.07666015625,-342.050048828125
-1217.857666015625,-340.5165100097656
-1218.703857421875,-338.86639404296875
-1219.48291015625,-337.35638427734375
-1220.3236083984375,-335.7364807128906
-1221.160400390625,-334.13433837890625
-1221.928955078125,-332.6720886230469
-1222.7572021484375,-331.1064147949219
-1223.517578125,-329.6784973144531
-1224.27392578125,-328.26708984375
-1225.0889892578125,-326.756591796875
-1225.899658203125,-325.2657775878906
-1226.706298828125,-323.7951965332031
-1227.5089111328125,-322.34490966796875
-1228.30712890625,-320.9149475097656
-1229.162109375,-319.396728515625
-1229.951416015625,-318.0053405761719
-1230.7349853515625,-316.6318664550781
-1231.5118408203125,-315.27593994140625
-1232.281494140625,-313.9382629394531
-1233.21923828125,-312.31634521484375
-1233.9742431640625,-311.01837158203125
-1234.953125,-309.35064697265625
-1235.866455078125,-307.81414794921875
-1236.7191162109375,-306.4021911621094
-1237.6248779296875,-304.9278259277344
-1238.5299072265625,-303.4846496582031
-1239.436279296875,-302.0712585449219
-1240.343017578125,-300.6895751953125
-1241.25244140625,-299.3397216796875
-1242.1658935546875,-298.02166748046875
-1243.0849609375,-296.7342529296875
-1244.009765625,-295.47821044921875
-1245.057861328125,-294.10296630859375
-1245.9998779296875,-292.9148864746094
-1247.131103515625,-291.54400634765625
-1248.2762451171875,-290.216552734375
-1249.4356689453125,-288.9305725097656
-1250.548583984375,-287.75067138671875
-1251.7412109375,-286.542724609375
-1252.953369140625,-285.3740539550781
-1254.1861572265625,-284.24468994140625
-1255.44140625,-283.1529235839844
-1256.7198486328125,-282.09710693359375
-1258.0203857421875,-281.0778503417969
-1259.271728515625,-280.1454772949219
-1260.541015625,-279.2461242675781
-1261.8994140625,-278.33319091796875
-1263.2034912109375,-277.5047607421875
-1264.5980224609375,-276.6697082519531
-1265.9354248046875,-275.9156799316406
-1267.363037109375,-275.1575622558594
-1268.730712890625,-274.4745178222656
-1270.19140625,-273.7911376953125
-1271.669189453125,-273.1471862792969
-1273.083984375,-272.5735168457031
-1274.5906982421875,-272.0068664550781
-1276.1087646484375,-271.48114013671875
-1277.637451171875,-270.9977111816406
-1279.0950927734375,-270.57928466796875
-1280.643310546875,-270.17828369140625
-1282.2030029296875,-269.8170166015625
-1283.7760009765625,-269.4943542480469
-1285.36279296875,-269.21044921875
-1286.9622802734375,-268.962890625
-1288.5740966796875,-268.7528381347656
-1290.1124267578125,-268.58856201171875
-1291.74853515625,-268.4534912109375
-1293.483642578125,-268.3510437011719
-1295.1436767578125,-268.28924560546875
-1296.813720703125,-268.2638854980469
-1298.493896484375,-268.28314208984375
-1300.1845703125,-268.3474426269531
-1301.886474609375,-268.45343017578125
-1303.5989990234375,-268.5987243652344
-1305.412841796875,-268.7947082519531
-1307.1458740234375,-269.022216796875
-1308.704833984375,-269.259521484375
-1310.455810546875,-269.5627746582031
-1311.937744140625,-269.848388671875
-1313.5191650390625,-270.18109130859375
-1315.0128173828125,-270.5208435058594
-1316.5103759765625,-270.8854675292969
-1318.011474609375,-271.27606201171875
-1319.6082763671875,-271.7215270996094
-1321.207275390625,-272.197998046875
-1322.714111328125,-272.6741027832031
-1324.3155517578125,-273.2079772949219
-1326.1063232421875,-273.83984375
-1327.614990234375,-274.40155029296875
-1329.1253662109375,-274.98974609375
-1330.73095703125,-275.6430969238281
-1332.2425537109375,-276.2838134765625
-1333.755126953125,-276.949951171875
-1335.362548828125,-277.68585205078125
-1336.875244140625,-278.40484619140625
-1338.3883056640625,-279.1496887207031
-1339.9974365234375,-279.9693298339844
-1341.609375,-280.81683349609375
-1343.1295166015625,-281.638671875
-1344.6533203125,-282.48291015625
-1345.9896240234375,-283.2397155761719
-1347.616943359375,-284.1802062988281
-1349.154296875,-285.0843811035156
-1350.504150390625,-285.88916015625
-1352.1494140625,-286.88262939453125
-1353.7041015625,-287.83416748046875
-1355.0694580078125,-288.6800231933594
-1356.3416748046875,-289.4759216308594
-1357.7171630859375,-290.343017578125
-1359.0985107421875,-291.2192077636719
-1360.4854736328125,-292.1036376953125
-1361.7716064453125,-292.9275817871094
-1363.153564453125,-293.8164367675781
-1364.4339599609375,-294.6429443359375
-1365.809814453125,-295.5343933105469
-1367.0845947265625,-296.363525390625
-1368.454345703125,-297.25787353515625
-1369.8211669921875,-298.1536865234375
-1371.09228515625,-298.9897155761719
-1372.466796875,-299.89691162109375
-1373.8470458984375,-300.81097412109375
-1375.2314453125,-301.7306213378906
-1376.520751953125,-302.5894470214844
-1377.91357421875,-303.5198974609375
-1379.2113037109375,-304.3890686035156
-1380.5137939453125,-305.26287841796875
-1381.8214111328125,-306.1409606933594
-1383.2352294921875,-307.0914001464844
-1384.5533447265625,-307.9787292480469
-1385.978515625,-308.9396057128906
-1387.306884765625,-309.8372497558594
-1388.7425537109375,-310.8107604980469
-1390.0802001953125,-311.7220764160156
-1391.525390625,-312.71185302734375
-1392.97412109375,-313.7109069824219
-1394.3218994140625,-314.64788818359375
-1395.774658203125,-315.6683654785156
-1397.2281494140625,-316.7017822265625
-1398.680908203125,-317.7491455078125
-1400.131103515625,-318.8108215332031
-1401.5772705078125,-319.88671875
-1403.01806640625,-320.976806640625
-1404.451904296875,-322.0816955566406
-1405.877197265625,-323.2027893066406
-1407.2923583984375,-324.3413391113281
-1408.6971435546875,-325.4970397949219
-1410.0916748046875,-326.6690979003906
-1411.4754638671875,-327.85650634765625
-1412.8485107421875,-329.05816650390625
-1414.210205078125,-330.2734680175781
-1415.655029296875,-331.5909423828125
-1417.0831298828125,-332.92498779296875
-1418.492919921875,-334.2760314941406
-1419.8836669921875,-335.64398193359375
-1421.1636962890625,-336.9356994628906
-1422.514404296875,-338.335693359375
-1423.7547607421875,-339.6575622558594
-1425.0614013671875,-341.0904846191406
-1426.2596435546875,-342.4436340332031
-1427.5201416015625,-343.9104309082031
-1428.6741943359375,-345.29547119140625
-1429.8863525390625,-346.7966613769531
-1430.994384765625,-348.21392822265625
-1432.080078125,-349.64630126953125
-1433.1431884765625,-351.09307861328125
-1434.2579345703125,-352.6574401855469
-1435.27587890625,-354.1300048828125
-1436.2716064453125,-355.6141357421875
-1437.174072265625,-357.0029296875
-1438.12060546875,-358.5106201171875
-1438.9765625,-359.9221496582031
-1439.875244140625,-361.4544677734375
-1440.75244140625,-362.9982604980469
-1441.548828125,-364.44097900390625
-1442.3870849609375,-366.0040283203125
-1443.2037353515625,-367.5768127441406
-1443.9410400390625,-369.0462646484375
-1444.711669921875,-370.6385498046875
-1445.4588623046875,-372.2407531738281
-1446.132568359375,-373.7368469238281
-1446.78759765625,-375.240234375
-1447.423828125,-376.7505187988281
-1448.0887451171875,-378.38458251953125
-1448.6868896484375,-379.90911865234375
-1449.3095703125,-381.5588073730469
-1449.9090576171875,-383.2168884277344
-1450.4849853515625,-384.8837585449219
-1450.99951171875,-386.4391174316406
-1451.5321044921875,-388.121826171875
-1452.0430908203125,-389.8118896484375
-1452.4979248046875,-391.3875732421875
-1452.933837890625,-392.9692077636719
-1453.3812255859375,-394.67901611328125
-1453.8065185546875,-396.3955993652344
-1454.2100830078125,-398.1183776855469
-1454.591796875,-399.8470153808594
-1454.950927734375,-401.58123779296875
-1455.287841796875,-403.3209533691406
-1455.602783203125,-405.06585693359375
-1455.894287109375,-406.8152160644531
-1456.161376953125,-408.56866455078125
-1456.404296875,-410.3264465332031
-1456.6241455078125,-412.08856201171875
-1456.822021484375,-413.8546142578125
-1457.010009765625,-415.7509765625
-1457.1622314453125,-417.52520751953125
-1457.2911376953125,-419.3044738769531
-1457.40380859375,-421.2171325683594
-1457.4862060546875,-423.00836181640625
-1457.547119140625,-424.80511474609375
-1457.5863037109375,-426.6072082519531
-1457.603515625,-428.4147033691406
-1457.5985107421875,-430.22772216796875
-1457.571533203125,-432.0461120605469
-1457.5223388671875,-433.8697814941406
-1457.4512939453125,-435.6987609863281
-1457.3587646484375,-437.53302001953125
-1457.245361328125,-439.37249755859375
-1457.11083984375,-441.2166748046875
-1456.9542236328125,-443.0649719238281
-1456.7757568359375,-444.9176330566406
-1456.575439453125,-446.7743225097656
-1456.35400390625,-448.6348571777344
-1456.111572265625,-450.49896240234375
-1455.8486328125,-452.36651611328125
-1455.5438232421875,-454.3706970214844
-1455.214599609375,-456.37786865234375
-1454.885986328125,-458.25396728515625
-1454.6136474609375,-459.72979736328125
-1454.2498779296875,-461.61041259765625
-1453.8665771484375,-463.4931640625
-1453.5518798828125,-464.9739685058594
-1453.1650390625,-466.7256774902344
-1452.824951171875,-468.20904541015625
-1452.3756103515625,-470.0985107421875
-1452.0096435546875,-471.58428955078125
-1451.6328125,-473.0711669921875
-1451.1378173828125,-474.9650573730469
-1450.737060546875,-476.454345703125
-1450.2498779296875,-478.2155456542969
-1449.8267822265625,-479.70684814453125
-1449.27392578125,-481.606201171875
-1448.828369140625,-483.0995178222656
-1448.2471923828125,-485.00115966796875
-1447.779296875,-486.49609375
-1447.1697998046875,-488.39947509765625
-1446.54443359375,-490.3036804199219
-1446.0418701171875,-491.8004455566406
-1445.530029296875,-493.2978515625
-1444.865234375,-495.20465087890625
-1444.185791015625,-497.1122741699219
-1443.54150390625,-498.8836669921875
-1442.985595703125,-500.3822937011719
-1442.419921875,-501.8807678222656
-1441.8446044921875,-503.3794250488281
-1441.0992431640625,-505.28741455078125
-1440.504150390625,-506.78717041015625
-1439.9005126953125,-508.28704833984375
-1439.288330078125,-509.7867431640625
-1438.6671142578125,-511.28594970703125
-1438.0367431640625,-512.7846069335938
-1437.22119140625,-514.6913452148438
-1436.5703125,-516.1890869140625
-1435.9107666015625,-517.6865844726562
-1435.059326171875,-519.5924072265625
-1434.381103515625,-521.0899047851562
-1433.6328125,-522.7238159179688
-1432.9390869140625,-524.2216186523438
-1432.238037109375,-525.71923828125
-1431.5294189453125,-527.2166137695312
-1430.8131103515625,-528.713623046875
-1430.0889892578125,-530.2103271484375
-1429.3572998046875,-531.70703125
-1428.617919921875,-533.2034912109375
-1427.8712158203125,-534.6997680664062
-1427.1170654296875,-536.1958618164062
-1426.35546875,-537.6914672851562
-1425.58642578125,-539.1866455078125
-1424.809814453125,-540.6812744140625
-1424.0257568359375,-542.1752319335938
-1423.2337646484375,-543.6681518554688
-1422.43408203125,-545.1600952148438
-1421.6263427734375,-546.65087890625
-1420.8853759765625,-548.0054321289062
-1420.0628662109375,-549.4945678710938
-1419.3087158203125,-550.8477172851562
-1418.47216796875,-552.3348999023438
-1417.70654296875,-553.6826782226562
-1416.9368896484375,-555.0252075195312
-1416.0853271484375,-556.4962158203125
-1415.22900390625,-557.9613647460938
-1414.367919921875,-559.420654296875
-1413.502197265625,-560.8740844726562
-1412.7113037109375,-562.1901245117188
-1411.836669921875,-563.6318359375
-1411.0374755859375,-564.9371948242188
-1410.152587890625,-566.3694458007812
-1409.3419189453125,-567.670166015625
-1408.4432373046875,-569.0994873046875
-1407.6199951171875,-570.3970336914062
-1406.7080078125,-571.82177734375
-1405.789306640625,-573.2440185546875
-1404.86376953125,-574.6639404296875
-1403.9315185546875,-576.0814819335938
-1402.9925537109375,-577.496826171875
-1402.1331787109375,-578.7820434570312
-1401.1817626953125,-580.1942138671875
-1400.2239990234375,-581.6046142578125
-1399.2596435546875,-583.0127563476562
-1398.28857421875,-584.4190063476562
-1397.3997802734375,-585.6961669921875
-1396.415771484375,-587.099365234375
-1395.4251708984375,-588.5001831054688
-1394.518798828125,-589.7714233398438
-1393.514892578125,-591.1675415039062
-1392.5042724609375,-592.56201171875
-1391.5797119140625,-593.8291015625
-1390.5570068359375,-595.2228393554688
-1389.5289306640625,-596.6160278320312
-1388.49560546875,-598.008544921875
-1387.4566650390625,-599.3995971679688
-1386.507080078125,-600.6625366210938
-1385.55224609375,-601.9236450195312
-1384.495849609375,-603.3090209960938
-1383.5299072265625,-604.56689453125
-1382.46142578125,-605.94921875
-1381.48486328125,-607.2049560546875
-1380.4052734375,-608.58544921875
-1379.320068359375,-609.9651489257812
-1378.1302490234375,-611.4691772460938
-1377.1339111328125,-612.7215576171875
-1376.03271484375,-614.097900390625
-1374.9261474609375,-615.4727172851562
-1373.81396484375,-616.8460083007812
-1372.6961669921875,-618.2180786132812
-1371.67529296875,-619.46435546875
-1370.547119140625,-620.8341674804688
-1369.4136962890625,-622.202880859375
-1368.27490234375,-623.5703125
-1367.1307373046875,-624.9364013671875
-1365.9813232421875,-626.3009643554688
-1364.826416015625,-627.6636962890625
-1363.5601806640625,-629.1484375
-1362.393798828125,-630.5078735351562
-1361.221923828125,-631.8662109375
-1360.044921875,-633.2232666015625
-1358.8629150390625,-634.5789794921875
-1357.6759033203125,-635.9332275390625
-1356.375,-637.4088134765625
-1355.17724609375,-638.7600708007812
-1353.86474609375,-640.232421875
-1352.54638671875,-641.7029418945312
-1351.22216796875,-643.171630859375
-1350.0030517578125,-644.5164184570312
-1348.890380859375,-645.73779296875
-1347.6617431640625,-647.0801391601562
-1346.31591796875,-648.54296875
-1345.0772705078125,-649.8824462890625
-1343.833984375,-651.220458984375
-1342.47216796875,-652.678466796875
-1341.21875,-654.0134887695312
-1339.96044921875,-655.3470458984375
-1338.6971435546875,-656.6790161132812
-1337.4285888671875,-658.0090942382812
-1336.1549072265625,-659.3367919921875
-1334.8756103515625,-660.6617431640625
-1333.4735107421875,-662.10400390625
-1332.18212890625,-663.4228515625
-1330.8848876953125,-664.7386474609375
-1329.4627685546875,-666.1709594726562
-1328.15283203125,-667.481201171875
-1326.837158203125,-668.7887573242188
-1325.515625,-670.0934448242188
-1324.0675048828125,-671.513427734375
-1322.734130859375,-672.8116455078125
-1321.3948974609375,-674.1063842773438
-1319.92724609375,-675.5148315429688
-1318.57568359375,-676.8023071289062
-1317.094482421875,-678.2034301757812
-1315.6064453125,-679.601318359375
-1314.2366943359375,-680.8798217773438
-1312.736328125,-682.2706909179688
-1311.355224609375,-683.5418701171875
-1309.8419189453125,-684.9247436523438
-1308.4486083984375,-686.1892700195312
-1306.92236328125,-687.5653076171875
-1305.5177001953125,-688.8233032226562
-1303.9791259765625,-690.1917724609375
-1302.56298828125,-691.4424438476562
-1301.011962890625,-692.8024291992188
-1299.584228515625,-694.0452880859375
-1298.020263671875,-695.397705078125
-1296.5809326171875,-696.634765625
-1295.13671875,-697.86865234375
-1293.6871337890625,-699.0989379882812
-1292.2322998046875,-700.3255615234375
-1290.7718505859375,-701.5485229492188
-1289.305908203125,-702.767333984375
-1287.83447265625,-703.981689453125
-1286.357666015625,-705.191650390625
-1284.875244140625,-706.3973999023438
-1283.251708984375,-707.7083129882812
-1281.757568359375,-708.9063110351562
-1280.2579345703125,-710.1009521484375
-1278.89013671875,-711.1838989257812
-1277.380615234375,-712.3716430664062
-1275.8658447265625,-713.555419921875
-1274.2073974609375,-714.8421630859375
-1272.6815185546875,-716.0170288085938
-1271.1500244140625,-717.187255859375
-1269.61279296875,-718.3525390625
-1267.9290771484375,-719.6181640625
-1266.3795166015625,-720.7728881835938
-1264.8240966796875,-721.9223022460938
-1263.2626953125,-723.0663452148438
-1261.6953125,-724.2047729492188
-1260.121826171875,-725.3374633789062
-1258.5423583984375,-726.4641723632812
-1256.9569091796875,-727.5850219726562
-1255.365234375,-728.7003173828125
-1253.6220703125,-729.910888671875
-1252.01806640625,-731.0153198242188
-1250.408447265625,-732.1148681640625
-1248.646240234375,-733.3081665039062
-1247.025390625,-734.3958129882812
-1245.2509765625,-735.575439453125
-1243.4697265625,-736.7479248046875
-1241.8309326171875,-737.8170776367188
-1240.0367431640625,-738.9778442382812
-1238.38671875,-740.0370483398438
-1236.73193359375,-741.0914306640625
-1235.0723876953125,-742.140869140625
-1233.4083251953125,-743.1851806640625
-1231.73974609375,-744.224609375
-1229.9144287109375,-745.35302734375
-1228.2366943359375,-746.3829345703125
-1226.4014892578125,-747.5020751953125
-1224.7149658203125,-748.5245361328125
-1222.87060546875,-749.63671875
-1221.1761474609375,-750.6535034179688
-1219.4781494140625,-751.6676635742188
-1217.77685546875,-752.6791381835938
-1216.0723876953125,-753.6878051757812
-1214.364501953125,-754.6936645507812
-1212.6531982421875,-755.6966552734375
-1210.9384765625,-756.697021484375
-1209.0643310546875,-757.78564453125
-1207.3433837890625,-758.7814331054688
-1205.6201171875,-759.7757568359375
-1203.8944091796875,-760.7689208984375
-1202.0093994140625,-761.8517456054688
-1200.2791748046875,-762.843994140625
-1198.389404296875,-763.9263916015625
-1196.49755859375,-765.0087890625
-1194.6041259765625,-766.0910034179688
-1192.7088623046875,-767.173095703125
-1190.811767578125,-768.2552490234375
-1189.0709228515625,-769.2474975585938
-1187.1697998046875,-770.3303833007812
-1185.425537109375,-771.3232421875
-1183.679931640625,-772.3162841796875
-1181.7738037109375,-773.3997802734375
-1180.0250244140625,-774.3932495117188
-1178.115478515625,-775.477294921875
-1176.204345703125,-776.5614624023438
-1174.2916259765625,-777.6458740234375
-1172.3770751953125,-778.7304077148438
-1170.4605712890625,-779.815185546875
-1169.02197265625,-780.6290893554688
-1167.262451171875,-781.6240844726562
-1165.34130859375,-782.7099609375
-1163.4188232421875,-783.7962646484375
-1161.4951171875,-784.883056640625
-1159.73046875,-785.8796997070312
-1157.803955078125,-786.967529296875
-1155.8758544921875,-788.0560913085938
-1153.946044921875,-789.1453247070312
-1152.175537109375,-790.1444091796875
-1150.24267578125,-791.2347412109375
-1148.3084716796875,-792.3253784179688
-1146.5345458984375,-793.3253784179688
-1144.5980224609375,-794.416748046875
-1143.144775390625,-795.2357177734375
-1141.2060546875,-796.32861328125
-1139.266357421875,-797.4229125976562
-1137.325927734375,-798.51904296875
-1135.3846435546875,-799.6175537109375
-1133.44287109375,-800.718505859375
-1131.5008544921875,-801.8218994140625
-1129.5589599609375,-802.9279174804688
-1127.617431640625,-804.0368041992188
-1125.67626953125,-805.1485595703125
-1123.573486328125,-806.3564453125
-1121.6324462890625,-807.4747314453125
-1119.691650390625,-808.5966186523438
-1117.751220703125,-809.7222900390625
-1115.8118896484375,-810.8522338867188
-1114.0350341796875,-811.8922729492188
-1112.0985107421875,-813.0321655273438
-1110.16455078125,-814.17822265625
-1108.233642578125,-815.3312377929688
-1105.6640625,-816.880615234375
-1104.38134765625,-817.6607666015625
-1103.1002197265625,-818.4447021484375
-1101.8206787109375,-819.232421875
-1100.54296875,-820.0239868164062
-1099.1075439453125,-820.919189453125
-1097.8336181640625,-821.7191162109375
-1096.5618896484375,-822.5230712890625
-1095.1339111328125,-823.4326782226562
-1093.8673095703125,-824.2459106445312
-1092.6031494140625,-825.063720703125
-1091.18359375,-825.9890747070312
-1089.9241943359375,-826.8164672851562
-1088.6668701171875,-827.6483154296875
-1087.4117431640625,-828.4844970703125
-1086.1590576171875,-829.3250122070312
-1084.9085693359375,-830.1697998046875
-1083.660888671875,-831.0191040039062
-1081.9498291015625,-832.1943969726562
-1080.7088623046875,-833.0548095703125
-1079.0074462890625,-834.2457275390625
-1077.7734375,-835.11767578125
-1076.5423583984375,-835.994384765625
-1075.3138427734375,-836.8757934570312
-1073.6290283203125,-838.0953369140625
-1072.40673828125,-838.987548828125
-1071.1871337890625,-839.8842163085938
-1069.5145263671875,-841.1243896484375
-1068.3013916015625,-842.0315551757812
-1066.788818359375,-843.171875
-1065.5821533203125,-844.0892333984375
-1063.9281005859375,-845.3579711914062
-1062.280029296875,-846.635498046875
-1061.085205078125,-847.5701293945312
-1059.4473876953125,-848.86279296875
-1058.2598876953125,-849.8084716796875
-1056.63232421875,-851.1161499023438
-1055.452392578125,-852.0725708007812
-1054.2757568359375,-853.0335693359375
-1053.102294921875,-853.9990844726562
-1051.4942626953125,-855.3341674804688
-1050.3282470703125,-856.3104248046875
-1048.729736328125,-857.6598510742188
-1047.1370849609375,-859.0172119140625
-1045.550537109375,-860.382568359375
-1044.400390625,-861.380615234375
-1042.82421875,-862.7596435546875
-1041.6815185546875,-863.767578125
-1040.114990234375,-865.1600952148438
-1038.9788818359375,-866.1775512695312
-1037.845703125,-867.198974609375
-1036.7156982421875,-868.2241821289062
-1035.1671142578125,-869.6403198242188
-1033.624755859375,-871.0638427734375
-1032.08837890625,-872.494873046875
-1030.974609375,-873.5403442382812
-1029.44873046875,-874.9842529296875
-1027.929931640625,-876.4356689453125
-1026.829833984375,-877.4960327148438
-1025.322021484375,-878.9608764648438
-1023.8189697265625,-880.4331665039062
-1022.3211669921875,-881.9122314453125
-1020.8294677734375,-883.3978881835938
-1019.7489013671875,-884.482666015625
-1018.269287109375,-885.9804077148438
-1017.1976928710938,-887.0744018554688
-1015.7301025390625,-888.5853881835938
-1014.2691650390625,-890.1041870117188
-1012.9461669921875,-891.4915161132812
-1011.8912353515625,-892.6055297851562
-1010.5772705078125,-894.0029907226562
-1009.5303955078125,-895.1249389648438
-1008.227294921875,-896.5326538085938
-1007.189208984375,-897.6632080078125
-1005.8970947265625,-899.0819702148438
-1004.86767578125,-900.2214965820312
-1003.4586181640625,-901.7947998046875
-1002.0565795898438,-903.3754272460938
-1001.0408935546875,-904.5294799804688
-999.6493530273438,-906.1219482421875
-998.2644653320312,-907.7208251953125
-996.8873901367188,-909.3262329101562
-995.6427001953125,-910.791748046875
-994.65185546875,-911.9683837890625
-993.4193725585938,-913.4447631835938
-992.071044921875,-915.0759887695312
-990.7298583984375,-916.7144775390625
-989.395263671875,-918.3599243164062
-988.0672607421875,-920.0120849609375
-986.7468872070312,-921.6707763671875
-985.4356689453125,-923.3364868164062
-984.1345825195312,-925.0096435546875
-982.8438110351562,-926.690673828125
-981.563232421875,-928.3799438476562
-980.2925415039062,-930.07763671875
-979.3744506835938,-931.3174438476562
-978.1207275390625,-933.0287475585938
-976.98974609375,-934.5911865234375
-976.0911865234375,-935.845703125
-974.8643188476562,-937.5775756835938
-973.6478881835938,-939.317138671875
-972.4419555664062,-941.0643310546875
-971.5713500976562,-942.3397827148438
-970.3827514648438,-944.0999755859375
-969.2037963867188,-945.8673095703125
-968.034912109375,-947.6415405273438
-966.8764038085938,-949.4225463867188
-965.72802734375,-951.2103271484375
-964.5892944335938,-953.0049438476562
-963.4597778320312,-954.8062133789062
-962.3392333984375,-956.6138305664062
-961.5299072265625,-957.9322509765625
-960.4249267578125,-959.7500610351562
-959.3291625976562,-961.5737915039062
-958.2426147460938,-963.4034423828125
-957.1654052734375,-965.2388916015625
-956.3876342773438,-966.5773315429688
-955.32568359375,-968.422607421875
-954.2721557617188,-970.2733764648438
-953.2267456054688,-972.1296997070312
-952.1895751953125,-973.9913330078125
-951.1610717773438,-975.8580932617188
-950.1415405273438,-977.72998046875
-949.4058837890625,-979.0946044921875
-948.40234375,-980.9754638671875
-947.6783447265625,-982.3466796875
-946.6904907226562,-984.2365112304688
-945.9773559570312,-985.6139526367188
-945.2681884765625,-986.9940185546875
-944.2987060546875,-988.8955078125
-943.597412109375,-990.2808837890625
-942.899169921875,-991.6680908203125
-942.2040405273438,-993.0570678710938
-941.511962890625,-994.4475708007812
-940.8228149414062,-995.8397216796875
-939.8795166015625,-997.756591796875
-939.0256958007812,-999.5018920898438
-938.0901489257812,-1001.4244384765625
-937.1583251953125,-1003.349609375
-936.2301025390625,-1005.277099609375
-935.5573120117188,-1006.680419921875
-934.8864135742188,-1008.0851440429688
-933.9672241210938,-1010.0186767578125
-933.3010864257812,-1011.4263916015625
-932.3889770507812,-1013.3639526367188
-931.4813842773438,-1015.3040161132812
-930.5781860351562,-1017.2467651367188
-929.678955078125,-1019.1922607421875
-929.0272216796875,-1020.60888671875
-928.1343994140625,-1022.5589599609375
-927.48779296875,-1023.9788208007812
-926.84375,-1025.400146484375
-925.9625854492188,-1027.3570556640625
-925.3251953125,-1028.781982421875
-924.4534912109375,-1030.7437744140625
-923.5870971679688,-1032.70849609375
-922.7261352539062,-1034.67626953125
-922.1034545898438,-1036.1090087890625
-921.2523193359375,-1038.0816650390625
-920.4071044921875,-1040.0570068359375
-919.5677490234375,-1042.03564453125
-918.7345581054688,-1044.0172119140625
-917.907958984375,-1046.001220703125
-917.08837890625,-1047.9876708984375
-916.2760009765625,-1049.9764404296875
-915.68994140625,-1051.4241943359375
-914.890869140625,-1053.4166259765625
-914.1001586914062,-1055.410888671875
-913.3182373046875,-1057.4068603515625
-912.5452880859375,-1059.40478515625
-911.7814331054688,-1061.404541015625
-911.0269165039062,-1063.40625
-910.4842529296875,-1064.86328125
-909.7469482421875,-1066.867919921875
-909.0203247070312,-1068.874267578125
-908.304443359375,-1070.8822021484375
-907.5993041992188,-1072.8919677734375
-906.9673461914062,-1074.720458984375
-906.4675903320312,-1076.1842041015625
-905.7882080078125,-1078.197998046875
-905.1784057617188,-1080.0296630859375
-904.51708984375,-1082.045166015625
-903.8673706054688,-1084.0611572265625
-903.230224609375,-1086.0780029296875
-902.7749633789062,-1087.54541015625
-902.1605834960938,-1089.564208984375
-901.5602416992188,-1091.584228515625
-900.9741821289062,-1093.605712890625
-900.402587890625,-1095.6285400390625
-899.8955688476562,-1097.4683837890625
-899.3521118164062,-1099.4930419921875
-898.82421875,-1101.5185546875
-898.31201171875,-1103.5450439453125
-897.8156127929688,-1105.572509765625
-897.3349609375,-1107.6009521484375
-896.870361328125,-1109.6300048828125
-896.4620971679688,-1111.47509765625
-896.1448974609375,-1112.951416015625
-895.7596435546875,-1114.797607421875
-895.349609375,-1116.8289794921875
-894.9537963867188,-1118.8609619140625
-894.6065063476562,-1120.7081298828125
-894.23876953125,-1122.7401123046875
-893.8863525390625,-1124.7720947265625
-893.5791015625,-1126.6195068359375
-893.2557373046875,-1128.6519775390625
-892.9483642578125,-1130.68408203125
-892.6578369140625,-1132.7154541015625
-892.385009765625,-1134.7462158203125
-892.1298828125,-1136.7767333984375
-891.9133911132812,-1138.6224365234375
-891.7112426757812,-1140.4677734375
-891.5236206054688,-1142.3125
-891.3511352539062,-1144.156005859375
-891.1796875,-1146.1824951171875
-891.0282592773438,-1148.2071533203125
-890.9083862304688,-1150.0462646484375
-890.7955932617188,-1152.06787109375
-890.70166015625,-1154.0880126953125
-890.6256103515625,-1156.1068115234375
-890.5667114257812,-1158.1236572265625
-890.5277709960938,-1159.955322265625
-890.5011596679688,-1161.9678955078125
-890.4923095703125,-1163.7950439453125
-890.49853515625,-1165.61962890625
-890.52294921875,-1167.6236572265625
-890.5611572265625,-1169.4429931640625
-890.6209106445312,-1171.44091796875
-890.69921875,-1173.435546875
-890.7865600585938,-1175.2457275390625
-890.900390625,-1177.2332763671875
-891.046142578125,-1179.3975830078125
-891.1847534179688,-1181.1983642578125
-891.3546142578125,-1183.1768798828125
-891.5593872070312,-1185.3328857421875
-891.7637329101562,-1187.3072509765625
-891.984130859375,-1189.279296875
-892.2210083007812,-1191.2489013671875
-892.4743041992188,-1193.2158203125
-892.744384765625,-1195.179931640625
-893.0048828125,-1196.962890625
-893.3080444335938,-1198.9217529296875
-893.5985717773438,-1200.7003173828125
-893.9344482421875,-1202.6544189453125
-894.2862548828125,-1204.6060791015625
-894.6869506835938,-1206.733154296875
-895.0692138671875,-1208.680908203125
-895.467041015625,-1210.6256103515625
-895.8432006835938,-1212.390380859375
-896.2732543945312,-1214.328125
-896.719970703125,-1216.2630615234375
-897.1821899414062,-1218.1956787109375
-897.6585083007812,-1220.1265869140625
-898.1481323242188,-1222.05517578125
-898.651123046875,-1223.9813232421875
-899.1674194335938,-1225.9049072265625
-899.648193359375,-1227.6514892578125
-900.1897583007812,-1229.5699462890625
-900.7447509765625,-1231.4857177734375
-901.3126220703125,-1233.3990478515625
-901.9459228515625,-1235.483642578125
-902.53857421875,-1237.3919677734375
-903.1427001953125,-1239.2977294921875
-903.758056640625,-1241.200927734375
-904.3842163085938,-1243.1021728515625
-905.020751953125,-1245.0015869140625
-905.726318359375,-1247.071533203125
-906.3832397460938,-1248.966796875
-907.0496826171875,-1250.85986328125
-907.7255859375,-1252.7509765625
-908.4105834960938,-1254.6402587890625
-909.1044311523438,-1256.5277099609375
-909.806884765625,-1258.4132080078125
-910.5177612304688,-1260.297119140625
-911.3023071289062,-1262.3507080078125
-912.02880859375,-1264.2320556640625
-912.7628784179688,-1266.11181640625
-913.5046997070312,-1267.9896240234375
-914.3221435546875,-1270.0361328125
-915.0783081054688,-1271.910888671875
-915.8402099609375,-1273.784912109375
-916.677734375,-1275.8289794921875
-917.4507446289062,-1277.7022705078125
-918.2286987304688,-1279.5750732421875
-919.0111694335938,-1281.447509765625
-919.7981567382812,-1283.3193359375
-920.5889282226562,-1285.190673828125
-921.3837280273438,-1287.061767578125
-922.1824340820312,-1288.93310546875
-923.05810546875,-1290.974609375
-923.8650512695312,-1292.8455810546875
-924.6759643554688,-1294.7161865234375
-925.4901123046875,-1296.5869140625
-926.3814697265625,-1298.628173828125
-927.200927734375,-1300.4998779296875
-928.0222778320312,-1302.372314453125
-928.920166015625,-1304.416015625
-929.7448120117188,-1306.2901611328125
-930.57080078125,-1308.164794921875
-931.398193359375,-1310.0401611328125
-932.2267456054688,-1311.9163818359375
-933.056396484375,-1313.793701171875
-933.8871459960938,-1315.6717529296875
-934.718994140625,-1317.5509033203125
-935.5513916015625,-1319.43115234375
-936.3842163085938,-1321.31298828125
-937.2174072265625,-1323.1959228515625
-938.050048828125,-1325.08056640625
-938.881591796875,-1326.9666748046875
-939.63671875,-1328.6829833984375
-940.4663696289062,-1330.572509765625
-941.295166015625,-1332.4639892578125
-942.1234741210938,-1334.3572998046875
-942.9512939453125,-1336.2520751953125
-943.7789306640625,-1338.148193359375
-944.3807373046875,-1339.5279541015625
-945.1329345703125,-1341.2535400390625
-945.7348022460938,-1342.634765625
-946.3367919921875,-1344.0166015625
-947.1646728515625,-1345.9176025390625
-947.7669677734375,-1347.30078125
-948.5953979492188,-1349.2037353515625
-949.4241333007812,-1351.1080322265625
-950.2530517578125,-1353.013427734375
-951.0067138671875,-1354.746337890625
-951.6099243164062,-1356.1331787109375
-952.3643188476562,-1357.8677978515625
-953.19482421875,-1359.7772216796875
-954.0255737304688,-1361.6876220703125
-954.8564453125,-1363.5985107421875
-955.6874389648438,-1365.510009765625
-956.5186767578125,-1367.422607421875
-957.2745971679688,-1369.1624755859375
-958.1058959960938,-1371.0780029296875
-958.861083984375,-1372.82080078125
-959.6152954101562,-1374.5648193359375
-960.4430541992188,-1376.4844970703125
-961.193359375,-1378.2308349609375
-961.7919921875,-1379.629150390625
-962.613037109375,-1381.5538330078125
-963.4317016601562,-1383.48095703125
-964.2481689453125,-1385.4102783203125
-965.0625610351562,-1387.3416748046875
-965.8750610351562,-1389.2750244140625
-966.685791015625,-1391.2103271484375
-967.49462890625,-1393.1475830078125
-968.3009643554688,-1395.0865478515625
-969.1043090820312,-1397.0274658203125
-969.9039916992188,-1398.9703369140625
-970.6996459960938,-1400.9158935546875
-971.4908447265625,-1402.8641357421875
-972.2769775390625,-1404.8155517578125
-973.0574951171875,-1406.7701416015625
-973.621337890625,-1408.19384765625
-974.3912353515625,-1410.154541015625
-974.9469604492188,-1411.582763671875
-975.7047729492188,-1413.5494384765625
-976.2511596679688,-1414.98193359375
-976.92822265625,-1416.7750244140625
-977.665283203125,-1418.7503662109375
-978.3283081054688,-1420.549072265625
-978.8541870117188,-1421.990234375
-979.5711669921875,-1423.975341796875
-980.088134765625,-1425.421142578125
-980.7926635742188,-1427.4114990234375
-981.3006591796875,-1428.8607177734375
-981.9933471679688,-1430.85595703125
-982.6795043945312,-1432.8548583984375
-983.174560546875,-1434.310791015625
-983.8497924804688,-1436.3154296875
-984.5177612304688,-1438.3228759765625
-985.1776123046875,-1440.3326416015625
-985.8289794921875,-1442.345458984375
-986.2974853515625,-1443.8115234375
-986.9348754882812,-1445.830322265625
-987.5641479492188,-1447.8526611328125
-988.1854248046875,-1449.8780517578125
-988.798583984375,-1451.906494140625
-989.2395629882812,-1453.383544921875
-989.8389282226562,-1455.4168701171875
-990.4302978515625,-1457.453125
-991.013671875,-1459.4920654296875
-991.589599609375,-1461.5335693359375
-992.00390625,-1463.02001953125
-992.41455078125,-1464.5076904296875
-992.8214721679688,-1465.996826171875
-993.2247314453125,-1467.4873046875
-993.7734375,-1469.538818359375
-994.16845703125,-1471.0323486328125
-994.5601196289062,-1472.5272216796875
-995.0931396484375,-1474.5845947265625
-995.4767456054688,-1476.0821533203125
-995.9983520507812,-1478.1431884765625
-996.5133666992188,-1480.2064208984375
-997.0222778320312,-1482.27197265625
-997.5250854492188,-1484.339599609375
-998.021728515625,-1486.4090576171875
-998.3790283203125,-1487.9154052734375
-998.8650512695312,-1489.9884033203125
-999.2147216796875,-1491.4971923828125
-999.6902465820312,-1493.573486328125
-1000.0322875976562,-1495.0845947265625
-1000.4974365234375,-1497.1640625
-1000.9568481445312,-1499.2454833984375
-1001.2874145507812,-1500.7606201171875
-1001.6965942382812,-1502.656005859375
-1002.020751953125,-1504.1734619140625
-1002.4620971679688,-1506.2615966796875
-1002.8982543945312,-1508.3509521484375
-1003.3292236328125,-1510.4415283203125
-1003.755126953125,-1512.533447265625
-1004.13818359375,-1514.4364013671875
-1004.4420776367188,-1515.9595947265625
-1004.8565063476562,-1518.055419921875
-1005.2671508789062,-1520.152587890625
-1005.5635375976562,-1521.678466796875
-1005.9315795898438,-1523.5867919921875
-1006.2241821289062,-1525.1141357421875
-1006.5877075195312,-1527.0245361328125
-1006.9850463867188,-1529.126953125
-1007.379638671875,-1531.2303466796875
-1007.7360229492188,-1533.1431884765625
-1008.1254272460938,-1535.2481689453125
-1008.4071655273438,-1536.7801513671875
-1008.7931518554688,-1538.8885498046875
-1009.1773071289062,-1540.997802734375
-1009.4552612304688,-1542.5318603515625
-1009.8350219726562,-1544.64013671875
-1010.1776123046875,-1546.5557861328125
-1010.5509643554688,-1548.6602783203125
-1010.8871459960938,-1550.569091796875
-1011.253662109375,-1552.6610107421875
-1011.6166381835938,-1554.741455078125
-1011.9107666015625,-1556.433349609375
-1012.2661743164062,-1558.486572265625
-1012.6167602539062,-1560.5233154296875
-1012.9622802734375,-1562.5433349609375
-1013.3333129882812,-1564.727294921875
-1013.6983642578125,-1566.8909912109375
-1014.0576782226562,-1569.0335693359375
-1014.3820190429688,-1570.9781494140625
-1014.7017211914062,-1572.9036865234375
-1014.9887084960938,-1574.6370849609375
-1015.30078125,-1576.52490234375
-1015.5814819335938,-1578.224609375
-1015.88720703125,-1580.0767822265625
-1016.189697265625,-1581.91015625
-1016.4894409179688,-1583.72509765625
-1016.7866821289062,-1585.5208740234375
-1017.0814208984375,-1587.296630859375
-1017.3468627929688,-1588.8934326171875
-1017.6097412109375,-1590.47314453125
-1017.8961181640625,-1592.19189453125
-1018.1541137695312,-1593.7392578125
-1018.4351196289062,-1595.42529296875
-1018.7120361328125,-1597.0924072265625
-1018.9596557617188,-1598.5911865234375
-1019.22705078125,-1600.221435546875
-1019.5360717773438,-1602.1240234375
-1019.7911376953125,-1603.714111328125
-1020.107177734375,-1605.712890625
-1020.3485717773438,-1607.2655029296875
-1020.6470336914062,-1609.21826171875
-1020.9351806640625,-1611.1451416015625
-1021.1935424804688,-1612.91162109375
-1021.4437255859375,-1614.6566162109375
-1021.705322265625,-1616.513427734375
-1021.9422607421875,-1618.2161865234375
-1022.1918334960938,-1620.02734375
-1022.4371948242188,-1621.81640625
-1022.6610107421875,-1623.4537353515625
-1022.8978881835938,-1625.1927490234375
-1023.1135864257812,-1626.7823486328125
-1023.3250732421875,-1628.3494873046875
-1023.5322875976562,-1629.89501953125
-1023.7656860351562,-1631.647705078125
-1023.9628295898438,-1633.1424560546875
-1024.1688232421875,-1634.7239990234375
-1024.395263671875,-1636.493896484375
-1024.6256103515625,-1638.3365478515625
-1024.8336181640625,-1640.041015625
-1025.0338134765625,-1641.7149658203125
-1025.22509765625,-1643.3555908203125
-1025.4071044921875,-1644.96484375
-1025.5804443359375,-1646.542724609375
-1025.7445068359375,-1648.090576171875
-1025.899658203125,-1649.607421875
-1026.079833984375,-1651.4609375
-1026.23779296875,-1653.176513671875
-1026.388916015625,-1654.93505859375
-1026.514892578125,-1656.5618896484375
-1026.6214599609375,-1658.1488037109375
-1026.7109375,-1659.77880859375
-1026.7745361328125,-1661.2891845703125
-1026.8216552734375,-1662.990966796875
-1026.83935546875,-1664.642822265625
-1026.826171875,-1666.249755859375
-1026.7822265625,-1667.81298828125
-1026.7078857421875,-1669.33203125
-1026.5863037109375,-1671.00634765625
-1026.4217529296875,-1672.6265869140625
-1026.2117919921875,-1674.1929931640625
-1025.952392578125,-1675.7047119140625
-1025.604736328125,-1677.33642578125
-1025.1937255859375,-1678.9097900390625
-1024.7418212890625,-1680.377685546875
-1024.2177734375,-1681.8480224609375
-1023.593994140625,-1683.35595703125
-1022.9041137695312,-1684.7840576171875
-1022.1426391601562,-1686.1278076171875
-1021.3036499023438,-1687.3931884765625
-1020.3231201171875,-1688.6590576171875
-1019.26318359375,-1689.8345947265625
-1018.1704711914062,-1690.885009765625
-1015.7925415039062,-1692.75537109375
-1014.5198974609375,-1693.5709228515625
-1013.1267700195312,-1694.343017578125
-1011.6471557617188,-1695.0301513671875
-1010.1205444335938,-1695.6153564453125
-1008.5508422851562,-1696.1092529296875
-1007.0726318359375,-1696.4794921875
-1005.5523071289062,-1696.7816162109375
-1003.98681640625,-1697.02392578125
-1002.3773803710938,-1697.20947265625
-1000.7294311523438,-1697.3387451171875
-999.2022094726562,-1697.411376953125
-997.5912475585938,-1697.453857421875
-996.06396484375,-1697.4849853515625
-994.464599609375,-1697.537109375
-992.8518676757812,-1697.628662109375
-991.2317504882812,-1697.7725830078125
-989.6672973632812,-1697.9691162109375
-988.1158447265625,-1698.231201171875
-986.5880126953125,-1698.56103515625
-985.03857421875,-1698.9808349609375
-983.5314331054688,-1699.4844970703125
-982.0244140625,-1700.0985107421875
-980.6237182617188,-1700.7823486328125
-979.1902465820312,-1701.59912109375
-977.9201049804688,-1702.4442138671875
-976.7239990234375,-1703.3642578125
-975.5729370117188,-1704.3916015625
-974.4471435546875,-1705.5626220703125
-973.4303588867188,-1706.8017578125
-972.5256958007812,-1708.0999755859375
-971.7288818359375,-1709.4462890625
-971.0393676757812,-1710.840576171875
-970.4439086914062,-1712.3262939453125
-969.9622192382812,-1713.8570556640625
-969.6177978515625,-1715.3333740234375
-969.3562622070312,-1716.943115234375
-969.2123413085938,-1718.439208984375
-969.1538696289062,-1719.9681396484375
-969.1778564453125,-1721.5311279296875
-969.27490234375,-1723.12646484375
-969.4298706054688,-1724.6480712890625
-969.6465454101562,-1726.2001953125
-969.9215698242188,-1727.7835693359375
-970.2581787109375,-1729.397705078125
-970.6141357421875,-1730.86328125
-971.0191040039062,-1732.3521728515625
-971.4544067382812,-1733.8046875
-971.9789428710938,-1735.4029541015625
-972.5293579101562,-1736.9627685546875
-973.098388671875,-1738.483642578125
-973.6546020507812,-1739.8983154296875
-974.2646484375,-1741.3992919921875
-974.899169921875,-1742.9244384765625
-975.5007934570312,-1744.338623046875
-976.156005859375,-1745.8419189453125
-976.839111328125,-1747.3680419921875
-977.486328125,-1748.7750244140625
-978.160400390625,-1750.19921875
-978.8269653320312,-1751.5599365234375
-979.6250610351562,-1753.11865234375
-980.3350219726562,-1754.449462890625
-981.0611572265625,-1755.7679443359375
-981.8005981445312,-1757.0750732421875
-982.55517578125,-1758.37646484375
-983.3328247070312,-1759.6890869140625
-984.13427734375,-1761.0145263671875
-984.958740234375,-1762.3486328125
-985.8051147460938,-1763.6888427734375
-986.627685546875,-1764.965087890625
-987.5179443359375,-1766.3194580078125
-988.4313354492188,-1767.6820068359375
-989.3684692382812,-1769.0526123046875
-990.3290405273438,-1770.4320068359375
-991.313232421875,-1771.8211669921875
-992.3202514648438,-1773.219970703125
-993.3497314453125,-1774.6278076171875
-994.4024658203125,-1776.0455322265625
-995.3075561523438,-1777.2469482421875
-996.4027099609375,-1778.68310546875
-997.5176391601562,-1780.1307373046875
-998.4706420898438,-1781.3597412109375
-999.4359130859375,-1782.5986328125
-1000.5355834960938,-1784.00439453125
-1001.5245971679688,-1785.2647705078125
-1002.4613037109375,-1786.4560546875
-1003.4699096679688,-1787.7373046875
-1004.4876098632812,-1789.0296630859375
-1005.513427734375,-1790.3336181640625
-1006.546630859375,-1791.64990234375
-1007.5860595703125,-1792.9788818359375
-1008.5660400390625,-1794.2366943359375
-1009.6165771484375,-1795.5909423828125
-1010.6058959960938,-1796.872314453125
-1011.6658935546875,-1798.2520751953125
-1012.7303466796875,-1799.64501953125
-1013.732177734375,-1800.962890625
-1014.8721313476562,-1802.4705810546875
-1015.9491577148438,-1803.903076171875
-1016.8944091796875,-1805.1668701171875
-1017.910400390625,-1806.531982421875
-1018.9296875,-1807.908203125
-1020.0209350585938,-1809.3883056640625
-1020.9791259765625,-1810.6932373046875
-1021.9404296875,-1812.0072021484375
-1022.8359985351562,-1813.2354736328125
-1023.7344970703125,-1814.4713134765625
-1024.6358642578125,-1815.7147216796875
-1025.5399169921875,-1816.9656982421875
-1026.649658203125,-1818.5072021484375
-1027.54736328125,-1819.7589111328125
-1028.6478271484375,-1821.298828125
-1029.538330078125,-1822.5494384765625
-1030.425537109375,-1823.7996826171875
-1031.3094482421875,-1825.049560546875
-1032.18994140625,-1826.2991943359375
-1033.0703125,-1827.5528564453125
-1033.952880859375,-1828.8134765625
-1034.8375244140625,-1830.0806884765625
-1035.7235107421875,-1831.353515625
-1036.6112060546875,-1832.6314697265625
-1037.5009765625,-1833.9144287109375
-1038.3931884765625,-1835.2020263671875
-1039.28857421875,-1836.4945068359375
-1040.1876220703125,-1837.79150390625
-1041.091064453125,-1839.0931396484375
-1041.9991455078125,-1840.399169921875
-1042.982421875,-1841.8104248046875
-1043.9713134765625,-1843.2269287109375
-1044.89453125,-1844.5469970703125
-1045.822021484375,-1845.872314453125
-1046.7532958984375,-1847.203369140625
-1048.872802734375,-1850.2662353515625
-1053.266357421875,-1856.6534423828125
-1056.265625,-1861.02197265625
-1057.58203125,-1862.9425048828125
-1058.166748046875,-1863.7969970703125
-1058.3983154296875,-1864.135986328125
-1058.477294921875,-1864.2518310546875
-1058.5003662109375,-1864.28564453125
-1058.5054931640625,-1864.2930908203125