x,z
385.2835388183594,-221.0650177001953
385.286865234375,-221.06314086914062
385.33892822265625,-221.0334930419922
385.45849609375,-220.96527099609375
385.8280334472656,-220.75411987304688
386.79827880859375,-220.1987762451172
389.0947570800781,-218.88233947753906
393.5520324707031,-216.3236541748047
402.7466735839844,-211.03701782226562
404.23175048828125,-210.17152404785156
405.8423156738281,-209.23109436035156
407.45477294921875,-208.287841796875
409.0692138671875,-207.3418426513672
410.5613098144531,-206.46627807617188
412.1798095703125,-205.51536560058594
413.8004150390625,-204.56207275390625
415.4231872558594,-203.60650634765625
416.9230651855469,-202.72250366210938
418.5500793457031,-201.7627410888672
420.1793212890625,-200.8008270263672
421.8107604980469,-199.83680725097656
423.31866455078125,-198.945068359375
424.954345703125,-197.9770050048828
426.5922546386719,-197.00682067871094
428.1060791015625,-196.10940551757812
429.7481994628906,-195.1351776123047
431.39251708984375,-194.15887451171875
432.9123229980469,-193.25587463378906
434.5610656738281,-192.27566528320312
436.0850830078125,-191.36911010742188
437.738037109375,-190.3852081298828
439.3931579589844,-189.3992919921875
440.9228515625,-188.48744201660156
442.45440673828125,-187.57388305664062
444.1156311035156,-186.58229064941406
445.77886962890625,-185.58868408203125
447.31597900390625,-184.66964721679688
448.85479736328125,-183.74880981445312
450.26690673828125,-182.90313720703125
451.6804504394531,-182.0559844970703
453.09539794921875,-181.20736694335938
454.6405944824219,-180.27992248535156
455.92950439453125,-179.5056915283203
457.4777526855469,-178.5749969482422
458.7692565917969,-177.798095703125
460.320068359375,-176.86463928222656
461.6117858886719,-176.086669921875
463.1609191894531,-175.15304565429688
464.451171875,-174.3749237060547
465.99859619140625,-173.44107055664062
467.6739807128906,-172.42922973632812
469.219482421875,-171.49508666992188
470.5065612792969,-170.71649169921875
472.04931640625,-169.7824249267578
473.3352355957031,-169.00311279296875
474.87982177734375,-168.06619262695312
476.554931640625,-167.049072265625
478.1025695800781,-166.10842895507812
479.78076171875,-165.0874786376953
481.3312683105469,-164.14328002929688
482.8832702636719,-163.19741821289062
484.1777648925781,-162.40797424316406
485.73260498046875,-161.4593048095703
487.2890319824219,-160.50926208496094
488.58734130859375,-159.71656799316406
490.14697265625,-158.7642364501953
491.70843505859375,-157.8108673095703
493.0110778808594,-157.0157012939453
494.5760192871094,-156.06076049804688
496.1429748535156,-155.10507202148438
497.7119445800781,-154.14865112304688
499.0210266113281,-153.35110473632812
500.5937805175781,-152.3934783935547
502.1686096191406,-151.43524169921875
503.74554443359375,-150.47645568847656
505.3246154785156,-149.51710510253906
506.9057922363281,-148.55718994140625
508.4889831542969,-147.59669494628906
510.07421875,-146.63565063476562
511.3968200683594,-145.83433532714844
512.98583984375,-144.87220764160156
514.5768432617188,-143.90940856933594
516.1697998046875,-142.9458770751953
517.7647094726562,-141.9815673828125
519.4946899414062,-140.9359893798828
521.0936279296875,-139.96998596191406
522.6945190429688,-139.0031280517578
524.2972412109375,-138.0354461669922
525.90185546875,-137.06695556640625
527.50830078125,-136.09764099121094
529.1166381835938,-135.1274871826172
530.7268676757812,-134.1565704345703
532.3390502929688,-133.18495178222656
533.9531860351562,-132.21267700195312
535.5693969726562,-131.2398223876953
537.0526733398438,-130.34754943847656
538.4027099609375,-129.53604125976562
539.754150390625,-128.7242431640625
541.3778686523438,-127.74969482421875
543.003662109375,-126.77474975585938
544.6315307617188,-125.7994384765625
546.2615966796875,-124.82379913330078
547.893798828125,-123.8478012084961
549.528076171875,-122.87137603759766
551.1644287109375,-121.89453887939453
552.8027954101562,-120.9172592163086
554.4432373046875,-119.939453125
556.0855712890625,-118.96106719970703
557.7299194335938,-117.98200225830078
559.3760375976562,-117.00212860107422
561.0239868164062,-116.02127075195312
562.6737060546875,-115.03932189941406
564.3251342773438,-114.05625915527344
565.9781494140625,-113.07206726074219
567.6328125,-112.08675384521484
569.2891235351562,-111.10030364990234
570.9470825195312,-110.11274719238281
572.606689453125,-109.12413024902344
574.2678833007812,-108.13448333740234
575.9307861328125,-107.14376068115234
577.4564819335938,-106.23460388183594
579.1224365234375,-105.24168395996094
580.7901000976562,-104.24759674072266
582.45947265625,-103.25235748291016
584.1304931640625,-102.25599670410156
585.8030395507812,-101.25850677490234
587.4771118164062,-100.25988006591797
589.1527709960938,-99.26007843017578
590.8299560546875,-98.25906372070312
592.3685913085938,-97.34037780761719
594.048583984375,-96.33696746826172
595.7301025390625,-95.33226776123047
597.4131469726562,-94.32620239257812
598.957275390625,-93.40291595458984
600.6431274414062,-92.39447021484375
602.3305053710938,-91.38468170166016
604.0194091796875,-90.37361907958984
605.7098999023438,-89.3613052368164
607.4017944335938,-88.3478012084961
608.9540405273438,-87.41773223876953
610.64892578125,-86.40202331542969
612.3453979492188,-85.38519287109375
613.9019165039062,-84.45214080810547
615.3180541992188,-83.6031494140625
617.0189819335938,-82.5833969116211
618.721435546875,-81.5626220703125
620.4254150390625,-80.54082489013672
622.1310424804688,-79.51800537109375
623.6959838867188,-78.57954406738281
625.40478515625,-77.5548324584961
627.1152954101562,-76.52918243408203
628.8274536132812,-75.50263977050781
630.5413208007812,-74.47532653808594
633.115478515625,-72.93315124511719
634.4041137695312,-72.16156005859375
635.69384765625,-71.38963317871094
637.1661376953125,-70.4986572265625
638.4558715820312,-69.72977447509766
639.74658203125,-68.96043395996094
641.0381469726562,-68.19064331054688
642.474365234375,-67.33477783203125
643.7679443359375,-66.56396484375
645.0625,-65.79261779785156
646.3580322265625,-65.02073669433594
647.6544799804688,-64.24832153320312
648.9518432617188,-63.47539138793945
650.2500610351562,-62.70192337036133
651.5491333007812,-61.927913665771484
652.9935913085938,-61.067256927490234
654.2944946289062,-60.292076110839844
655.5963134765625,-59.51633834838867
656.89892578125,-58.740028381347656
658.2024536132812,-57.963130950927734
659.5068969726562,-57.18563461303711
660.9572143554688,-56.32103729248047
662.4086303710938,-55.45567321777344
664.0064086914062,-54.502891540527344
665.3145141601562,-53.72266387939453
666.6234741210938,-52.94181823730469
668.224365234375,-51.986629486083984
669.53515625,-51.20444869995117
670.8467407226562,-50.42168426513672
672.1591186523438,-49.63835525512695
673.4723510742188,-48.85445785522461
675.0785522460938,-47.895572662353516
676.3936157226562,-47.11038589477539
677.7095947265625,-46.32461166381836
679.3192138671875,-45.36345672607422
680.6371459960938,-44.576438903808594
681.9559326171875,-43.788883209228516
683.5689086914062,-42.825584411621094
684.8895263671875,-42.036842346191406
686.2110595703125,-41.24759292602539
687.827392578125,-40.28227615356445
689.1507568359375,-39.49195098876953
690.4749755859375,-38.70116424560547
691.8001098632812,-37.90989685058594
693.4208374023438,-36.942142486572266
694.747802734375,-36.149818420410156
696.07568359375,-35.35702133178711
697.4043579101562,-34.563758850097656
699.0294799804688,-33.59359359741211
700.360107421875,-32.79932403564453
701.6915893554688,-32.00459289550781
703.02392578125,-31.20939826965332
704.6535034179688,-30.236862182617188
705.98779296875,-29.44064712524414
707.3229370117188,-28.643964767456055
708.9559936523438,-27.669591903686523
710.2930297851562,-26.871862411499023
711.630859375,-26.073680877685547
712.9695434570312,-25.275054931640625
714.3090209960938,-24.47599220275879
715.6493530273438,-23.676494598388672
716.990478515625,-22.876569747924805
718.33251953125,-22.076204299926758
719.9739990234375,-21.097379684448242
721.3179321289062,-20.296062469482422
722.6626586914062,-19.494342803955078
724.0082397460938,-18.69222068786621
725.3546752929688,-17.889684677124023
726.8517456054688,-16.997474670410156
728.2000122070312,-16.194011688232422
729.5491943359375,-15.390130043029785
730.899169921875,-14.585829734802246
732.2499389648438,-13.781086921691895
733.6015625,-12.975896835327148
734.9540405273438,-12.170276641845703
736.3072509765625,-11.364246368408203
737.8118286132812,-10.4681978225708
739.1668090820312,-9.661331176757812
740.67333984375,-8.764304161071777
742.1808471679688,-7.866709232330322
743.5384521484375,-7.058382987976074
744.8969116210938,-6.249602794647217
746.256103515625,-5.440371513366699
747.6160888671875,-4.6306939125061035
748.9768676757812,-3.8205726146698
750.3385009765625,-3.010014772415161
751.852294921875,-2.108893632888794
753.215576171875,-1.2974562644958496
754.5797119140625,-0.4856320023536682
755.9447021484375,0.3265480697154999
757.3104858398438,1.139053463935852
758.6771850585938,1.951866865158081
760.0447998046875,2.764981746673584
761.4132080078125,3.578380584716797
762.7825317382812,4.392040252685547
764.304931640625,5.296380519866943
765.6760864257812,6.110498905181885
767.0481567382812,6.924794673919678
768.421142578125,7.739253997802734
769.7949829101562,8.553882598876953
771.1697998046875,9.368685722351074
772.5455322265625,10.18366813659668
773.9222412109375,10.998833656311035
775.2998657226562,11.814190864562988
776.6785278320312,12.629748344421387
778.0580444335938,13.445456504821777
779.4385375976562,14.26123332977295
780.8198852539062,15.077061653137207
782.2021484375,15.892928123474121
783.58544921875,16.708789825439453
784.9697265625,17.52459716796875
786.3551025390625,18.340312957763672
787.7415771484375,19.155927658081055
789.1290893554688,19.97144317626953
790.6720581054688,20.877437591552734
792.5252075195312,21.964326858520508
793.9163208007812,22.779245376586914
795.30859375,23.59395980834961
796.7018432617188,24.408504486083984
798.09619140625,25.222885131835938
799.4915161132812,26.037107467651367
800.8878784179688,26.851200103759766
802.2852783203125,27.665210723876953
803.6836547851562,28.47919464111328
805.0829467773438,29.293249130249023
806.7943115234375,30.288406372070312
808.1953735351562,31.10291290283203
809.5971069335938,31.917768478393555
810.9994506835938,32.733097076416016
812.40234375,33.549034118652344
813.8056640625,34.36572265625
815.5214233398438,35.365108489990234
816.9255981445312,36.18387985229492
818.3301391601562,37.00371170043945
819.7350463867188,37.82463073730469
821.1403198242188,38.64654541015625
822.5459594726562,39.4693717956543
824.2643432617188,40.476375579833984
825.6705932617188,41.301456451416016
827.0770263671875,42.127681732177734
828.483642578125,42.95515060424805
829.8902587890625,43.78395462036133
831.296875,44.61420822143555
833.015869140625,45.63107681274414
834.4221801757812,46.46489715576172
835.8283081054688,47.30046844482422
837.5465087890625,48.32415771484375
838.9520874023438,49.16372299194336
840.3575439453125,50.005043029785156
841.762939453125,50.84801483154297
843.1683349609375,51.6924934387207
844.7300415039062,52.632362365722656
846.2919311523438,53.57368087768555
848.01025390625,54.61063003540039
849.41650390625,55.4600944519043
850.8230590820312,56.31044387817383
852.5426635742188,57.350860595703125
853.9500122070312,58.20296859741211
855.3577270507812,59.05585861206055
857.0787353515625,60.09930419921875
858.4871826171875,60.953731536865234
860.207763671875,61.998016357421875
861.6133422851562,62.8515625
863.3269653320312,63.89276885986328
864.72412109375,64.74232482910156
866.1160888671875,65.58939361572266
867.5025024414062,66.43377685546875
869.188720703125,67.4618911743164
870.5611572265625,68.29967498779297
871.9268798828125,69.13424682617188
873.2857055664062,69.96553039550781
874.9368286132812,70.97704315185547
876.2796630859375,71.8010025024414
877.614990234375,72.6217269897461
878.9427490234375,73.43941497802734
880.2628784179688,74.25422668457031
881.8659057617188,75.24642944335938
883.1690063476562,76.05535888671875
884.4646606445312,76.86181640625
885.7532348632812,77.66592407226562
887.0349731445312,78.46788024902344
888.5925903320312,79.44532775878906
890.2813110351562,80.50841522216797
891.9595336914062,81.56787109375
893.4888916015625,82.53558349609375
895.1474609375,83.58720397949219
896.7954711914062,84.6346206665039
898.2968139648438,85.59126281738281
899.9243774414062,86.63134002685547
901.4066772460938,87.58207702636719
903.01220703125,88.61650085449219
904.60498046875,89.64876556396484
906.0530395507812,90.59334564208984
907.6192626953125,91.62195587158203
909.042236328125,92.56280517578125
910.5808715820312,93.58671569824219
912.10546875,94.60847473144531
913.490966796875,95.5439682006836
914.9892578125,96.56442260742188
916.3504638671875,97.49974822998047
917.8221435546875,98.52053833007812
919.2803955078125,99.5418930053711
920.7254638671875,100.56361389160156
922.0386962890625,101.5006332397461
923.3411865234375,102.43824768066406
924.6329345703125,103.37659454345703
925.9141235351562,104.31550598144531
927.1845703125,105.2551040649414
928.5587768554688,106.28162384033203
929.80810546875,107.2243881225586
931.2723999023438,108.34138488769531
932.5010986328125,109.28919219970703
933.720458984375,110.24020385742188
934.9306030273438,111.195068359375
936.1315307617188,112.1544418334961
937.3236694335938,113.11862182617188
938.5068969726562,114.0879898071289
939.6809692382812,115.06303405761719
940.845703125,116.04411315917969
942.0010375976562,117.0316162109375
943.1474609375,118.025634765625
944.4917602539062,119.208251953125
945.6207885742188,120.21510314941406
946.9449462890625,121.41218566894531
948.0560302734375,122.43148040771484
949.3572387695312,123.64423370361328
950.4476928710938,124.6777114868164
951.5286254882812,125.71810913085938
952.7939453125,126.95689392089844
954.1421508789062,128.30252075195312
955.38037109375,129.5630340576172
956.60498046875,130.83444213867188
957.9078979492188,132.2163848876953
959.1023559570312,133.51177978515625
960.3717041015625,134.91983032226562
961.6231689453125,136.3407440185547
962.8562622070312,137.77365112304688
963.984375,139.11361694335938
965.1813354492188,140.5659637451172
966.2766723632812,141.92271423339844
967.4386596679688,143.3924102783203
968.5814208984375,144.8710479736328
969.7030639648438,146.3580780029297
970.80224609375,147.8527069091797
971.878173828125,149.35447692871094
972.9314575195312,150.86270141601562
973.9634399414062,152.3767547607422
974.9757690429688,153.8953857421875
975.8284912109375,155.19993591308594
976.7369995117188,156.6159210205078
977.5613403320312,157.92550659179688
978.5055541992188,159.456787109375
979.3646240234375,160.8820343017578
980.141357421875,162.20054626464844
981.0265502929688,163.7421875
981.8271484375,165.17735290527344
982.6654052734375,166.72650146484375
983.3642578125,168.05747985839844
984.1566772460938,169.613525390625
984.9251708984375,171.1719512939453
985.6707153320312,172.7314453125
986.3939819335938,174.29063415527344
987.0948486328125,175.84861755371094
987.772705078125,177.40501403808594
988.4273071289062,178.95960998535156
989.058837890625,180.51181030273438
989.6680297851562,182.06040954589844
990.2557373046875,183.60400390625
990.8225708007812,185.14117431640625
991.3687744140625,186.67083740234375
991.8935546875,188.19320678710938
992.39599609375,189.7088165283203
992.8756713867188,191.21835327148438
993.3326416015625,192.7213897705078
993.7672119140625,194.21791076660156
994.1802978515625,195.70803833007812
994.5725708007812,197.19158935546875
994.970458984375,198.77346801757812
995.3208618164062,200.24261474609375
995.6968383789062,201.912841796875
996.0670776367188,203.67735290527344
996.4075317382812,205.4314422607422
996.7186279296875,207.1744842529297
997.000244140625,208.9056854248047
997.2532958984375,210.62448120117188
997.4794311523438,212.32839965820312
997.6705322265625,213.91810607910156
997.8521118164062,215.59300231933594
998.00537109375,217.25308227539062
998.12744140625,218.89666748046875
998.2217407226562,220.5240478515625
998.2877807617188,222.04144287109375
998.333740234375,223.54322814941406
998.3610229492188,225.21310424804688
998.3607788085938,226.95327758789062
998.335205078125,228.4910430908203
998.2852783203125,230.01141357421875
998.2100219726562,231.51527404785156
998.0967407226562,233.17628479003906
997.9447631835938,234.90440368652344
997.7694702148438,236.52767944335938
997.5511474609375,238.2184600830078
997.3082885742188,239.8094940185547
997.0287475585938,241.38583374023438
996.7117309570312,242.94674682617188
996.3380737304688,244.572265625
995.9456787109375,246.0988006591797
995.5172729492188,247.6069793701172
995.0277099609375,249.17369079589844
994.5263671875,250.64137268066406
993.9909057617188,252.08837890625
993.42236328125,253.51406860351562
992.7891845703125,254.99093627929688
992.1206665039062,256.4420471191406
991.4530639648438,257.79559326171875
990.716552734375,259.193115234375
989.9459838867188,260.56207275390625
989.1422119140625,261.9019470214844
988.3052978515625,263.2133483886719
987.390380859375,264.5605773925781
986.485107421875,265.8147888183594
985.5466918945312,267.040771484375
984.524658203125,268.3000793457031
983.4642333984375,269.5342102050781
982.4183349609375,270.68829345703125
981.2826538085938,271.8766174316406
980.1093139648438,273.0396423339844
978.8992309570312,274.1768798828125
977.6537475585938,275.28826904296875
976.4974365234375,276.2715759277344
975.1878051757812,277.3336486816406
973.7810668945312,278.4176025390625
972.3396606445312,279.4714660644531
971.0676879882812,280.3570556640625
969.7022705078125,281.2638854980469
968.310302734375,282.1441650390625
966.9637451171875,282.9551696777344
965.5220336914062,283.78125
964.0579833984375,284.5768737792969
962.57373046875,285.3396911621094
961.0706787109375,286.067626953125
959.5498657226562,286.7588195800781
957.93603515625,287.4436340332031
956.38525390625,288.0556945800781
954.822021484375,288.6279296875
953.2469482421875,289.16009521484375
951.6610107421875,289.6523132324219
949.9849243164062,290.1264343261719
948.3771362304688,290.5382385253906
946.7564086914062,290.9125061035156
945.0386962890625,291.265625
943.387451171875,291.56353759765625
941.638671875,291.8351135253906
939.9600219726562,292.0537109375
938.269287109375,292.2333068847656
936.7381591796875,292.36199951171875
935.1986083984375,292.4599304199219
933.6511840820312,292.5272521972656
932.0964965820312,292.5639343261719
930.5350952148438,292.5693359375
928.9676513671875,292.542724609375
927.3948364257812,292.48358154296875
925.5540771484375,292.3737487792969
923.9715576171875,292.24560546875
922.3851928710938,292.0871887207031
920.79541015625,291.8991394042969
919.2028198242188,291.6818542480469
917.6075439453125,291.4361877441406
916.0101318359375,291.1626892089844
914.411376953125,290.86114501953125
912.722900390625,290.51171875
911.1232299804688,290.1507568359375
909.524169921875,289.7606506347656
907.9264526367188,289.34130859375
906.3309326171875,288.8930969238281
904.7382202148438,288.4164123535156
903.1484985351562,287.9119873046875
901.562255859375,287.3800964355469
899.97998046875,286.82073974609375
898.4024047851562,286.2333068847656
896.8302001953125,285.6175537109375
895.1769409179688,284.9364013671875
893.6170654296875,284.261474609375
892.0634155273438,283.5579833984375
890.4301147460938,282.78485107421875
888.8890991210938,282.0240478515625
887.3544921875,281.2362365722656
885.8263549804688,280.4220275878906
884.304931640625,279.58184814453125
882.8742065429688,278.7648620605469
881.3663330078125,277.8751525878906
879.8663330078125,276.9593811035156
878.3748168945312,276.0179443359375
876.891845703125,275.0521545410156
875.4171142578125,274.0628356933594
873.9498291015625,273.0514221191406
872.5695190429688,272.0772399902344
871.115966796875,271.0231628417969
869.7515258789062,270.0046691894531
868.3961791992188,268.9634094238281
866.9706420898438,267.83782958984375
865.6324462890625,266.7539367675781
864.3023071289062,265.6501770019531
862.9027709960938,264.4606628417969
861.5883178710938,263.3187561035156
860.2813110351562,262.1589050292969
858.9053955078125,260.9120788574219
857.6121215820312,259.7181701660156
856.2489624023438,258.4366760253906
854.8929443359375,257.1366271972656
853.6198120117188,255.89108276367188
852.2797241210938,254.55343627929688
851.0204467773438,253.2734832763672
849.6919555664062,251.90281677246094
848.439697265625,250.59568786621094
847.1143798828125,249.20040893554688
846.0827026367188,248.10845947265625
845.04931640625,247.01150512695312
843.79150390625,245.67364501953125
842.75244140625,244.5675811767578
841.7100830078125,243.45814514160156
840.6638793945312,242.34580993652344
839.4630737304688,241.07167053222656
838.4072875976562,239.9547576904297
837.3463745117188,238.83642578125
836.2799072265625,237.7171173095703
835.2075805664062,236.59719848632812
834.1290283203125,235.47702026367188
833.044189453125,234.35671997070312
831.9529418945312,233.2364501953125
830.855224609375,232.11639404296875
829.7507934570312,230.99681091308594
828.5597534179688,229.7981719970703
827.4405517578125,228.68081665039062
826.3136596679688,227.56521606445312
824.9345092773438,226.2133331298828
823.7899780273438,225.10244750976562
822.6375122070312,223.99383544921875
821.2274169921875,222.65074157714844
820.0571899414062,221.54759216308594
818.8784790039062,220.4476318359375
817.7760009765625,219.42959594726562
816.5800170898438,218.3372039794922
815.3749389648438,217.24905395507812
814.1607666015625,216.16531372070312
813.0252685546875,215.1630401611328
811.7947387695312,214.0891876220703
810.5588989257812,213.02304077148438
809.3203735351562,211.9664764404297
808.0818481445312,210.9210205078125
806.5810546875,209.66845703125
805.3485717773438,208.6513671875
804.119384765625,207.64739990234375
802.6312255859375,206.44654846191406
801.4094848632812,205.4739227294922
799.9303588867188,204.31399536132812
798.7152709960938,203.37689208984375
797.242431640625,202.2615966796875
795.77197265625,201.17100524902344
794.3897705078125,200.16598510742188
792.9214477539062,199.11985778808594
791.4525146484375,198.0958251953125
789.981201171875,197.0950469970703
788.5059204101562,196.1182861328125
787.0257568359375,195.16629028320312
785.5391845703125,194.2383270263672
784.1337280273438,193.38658142089844
782.7223510742188,192.5557861328125
781.21533203125,191.6962890625
779.6982421875,190.86056518554688
778.1698608398438,190.04905700683594
776.6298828125,189.2624053955078
775.078857421875,188.50083923339844
773.4256591796875,187.72116088867188
771.8551635742188,187.00836181640625
770.1831665039062,186.27671813964844
768.5950927734375,185.6063690185547
766.9035034179688,184.9181365966797
765.2962036132812,184.288818359375
763.5843505859375,183.64566040039062
761.9574584960938,183.0611114501953
760.2232666015625,182.46734619140625
758.5741577148438,181.93154907226562
756.81640625,181.3920135498047
755.1465454101562,180.9097442626953
753.4679565429688,180.45443725585938
751.7811889648438,180.02569580078125
750.0867919921875,179.62318420410156
748.3857421875,179.2467498779297
746.577880859375,178.87693786621094
744.965087890625,178.57373046875
743.2459106445312,178.27899169921875
741.5219116210938,178.01316833496094
739.7935180664062,177.7761688232422
738.061279296875,177.56875610351562
736.3256225585938,177.38951110839844
734.5870361328125,177.23641967773438
733.0509643554688,177.12152099609375
731.3079833984375,177.0137176513672
729.6649169921875,176.93374633789062
728.020263671875,176.87533569335938
726.2713623046875,176.8402099609375
724.52197265625,176.8352813720703
722.8759155273438,176.8596954345703
721.1275634765625,176.91612243652344
719.482666015625,176.99658203125
717.7356567382812,177.11001586914062
716.0923461914062,177.2439727783203
714.4506225585938,177.40501403808594
712.7086791992188,177.60440063476562
711.0712890625,177.81666564941406
709.4354248046875,178.05052185058594
707.8008422851562,178.30418395996094
706.16748046875,178.5767059326172
704.5355224609375,178.86782836914062
703.0067138671875,179.15745544433594
701.37744140625,179.48414611816406
699.7500610351562,179.82931518554688
698.2264404296875,180.16954040527344
696.6033935546875,180.5484619140625
695.0838623046875,180.9156036376953
693.4650268554688,181.31520080566406
691.9486083984375,181.6924591064453
690.4321899414062,182.06715393066406
688.8130493164062,182.45846557617188
687.292724609375,182.81321716308594
685.6677856445312,183.17523193359375
684.141357421875,183.4970245361328
682.51025390625,183.8199462890625
680.9791870117188,184.10244750976562
679.3446655273438,184.381591796875
677.8115844726562,184.62213134765625
676.1759033203125,184.85618591308594
674.540283203125,185.066650390625
673.0076293945312,185.2427520751953
671.3739624023438,185.4081573486328
669.7420654296875,185.54977416992188
668.214111328125,185.6599884033203
666.5864868164062,185.75242614746094
665.0637817382812,185.81483459472656
663.5458984375,185.85337829589844
662.0340576171875,185.86805725097656
660.5286254882812,185.85943603515625
658.9298095703125,185.825927734375
657.139892578125,185.7599334716797
655.556884765625,185.67721557617188
653.6874389648438,185.5500030517578
651.927001953125,185.39976501464844
650.3714599609375,185.24105834960938
648.6329345703125,185.03292846679688
647.0978393554688,184.82064819335938
645.3811645507812,184.54983520507812
643.6754760742188,184.24456787109375
642.1692504882812,183.94427490234375
640.4864501953125,183.5748291015625
639.0017700195312,183.21978759765625
637.3455810546875,182.7921905517578
635.6146850585938,182.31028747558594
633.9917602539062,181.82632446289062
632.385498046875,181.31663513183594
630.7086791992188,180.75083923339844
629.0520629882812,180.1560821533203
627.41650390625,179.5318603515625
625.8021850585938,178.87747192382812
624.29052734375,178.22799682617188
622.7109375,177.5098419189453
621.1441040039062,176.75816345214844
619.5869140625,175.97418212890625
618.1197509765625,175.20333862304688
616.5806884765625,174.3602294921875
615.213134765625,173.57948303222656
613.6962890625,172.67666625976562
612.2710571289062,171.792236328125
610.7791748046875,170.82859802246094
608.066650390625,168.97373962402344
606.6139526367188,167.9241180419922
605.2509765625,166.90309143066406
604.0509643554688,165.97451782226562
602.7147216796875,164.90679931640625
601.5392456054688,163.93780517578125
600.158447265625,162.76336669921875
598.8660888671875,161.62716674804688
597.7305908203125,160.59820556640625
596.4685668945312,159.41957092285156
595.360595703125,158.3534698486328
594.1298828125,157.13368225097656
593.0497436523438,156.03172302246094
591.8501586914062,154.7726593017578
590.7978515625,153.63662719726562
589.6298217773438,152.34002685546875
588.4788818359375,151.02394104003906
587.4705200195312,149.83787536621094
586.3525390625,148.48550415039062
585.2520751953125,147.1141815185547
584.1693115234375,145.72406005859375
583.1052856445312,144.31517028808594
582.0613403320312,142.88714599609375
581.0383911132812,141.4398651123047
580.0369873046875,139.9733123779297
579.1115112304688,138.57083129882812
578.2054443359375,137.1518096923828
577.3181762695312,135.71705627441406
576.3986206054688,134.18162536621094
575.5476684570312,132.71754455566406
574.661376953125,131.1555633544922
573.102783203125,128.36207580566406
572.2708740234375,126.8772201538086
571.477783203125,125.48391723632812
570.7216186523438,124.18401336669922
569.8477172851562,122.72051239013672
569.0602416992188,121.43925476074219
568.148681640625,119.99958801269531
567.3274536132812,118.74073028564453
566.3778076171875,117.32725524902344
565.5233154296875,116.09223937988281
564.6533813476562,114.86907958984375
563.6484985351562,113.49740600585938
562.6239624023438,112.14083862304688
560.77001953125,109.78301239013672
559.6939697265625,108.46766662597656
557.6182861328125,106.03507995605469
556.4223022460938,104.69365692138672
555.2064819335938,103.37387084960938
554.0406494140625,102.14862060546875
552.8580932617188,100.9446792602539
551.5879516601562,99.69346618652344
550.3710327148438,98.5345458984375
549.0641479492188,97.33196258544922
547.8128051757812,96.22013092041016
546.54541015625,95.13232421875
545.2626342773438,94.06888580322266
543.9652099609375,93.02994537353516
542.653564453125,92.01604461669922
541.3279418945312,91.0279312133789
539.9090576171875,90.01052856445312
538.6348876953125,89.13106536865234
537.1869506835938,88.16914367675781
535.887451171875,87.33760070800781
534.4119262695312,86.42832946777344
533.0054931640625,85.595703125
531.587158203125,84.78913879394531
530.157470703125,84.00961303710938
528.7171020507812,83.25764465332031
527.1814575195312,82.49070739746094
525.635986328125,81.75228881835938
524.1680908203125,81.07999420166016
522.6925048828125,80.43207550048828
521.1209716796875,79.77249145507812
519.6272583007812,79.1735610961914
518.0353393554688,78.56400299072266
516.522216796875,78.01184844970703
514.9103393554688,77.45313262939453
513.3795166015625,76.95030212402344
511.750244140625,76.44432830810547
510.20416259765625,75.99174499511719
508.5601501464844,75.53955078125
507.0013427734375,75.1384506225586
505.4369812011719,74.76248931884766
503.7750549316406,74.3916244506836
502.108154296875,74.048828125
500.436767578125,73.73454284667969
498.7614440917969,73.44833374023438
497.0828857421875,73.18914794921875
495.4015808105469,72.95696258544922
493.8116455078125,72.76542663574219
492.12615966796875,72.59333801269531
490.43743896484375,72.45265197753906
488.7437438964844,72.3420181274414
487.13848876953125,72.2633285522461
485.4328308105469,72.20589447021484
483.7229919433594,72.17452239990234
482.1061096191406,72.16919708251953
480.392822265625,72.18962097167969
478.6786804199219,72.2369384765625
476.9642028808594,72.31144714355469
475.24993896484375,72.41344451904297
473.7266845703125,72.52753448486328
472.01409912109375,72.68234252929688
470.3032531738281,72.86531829833984
468.5946960449219,73.0766830444336
467.0782470703125,73.288330078125
465.3749084472656,73.55247497558594
463.6744079589844,73.84326934814453
461.8826904296875,74.17835235595703
460.1887512207031,74.52206420898438
458.4984130859375,74.89137268066406
456.99908447265625,75.24124908447266
455.3164978027344,75.65960693359375
453.82501220703125,76.0536117553711
452.1522521972656,76.52131652832031
450.6700439453125,76.95808410644531
448.915771484375,77.50161743164062
447.25921630859375,78.03953552246094
445.7896728515625,78.53205871582031
444.13739013671875,79.09494018554688
442.66778564453125,79.5970458984375
441.01141357421875,80.15766143798828
439.5345153808594,80.64686584472656
437.7734069824219,81.21095275878906
436.09710693359375,81.72406005859375
434.60113525390625,82.16046905517578
433.1002197265625,82.57737731933594
431.5946044921875,82.97428131103516
430.0841369628906,83.3508071899414
428.56878662109375,83.7064208984375
427.0489501953125,84.04093933105469
425.52532958984375,84.35426330566406
423.8076171875,84.68143463134766
422.0869140625,84.9811019897461
420.45947265625,85.23810577392578
418.9259033203125,85.45663452148438
417.39056396484375,85.65262603759766
415.85369873046875,85.8265609741211
414.2193908691406,85.98759460449219
412.6805114746094,86.11698150634766
411.1415100097656,86.22473907470703
409.5068664550781,86.3153076171875
407.96923828125,86.3779296875
406.3361511230469,86.42041015625
404.7996520996094,86.43756103515625
403.1677551269531,86.43150329589844
401.6326599121094,86.40263366699219
400.00274658203125,86.34719848632812
398.3742980957031,86.26605987548828
396.84344482421875,86.16621398925781
395.21942138671875,86.03521728515625
393.6942138671875,85.88867950439453
392.07830810546875,85.70873260498047
390.4681091308594,85.5036849975586
388.86444091796875,85.27301788330078
387.3623046875,85.03208923339844
385.7765808105469,84.75132751464844
384.295166015625,84.4642105102539
382.7331237792969,84.13484191894531
380.9117126464844,83.71527099609375
379.1983337402344,83.28494262695312
377.6796875,82.87413787841797
375.9109191894531,82.36027526855469
374.24896240234375,81.84223175048828
372.7773742675781,81.35472106933594
371.1501770019531,80.78380584716797
369.710205078125,80.25016021728516
368.1179504394531,79.62737274169922
366.7075500488281,79.04500579833984
365.1476135253906,78.36520385742188
363.68597412109375,77.69338989257812
362.15997314453125,76.95639038085938
360.6514587402344,76.192138671875
359.317626953125,75.48516082763672
357.76947021484375,74.62503814697266
356.3966064453125,73.8245849609375
354.9685974121094,72.95307159423828
353.48919677734375,72.00659942626953
352.1058654785156,71.08014678955078
350.7437744140625,70.12739562988281
349.4028015136719,69.14904022216797
348.0830078125,68.1458969116211
346.852294921875,67.17349243164062
345.5740051269531,66.12461853027344
344.3177490234375,65.05309295654297
343.0840759277344,63.95929718017578
341.8735046386719,62.843605041503906
340.7486267089844,61.7667350769043
339.5857849121094,60.60889434814453
338.4490051269531,59.429344177246094
337.3961486816406,58.29164123535156
336.3084411621094,57.068687438964844
335.2436828613281,55.821556091308594
334.25604248046875,54.617244720458984
333.2892761230469,53.39088821411133
332.29205322265625,52.07341003417969
331.36962890625,50.8043212890625
330.4693298339844,49.51530838012695
329.5426940917969,48.13393020629883
328.5923767089844,46.6580810546875
327.6667785644531,45.161190032958984
326.8113098144531,43.719913482666016
326.0246887207031,42.3359260559082
325.26153564453125,40.93197250366211
324.5207214355469,39.507266998291016
323.7627868652344,37.98161697387695
323.06915283203125,36.51607131958008
322.4008483886719,35.03200912475586
321.7582702636719,33.53078079223633
321.14129638671875,32.0135383605957
320.5498046875,30.4810848236084
319.98406982421875,28.933937072753906
319.44476318359375,27.372817993164062
318.9325866699219,25.79877471923828
318.4482727050781,24.212923049926758
317.9917907714844,22.616798400878906
317.5634460449219,21.011817932128906
317.1634521484375,19.39776039123535
316.79205322265625,17.7734317779541
316.44915771484375,16.13758087158203
316.1338806152344,14.489303588867188
315.8457946777344,12.828827857971191
315.585693359375,11.156944274902344
315.3548278808594,9.474242210388184
315.1542663574219,7.782097816467285
314.9839172363281,6.081788063049316
314.8501892089844,4.468931198120117
314.7371826171875,2.7535808086395264
314.65423583984375,1.0299482345581055
314.6036376953125,-0.6053395867347717
314.5784912109375,-2.344351053237915
314.5816955566406,-4.090339660644531
314.6111145019531,-5.745144844055176
314.6704406738281,-7.503209590911865
314.7530822753906,-9.168630599975586
314.86865234375,-10.937044143676758
315.012939453125,-12.710258483886719
315.16461181640625,-14.290419578552246
315.3602294921875,-16.072601318359375
315.5672302246094,-17.7603759765625
315.79278564453125,-19.453134536743164
316.0316162109375,-21.151752471923828
316.275390625,-22.857351303100586
316.5145263671875,-24.5706844329834
316.72821044921875,-26.19026756286621
316.9383850097656,-27.918306350708008
317.1281433105469,-29.653852462768555
317.28607177734375,-31.293912887573242
317.42242431640625,-32.939453125
317.5419616699219,-34.6923713684082
317.6293640136719,-36.34511947631836
317.6917724609375,-37.99971008300781
317.7293395996094,-39.65534973144531
317.7425842285156,-41.31145095825195
317.7314147949219,-42.967403411865234
317.6955261230469,-44.622615814208984
317.6342468261719,-46.27621078491211
317.541015625,-48.030120849609375
317.4266662597656,-49.67667770385742
317.2964782714844,-51.21577835083008
317.13397216796875,-52.85227584838867
316.93572998046875,-54.58496856689453
316.7391357421875,-56.10813522338867
316.506103515625,-57.7258415222168
316.24755859375,-59.33469772338867
315.9618835449219,-60.93389892578125
315.6478576660156,-62.52333068847656
315.282470703125,-64.2006607055664
314.9091796875,-65.76805114746094
314.50799560546875,-67.32400512695312
314.07952880859375,-68.8677749633789
313.62445068359375,-70.39827728271484
313.14373779296875,-71.91439819335938
312.573486328125,-73.60188293457031
312.04119873046875,-75.084716796875
311.4141845703125,-76.73282623291016
310.83251953125,-78.18034362792969
310.22869873046875,-79.61160278320312
309.6037292480469,-81.02666473388672
308.9582824707031,-82.42557525634766
308.2927551269531,-83.80834197998047
307.6070251464844,-85.17524719238281
306.8115539550781,-86.69464111328125
306.083740234375,-88.02914428710938
305.3364562988281,-89.34800720214844
304.5690612792969,-90.6500244140625
303.7809753417969,-91.93414306640625
302.9718322753906,-93.19989776611328
302.03594970703125,-94.60303497314453
300.3047790527344,-97.05216979980469
299.40704345703125,-98.25860595703125
298.3715515136719,-99.60205078125
297.4284362792969,-100.78312683105469
296.4641418457031,-101.95136260986328
295.47918701171875,-103.10692596435547
294.3473205566406,-104.39183044433594
293.3204650878906,-105.52037811279297
292.2742919921875,-106.63581085205078
291.2090759277344,-107.73796844482422
290.1251525878906,-108.8265380859375
289.0226745605469,-109.90101623535156
287.9018249511719,-110.9608154296875
286.7630920410156,-112.00546264648438
285.53411865234375,-113.0982894897461
284.3597717285156,-114.11044311523438
283.093505859375,-115.16854858398438
281.8846740722656,-116.14873504638672
280.58233642578125,-117.17377471923828
279.3396911621094,-118.1225357055664
278.0009460449219,-119.11238098144531
276.6433410644531,-120.08270263671875
275.266845703125,-121.03242492675781
273.78875732421875,-122.01427459716797
272.3731994628906,-122.91793060302734
271.0237121582031,-123.74708557128906
269.5724182128906,-124.60636901855469
268.1910095214844,-125.39624786376953
266.7078552246094,-126.2167739868164
265.2978515625,-126.97156524658203
263.87432861328125,-127.70877075195312
262.3469543457031,-128.47161865234375
260.8955383300781,-129.1693878173828
259.33880615234375,-129.88906860351562
257.76751708984375,-130.58685302734375
256.27587890625,-131.2240447998047
254.6778564453125,-131.88101196289062
253.06678771972656,-132.51824951171875
251.5391845703125,-133.1002197265625
250.0972137451172,-133.62960815429688
248.54867553710938,-134.17654418945312
246.8917694091797,-134.73802185058594
245.3218994140625,-135.24850463867188
243.8412628173828,-135.71139526367188
242.2525177001953,-136.188232421875
240.55413818359375,-136.67575073242188
238.8453826904297,-137.14349365234375
237.22787475585938,-137.56541442871094
235.4995880126953,-137.99415588378906
233.76158142089844,-138.40330505371094
232.11717224121094,-138.77110290527344
230.36114501953125,-139.14414978027344
228.59616088867188,-139.4989013671875
226.92706298828125,-139.81558227539062
225.35533142089844,-140.096923828125
223.5661163330078,-140.3975067138672
220.601318359375,-140.8511199951172
219.11090087890625,-141.0587921142578
217.50819396972656,-141.2672119140625
216.00714111328125,-141.44879150390625
214.5010986328125,-141.6180419921875
212.99017333984375,-141.77520751953125
211.36602783203125,-141.93075561523438
209.84530639648438,-142.06423950195312
208.32005310058594,-142.18653869628906
206.68081665039062,-142.3053741455078
205.14627075195312,-142.40480041503906
203.60752868652344,-142.492919921875
201.9542236328125,-142.57427978515625
200.4069366455078,-142.63746643066406
198.8557891845703,-142.6879119873047
197.18963623046875,-142.72740173339844
195.63075256347656,-142.75045776367188
194.06834411621094,-142.76023864746094
192.39035034179688,-142.75625610351562
190.82061767578125,-142.7396697998047
189.1351318359375,-142.70809936523438
187.5586395263672,-142.6657257080078
185.8660125732422,-142.60635375976562
184.28317260742188,-142.53794860839844
182.58570861816406,-142.45030212402344
181.00404357910156,-142.35504150390625
179.3125,-142.23915100097656
177.62423706054688,-142.10946655273438
176.05157470703125,-141.9762420654297
174.36981201171875,-141.82073974609375
172.69094848632812,-141.65234375
171.01113891601562,-141.47116088867188
169.32884216308594,-141.277099609375
167.53201293945312,-141.0561065673828
165.84559631347656,-140.83583068847656
164.2701416015625,-140.61849975585938
162.58079528808594,-140.37237548828125
160.8900604248047,-140.1124725341797
159.19808959960938,-139.83876037597656
157.39199829101562,-139.5318145751953
155.58465576171875,-139.2094268798828
153.77622985839844,-138.87149047851562
152.0800018310547,-138.540283203125
150.38308715820312,-138.19508361816406
148.68557739257812,-137.83580017089844
146.9875030517578,-137.462646484375
145.28890991210938,-137.07579040527344
143.81640625,-136.72955322265625
142.1169891357422,-136.31748962402344
140.41729736328125,-135.89187622070312
138.71742248535156,-135.4527130126953
137.24404907226562,-135.0612335205078
135.54385375976562,-134.59722900390625
133.84356689453125,-134.12008666992188
132.37013244628906,-133.6957244873047
130.67030334472656,-133.1932373046875
128.9710235595703,-132.6767120361328
127.27257537841797,-132.145751953125
125.80086517333984,-131.67454528808594
124.10317993164062,-131.11859130859375
122.40599822998047,-130.54971313476562
120.59635925292969,-129.92822265625
118.90084075927734,-129.33145141601562
117.20674133300781,-128.72036743164062
115.73999786376953,-128.17860412597656
114.04969024658203,-127.53881072998047
112.36133575439453,-126.8836898803711
110.89886474609375,-126.30504608154297
109.212158203125,-125.6263427734375
107.75141906738281,-125.02811431884766
106.06744384765625,-124.32518005371094
104.27325439453125,-123.56005096435547
102.59339141845703,-122.82838439941406
100.91615295410156,-122.08207702636719
99.4651107788086,-121.42259979248047
97.79435729980469,-120.64631652832031
96.34956359863281,-119.9601058959961
94.68624877929688,-119.15294647216797
93.13751983642578,-118.38497161865234
91.70297241210938,-117.6588363647461
90.16259765625,-116.86199188232422
88.73690795898438,-116.10762786865234
87.09771728515625,-115.21968841552734
85.68211364746094,-114.4352798461914
84.0546875,-113.51319122314453
82.43397521972656,-112.57276916503906
81.03523254394531,-111.74253845214844
79.74959564208984,-110.96307373046875
78.46955871582031,-110.17066955566406
77.19497680664062,-109.36552429199219
75.81928253173828,-108.48031616210938
74.55294036865234,-107.65300750732422
73.28956604003906,-106.81702423095703
72.0296630859375,-105.9719467163086
70.66948699951172,-105.04505920410156
69.4189682006836,-104.17821502685547
68.17345428466797,-103.3005142211914
66.83025360107422,-102.33708953857422
65.59615325927734,-101.43608093261719
64.36715698242188,-100.52416229248047
63.14264678955078,-99.60224914550781
61.92257308959961,-98.67088317871094
60.707401275634766,-97.72974395751953
59.49764633178711,-96.7782211303711
58.29357147216797,-95.81610107421875
56.99528121948242,-94.76223754882812
55.802337646484375,-93.7791519165039
54.61497116088867,-92.78614807128906
53.43378448486328,-91.78267669677734
52.16175079345703,-90.68319702148438
50.99467849731445,-89.65684509277344
49.83434295654297,-88.61975860595703
48.680545806884766,-87.57222747802734
47.53303527832031,-86.51454162597656
46.3917350769043,-85.44696807861328
45.256500244140625,-84.36976623535156
44.12718963623047,-83.28311157226562
43.003929138183594,-82.18716430664062
41.88715744018555,-81.08165740966797
40.77729415893555,-79.96623992919922
39.674503326416016,-78.8408203125
38.57868194580078,-77.70556640625
37.489837646484375,-76.56060028076172
36.40778350830078,-75.40612030029297
35.33217239379883,-74.24246978759766
34.26275634765625,-73.0700454711914
33.02302169799805,-71.6913070678711
31.96761131286621,-70.49990844726562
30.919021606445312,-69.29949188232422
29.87732696533203,-68.09011840820312
28.842580795288086,-66.87190246582031
27.814809799194336,-65.64485931396484
26.709217071533203,-64.30569458007812
25.695999145507812,-63.06052780151367
24.523170471191406,-61.59676742553711
23.360559463500977,-60.120967864990234
22.37215232849121,-58.84660339355469
21.39131736755371,-57.56358337402344
20.417932510375977,-56.27204513549805
19.291149139404297,-54.75489807128906
18.33235740661621,-53.446075439453125
17.22179412841797,-51.909706115722656
16.277179718017578,-50.58460998535156
15.18381404876709,-49.02886962890625
14.254019737243652,-47.68715286254883
13.177772521972656,-46.11244583129883
12.338472366333008,-44.8681755065918
11.42902660369873,-43.50392150878906
10.600814819335938,-42.24726867675781
9.7776460647583,-40.984928131103516
8.959542274475098,-39.716957092285156
8.072993278503418,-38.32728576660156
7.119831562042236,-36.814125061035156
6.319798469543457,-35.52732849121094
5.526140213012695,-34.23444366455078
4.738992214202881,-32.935306549072266
3.9582090377807617,-31.63006591796875
3.043104887008667,-30.079978942871094
2.2748074531555176,-28.762306213378906
1.5121334791183472,-27.43924331665039
0.75538170337677,-26.11068344116211
-0.1306130588054657,-24.533166885375977
-0.8725783824920654,-23.191875457763672
-1.6068942546844482,-21.844438552856445
-2.333238363265991,-20.49073028564453
-3.1814045906066895,-18.882869720458984
-3.8907573223114014,-17.51578712463379
-4.720301628112793,-15.892814636230469
-5.415823936462402,-14.51391315460205
-6.23067569732666,-12.878243446350098
-6.91383695602417,-11.489015579223633
-7.712628364562988,-9.840587615966797
-8.500621795654297,-8.184493064880371
-9.158010482788086,-6.776851654052734
-9.923378944396973,-5.105675220489502
-10.676414489746094,-3.4264516830444336
-11.304537773132324,-1.9995206594467163
-11.92497444152832,-0.567325234413147
-12.538342475891113,0.8697942495346069
-13.19967269897461,2.4429867267608643
-13.798567771911621,3.8900485038757324
-14.497087478637695,5.606357574462891
-15.185677528381348,7.329306125640869
-15.864930152893066,9.058616638183594
-16.432601928710938,10.526668548583984
-16.993616104125977,11.999117851257324
-17.547901153564453,13.476018905639648
-18.194562911987305,15.227091789245605
-18.832895278930664,16.983983993530273
-19.463716506958008,18.74640464782715
-20.08763313293457,20.514141082763672
-20.657958984375,22.150476455688477
-21.176549911499023,23.654115676879883
-21.78489875793457,25.435405731201172
-22.389022827148438,27.2210636138916
-22.989669799804688,29.010791778564453
-23.587553024291992,30.80430030822754
-24.1833438873291,32.601436614990234
-24.777502059936523,34.402103424072266
-25.324743270874023,36.06731033325195
-25.825489044189453,37.59624099731445
-26.416269302368164,39.406150817871094
-26.960647583007812,41.07965850830078
-27.45891761779785,42.616085052490234
-28.04705810546875,44.43476867675781
-28.634672164916992,46.25649642944336
-29.176815032958984,47.94069290161133
-29.67367935180664,49.48662185668945
-30.21584129333496,51.17534637451172
-30.713193893432617,52.72536087036133
-31.301786422729492,54.55950164794922
-31.84625244140625,56.25461959838867
-32.3466682434082,57.81010055541992
-32.89409255981445,59.5076904296875
-33.39683532714844,61.062355041503906
-33.99125671386719,62.894744873046875
-34.584835052490234,64.71834564208984
-35.17648696899414,66.5301284790039
-35.675106048583984,68.05258178710938
-36.261600494384766,69.8380355834961
-36.844886779785156,71.60747528076172
-37.424896240234375,73.35999298095703
-38.00161361694336,75.09524536132812
-38.57495880126953,76.81306457519531
-39.057701110839844,78.25309753417969
-39.58250045776367,79.81053924560547
-40.19285202026367,81.60992431640625
-40.75913619995117,83.26493835449219
-41.281578063964844,84.77906799316406
-41.890296936035156,86.52912139892578
-42.456298828125,88.13997650146484
-43.021602630615234,89.73548889160156
-43.54316329956055,91.1943588256836
-44.064937591552734,92.64012145996094
-44.63133239746094,94.19215393066406
-45.19929885864258,95.72919464111328
-45.7685432434082,97.25008392333984
-46.338768005371094,98.75414276123047
-46.91093826293945,100.24073028564453
-47.48594665527344,101.71102142333984
-48.06487274169922,103.16574096679688
-48.64992141723633,104.60771942138672
-49.242271423339844,106.03730773925781
-49.84311294555664,107.45446014404297
-50.45392990112305,108.86001586914062
-51.07581329345703,110.25484466552734
-51.70935821533203,111.63935852050781
-52.45505142211914,113.22441864013672
-53.114356994628906,114.5872802734375
-53.89029312133789,116.14688873291016
-54.68255615234375,117.69219970703125
-55.49116516113281,119.22282409667969
-56.31577682495117,120.7386474609375
-57.15604782104492,122.23957061767578
-58.01183319091797,123.72598266601562
-58.88372039794922,125.19857025146484
-59.83067321777344,126.75587463378906
-60.73391342163086,128.2042694091797
-61.65196990966797,129.6421661376953
-62.585784912109375,131.06915283203125
-63.59923553466797,132.57943725585938
-64.56497955322266,133.984619140625
-65.54544067382812,135.37916564941406
-66.60735321044922,136.8538360595703
-67.6182632446289,138.2225799560547
-68.64429473876953,139.57598876953125
-69.7550277709961,140.99993896484375
-70.81204223632812,142.31417846679688
-71.95560455322266,143.6944122314453
-73.1164321899414,145.0513153076172
-74.22161865234375,146.3000946044922
-75.34355163574219,147.52503967285156
-76.55827331542969,148.80572509765625
-77.71214294433594,149.98435974121094
-78.95641326904297,151.22120666503906
-80.13410186767578,152.3630828857422
-81.40291595458984,153.5632781982422
-82.60540008544922,154.67254638671875
-83.90277099609375,155.8391571044922
-85.13343048095703,156.91741943359375
-86.37818145751953,157.98077392578125
-87.7206039428711,159.0997772216797
-88.99152374267578,160.13641357421875
-90.3592529296875,161.22962951660156
-91.65363311767578,162.24049377441406
-93.0489730834961,163.30023193359375
-94.3714599609375,164.27476501464844
-95.79705810546875,165.29443359375
-97.1470947265625,166.2323455810547
-98.50956726074219,167.15374755859375
-99.97653198242188,168.11846923828125
-101.36486053466797,169.00653076171875
-102.85982513427734,169.93731689453125
-104.27447509765625,170.79600524902344
-105.79608154296875,171.70089721679688
-107.23452758789062,172.5375518798828
-108.68716430664062,173.35899353027344
-110.25252532958984,174.21726989746094
-111.7344741821289,175.00559997558594
-113.33002471923828,175.8302764892578
-114.83866882324219,176.58961486816406
-116.46051788330078,177.38616943359375
-117.99232482910156,178.12139892578125
-119.63785552978516,178.8945770263672
-121.19076538085938,179.60971069335938
-122.85791778564453,180.3622283935547
-124.53643035888672,181.1042022705078
-126.1200180053711,181.79127502441406
-127.49980926513672,182.3809356689453
-128.8859100341797,182.96583557128906
-130.27806091308594,183.54710388183594
-131.6754608154297,184.12680053710938
-133.18460083007812,184.75094604492188
-134.5866241455078,185.3303680419922
-135.98516845703125,185.9085235595703
-137.37637329101562,186.4843292236328
-138.86410522460938,187.1012725830078
-140.54876708984375,187.80221557617188
-142.2147674560547,188.49900817871094
-143.8594512939453,189.19180297851562
-145.48068237304688,189.8801727294922
-146.97842407226562,190.5207061767578
-148.3578643798828,191.11276245117188
-149.91416931152344,191.78126525878906
-151.4524688720703,192.44029235839844
-152.87875366210938,193.0493927001953
-154.3828125,193.68997192382812
-155.95936584472656,194.35916137695312
-157.60536193847656,195.0543212890625
-159.0496826171875,195.66009521484375
-160.4774169921875,196.25399780273438
-161.97532653808594,196.87164306640625
-163.36767578125,197.4402618408203
-164.82797241210938,198.0309295654297
-166.2686309814453,198.6080322265625
-167.68890380859375,199.17242431640625
-169.24977111816406,199.78794860839844
-170.78053283691406,200.3863983154297
-172.2808837890625,200.96682739257812
-173.7510528564453,201.5286407470703
-175.34268188476562,202.12661743164062
-176.7544708251953,202.6449432373047
-178.3601837158203,203.21681213378906
-179.87020874023438,203.73513793945312
-181.43685913085938,204.25001525878906
-182.92103576660156,204.71243286132812
-184.3955078125,205.14283752441406
-185.93115234375,205.5561065673828
-187.45777893066406,205.9290771484375
-188.9768524169922,206.2606201171875
-190.6280517578125,206.57272338867188
-192.2755584716797,206.8302001953125
-193.78204345703125,207.01589965820312
-195.42010498046875,207.163330078125
-197.0504608154297,207.25315856933594
-198.6707305908203,207.28524780273438
-200.2787628173828,207.25926208496094
-201.87216186523438,207.17462158203125
-203.4484405517578,207.03076171875
-205.0108642578125,206.82664489746094
-206.57138061523438,206.56239318847656
-208.13931274414062,206.240966796875
-209.7156524658203,205.8623504638672
-211.16494750976562,205.46270751953125
-212.74563598632812,204.96401977539062
-214.32260131835938,204.39837646484375
-215.76466369628906,203.82212829589844
-217.3345489501953,203.13978576660156
-218.76856994628906,202.46734619140625
-220.25955200195312,201.71209716796875
-221.67344665527344,200.93560791015625
-223.07174682617188,200.10226440429688
-224.45469665527344,199.21444702148438
-225.8251953125,198.28103637695312
-227.1222381591797,197.3505401611328
-228.34713745117188,196.4280548095703
-229.68341064453125,195.3740997314453
-230.94937133789062,194.33265686035156
-232.14715576171875,193.31048583984375
-233.2784881591797,192.3131866455078
-234.40313720703125,191.2904052734375
-235.5203857421875,190.24212646484375
-236.6881103515625,189.11172485351562
-237.78997802734375,188.0133056640625
-238.8852996826172,186.89224243164062
-240.03179931640625,185.68882751464844
-241.1140899658203,184.5237274169922
-242.1848907470703,183.34121704101562
-243.23919677734375,182.14627075195312
-244.2776336669922,180.93968200683594
-245.30079650878906,179.72218322753906
-246.25656127929688,178.55860900878906
-247.2563018798828,177.31407165527344
-248.2487335205078,176.0489501953125
-249.23123168945312,174.76377868652344
-250.20277404785156,173.45907592773438
-251.11351013183594,172.20571899414062
-252.06529235839844,170.86500549316406
-253.0581817626953,169.4356231689453
-253.94692993164062,168.13473510742188
-254.93008422851562,166.6743621826172
-255.85838317871094,165.27146911621094
-256.73150634765625,163.9275360107422
-257.5981750488281,162.5690460205078
-258.5062255859375,161.11962890625
-259.31317138671875,159.80967712402344
-260.2094421386719,158.33143615722656
-261.00732421875,156.9967498779297
-261.8955993652344,155.49224853515625
-262.7806396484375,153.9747314453125
-263.5699157714844,152.6060333251953
-264.44927978515625,151.0641632080078
-265.1875915527344,149.7559356689453
-265.969970703125,148.3562774658203
-266.70465087890625,147.02996826171875
-267.4382629394531,145.69515991210938
-268.17193603515625,144.3523712158203
-268.90673828125,143.00270080566406
-269.688720703125,141.562255859375
-270.4714660644531,140.11293029785156
-271.2071838378906,138.73985290527344
-271.9878234863281,137.27195739746094
-272.72265625,135.88250732421875
-273.50506591796875,134.39854431152344
-274.2442932128906,132.99545288085938
-275.0338439941406,131.4986114501953
-275.8287353515625,129.99615478515625
-276.5353088378906,128.66607666015625
-277.342529296875,127.15396881103516
-278.1570739746094,125.63727569580078
-278.9305419921875,124.20587158203125
-279.7107849121094,122.77066802978516
-280.44842529296875,121.42163848876953
-281.29144287109375,119.88843536376953
-282.1415100097656,118.3505859375
-282.94775390625,116.89888000488281
-283.8108215332031,115.35202026367188
-284.68060302734375,113.80061340332031
-285.5055236816406,112.33606719970703
-286.3885498046875,110.7753677368164
-287.27825927734375,109.21003723144531
-288.06884765625,107.82501220703125
-288.8645324707031,106.43631744384766
-289.71875,104.9509048461914
-290.470703125,103.64762115478516
-291.33502197265625,102.15402221679688
-292.0955810546875,100.84351348876953
-292.860107421875,99.5296859741211
-293.6285705566406,98.2125473022461
-294.4009094238281,96.89204406738281
-295.2880554199219,95.37866973876953
-296.0680847167969,94.05066680908203
-296.8515319824219,92.7190933227539
-297.6383972167969,91.38395690917969
-298.5417175292969,89.85375213623047
-299.33563232421875,88.51111602783203
-300.1326904296875,87.1650619506836
-301.0474548339844,85.62237548828125
-301.9661560058594,84.07495880126953
-302.773193359375,82.7171401977539
-303.58306884765625,81.35570526123047
-304.5120544433594,79.79528045654297
-305.3277282714844,78.42597961425781
-306.26300048828125,76.85663604736328
-307.2015686035156,75.28252410888672
-308.0254211425781,73.9012222290039
-308.85174560546875,72.51622772216797
-309.6212158203125,71.2269515991211
-310.4521789550781,69.83509826660156
-311.2257995605469,68.53944396972656
-312.0609436035156,67.14061737060547
-312.8382568359375,65.83845520019531
-313.6773376464844,64.43269348144531
-314.5184020996094,63.02338409423828
-315.3012390136719,61.711570739746094
-316.0858154296875,60.39672088623047
-316.9327392578125,58.97740173339844
-317.72100830078125,57.65645980834961
-318.5711364746094,56.23180389404297
-319.42071533203125,54.80807876586914
-320.2089538574219,53.48707580566406
-320.9964294433594,52.16699981689453
-321.8435363769531,50.74620056152344
-322.6293029785156,49.42759323120117
-323.474609375,48.00847625732422
-324.25927734375,46.69050598144531
-325.0451965332031,45.36979293823242
-325.8932189941406,43.94408416748047
-326.6821594238281,42.617645263671875
-327.53350830078125,41.18684387207031
-328.3868408203125,39.75366973876953
-329.1809387207031,38.42066192626953
-330.0380859375,36.98271179199219
-330.83587646484375,35.645294189453125
-331.6971740722656,34.20277404785156
-332.4988708496094,32.861297607421875
-333.3642578125,31.414390563964844
-334.1695861816406,30.068603515625
-335.03863525390625,28.616844177246094
-335.8473205566406,27.266586303710938
-336.65765380859375,25.914220809936523
-337.5321044921875,24.455411911010742
-338.3457336425781,23.098512649536133
-339.2234802246094,21.634754180908203
-340.03997802734375,20.27320098876953
-340.8577575683594,18.909400939941406
-341.73980712890625,17.43825340270996
-342.5600280761719,16.070003509521484
-343.4444274902344,14.594169616699219
-344.2666015625,13.221529006958008
-345.0897216796875,11.846647262573242
-345.977294921875,10.363481521606445
-346.802490234375,8.98394775390625
-347.6920166015625,7.495729923248291
-348.5184631347656,6.111230850219727
-349.4082336425781,4.61708927154541
-350.2335205078125,3.226355791091919
-351.05718994140625,1.83199942111969
-351.9411315917969,0.32573598623275757
-352.7574768066406,-1.0779805183410645
-353.5684509277344,-2.48718523979187
-354.3730163574219,-3.902315139770508
-355.2312927246094,-5.433322429656982
-356.0201721191406,-6.861794948577881
-356.8006591796875,-8.296976089477539
-357.5720520019531,-9.739009857177734
-358.2757263183594,-11.076404571533203
-359.0288391113281,-12.532057762145996
-359.77264404296875,-13.994576454162598
-360.4508972167969,-15.350602149963379
-361.1766662597656,-16.826091766357422
-361.8378601074219,-18.194076538085938
-362.54412841796875,-19.68258285522461
-363.2393493652344,-21.17803192138672
-363.8705749511719,-22.56468963623047
-364.5423889160156,-24.073734283447266
-365.2013244628906,-25.589923858642578
-365.8473815917969,-27.113142013549805
-366.4811706542969,-28.643171310424805
-367.10333251953125,-30.179712295532227
-367.6673889160156,-31.6036319732666
-368.2665710449219,-33.152278900146484
-368.8519287109375,-34.70750427246094
-369.4222412109375,-36.26945877075195
-369.9770812988281,-37.8381462097168
-370.5165100097656,-39.413429260253906
-371.0008544921875,-40.873207092285156
-371.5107727050781,-42.46063995361328
-372.005126953125,-44.054222106933594
-372.48443603515625,-45.65369415283203
-372.9140930175781,-47.13497543334961
-373.3667907714844,-48.74430847167969
-373.806640625,-50.357601165771484
-374.2338562011719,-51.974220275878906
-374.616943359375,-53.46902847290039
-375.0196838378906,-55.090702056884766
-375.40936279296875,-56.7143669128418
-375.7852478027344,-58.33986282348633
-376.1459655761719,-59.967166900634766
-376.4646301269531,-61.47084045410156
-376.7938232421875,-63.10139083862305
-377.1063537597656,-64.73339080810547
-377.40234375,-66.36653137207031
-377.68182373046875,-68.00047302246094
-377.94451904296875,-69.63508605957031
-378.171875,-71.14456939697266
-378.40167236328125,-72.78050231933594
-378.6142883300781,-74.41702270507812
-378.7955017089844,-75.92811584472656
-378.9756774902344,-77.56559753417969
-379.126953125,-79.077392578125
-379.2637023925781,-80.58937072753906
-379.3955383300781,-82.22747802734375
-379.51043701171875,-83.86540985107422
-379.6083068847656,-85.50251007080078
-379.68927001953125,-87.13754272460938
-379.7499084472656,-88.64327239990234
-379.8018798828125,-90.26942443847656
-379.84100341796875,-91.88923645019531
-379.8680725097656,-93.50173950195312
-379.88397216796875,-95.10575103759766
-379.8887939453125,-96.70013427734375
-379.8800964355469,-98.52690887451172
-379.8554992675781,-100.33900451660156
-379.8213195800781,-101.89714813232422
-379.772216796875,-103.5614013671875
-379.707275390625,-105.3273696899414
-379.6423645019531,-106.84248352050781
-379.55950927734375,-108.57244110107422
-379.4689025878906,-110.28357696533203
-379.3711242675781,-111.97582244873047
-379.2593688964844,-113.76026153564453
-379.1478576660156,-115.41259765625
-379.0296936035156,-117.04481506347656
-378.9045715332031,-118.6563491821289
-378.7732849121094,-120.24790954589844
-378.6368408203125,-121.82011413574219
-378.4869079589844,-123.47534942626953
-378.3431396484375,-125.00687408447266
-378.19720458984375,-126.51908874511719
-378.0501403808594,-128.01239013671875
-377.8735656738281,-129.7797393798828
-377.6983642578125,-131.52293395996094
-377.53564453125,-133.14862060546875
-377.3860778808594,-134.6602020263672
-377.22314453125,-136.33876037597656
-377.0753479003906,-137.90240478515625
-376.9259338378906,-139.53538513183594
-376.78411865234375,-141.14486694335938
-376.6500244140625,-142.72933959960938
-376.52374267578125,-144.2863006591797
-376.3929748535156,-145.9818572998047
-376.17755126953125,-149.1034393310547
-376.0802917480469,-150.777099609375
-375.9995422363281,-152.41770935058594
-375.9383239746094,-153.95176696777344
-375.88922119140625,-155.53378295898438
-375.8509216308594,-157.2330322265625
-375.82757568359375,-158.8961181640625
-375.8197937011719,-160.5228271484375
-375.828369140625,-162.1130828857422
-375.8536682128906,-163.66636657714844
-375.8957824707031,-165.18099975585938
-375.9642639160156,-166.84457397460938
-376.0531005859375,-168.395263671875
-376.1654357910156,-169.8995361328125
-376.32012939453125,-171.53134155273438
-376.5082702636719,-173.1101837158203
-376.7326354980469,-174.63690185546875
-376.9950256347656,-176.11407470703125
-377.3218078613281,-177.6436767578125
-377.7132263183594,-179.16688537597656
-378.1985778808594,-180.72396850585938
-378.74481201171875,-182.1737823486328
-379.3695068359375,-183.56483459472656
-380.0945129394531,-184.93276977539062
-380.9506530761719,-186.3028564453125
-381.86822509765625,-187.54989624023438
-382.89501953125,-188.73770141601562
-383.99688720703125,-189.8203887939453
-385.23297119140625,-190.8430633544922
-386.49615478515625,-191.71408081054688
-387.84832763671875,-192.47879028320312
-389.2535400390625,-193.11483764648438
-390.7221374511719,-193.6321563720703
-392.2615051269531,-194.03887939453125
-393.86322021484375,-194.3312530517578
-395.42083740234375,-194.49330139160156
-397.0093688964844,-194.5385284423828
-398.61767578125,-194.46298217773438
-400.2362976074219,-194.26547241210938
-401.7182312011719,-193.97906494140625
-403.19671630859375,-193.59434509277344
-404.6658935546875,-193.11436462402344
-406.12005615234375,-192.53927612304688
-407.5983581542969,-191.847900390625
-408.9207763671875,-191.135986328125
-410.217529296875,-190.34683227539062
-411.4827575683594,-189.4801025390625
-412.7923583984375,-188.4683074951172
-413.94183349609375,-187.47544860839844
-415.09393310546875,-186.3762969970703
-416.2117614746094,-185.207275390625
-417.22686767578125,-184.0552215576172
-418.21270751953125,-182.84616088867188
-419.1687927246094,-181.58187866210938
-420.095947265625,-180.26461791992188
-420.9958801269531,-178.89736938476562
-421.8713073730469,-177.48269653320312
-422.6628112792969,-176.12770080566406
-423.4043884277344,-174.78807067871094
-424.1559143066406,-173.3575897216797
-424.86053466796875,-171.9473114013672
-425.57568359375,-170.44586181640625
-426.2721252441406,-168.9099884033203
-426.89617919921875,-167.46141052246094
-427.4744873046875,-166.0447235107422
-428.0555419921875,-164.53665161132812
-428.613037109375,-162.9984130859375
-429.125244140625,-161.49635314941406
-429.5943908691406,-160.0348663330078
-430.0615234375,-158.48110961914062
-430.4842224121094,-156.96998596191406
-430.8648681640625,-155.5047149658203
-431.22381591796875,-154.01754760742188
-431.5631408691406,-152.509033203125
-431.9002380371094,-150.90725708007812
-432.20550537109375,-149.3588104248047
-432.49420166015625,-147.79083251953125
-432.77880859375,-146.12734985351562
-433.03399658203125,-144.5201416015625
-433.2846984863281,-142.8168182373047
-433.4887390136719,-141.3297576904297
-433.7029724121094,-139.6690216064453
-433.8885192871094,-138.1515655517578
-434.0877990722656,-136.45852661132812
-434.2649230957031,-134.9131317138672
-434.45941162109375,-133.19039916992188
-434.6540222167969,-131.45237731933594
-434.822021484375,-129.95086669921875
-435.0015869140625,-128.35452270507812
-435.1741638183594,-126.83535766601562
-435.3489074707031,-125.31722259521484
-435.5260925292969,-123.80029296875
-435.7061462402344,-122.28468322753906
-435.909912109375,-120.60221099853516
-436.0976257324219,-119.0842056274414
-436.29071044921875,-117.55607604980469
-436.48944091796875,-116.0188980102539
-436.6937561035156,-114.47393798828125
-436.90325927734375,-112.92092895507812
-437.1418762207031,-111.1857681274414
-437.3616638183594,-109.61558532714844
-437.5862121582031,-108.03742980957031
-437.8153991699219,-106.45124053955078
-438.0491638183594,-104.85696411132812
-438.2742004394531,-103.343994140625
-438.51715087890625,-101.73436737060547
-438.7651062011719,-100.11689758300781
-439.01849365234375,-98.49178314208984
-439.2779235839844,-96.85910034179688
-439.5437927246094,-95.2188491821289
-439.8163146972656,-93.57118225097656
-440.0958251953125,-91.91632843017578
-440.38336181640625,-90.25453186035156
-440.6632995605469,-88.67891693115234
-440.9348449707031,-87.19075012207031
-441.25,-85.510498046875
-441.5569152832031,-83.91767883300781
-441.853759765625,-82.41336822509766
-442.19708251953125,-80.71510314941406
-442.5506591796875,-79.01069641113281
-442.9151916503906,-77.30033874511719
-443.2911682128906,-75.584228515625
-443.6572570800781,-73.95833587646484
-444.0116882324219,-72.42362976074219
-444.37567138671875,-70.88468933105469
-444.77288818359375,-69.24494934082031
-445.1564636230469,-67.69728088378906
-445.5244445800781,-66.24250793457031
-445.90045166015625,-64.7840576171875
-446.2845153808594,-63.32194900512695
-446.7030029296875,-61.758235931396484
-447.1036682128906,-60.288597106933594
-447.5130920410156,-58.81596374511719
-447.9606628417969,-57.242095947265625
-448.391357421875,-55.7639274597168
-448.8324890136719,-54.282962799072266
-449.2830810546875,-52.79898452758789
-449.7734375,-51.212833404541016
-450.242431640625,-49.72292709350586
-450.7531433105469,-48.13064956665039
-451.2426452636719,-46.635433197021484
-451.74359130859375,-45.13837432861328
-452.256591796875,-43.63968276977539
-452.81787109375,-42.03968048095703
-453.4305419921875,-40.338470458984375
-453.9853515625,-38.836524963378906
-454.5535583496094,-37.333892822265625
-455.1744689941406,-35.73048400878906
-455.7705993652344,-34.22688674926758
-456.38037109375,-32.72306823730469
-457.046142578125,-31.11908721923828
-457.68505859375,-29.61579132080078
-458.33880615234375,-28.11341667175293
-459.05316162109375,-26.51236343383789
-459.7392578125,-25.013151168823242
-460.4410095214844,-23.51565933227539
-461.1578063964844,-22.019699096679688
-461.9381103515625,-20.425539016723633
-462.6839904785156,-18.93244171142578
-463.4439697265625,-17.440956115722656
-464.1663513183594,-16.050752639770508
-464.954833984375,-14.563679695129395
-465.7588806152344,-13.079584121704102
-466.5788879394531,-11.598921775817871
-467.47137451171875,-10.023665428161621
-468.2674560546875,-8.649032592773438
-469.07757568359375,-7.278006553649902
-469.9609069824219,-5.813787460327148
-470.91796875,-4.262138843536377
-471.82818603515625,-2.817610263824463
-472.8121337890625,-1.287229061126709
-473.7464599609375,0.13771970570087433
-474.6285705566406,1.4592853784561157
-475.5843811035156,2.866645574569702
-476.6180419921875,4.361196517944336
-477.6019287109375,5.757322311401367
-478.5341491699219,7.054670810699463
-479.5490417480469,8.43708610534668
-480.6510009765625,9.901880264282227
-481.77294921875,11.3564453125
-482.9139404296875,12.801467895507812
-483.9994812011719,14.14852237701416
-484.9518127441406,15.310577392578125
-485.91436767578125,16.46784210205078
-486.88714599609375,17.620153427124023
-487.87017822265625,18.76740837097168
-488.8636474609375,19.909381866455078
-489.8676452636719,21.045625686645508
-490.8826904296875,22.175426483154297
-491.9093322753906,23.298091888427734
-492.94805908203125,24.41303253173828
-493.99884033203125,25.520063400268555
-495.0617370605469,26.618934631347656
-496.1370544433594,27.708906173706055
-497.2248229980469,28.789682388305664
-498.3251953125,29.861083984375
-499.4375915527344,30.923521041870117
-500.5616455078125,31.977157592773438
-501.69696044921875,33.02219009399414
-502.8431396484375,34.05913543701172
-503.99969482421875,35.08843231201172
-505.1659851074219,36.11050796508789
-506.3419189453125,37.125308990478516
-507.5274658203125,38.132652282714844
-508.8153076171875,39.20851516723633
-510.20782470703125,40.35099792480469
-511.42498779296875,41.332801818847656
-512.6513671875,42.30702590942383
-513.8870239257812,43.273651123046875
-515.1318359375,44.23263168334961
-516.4824829101562,45.25674057006836
-517.7461547851562,46.19947052001953
-519.0189208984375,47.133968353271484
-520.3009033203125,48.06001663208008
-521.5921020507812,48.97761535644531
-522.892333984375,49.88682174682617
-524.302490234375,50.85673141479492
-525.6209716796875,51.748680114746094
-526.9481811523438,52.6322135925293
-528.283935546875,53.50758361816406
-529.6279296875,54.375099182128906
-530.9801025390625,55.23466491699219
-532.4454956054688,56.151004791259766
-533.8150024414062,56.992942810058594
-535.1929321289062,57.826011657714844
-536.5792846679688,58.65017318725586
-538.0816040039062,59.52775955200195
-539.4850463867188,60.33393096923828
-541.0050659179688,61.19319534301758
-542.4243774414062,61.9828987121582
-543.8512573242188,62.76458740234375
-545.3963623046875,63.5972900390625
-546.8389282226562,64.36210632324219
-548.2887573242188,65.11920166015625
-549.8580322265625,65.92655181884766
-551.3220825195312,66.66962432861328
-552.7924194335938,67.40672302246094
-554.3828125,68.1937255859375
-555.8662719726562,68.91773986816406
-557.356201171875,69.63495635986328
-558.9681396484375,70.39964294433594
-560.4716186523438,71.10266876220703
-561.9815673828125,71.79867553710938
-563.614990234375,72.54004669189453
-565.1385498046875,73.22090148925781
-566.6685791015625,73.89461517333984
-568.3233032226562,74.61221313476562
-569.8663940429688,75.2711410522461
-571.415771484375,75.92277526855469
-573.0913696289062,76.61602783203125
-574.654052734375,77.25141143798828
-576.2232055664062,77.87844848632812
-577.9204711914062,78.5442123413086
-579.5032348632812,79.15354919433594
-580.969970703125,79.7081527709961
-582.6883544921875,80.34507751464844
-584.1674194335938,80.88206481933594
-585.776123046875,81.45467376708984
-587.515869140625,82.06106567382812
-589.1378784179688,82.61514282226562
-590.891357421875,83.203369140625
-592.5252685546875,83.74268341064453
-594.290771484375,84.3160400390625
-595.9359130859375,84.8409194946289
-597.5867309570312,85.3583984375
-599.3707275390625,85.90719604492188
-601.0331420898438,86.40850830078125
-602.7013549804688,86.90126037597656
-604.50439453125,87.42181396484375
-606.1847534179688,87.89552307128906
-607.8709716796875,88.35980224609375
-609.693359375,88.84919738769531
-611.3915405273438,89.29379272460938
-613.095458984375,89.72883605957031
-614.9366455078125,90.18685913085938
-616.652099609375,90.6028060913086
-618.3728637695312,91.01016235351562
-620.098876953125,91.40911865234375
-621.5633544921875,91.74007415771484
-623.0315551757812,92.06462860107422
-624.7715454101562,92.43966674804688
-626.2479858398438,92.74951934814453
-627.7282104492188,93.052490234375
-629.212158203125,93.3489761352539
-630.6997680664062,93.63953399658203
-632.1908569335938,93.92498016357422
-633.9570922851562,94.25639343261719
-635.4549560546875,94.5318832397461
-637.2291870117188,94.8512191772461
-638.7340087890625,95.11564636230469
-640.5166625976562,95.42044830322266
-642.3040771484375,95.7159423828125
-643.8202514648438,95.95826721191406
-645.6166381835938,96.23543548583984
-647.417724609375,96.5027847290039
-648.9453125,96.72151184082031
-650.7548828125,96.97130584716797
-652.28955078125,97.1754150390625
-653.827392578125,97.3729476928711
-655.508544921875,97.58101654052734
-657.052734375,97.76480865478516
-658.74072265625,97.95744323730469
-660.291259765625,98.1265640258789
-662.1276245117188,98.3167953491211
-663.684814453125,98.46981048583984
-665.5288696289062,98.64120483398438
-667.3768310546875,98.80198669433594
-669.2288818359375,98.95175170898438
-671.0848999023438,99.09080505371094
-672.94482421875,99.21923828125
-674.521484375,99.31962585449219
-676.3883666992188,99.4286117553711
-678.2589111328125,99.52770233154297
-680.1329956054688,99.61736297607422
-682.0106201171875,99.69807434082031
-683.8915405273438,99.77014923095703
-685.7756958007812,99.83353424072266
-687.6629028320312,99.88768005371094
-689.5531616210938,99.93190002441406
-691.4463500976562,99.96588897705078
-693.3426513671875,99.9899673461914
-695.2418823242188,100.00455474853516
-697.1438598632812,100.00982666015625
-699.0485229492188,100.00568389892578
-700.8090209960938,99.99348449707031
-702.4247436523438,99.97532653808594
-704.3367309570312,99.9458236694336
-706.2511596679688,99.90802764892578
-708.1680297851562,99.86199951171875
-710.0870361328125,99.80706024169922
-711.8602294921875,99.74761962890625
-713.4871215820312,99.68499755859375
-715.2620239257812,99.60710906982422
-716.8875122070312,99.52659606933594
-718.6590576171875,99.4287109375
-720.2813110351562,99.32968139648438
-722.1962890625,99.20113372802734
-723.9619750976562,99.07160949707031
-725.5786743164062,98.94404602050781
-727.3399658203125,98.79563903808594
-729.2460327148438,98.62432098388672
-731.1531372070312,98.44245910644531
-733.0612182617188,98.25
-734.8229370117188,98.06217956542969
-736.43798828125,97.88066101074219
-738.1998291015625,97.6716079711914
-740.1079711914062,97.43090057373047
-742.0152587890625,97.17424774169922
-743.7749633789062,96.9226303100586
-745.6800537109375,96.6339340209961
-747.5840454101562,96.3288345336914
-749.1942749023438,96.05860900878906
-750.9502563476562,95.752197265625
-752.70556640625,95.43441009521484
-754.4601440429688,95.10568237304688
-756.3600463867188,94.7374496459961
-758.1129760742188,94.38639068603516
-759.7188720703125,94.05493927001953
-761.469482421875,93.6822280883789
-763.3641357421875,93.26466369628906
-765.1112060546875,92.86614227294922
-767.001708984375,92.42019653320312
-768.74462890625,91.995361328125
-770.630615234375,91.52118682861328
-772.3696899414062,91.07142639160156
-774.251953125,90.57194519042969
-775.9873046875,90.09939575195312
-777.8644409179688,89.57405853271484
-779.30615234375,89.15995788574219
-780.7460327148438,88.73731231689453
-782.184326171875,88.30668640136719
-783.6212768554688,87.86878967285156
-785.0568237304688,87.42386627197266
-786.4909057617188,86.97187805175781
-787.9232177734375,86.51255798339844
-789.3538208007812,86.0457763671875
-790.7826538085938,85.5715560913086
-792.2097778320312,85.0900650024414
-793.6351928710938,84.60148620605469
-795.058837890625,84.10585021972656
-796.4806518554688,83.60298919677734
-797.9005126953125,83.09268951416016
-799.3181762695312,82.57474517822266
-800.7335205078125,82.04905700683594
-802.1464233398438,81.51529693603516
-803.5565185546875,80.97313690185547
-804.9638061523438,80.42237854003906
-806.6487426757812,79.75019836425781
-808.0499267578125,79.18099212646484
-809.4484252929688,78.60385131835938
-810.8445434570312,78.01913452148438
-812.23828125,77.4271011352539
-813.6295776367188,76.82781982421875
-815.0183715820312,76.22132873535156
-816.40478515625,75.60763549804688
-817.7884521484375,74.98667907714844
-819.169189453125,74.3580322265625
-820.5466918945312,73.72127532958984
-821.9208374023438,73.076171875
-823.2915649414062,72.42285919189453
-824.6591186523438,71.76152038574219
-826.1597290039062,71.02511596679688
-827.656982421875,70.2799072265625
-829.1512451171875,69.52669525146484
-830.5073852539062,68.83568572998047
-831.8616333007812,68.13907623291016
-833.2139282226562,67.4369125366211
-834.5641479492188,66.72909545898438
-835.9122924804688,66.01557922363281
-837.2581787109375,65.29621124267578
-838.6016845703125,64.5708999633789
-839.9426879882812,63.83939743041992
-841.2810668945312,63.10163879394531
-842.6166381835938,62.35752868652344
-843.9493408203125,61.60683059692383
-845.4116821289062,60.77322769165039
-846.7377319335938,60.00810623168945
-848.060546875,59.236106872558594
-849.3800659179688,58.45732498168945
-850.6961669921875,57.67169189453125
-852.0087890625,56.8790283203125
-853.3177490234375,56.07919692993164
-854.623046875,55.27213668823242
-855.9246215820312,54.45792007446289
-857.3521118164062,53.554107666015625
-858.6459350585938,52.72511291503906
-859.9359130859375,51.889060974121094
-861.221923828125,51.04587173461914
-862.50390625,50.19537353515625
-863.7813110351562,49.33734130859375
-865.053955078125,48.47140884399414
-866.3215942382812,47.59737014770508
-867.5846557617188,46.715633392333984
-868.9693603515625,45.737571716308594
-870.224609375,44.841915130615234
-871.476806640625,43.940643310546875
-872.7261352539062,43.0339469909668
-873.9722900390625,42.12161636352539
-875.2149658203125,41.20326232910156
-876.4539184570312,40.278629302978516
-877.6891479492188,39.34779739379883
-879.0437622070312,38.31703567504883
-880.2717895507812,37.37397384643555
-881.4965209960938,36.425296783447266
-882.7178344726562,35.47089767456055
-883.9354248046875,34.51055908203125
-885.149169921875,33.54411697387695
-886.3587646484375,32.57146072387695
-887.5643920898438,31.59261703491211
-888.7661743164062,30.6077823638916
-890.0839233398438,29.51786994934082
-891.2782592773438,28.52127456665039
-892.4691162109375,27.51923942565918
-893.656494140625,26.511823654174805
-894.8403930664062,25.49899673461914
-896.0209350585938,24.480941772460938
-897.198486328125,23.457975387573242
-898.3731689453125,22.430288314819336
-899.5448608398438,21.397912979125977
-900.7132568359375,20.360626220703125
-901.8779907226562,19.318063735961914
-903.1544799804688,18.164756774902344
-904.5410766601562,16.898591995239258
-905.6918334960938,15.837074279785156
-906.83837890625,14.76984977722168
-907.9806518554688,13.696952819824219
-909.1185302734375,12.61835765838623
-910.2520141601562,11.534053802490234
-911.4938354492188,10.334805488586426
-912.7305297851562,9.128894805908203
-913.8505859375,8.027054786682129
-914.966796875,6.92017936706543
-916.079345703125,5.808437347412109
-917.1885986328125,4.692086696624756
-918.2947387695312,3.5713417530059814
-919.3975830078125,2.4463188648223877
-920.4972534179688,1.3169147968292236
-921.5935668945312,0.18303561210632324
-922.6864013671875,-0.9553393721580505
-923.9932250976562,-2.327397584915161
-925.0783081054688,-3.4757399559020996
-926.1599731445312,-4.6285271644592285
-927.2380981445312,-5.785765171051025
-928.3126831054688,-6.94748067855835
-929.384033203125,-8.113499641418457
-930.4522705078125,-9.283589363098145
-931.5172729492188,-10.457584381103516
-932.7904663085938,-11.871196746826172
-933.8466186523438,-13.052068710327148
-934.8975219726562,-14.23393726348877
-935.9428100585938,-15.415122032165527
-937.0856323242188,-16.711862564086914
-938.1178588867188,-17.887418746948242
-939.1435546875,-19.05910301208496
-940.162353515625,-20.226608276367188
-941.174072265625,-21.389312744140625
-942.2786865234375,-22.66257667541504
-943.2755126953125,-23.814233779907227
-944.265380859375,-24.96021842956543
-945.24853515625,-26.100122451782227
-946.322021484375,-27.3466854095459
-947.4833984375,-28.69715118408203
-948.5390014648438,-29.926359176635742
-949.6806030273438,-31.257034301757812
-950.718017578125,-32.4670295715332
-951.84033203125,-33.77653121948242
-952.8602294921875,-34.96649169921875
-953.963134765625,-36.253055572509766
-955.1469116210938,-37.6334228515625
-956.3197631835938,-39.00041580200195
-957.4815673828125,-40.35368728637695
-958.5441284179688,-41.5904541015625
-959.6838989257812,-42.91585922241211
-960.8118896484375,-44.22587966918945
-961.9285278320312,-45.520503997802734
-963.0350952148438,-46.800445556640625
-964.0477294921875,-47.96889877319336
-965.0529174804688,-49.12559127807617
-966.1336669921875,-50.36554718017578
-967.2078247070312,-51.59233474731445
-968.2748413085938,-52.80552291870117
-969.497314453125,-54.18824768066406
-970.549560546875,-55.3716926574707
-971.756103515625,-56.72007751464844
-972.797119140625,-57.87417984008789
-973.9923095703125,-59.1883544921875
-975.1807861328125,-60.4834098815918
-976.3632202148438,-61.75920104980469
-977.5386352539062,-63.01502990722656
-978.7083740234375,-64.2501220703125
-979.9521484375,-65.5438461303711
-981.1166381835938,-66.73499298095703
-982.2813720703125,-67.90670013427734
-983.4459228515625,-69.0599136352539
-984.6109619140625,-70.19535064697266
-985.7771606445312,-71.31367492675781
-987.0230712890625,-72.48699188232422
-988.1946411132812,-73.5678482055664
-989.3711547851562,-74.62936401367188
-990.5538330078125,-75.67132568359375
-991.7440185546875,-76.69422912597656
-992.9428100585938,-77.69915008544922
-994.1502075195312,-78.68634033203125
-995.3657836914062,-79.65607452392578
-996.7532958984375,-80.73397827148438
-997.9862060546875,-81.66604614257812
-999.393310546875,-82.69961547851562
-1000.6434936523438,-83.59075927734375
-1001.9014282226562,-84.46215057373047
-1003.3360595703125,-85.42599487304688
-1004.6094360351562,-86.25580596923828
-1006.0623779296875,-87.17375946044922
-1007.3541259765625,-87.96438598632812
-1008.8294067382812,-88.8379898071289
-1010.1406860351562,-89.588134765625
-1011.4605712890625,-90.3182601928711
-1012.9656372070312,-91.12034606933594
-1014.300537109375,-91.80487060546875
-1015.8203735351562,-92.5538558959961
-1017.3467407226562,-93.2742919921875
-1018.8789672851562,-93.96627044677734
-1020.4166259765625,-94.62934875488281
-1021.9590454101562,-95.26368713378906
-1023.5059204101562,-95.8687515258789
-1025.0567626953125,-96.44499969482422
-1026.703125,-97.02381134033203
-1028.2640380859375,-97.54126739501953
-1029.8311767578125,-98.03093719482422
-1031.4034423828125,-98.49349975585938
-1033.072998046875,-98.9538345336914
-1034.65380859375,-99.36019897460938
-1036.23828125,-99.73831176757812
-1037.920166015625,-100.10772705078125
-1039.419189453125,-100.40984344482422
-1041.1107177734375,-100.72049713134766
-1042.71337890625,-100.98558807373047
-1044.3206787109375,-101.22322845458984
-1045.9320068359375,-101.4333267211914
-1047.642333984375,-101.6258773803711
-1049.2625732421875,-101.77973175048828
-1050.88916015625,-101.90673828125
-1052.5233154296875,-102.00731658935547
-1054.2613525390625,-102.0853271484375
-1055.907958984375,-102.13279724121094
-1057.55712890625,-102.15487670898438
-1059.3048095703125,-102.15000915527344
-1060.9571533203125,-102.11810302734375
-1062.6107177734375,-102.05988311767578
-1064.3621826171875,-101.9701919555664
-1066.016357421875,-101.85961151123047
-1067.6702880859375,-101.7242431640625
-1069.3231201171875,-101.563720703125
-1070.9736328125,-101.3773193359375
-1072.5233154296875,-101.17801666259766
-1074.2615966796875,-100.92640686035156
-1075.89794921875,-100.66275787353516
-1077.5296630859375,-100.37422180175781
-1079.15673828125,-100.06068420410156
-1080.8743896484375,-99.70127868652344
-1082.49072265625,-99.33580780029297
-1084.1004638671875,-98.94539642333984
-1085.7030029296875,-98.53006744384766
-1087.391357421875,-98.06237030029297
-1088.9771728515625,-97.59302520751953
-1090.55419921875,-97.09618377685547
-1092.1226806640625,-96.57240295410156
-1093.6824951171875,-96.02274322509766
-1095.2340087890625,-95.4482650756836
-1096.7772216796875,-94.849609375
-1098.40185546875,-94.18932342529297
-1099.8377685546875,-93.57967376708984
-1101.355224609375,-92.90858459472656
-1102.86328125,-92.2134017944336
-1104.362548828125,-91.49514770507812
-1105.853271484375,-90.75526428222656
-1107.33642578125,-89.99560546875
-1108.810302734375,-89.21665954589844
-1110.272216796875,-88.42027282714844
-1111.717529296875,-87.6095962524414
-1113.143310546875,-86.78843688964844
-1114.548583984375,-85.95953369140625
-1115.9326171875,-85.12451934814453
-1117.373779296875,-84.23389434814453
-1118.710693359375,-83.3860855102539
-1120.0224609375,-82.53164672851562
-1121.385009765625,-81.61962127685547
-1122.6478271484375,-80.75137329101562
-1123.887451171875,-79.876708984375
-1125.1741943359375,-78.94344329833984
-1126.5718994140625,-77.89730072021484
-1127.86767578125,-76.89408874511719
-1129.066162109375,-75.93457794189453
-1130.23583984375,-74.96586608886719
-1131.501953125,-73.87852478027344
-1132.733642578125,-72.77999877929688
-1133.8758544921875,-71.72314453125
-1135.05078125,-70.5937728881836
-1136.1395263671875,-69.50346374511719
-1137.200439453125,-68.39571380615234
-1138.2332763671875,-67.27104187011719
-1139.29052734375,-66.06981658935547
-1140.2674560546875,-64.912109375
-1141.2181396484375,-63.7374382019043
-1142.1895751953125,-62.482627868652344
-1143.0831298828125,-61.27382278442383
-1144.0357666015625,-59.9205322265625
-1144.9085693359375,-58.61680221557617
-1145.78955078125,-57.23353958129883
-1146.594970703125,-55.902626037597656
-1147.4049072265625,-54.490760803222656
-1148.14111328125,-53.13273620605469
-1148.8765869140625,-51.69319152832031
-1149.5401611328125,-50.31022644042969
-1150.1973876953125,-48.84831619262695
-1150.8421630859375,-47.307979583740234
-1151.4422607421875,-45.7596549987793
-1151.97314453125,-44.275245666503906
-1152.462890625,-42.78471755981445
-1152.9317626953125,-41.216617584228516
-1153.3748779296875,-39.56950759887695
-1153.7393798828125,-38.057891845703125
-1154.080810546875,-36.467384338378906
-1154.3675537109375,-34.94368362426758
-1154.6263427734375,-33.34278869628906
-1154.834228515625,-31.80973243713379
-1155.0135498046875,-30.194168090820312
-1155.1495361328125,-28.639263153076172
-1155.25634765625,-26.99669075012207
-1155.3255615234375,-25.416778564453125
-1155.363525390625,-23.825410842895508
-1155.3699951171875,-22.146848678588867
-1155.34423828125,-20.534465789794922
-1155.2823486328125,-18.835655212402344
-1155.187255859375,-17.206029891967773
-1155.048828125,-15.49124813079834
-1154.8787841796875,-13.84937572479248
-1154.6929931640625,-12.360760688781738
-1154.476318359375,-10.869832992553711
-1154.2288818359375,-9.37707233428955
-1153.951904296875,-7.882711887359619
-1153.6466064453125,-6.387153625488281
-1153.3128662109375,-4.890610694885254
-1152.95068359375,-3.393444538116455
-1152.560302734375,-1.8956340551376343
-1152.1416015625,-0.3966871201992035
-1151.6947021484375,1.103171706199646
-1151.1923828125,2.6817808151245117
-1150.681396484375,4.179940700531006
-1150.13720703125,5.675044536590576
-1149.56005859375,7.166683673858643
-1148.9832763671875,8.575950622558594
-1148.341796875,10.058242797851562
-1147.629638671875,11.61180591583252
-1146.919189453125,13.081113815307617
-1146.1783447265625,14.54439640045166
-1145.3671875,16.07807159423828
-1144.56689453125,17.52821159362793
-1143.7813720703125,18.895164489746094
-1142.9232177734375,20.330142974853516
-1142.0830078125,21.68191146850586
-1141.26513671875,22.95171356201172
-1140.4234619140625,24.214630126953125
-1139.50634765625,25.54377555847168
-1138.6158447265625,26.791107177734375
-1137.64794921875,28.103260040283203
-1136.6549072265625,29.406620025634766
-1135.6944580078125,30.629669189453125
-1134.654052734375,31.915969848632812
-1133.5888671875,33.192134857177734
-1132.558837890625,34.38664627075195
-1131.44189453125,35.63890838623047
-1130.3626708984375,36.80966567993164
-1129.326171875,37.901371002197266
-1128.2037353515625,39.05089569091797
-1127.1279296875,40.12296676635742
-1125.9642333984375,41.251014709472656
-1124.8494873046875,42.30162811279297
-1123.5723876953125,43.47047805786133
-1122.4173583984375,44.49766159057617
-1121.0955810546875,45.63938522338867
-1119.749755859375,46.76511764526367
-1118.455810546875,47.81219482421875
-1117.2177734375,48.78299331665039
-1115.802490234375,49.85924530029297
-1114.44580078125,50.86194610595703
-1113.152099609375,51.79388427734375
-1111.92431640625,52.656463623046875
-1110.6815185546875,53.50746154785156
-1109.42333984375,54.34595489501953
-1108.149658203125,55.171329498291016
-1106.77392578125,56.03664016723633
-1105.4681396484375,56.83369827270508
-1104.0589599609375,57.66942596435547
-1102.723388671875,58.440792083740234
-1101.284423828125,59.25141906738281
-1099.92236328125,59.9997673034668
-1098.454833984375,60.78441619873047
-1097.0648193359375,61.50667953491211
-1095.56689453125,62.26136779785156
-1094.1480712890625,62.953895568847656
-1092.6192626953125,63.677066802978516
-1091.075927734375,64.38597106933594
-1089.5184326171875,65.08055114746094
-1087.9473876953125,65.76315307617188
-1086.3646240234375,66.4344482421875
-1084.9705810546875,67.01335144042969
-1083.36669921875,67.665771484375
-1081.8516845703125,68.26852416992188
-1080.427734375,68.82311248779297
-1078.8919677734375,69.41011047363281
-1077.2430419921875,70.0287857055664
-1075.583740234375,70.64189147949219
-1073.913818359375,71.24959564208984
-1072.339111328125,71.8147201538086
-1070.8616943359375,72.33832550048828
-1069.1639404296875,72.93184661865234
-1067.5633544921875,73.48413848876953
-1066.06201171875,73.99626159667969
-1064.4464111328125,74.54169464111328
-1062.93115234375,75.04740905761719
-1061.299560546875,75.58551025390625
-1059.769287109375,76.08415222167969
-1056.9095458984375,77.0008773803711
-1055.471435546875,77.45394897460938
-1054.0308837890625,77.9017105102539
-1052.4776611328125,78.3775863647461
-1050.9219970703125,78.84716033935547
-1049.4755859375,79.27820587158203
-1047.91650390625,79.73788452148438
-1046.467529296875,80.16130065917969
-1045.01708984375,80.58164978027344
-1043.44970703125,81.03203582763672
-1041.98828125,81.44813537597656
-1040.4085693359375,81.8941879272461
-1038.8231201171875,82.33846282958984
-1037.2320556640625,82.78164672851562
-1035.749755859375,83.19236755371094
-1034.1480712890625,83.6339340209961
-1032.656005859375,84.04306030273438
-1031.1591796875,84.45106506347656
-1029.5419921875,84.88888549804688
-1028.03515625,85.29371643066406
-1026.29052734375,85.75885009765625
-1024.7735595703125,86.1605224609375
-1023.0176391601562,86.62234497070312
-1021.4908447265625,87.02096557617188
-1019.9594116210938,87.4180679321289
-1018.3051147460938,87.84419250488281
-1016.7646484375,88.2385482788086
-1015.2199096679688,88.6314926147461
-1013.5513916015625,89.052734375
-1011.9973754882812,89.44180297851562
-1010.318603515625,89.8585433959961
-1008.7550659179688,90.24354553222656
-1007.0662231445312,90.65626525878906
-1005.3721923828125,91.06712341308594
-1003.7944946289062,91.4471664428711
-1002.0904541015625,91.8552474975586
-1000.3817749023438,92.26226806640625
-998.6685180664062,92.66835021972656
-996.950439453125,93.07342529296875
-995.2276611328125,93.47750091552734
-993.5001220703125,93.88060760498047
-991.8916015625,94.25410461425781
-990.2789306640625,94.62682342529297
-988.662109375,94.99873352050781
-986.9164428710938,95.3983154296875
-985.2914428710938,95.76846313476562
-983.5370483398438,96.16612243652344
-981.7781372070312,96.5627212524414
-980.0147094726562,96.95822143554688
-978.3731689453125,97.32445526123047
-976.8544921875,97.66160583496094
-975.2055053710938,98.0257797241211
-973.4253540039062,98.41664123535156
-971.6407470703125,98.80612182617188
-969.8517456054688,99.19418334960938
-968.0582275390625,99.5808334350586
-966.26025390625,99.96609497070312
-964.5867919921875,100.3226547241211
-962.7803344726562,100.70545196533203
-960.9696655273438,101.0870361328125
-959.1547241210938,101.46734619140625
-957.4656372070312,101.8193130493164
-955.9031982421875,102.1431884765625
-954.2071533203125,102.49295806884766
-952.6383666992188,102.81478881835938
-950.80419921875,103.18895721435547
-948.9659423828125,103.56178283691406
-947.1234741210938,103.93331146240234
-945.2770385742188,104.30353546142578
-943.4264526367188,104.67235565185547
-941.5719604492188,105.03971862792969
-939.8463134765625,105.3794937133789
-937.9841918945312,105.74384307861328
-936.1181030273438,106.10643768310547
-934.248046875,106.4671401977539
-932.5081176757812,106.80029296875
-931.033203125,107.0809097290039
-929.5557861328125,107.36048889160156
-928.0759887695312,107.63922882080078
-926.5938720703125,107.91729736328125
-925.1094360351562,108.19483184814453
-923.622802734375,108.4718246459961
-922.1339111328125,108.74822998046875
-920.642822265625,109.02393341064453
-918.8776245117188,109.34878540039062
-917.3814697265625,109.62279510498047
-915.8831787109375,109.89600372314453
-914.3826293945312,110.16838073730469
-912.8798217773438,110.43988800048828
-911.374755859375,110.71050262451172
-909.5931396484375,111.02915954589844
-908.0831909179688,111.29776000976562
-906.2958984375,111.61393737792969
-904.7811279296875,111.88037109375
-903.26416015625,112.14579772949219
-901.7449951171875,112.41021728515625
-900.2237548828125,112.67361450195312
-898.7003173828125,112.93597412109375
-896.8970947265625,113.24469757080078
-895.3689575195312,113.50482940673828
-893.8386840820312,113.76396179199219
-892.0275268554688,114.06890869140625
-890.21337890625,114.37238311767578
-888.6760864257812,114.62798309326172
-886.8566284179688,114.92868041992188
-885.3147583007812,115.18196105957031
-883.4900512695312,115.47994995117188
-881.9437866210938,115.7309799194336
-880.1138305664062,116.02632904052734
-878.2810668945312,116.32024383544922
-876.7280883789062,116.56781768798828
-874.8901977539062,116.85896301269531
-873.3328857421875,117.10404205322266
-871.4899291992188,117.39217376708984
-869.6442260742188,117.67866516113281
-868.0803833007812,117.91979217529297
-866.2297973632812,118.20306396484375
-864.6618041992188,118.44112396240234
-862.8062744140625,118.72035217285156
-861.2340698242188,118.9547119140625
-859.3734130859375,119.22940063476562
-857.5100708007812,119.50155639648438
-855.9312744140625,119.729736328125
-854.0630493164062,119.99674224853516
-852.4801025390625,120.22026824951172
-850.6068725585938,120.48151397705078
-848.7308349609375,120.73966217041016
-847.1412963867188,120.95572662353516
-845.2603149414062,121.2082748413086
-843.6666259765625,121.41950225830078
-841.78076171875,121.66600036621094
-839.8922729492188,121.90894317626953
-838.001220703125,122.14836120605469
-836.3990478515625,122.34832000732422
-834.5031127929688,122.58177947998047
-832.6044311523438,122.81243896484375
-830.9957885742188,123.0057144165039
-829.0924072265625,123.23200225830078
-827.4798583984375,123.42158508300781
-825.5718383789062,123.64311981201172
-823.955322265625,123.8282470703125
-822.3370361328125,124.01116943359375
-820.4221801757812,124.22453308105469
-818.5048217773438,124.43497467041016
-816.5848388671875,124.64276885986328
-814.9583129882812,124.81666564941406
-813.03369140625,125.0200424194336
-811.4033203125,125.1903076171875
-809.4747314453125,125.38921356201172
-807.843505859375,125.5552749633789
-805.9168701171875,125.74881744384766
-803.9916381835938,125.93927764892578
-802.3638305664062,126.0978775024414
-800.4413452148438,126.28213500976562
-798.8157958984375,126.43534851074219
-796.8965454101562,126.61329650878906
-794.9788208007812,126.7880859375
-793.3545532226562,126.93389892578125
-791.4328002929688,127.10388946533203
-789.80517578125,127.24580383300781
-787.8797607421875,127.4113540649414
-786.2490844726562,127.54969024658203
-784.616943359375,127.68651580810547
-782.686279296875,127.84630584716797
-780.7536010742188,128.00396728515625
-779.1168212890625,128.13551330566406
-777.1808471679688,128.2884979248047
-775.2431640625,128.43873596191406
-773.60205078125,128.56387329101562
-771.66064453125,128.70974731445312
-770.016357421875,128.83169555664062
-768.5203247070312,128.94140625
-766.8734130859375,129.06080627441406
-765.2251586914062,129.17880249023438
-763.7254638671875,129.2847900390625
-762.0745239257812,129.3999786376953
-760.572509765625,129.50343322753906
-758.9190063476562,129.6158905029297
-757.26416015625,129.72694396972656
-755.7586059570312,129.82666015625
-754.101318359375,129.93499755859375
-752.4427490234375,130.04183959960938
-750.9339599609375,130.13763427734375
-749.2730102539062,130.24151611328125
-747.761962890625,130.3345947265625
-746.0984497070312,130.43560791015625
-744.5850219726562,130.5263214111328
-742.9189453125,130.62501525878906
-741.2515258789062,130.7225799560547
-739.7345581054688,130.81031799316406
-738.0646362304688,130.9057159423828
-736.3933715820312,130.9999237060547
-734.8729248046875,131.08450317382812
-733.19921875,131.17630004882812
-731.6765747070312,131.25857543945312
-730.0005493164062,131.34774780273438
-728.4757690429688,131.4276123046875
-726.949951171875,131.50640869140625
-725.2703247070312,131.5919189453125
-723.5894165039062,131.67636108398438
-721.9071655273438,131.7598114013672
-720.3768310546875,131.83485412597656
-718.6922607421875,131.91651916503906
-717.00634765625,131.997314453125
-715.4727172851562,132.07003784179688
-713.7845458984375,132.14920043945312
-712.248779296875,132.22036743164062
-710.5581665039062,132.29779052734375
-708.8663330078125,132.37435913085938
-707.3272094726562,132.44329833984375
-705.6328735351562,132.51841735839844
-703.937255859375,132.59280395507812
-702.240234375,132.66650390625
-700.6964111328125,132.73291015625
-698.9968872070312,132.8053436279297
-697.2960815429688,132.87710571289062
-695.5940551757812,132.94815063476562
-693.890869140625,133.0183563232422
-692.1865844726562,133.0876007080078
-690.4811401367188,133.15574645996094
-688.774658203125,133.2227325439453
-687.06689453125,133.28860473632812
-685.2024536132812,133.3594512939453
-683.6474609375,133.41781616210938
-681.780029296875,133.4871826171875
-680.06689453125,133.55015563964844
-678.3525390625,133.61245727539062
-676.6369018554688,133.674072265625
-674.9198608398438,133.7350616455078
-673.0452880859375,133.80088806152344
-671.3256225585938,133.860595703125
-669.604736328125,133.91958618164062
-667.8826293945312,133.977783203125
-666.00244140625,134.04029846191406
-664.277587890625,134.0967254638672
-662.3945922851562,134.15737915039062
-660.5101318359375,134.21705627441406
-658.7815551757812,134.27084350585938
-656.8943481445312,134.3285675048828
-655.1629638671875,134.3807830810547
-653.43017578125,134.43247985839844
-651.5382690429688,134.4884490966797
-649.802734375,134.53945922851562
-648.0658569335938,134.59010314941406
-646.1696166992188,134.6446990966797
-644.429931640625,134.69390869140625
-642.8472900390625,134.73782348632812
-641.2635498046875,134.78091430664062
-639.6787109375,134.82318115234375
-637.9342041015625,134.8688201904297
-636.029541015625,134.91769409179688
-634.2821655273438,134.9617919921875
-632.3742065429688,135.0093231201172
-630.6238403320312,135.0524139404297
-628.8721923828125,135.09495544433594
-626.959716796875,135.14065551757812
-625.045654296875,135.18548583984375
-623.2897338867188,135.22579956054688
-621.3726196289062,135.26889038085938
-619.4539794921875,135.31100463867188
-617.6939086914062,135.34877014160156
-615.7721557617188,135.38916015625
-614.009033203125,135.42559814453125
-612.083984375,135.46487426757812
-610.31787109375,135.5005645751953
-608.3896484375,135.539306640625
-606.4598388671875,135.57791137695312
-604.6893920898438,135.61322021484375
-602.7564697265625,135.651611328125
-600.9832153320312,135.68663024902344
-599.0472412109375,135.72463989257812
-597.2711791992188,135.75933837890625
-595.4937133789062,135.7938690185547
-593.5530395507812,135.83135986328125
-591.7725830078125,135.8656005859375
-589.8286743164062,135.90280151367188
-587.8831176757812,135.9398193359375
-586.0982666015625,135.9735107421875
-584.3120727539062,136.00686645507812
-582.3619995117188,136.0428466796875
-580.5730590820312,136.07546997070312
-578.6198120117188,136.1106719970703
-576.8278198242188,136.14259338378906
-575.0344848632812,136.17416381835938
-573.0765991210938,136.20816040039062
-571.2804565429688,136.23887634277344
-569.3194580078125,136.27186584472656
-567.3567504882812,136.30433654785156
-565.5562133789062,136.3336181640625
-563.5903930664062,136.36502075195312
-561.7870483398438,136.3932647705078
-559.8181762695312,136.4234619140625
-558.0120239257812,136.4505615234375
-556.0401000976562,136.47952270507812
-554.2311401367188,136.5055694580078
-552.256103515625,136.533447265625
-550.2794189453125,136.56077575683594
-548.466064453125,136.58529663085938
-546.4862670898438,136.6112823486328
-544.6700439453125,136.6342010498047
-542.687255859375,136.65794372558594
-540.8682861328125,136.67837524414062
-539.0479736328125,136.69732666015625
-537.0607299804688,136.71615600585938
-535.4035034179688,136.73025512695312
-533.5792236328125,136.74407958984375
-531.9196166992188,136.7552032470703
-529.9266357421875,136.766845703125
-527.9320678710938,136.77671813964844
-526.1023559570312,136.78427124023438
-524.1048583984375,136.7909698486328
-522.2723999023438,136.7957763671875
-520.4385375976562,136.79949951171875
-518.9371337890625,136.80197143554688
-517.1009521484375,136.80445861816406
-515.5975952148438,136.8061065673828
-513.7589721679688,136.8076629638672
-512.253662109375,136.8086395263672
-510.4126281738281,136.8095703125
-508.9053649902344,136.8101806640625
-507.3972473144531,136.8106689453125
-505.5528259277344,136.81105041503906
-503.7071533203125,136.81124877929688
-502.1961364746094,136.81129455566406
-500.3482360839844,136.81121826171875
-498.8352966308594,136.81103515625
-496.98492431640625,136.8107147216797
-495.469970703125,136.8103790283203
-493.6171569824219,136.8099822998047
-492.1003112792969,136.80975341796875
-490.5826416015625,136.80963134765625
-488.7265930175781,136.8096466064453
-487.20709228515625,136.80975341796875
-485.3487854003906,136.80995178222656
-483.82745361328125,136.8101806640625
-481.9669189453125,136.810546875
-480.4437561035156,136.81092834472656
-478.91973876953125,136.8114471435547
-477.05584716796875,136.81228637695312
-475.5299377441406,136.813232421875
-474.0031433105469,136.81442260742188
-472.135986328125,136.8162841796875
-470.6073913574219,136.8181610107422
-469.0779724121094,136.82034301757812
-467.20758056640625,136.82334899902344
-465.6763000488281,136.82606506347656
-464.14422607421875,136.8290252685547
-462.6113586425781,136.83218383789062
-460.7367248535156,136.83628845214844
-459.2020263671875,136.83978271484375
-457.66650390625,136.84341430664062
-456.1301574707031,136.84715270996094
-454.2512512207031,136.8518524169922
-452.7130432128906,136.85581970214844
-451.00299072265625,136.86033630371094
-449.1208190917969,136.8653564453125
-447.58001708984375,136.8694610595703
-446.0384521484375,136.87347412109375
-444.15325927734375,136.87823486328125
-442.43841552734375,136.88243103027344
-440.8941955566406,136.88612365722656
-439.3490905761719,136.88975524902344
-437.6313781738281,136.89378356933594
-436.0845642089844,136.89739990234375
-434.53692626953125,136.9010009765625
-432.98846435546875,136.9045867919922
-431.26715087890625,136.9086151123047
-429.7171630859375,136.91224670410156
-428.16644287109375,136.91587829589844
-426.4424743652344,136.919921875
-424.8900146484375,136.92356872558594
-423.1641540527344,136.9276123046875
-421.6100769042969,136.93124389648438
-419.8823547363281,136.9352264404297
-418.3265075683594,136.93878173828125
-416.5968017578125,136.94271850585938
-415.0392761230469,136.94625854492188
-413.3078918457031,136.95022583007812
-411.74884033203125,136.9538116455078
-410.015625,136.95779418945312
-408.4549255371094,136.9613800048828
-406.8934631347656,136.96495056152344
-405.33123779296875,136.968505859375
-403.59454345703125,136.9723663330078
-401.85693359375,136.9761199951172
-400.29229736328125,136.97935485839844
-398.552978515625,136.98272705078125
-396.9867248535156,136.98553466796875
-395.2455139160156,136.98838806152344
-393.6775817871094,136.99075317382812
-391.9345397949219,136.9931182861328
-390.1905517578125,136.99522399902344
-388.6201477050781,136.9968719482422
-386.8744201660156,136.9984588623047
-385.1278076171875,136.99978637695312
-383.3803405761719,137.00083923339844
-381.8068542480469,137.00152587890625
-380.05767822265625,137.00204467773438
-378.3075866699219,137.0023193359375
-376.5566101074219,137.00242614746094
-374.97998046875,137.0023956298828
-373.2273864746094,137.00228881835938
-371.473876953125,137.0021514892578
-369.719482421875,137.00198364257812
-368.1397705078125,137.0018768310547
-366.3836975097656,137.0018768310547
-364.6267395019531,137.00204467773438
-362.868896484375,137.0023651123047
-361.1101379394531,137.00286865234375
-359.5264587402344,137.00347900390625
-357.7660217285156,137.00436401367188
-356.0047302246094,137.00546264648438
-354.4190673828125,137.00660705566406
-352.8332214355469,137.0078582763672
-351.0718994140625,137.0093536376953
-349.3127136230469,137.01089477539062
-347.73248291015625,137.01231384277344
-346.15631103515625,137.01373291015625
-344.41058349609375,137.0151824951172
-342.6712341308594,137.0164337158203
-341.11163330078125,137.01748657226562
-339.3857421875,137.01864624023438
-337.83929443359375,137.0196533203125
-336.129150390625,137.0207061767578
-334.5975646972656,137.0215606689453
-332.9043884277344,137.02236938476562
-331.3881530761719,137.0229949951172
-329.8789978027344,137.0235137939453
-328.3768310546875,137.02392578125
-326.7161560058594,137.02427673339844
-325.06463623046875,137.0244598388672
-323.4224548339844,137.02447509765625
-321.4638977050781,137.024169921875
-319.5177307128906,137.0235595703125
-317.9053039550781,137.02284240722656
-315.9820861816406,137.02157592773438
-314.07220458984375,137.01963806152344
-312.1760559082031,137.0169219970703
-310.136962890625,137.0130157470703
-308.26849365234375,137.008544921875
-306.4135437011719,137.0032501220703
-304.5722961425781,136.9970703125
-302.7452087402344,136.9899139404297
-300.9323425292969,136.98171997070312
-299.1341857910156,136.97227478027344
-297.3505554199219,136.96121215820312
-295.4346008300781,136.9468231201172
-293.68048095703125,136.93063354492188
-292.0843200683594,136.9126739501953
-290.21185302734375,136.88681030273438
-288.4955749511719,136.85821533203125
-286.78997802734375,136.82460021972656
-285.0952453613281,136.7853546142578
-283.4106140136719,136.7395782470703
-281.7350769042969,136.68707275390625
-280.0673522949219,136.62811279296875
-278.4068603515625,136.56243896484375
-276.6156311035156,136.48240661621094
-274.9692687988281,136.3987579345703
-273.329345703125,136.30442810058594
-271.6950378417969,136.1982879638672
-270.0651550292969,136.0799102783203
-268.4393005371094,135.94921875
-266.81756591796875,135.80615234375
-265.2001953125,135.650390625
-263.58746337890625,135.48153686523438
-261.9793395996094,135.29998779296875
-260.24212646484375,135.0900421142578
-258.6429138183594,134.88475036621094
-257.048095703125,134.66867065429688
-255.45803833007812,134.44131469726562
-253.8729248046875,134.20237731933594
-252.1614227294922,133.93035888671875
-250.5869140625,133.66705322265625
-248.88705444335938,133.36875915527344
-247.06329345703125,133.03260803222656
-245.505859375,132.73196411132812
-243.82496643066406,132.39279174804688
-242.27943420410156,132.06671142578125
-240.73965454101562,131.72792053222656
-239.0780792236328,131.34652709960938
-237.55032348632812,130.9815216064453
-235.90159606933594,130.57273864746094
-234.38522338867188,130.183837890625
-232.87380981445312,129.7839813232422
-231.24166870117188,129.3382110595703
-229.61422729492188,128.87896728515625
-228.1151580810547,128.44313049316406
-226.36888122558594,127.92033386230469
-224.87388610839844,127.4598617553711
-223.38067626953125,126.98768615722656
-221.76535034179688,126.46251678466797
-220.27670288085938,125.96478271484375
-218.7906494140625,125.45426940917969
-217.18392944335938,124.88655090332031
-215.70367431640625,124.3491439819336
-214.22625732421875,123.7989501953125
-212.62905883789062,123.18864440917969
-211.15805053710938,122.61174011230469
-209.6905517578125,122.02153778076172
-208.22683715820312,121.41775512695312
-206.6457061767578,120.74801635742188
-205.19053649902344,120.11527252197266
-203.73953247070312,119.4687271118164
-202.29261779785156,118.80868530273438
-200.8499298095703,118.13524627685547
-199.41172790527344,117.44828796386719
-197.97816467285156,116.74775695800781
-196.5490264892578,116.03401947021484
-195.12417602539062,115.30766296386719
-193.585205078125,114.50715637207031
-192.16912841796875,113.75560760498047
-190.75753784179688,112.99182891845703
-189.3506317138672,112.2156982421875
-187.94825744628906,111.42756652832031
-186.55026245117188,110.62782287597656
-185.15631103515625,109.8171157836914
-183.7661895751953,108.9959487915039
-182.38006591796875,108.16438293457031
-180.99810791015625,107.32227325439453
-179.62039184570312,106.46946716308594
-178.0187530517578,105.4609375
-176.65118408203125,104.58448028564453
-175.2890167236328,103.69644165039062
-173.93289184570312,102.79623413085938
-172.35870361328125,101.73020935058594
-171.01568603515625,100.80354309082031
-169.67759704589844,99.86610412597656
-168.34373474121094,98.91903686523438
-167.01382446289062,97.96282958984375
-165.6880340576172,96.9975814819336
-164.47653198242188,96.1046142578125
-163.15927124023438,95.12136840820312
-161.9558868408203,94.2116928100586
-160.6476593017578,93.21021270751953
-159.3443145751953,92.19920349121094
-158.15396118164062,91.26399230957031
-156.8602294921875,90.23458099365234
-155.67868041992188,89.28266143798828
-154.39442443847656,88.23533630371094
-153.22154235839844,87.26726531982422
-151.9469757080078,86.20237731933594
-150.67774963378906,85.12810516357422
-149.51904296875,84.13510131835938
-148.2600555419922,83.04304504394531
-147.00634765625,81.94198608398438
-145.75807189941406,80.83190155029297
-144.61891174316406,79.80619812011719
-143.38197326660156,78.6781997680664
-142.15113830566406,77.54078674316406
-141.0278778076172,76.49020385742188
-139.8074188232422,75.33598327636719
-138.6927947998047,74.27096557617188
-137.4810333251953,73.10189819335938
-136.273681640625,71.92538452148438
-135.17092895507812,70.8403549194336
-134.0723114013672,69.74885559082031
-132.87890625,68.55049896240234
-131.78973388671875,67.44489288330078
-130.60659790039062,66.2311782836914
-129.42869567871094,65.00972747802734
-128.35362243652344,63.883296966552734
-127.18624877929688,62.64687728881836
-126.1214370727539,61.50636291503906
-124.96581268310547,60.25423812866211
-123.91209411621094,59.09920120239258
-122.7686767578125,57.83134078979492
-121.6316146850586,56.555397033691406
-120.59493255615234,55.37871551513672
-119.4701919555664,54.08737564086914
-118.44487762451172,52.896610260009766
-117.33267974853516,51.589942932128906
-116.22734069824219,50.275238037109375
-115.2203598022461,49.06294631958008
-114.2195816040039,47.843753814697266
-113.13490295410156,46.50589370727539
-111.96802520751953,45.04745864868164
-110.89820098876953,43.69306564331055
-109.92345428466797,42.44491195678711
-108.8665542602539,41.07619857788086
-107.81658172607422,39.700077056884766
-106.86019134521484,38.43211364746094
-105.82350158691406,37.041873931884766
-104.87944030761719,35.76109313964844
-103.85675048828125,34.35673141479492
-102.92591857910156,33.06275939941406
-101.91759490966797,31.64405059814453
-100.99948120117188,30.337345123291016
-100.00485229492188,28.904991149902344
-99.0997085571289,27.585649490356445
-98.11962127685547,26.139406204223633
-97.14704132080078,24.68600082397461
-96.26176452636719,23.3476505279541
-95.30247497558594,21.881317138671875
-94.42864990234375,20.531633377075195
-93.4810562133789,19.05344009399414
-92.53897857666016,17.569494247436523
-91.60224914550781,16.079971313476562
-90.74828338623047,14.709734916687012
-89.82181549072266,13.209675788879395
-88.97711944580078,11.829870223999023
-88.060302734375,10.319634437561035
-87.22393035888672,8.93085765838623
-86.31587982177734,7.411144256591797
-85.48754119873047,6.0137763023376465
-84.66320037841797,4.612301349639893
-83.76861572265625,3.0786666870117188
-82.87909698486328,1.5400376319885254
-82.068115234375,0.12526962161064148
-81.18799591064453,-1.4227800369262695
-80.31244659423828,-2.97552752494812
-79.51371765136719,-4.402889251708984
-78.64665985107422,-5.964355945587158
-77.78423309326172,-7.530373573303223
-76.99800109863281,-8.969964027404785
-76.14534759521484,-10.544970512390137
-75.36872100830078,-11.993002891540527
-74.52716827392578,-13.577435493469238
-73.76092529296875,-15.034209251403809
-72.9306411743164,-16.628101348876953
-72.17467498779297,-18.093429565429688
-71.35551452636719,-19.696569442749023
-70.6096420288086,-21.17025375366211
-69.80142211914062,-22.78235626220703
-69.06559753417969,-24.26417350769043
-68.26835632324219,-25.885082244873047
-67.54241180419922,-27.374710083007812
-66.75630187988281,-29.00179100036621
-66.04076385498047,-30.49441146850586
-65.26518249511719,-32.123687744140625
-64.55856323242188,-33.61791229248047
-63.79214096069336,-35.248619079589844
-63.15673828125,-36.607940673828125
-62.39776611328125,-38.23945617675781
-61.579566955566406,-40.006439208984375
-60.826881408691406,-41.63853454589844
-60.1383171081543,-43.13685989379883
-59.38862609863281,-44.77389907836914
-58.702701568603516,-46.27661895751953
-58.017784118652344,-47.7812385559082
-57.27145767211914,-49.42470169067383
-56.58782196044922,-50.932987213134766
-55.84231948852539,-52.58018112182617
-55.15901184082031,-54.0916748046875
-54.47563552856445,-55.604576110839844
-53.79203796386719,-57.11885070800781
-53.04585266113281,-58.77226257324219
-52.36127853393555,-60.289188385009766
-51.675994873046875,-61.807254791259766
-50.9274787902832,-63.46452713012695
-50.240394592285156,-64.98478698730469
-49.48979187011719,-66.64439392089844
-48.80076599121094,-68.166748046875
-48.110801696777344,-69.69013977050781
-47.419883728027344,-71.21453094482422
-46.66506576538086,-72.87869262695312
-45.972164154052734,-74.40530395507812
-45.21554183959961,-76.07129669189453
-44.52224349975586,-77.59696197509766
-43.76751708984375,-79.25672912597656
-43.07829284667969,-80.77147674560547
-42.33007049560547,-82.41496276855469
-41.647850036621094,-83.91267395019531
-40.90773010253906,-85.53662872314453
-40.171913146972656,-87.15020751953125
-39.501251220703125,-88.62007904052734
-38.773834228515625,-90.21338653564453
-38.1109619140625,-91.66438293457031
-37.392234802246094,-93.23648071289062
-36.67816925048828,-94.7971420288086
-36.0278434753418,-96.21726989746094
-35.32314682006836,-97.7547378540039
-34.68152618408203,-99.1530990600586
-33.986392974853516,-100.6663589477539
-33.296226501464844,-102.16675567626953
-32.66775894165039,-103.5308837890625
-31.986528396606445,-105.00691986083984
-31.197250366210938,-106.71331024169922
-30.525177001953125,-108.16285705566406
-29.801761627197266,-109.71949005126953
-29.138259887695312,-111.14391326904297
-28.478919982910156,-112.55621337890625
-27.714876174926758,-114.18860626220703
-26.956438064575195,-115.8042984008789
-26.203933715820312,-117.40252685546875
-25.457382202148438,-118.98291015625
-24.6636905670166,-120.65701293945312
-23.928537368774414,-122.20211029052734
-23.199047088623047,-123.73037719726562
-22.475749969482422,-125.2413101196289
-21.707931518554688,-126.84037780761719
-20.99799346923828,-128.31405639648438
-20.294326782226562,-129.7693328857422
-19.596771240234375,-131.20565795898438
-18.85555076599121,-132.72372436523438
-18.16900062561035,-134.121826171875
-17.486812591552734,-135.50257873535156
-16.80893325805664,-136.8658905029297
-16.135488510131836,-138.21107482910156
-15.322694778442383,-139.82115173339844
-14.515002250671387,-141.40582275390625
-13.712278366088867,-142.96458435058594
-12.914125442504883,-144.49745178222656
-12.120698928833008,-146.00457763671875
-11.331986427307129,-147.4877471923828
-10.54835319519043,-148.9479217529297
-9.770607948303223,-150.3849334716797
-8.999547958374023,-151.7983856201172
-8.190845489501953,-153.2688446044922
-7.434443950653076,-154.63316345214844
-6.597932815551758,-156.13003540039062
-5.858023643493652,-157.44400024414062
-4.99872350692749,-158.95787048339844
-4.152054786682129,-160.4348602294922
-3.316851854324341,-161.87484741210938
-2.4913489818573,-163.27976989746094
-1.675140619277954,-164.65135192871094
-0.7876660823822021,-166.12350463867188
0.011035998351871967,-167.43043518066406
0.8022685050964355,-168.7078094482422
1.6250574588775635,-170.01715087890625
2.4784395694732666,-171.353271484375
3.361374616622925,-172.711669921875
4.236197471618652,-174.03321838378906
5.103731632232666,-175.31900024414062
5.964889049530029,-176.56846618652344
6.896036148071289,-177.8842315673828
7.8639349937438965,-179.2023162841797
8.79979133605957,-180.41851806640625
9.823265075683594,-181.67556762695312
10.826693534851074,-182.83120727539062
11.894383430480957,-183.9775390625
13.033862113952637,-185.1099853515625
14.16320514678955,-186.14627075195312
15.41258430480957,-187.2013397216797
16.61456871032715,-188.13282775878906
17.851255416870117,-189.01197814941406
19.11943244934082,-189.8367462158203
20.418628692626953,-190.6083984375
21.749568939208984,-191.3271026611328
23.11003303527832,-191.9896240234375
24.550439834594727,-192.61521911621094
26.072864532470703,-193.1963348388672
27.56568145751953,-193.6897430419922
29.025144577026367,-194.10154724121094
30.668981552124023,-194.4770965576172
32.271915435791016,-194.76260375976562
33.778499603271484,-194.96517944335938
35.346343994140625,-195.1204376220703
36.862266540527344,-195.20811462402344
38.49656295776367,-195.23013305664062
40.02592086791992,-195.18702697753906
41.67042541503906,-195.08297729492188
43.33116912841797,-194.90394592285156
44.82528305053711,-194.68099975585938
46.437522888183594,-194.38075256347656
47.937957763671875,-194.04830932617188
49.55366516113281,-193.6345672607422
50.997337341308594,-193.2239990234375
52.44715118408203,-192.78955078125
53.96640396118164,-192.3347625732422
55.44220733642578,-191.91824340820312
56.93559646606445,-191.53729248046875
58.44685745239258,-191.19908142089844
60.03340148925781,-190.8977508544922
61.56756591796875,-190.6608123779297
63.10734176635742,-190.47817993164062
64.71216583251953,-190.3467559814453
66.31721496582031,-190.2755889892578
67.91910552978516,-190.26605224609375
69.51526641845703,-190.31976318359375
71.10338592529297,-190.4376220703125
72.68125915527344,-190.6193389892578
74.2455825805664,-190.86593627929688
75.79151916503906,-191.1797637939453
77.32070922851562,-191.55438232421875
78.83338928222656,-191.98825073242188
80.32796478271484,-192.47354125976562
81.80228424072266,-193.01429748535156
83.25616455078125,-193.61793518066406
84.74390411376953,-194.30978393554688
86.15927124023438,-195.03274536132812
87.56532287597656,-195.80746459960938
89.01898193359375,-196.6581268310547
90.3575210571289,-197.48440551757812
91.64134979248047,-198.3298797607422
92.91880798339844,-199.22850036621094
94.23751068115234,-200.21661376953125
95.5443344116211,-201.25350952148438
96.78694152832031,-202.29432678222656
97.9146728515625,-203.28768920898438
99.13288116455078,-204.41342163085938
100.33921813964844,-205.58192443847656
101.53424072265625,-206.7919464111328
102.6697006225586,-207.9892120361328
103.7968978881836,-209.2218780517578
104.91789245605469,-210.48765563964844
106.0353775024414,-211.78355407714844
107.00621795654297,-212.93310546875
107.97723388671875,-214.10275268554688
108.99708557128906,-215.351806640625
109.96881866455078,-216.56094360351562
110.94081115722656,-217.78939819335938
111.91288757324219,-219.03713989257812
112.88529968261719,-220.30364990234375
113.8590316772461,-221.58787536621094
114.8355712890625,-222.88851928710938
115.81297302246094,-224.19827270507812
116.79068756103516,-225.50733947753906
117.72454833984375,-226.74655151367188
118.71688842773438,-228.04315185546875
119.72248840332031,-229.33047485351562
120.69609069824219,-230.55027770996094
121.74320220947266,-231.83273315429688
122.81318664550781,-233.1114044189453
123.9057846069336,-234.38526916503906
125.0210952758789,-235.6541748046875
126.15926361083984,-236.91819763183594
127.26150512695312,-238.11424255371094
128.32537841796875,-239.24281311035156
129.52984619140625,-240.49058532714844
130.63356018066406,-241.6083984375
131.75547790527344,-242.7200927734375
133.9920196533203,-244.86268615722656
135.17242431640625,-245.9537811279297
136.37176513671875,-247.03753662109375
137.58871459960938,-248.1143035888672
138.82235717773438,-249.18392944335938
140.07473754882812,-250.2459259033203
141.3502960205078,-251.29566955566406
142.72341918945312,-252.38824462890625
144.0481414794922,-253.40843200683594
145.39524841308594,-254.41441345214844
146.76417541503906,-255.40646362304688
148.23255920410156,-256.4381408691406
149.64569091796875,-257.39996337890625
151.08074951171875,-258.3453369140625
152.3748779296875,-259.1712951660156
153.68629455566406,-259.9834899902344
155.1818084716797,-260.8805847167969
156.52891540527344,-261.6629943847656
158.06396484375,-262.5262451171875
159.44537353515625,-263.2786865234375
160.84230041503906,-264.0173034667969
162.4319305419922,-264.8316345214844
163.8610382080078,-265.53997802734375
165.3053436279297,-266.233154296875
166.6732177734375,-266.8684387207031
168.2396697998047,-267.570556640625
169.72979736328125,-268.21307373046875
171.23524475097656,-268.83721923828125
172.75575256347656,-269.443115234375
174.29074096679688,-270.03125
175.8397674560547,-270.60174560546875
177.30447387695312,-271.12030029296875
178.88009643554688,-271.6556396484375
180.46925354003906,-272.17205810546875
181.9712677001953,-272.6383972167969
183.58639526367188,-273.11578369140625
185.21481323242188,-273.57244873046875
186.85614013671875,-274.0086364746094
188.40609741210938,-274.39935302734375
190.071044921875,-274.7967529296875
191.7477264404297,-275.174072265625
193.43582153320312,-275.5314636230469
195.1349334716797,-275.8690185546875
196.84474182128906,-276.186767578125
198.5648956298828,-276.48468017578125
200.29507446289062,-276.7628173828125
202.0349578857422,-277.0215148925781
203.7841796875,-277.26007080078125
205.4324188232422,-277.4646911621094
207.1992950439453,-277.6615905761719
208.97491455078125,-277.835693359375
210.75906372070312,-277.98663330078125
212.43919372558594,-278.1070861816406
214.2388916015625,-278.2134704589844
215.93296813964844,-278.29315185546875
217.74688720703125,-278.35711669921875
219.56761169433594,-278.39971923828125
221.2804718017578,-278.4203796386719
223.11354064941406,-278.4219665527344
224.95248413085938,-278.4025573730469
226.68161010742188,-278.3652038574219
228.18399047851562,-278.3179626464844
229.6880340576172,-278.2570495605469
231.19088745117188,-278.1826477050781
232.6923828125,-278.0950622558594
234.19241333007812,-277.99432373046875
235.69090270996094,-277.8805236816406
237.187744140625,-277.75360107421875
238.68283081054688,-277.61346435546875
240.17721557617188,-277.4598388671875
241.90403747558594,-277.2658386230469
243.5186004638672,-277.06854248046875
245.01976013183594,-276.8712463378906
246.52268981933594,-276.6605529785156
248.14321899414062,-276.41912841796875
249.64979553222656,-276.1820373535156
251.274169921875,-275.9134216308594
252.7843017578125,-275.65203857421875
254.41241455078125,-275.3581237792969
256.0423583984375,-275.0513916015625
257.5574035644531,-274.75506591796875
259.1905212402344,-274.42333984375
260.7082824707031,-274.1034851074219
262.3441467285156,-273.7461853027344
263.8642272949219,-273.40234375
265.5023498535156,-273.0190124511719
267.14154052734375,-272.622314453125
268.66461181640625,-272.24212646484375
270.3057861328125,-271.8202209472656
271.9479064941406,-271.38555908203125
273.59100341796875,-270.9384460449219
275.1175537109375,-270.5122985839844
276.7623596191406,-270.04180908203125
278.4079284667969,-269.559326171875
280.05426025390625,-269.0649108886719
281.70135498046875,-268.5587463378906
283.3492126464844,-268.04107666015625
284.88006591796875,-267.55035400390625
286.52947998046875,-267.0113525390625
288.1797180175781,-266.4617919921875
289.830810546875,-265.90191650390625
291.48260498046875,-265.3316955566406
293.13507080078125,-264.7510986328125
294.7880859375,-264.1600036621094
296.4416198730469,-263.55841064453125
297.9775695800781,-262.9906311035156
299.63226318359375,-262.3695373535156
301.1693115234375,-261.7840881347656
302.588623046875,-261.2363586425781
304.1266784667969,-260.63507080078125
305.66522216796875,-260.02569580078125
307.204345703125,-259.40838623046875
308.744140625,-258.7834777832031
310.4031066894531,-258.1022644042969
311.9443054199219,-257.462158203125
313.48626708984375,-256.8149719238281
315.02911376953125,-256.1609802246094
316.57281494140625,-255.50048828125
318.2362060546875,-254.78192138671875
319.7817077636719,-254.1080322265625
321.3280944824219,-253.42776489257812
322.8753356933594,-252.7411651611328
324.4234313964844,-252.04827880859375
325.97247314453125,-251.34925842285156
327.5225830078125,-250.6443328857422
329.0738220214844,-249.93374633789062
330.62615966796875,-249.2176971435547
332.1797180175781,-248.49630737304688
333.7344055175781,-247.7696075439453
335.2900695800781,-247.03749084472656
336.84649658203125,-246.29954528808594
338.2837829589844,-245.6128387451172
339.8416442871094,-244.86294555664062
341.4005126953125,-244.10720825195312
342.96051025390625,-243.3460693359375
344.5216979980469,-242.57981872558594
346.08416748046875,-241.80862426757812
347.5276184082031,-241.09249877929688
349.0926513671875,-240.31216430664062
350.658935546875,-239.52713012695312
352.2265319824219,-238.7372589111328
353.7953796386719,-237.94244384765625
355.36541748046875,-237.14266967773438
356.9366455078125,-236.33795166015625
358.50897216796875,-235.5281524658203
360.08233642578125,-234.71315002441406
361.65673828125,-233.8928985595703
363.3605041503906,-233.00001525878906
368.7462463378906,-230.1026611328125
375.5401306152344,-226.42669677734375
378.772216796875,-224.67318725585938
380.16937255859375,-223.91314697265625
380.7026672363281,-223.62229919433594
380.8749084472656,-223.52809143066406
380.919189453125,-223.5038299560547
380.92852783203125,-223.49868774414062