x,z
-393.0316162109375,562.38671875
-393.0313720703125,562.3834228515625
-393.0265808105469,562.3230590820312
-393.01336669921875,562.1563720703125
-392.9737548828125,561.658935546875
-392.8694763183594,560.3540649414062
-392.6229248046875,557.2800903320312
-392.08905029296875,550.6507568359375
-391.3824462890625,541.9223022460938
-391.2257995605469,540.0525512695312
-391.06817626953125,538.1813354492188
-390.90966796875,536.3086547851562
-390.75018310546875,534.4344482421875
-390.5898132324219,532.5587158203125
-390.42864990234375,530.6814575195312
-390.2668151855469,528.8025512695312
-390.1043701171875,526.922119140625
-389.9413757324219,525.0401000976562
-389.77783203125,523.156494140625
-389.61370849609375,521.271240234375
-389.44903564453125,519.3844604492188
-389.2838439941406,517.4962158203125
-389.1181640625,515.6064453125
-388.95196533203125,513.7150268554688
-388.78521728515625,511.8219299316406
-388.6180419921875,509.9273681640625
-388.450439453125,508.03131103515625
-388.2823486328125,506.1336669921875
-388.1136779785156,504.2344055175781
-387.9443664550781,502.3335876464844
-387.77435302734375,500.43121337890625
-387.6037292480469,498.5273132324219
-387.4324645996094,496.62188720703125
-387.2605285644531,494.7149963378906
-387.0879211425781,492.8066101074219
-386.9146728515625,490.8966369628906
-386.7408447265625,488.98504638671875
-386.5665588378906,487.0720520019531
-386.3917541503906,485.15771484375
-386.21630859375,483.2417907714844
-386.0401611328125,481.3242492675781
-385.8633728027344,479.4051208496094
-385.6860656738281,477.4844970703125
-385.5084228515625,475.5623779296875
-385.3304138183594,473.638671875
-385.1520080566406,471.71337890625
-384.97308349609375,469.78662109375
-384.7936096191406,467.8583984375
-384.61346435546875,465.9287109375
-384.43255615234375,463.99749755859375
-384.2508544921875,462.064697265625
-384.06842041015625,460.1304016113281
-383.88519287109375,458.1947937011719
-383.7010192871094,456.2578430175781
-383.5159606933594,454.3193359375
-383.3301086425781,452.3793640136719
-383.1434631347656,450.4378967285156
-382.9560852050781,448.494873046875
-382.76800537109375,446.5504150390625
-382.57916259765625,444.6045227050781
-382.38958740234375,442.65716552734375
-382.1993408203125,440.70843505859375
-382.00848388671875,438.75836181640625
-381.8170166015625,436.8067626953125
-381.6250305175781,434.85369873046875
-381.4326171875,432.89892578125
-381.2398681640625,430.9425964355469
-381.0469665527344,428.98492431640625
-380.85394287109375,427.02581787109375
-380.6607666015625,425.065185546875
-380.46746826171875,423.1029968261719
-380.2741394042969,421.1392822265625
-380.0807800292969,419.1740417480469
-379.88751220703125,417.20733642578125
-379.69439697265625,415.2392272949219
-379.50146484375,413.26953125
-379.30859375,411.2982177734375
-379.11578369140625,409.3253479003906
-378.9230651855469,407.3509521484375
-378.73052978515625,405.37518310546875
-378.5382080078125,403.39788818359375
-378.3460693359375,401.4190979003906
-378.15411376953125,399.4386901855469
-377.9623107910156,397.45660400390625
-377.770751953125,395.47320556640625
-377.5794677734375,393.4884948730469
-377.3883972167969,391.5023193359375
-377.19744873046875,389.5146789550781
-377.0065002441406,387.5254211425781
-376.8157043457031,385.5345153808594
-376.62506103515625,383.5421447753906
-376.43450927734375,381.5483703613281
-376.24407958984375,379.5531311035156
-376.05364990234375,377.5563659667969
-375.8633117675781,375.55804443359375
-375.6730651855469,373.55828857421875
-375.48284912109375,371.55712890625
-375.2925720214844,369.5545654296875
-375.10211181640625,367.550537109375
-374.911376953125,365.5450744628906
-374.7203369140625,363.5382385253906
-374.5290222167969,361.5299377441406
-374.3373107910156,359.5201721191406
-374.1452331542969,357.5089416503906
-373.952880859375,355.4962158203125
-373.76025390625,353.482177734375
-373.54803466796875,351.2652587890625
-373.37408447265625,349.45013427734375
-373.1805114746094,347.43194580078125
-372.9866638183594,345.41241455078125
-372.7925109863281,343.3914489746094
-372.5981140136719,341.3690490722656
-372.4035949707031,339.34521484375
-372.2090759277344,337.31982421875
-372.01458740234375,335.2930908203125
-371.82000732421875,333.2649841308594
-371.6058349609375,331.03240966796875
-371.4305725097656,329.2044372558594
-371.23577880859375,327.1719970703125
-371.04083251953125,325.13812255859375
-370.84576416015625,323.10296630859375
-370.6505432128906,321.0664978027344
-370.4552001953125,319.0285339355469
-370.259765625,316.989013671875
-370.0643005371094,314.9480895996094
-369.8688049316406,312.90576171875
-369.6732177734375,310.8621826171875
-369.4775390625,308.8172607421875
-369.2817077636719,306.77093505859375
-369.08575439453125,304.72320556640625
-368.8896179199219,302.674072265625
-368.6932373046875,300.6235656738281
-368.49664306640625,298.5715637207031
-368.29986572265625,296.5181884765625
-368.1029052734375,294.4635009765625
-367.90570068359375,292.407470703125
-367.708251953125,290.3501281738281
-367.5105285644531,288.29144287109375
-367.3125,286.231201171875
-367.1142272949219,284.1695251464844
-366.9156494140625,282.1067199707031
-366.7166748046875,280.042724609375
-366.5171813964844,277.97735595703125
-366.317138671875,275.91046142578125
-366.1166687011719,273.8422546386719
-365.9158020019531,271.7728271484375
-365.71453857421875,269.7021789550781
-365.5128479003906,267.630126953125
-365.31072998046875,265.55670166015625
-365.10821533203125,263.48199462890625
-364.9053649902344,261.40582275390625
-364.7022399902344,259.3284606933594
-364.49884033203125,257.24981689453125
-364.2951965332031,255.1697540283203
-364.0911865234375,253.08836364746094
-363.88671875,251.005615234375
-363.6817321777344,248.9217071533203
-363.4761962890625,246.83657836914062
-363.2702331542969,244.750244140625
-363.0639343261719,242.66268920898438
-362.8572692871094,240.57376098632812
-362.6502990722656,238.48333740234375
-362.443115234375,236.39154052734375
-362.2356262207031,234.29859924316406
-362.0277099609375,232.20448303222656
-361.8193359375,230.1090087890625
-361.6107177734375,228.0120849609375
-361.4020080566406,225.91372680664062
-361.1932678222656,223.81422424316406
-360.984375,221.7135009765625
-360.7753601074219,219.61167907714844
-360.56610107421875,217.5085906982422
-360.3569030761719,215.404052734375
-360.14788818359375,213.2981719970703
-359.9390563964844,211.19102478027344
-359.7302551269531,209.08251953125
-359.521484375,206.97265625
-359.31280517578125,204.86146545410156
-359.10430908203125,202.7489013671875
-358.89605712890625,200.63507080078125
-358.68804931640625,198.52003479003906
-358.4803771972656,196.40370178222656
-358.27288818359375,194.28607177734375
-358.06561279296875,192.16700744628906
-357.8585510253906,190.04661560058594
-357.6517639160156,187.92506408691406
-357.4452209472656,185.80224609375
-357.23876953125,183.6781463623047
-357.0323181152344,181.55262756347656
-356.825927734375,179.42587280273438
-356.6197509765625,177.2978973388672
-356.4137268066406,175.1685791015625
-356.20782470703125,173.03797912597656
-356.0018615722656,170.90614318847656
-355.7958679199219,168.77310180664062
-355.651611328125,167.27923583984375
-355.44561767578125,165.14395141601562
-355.2397155761719,163.0074920654297
-355.03399658203125,160.86988830566406
-354.82830810546875,158.73104858398438
-354.6226806640625,156.59091186523438
-354.4172058105469,154.4494171142578
-354.2119445800781,152.3065643310547
-354.0069885253906,150.16256713867188
-353.80230712890625,148.01742553710938
-353.597900390625,145.8710479736328
-353.4549255371094,144.3677978515625
-353.2508239746094,142.2191925048828
-353.1080627441406,140.7144775390625
-352.9654541015625,139.20919799804688
-352.76190185546875,137.05776977539062
-352.6195373535156,135.5509490966797
-352.47723388671875,134.04339599609375
-352.33489990234375,132.53512573242188
-352.1925354003906,131.02627563476562
-352.0501708984375,129.51702880859375
-351.9078369140625,128.0072784423828
-351.7654724121094,126.49696350097656
-351.6230773925781,124.98599243164062
-351.48065185546875,123.47433471679688
-351.3382873535156,121.96200561523438
-351.1959533691406,120.44918823242188
-351.0333557128906,118.71958923339844
-350.89111328125,117.20564270019531
-350.74884033203125,115.69105529785156
-350.6065368652344,114.17581176757812
-350.4031677246094,112.00997924804688
-350.26080322265625,110.49324798583984
-350.05755615234375,108.32563018798828
-349.9154357910156,106.8076400756836
-349.7125549316406,104.637939453125
-349.5706481933594,103.11829376220703
-349.4288330078125,101.59803009033203
-349.2871398925781,100.07723999023438
-349.1455993652344,98.55596923828125
-349.00421142578125,97.03411865234375
-348.8427734375,95.29409790039062
-348.7016296386719,93.7708740234375
-348.5605773925781,92.2469711303711
-348.4196472167969,90.72247314453125
-348.2788391113281,89.19746398925781
-348.13824462890625,87.67195129394531
-347.9376525878906,85.49163818359375
-347.7973327636719,83.96463775634766
-347.59698486328125,81.78214263916016
-347.456787109375,80.25367736816406
-347.25665283203125,78.06926727294922
-347.056640625,75.88368225097656
-346.9167175292969,74.35295104980469
-346.77685546875,72.82161712646484
-346.63714599609375,71.28971099853516
-346.4975891113281,69.75726318359375
-346.3581237792969,68.22432708740234
-346.2187194824219,66.69090270996094
-346.079345703125,65.15692901611328
-345.9200439453125,63.40306091308594
-345.7806701660156,61.86772155761719
-345.64141845703125,60.331825256347656
-345.5022888183594,58.79538345336914
-345.3633117675781,57.25838088989258
-345.1650695800781,55.061649322509766
-345.02642822265625,53.523216247558594
-344.8879089355469,51.98416519165039
-344.690185546875,49.784584045410156
-344.55194091796875,48.2442512512207
-344.41375732421875,46.70338821411133
-344.2165222167969,44.50111770629883
-344.0784912109375,42.958744049072266
-343.9405517578125,41.415775299072266
-343.7436218261719,39.21059799194336
-343.60595703125,37.666316986083984
-343.46844482421875,36.121482849121094
-343.2722473144531,33.913551330566406
-343.0764465332031,31.70444679260254
-342.8810119628906,29.494285583496094
-342.68597412109375,27.283111572265625
-342.5495910644531,25.734582901000977
-342.3550109863281,23.521255493164062
-342.16082763671875,21.306825637817383
-342.0251770019531,19.756208419799805
-341.8897399902344,18.205059051513672
-341.75445556640625,16.65326690673828
-341.5616149902344,14.435371398925781
-341.4270324707031,12.882208824157715
-341.2928466796875,11.328574180603027
-341.15911865234375,9.774435997009277
-341.02581787109375,8.219844818115234
-340.8929138183594,6.664730072021484
-340.7413635253906,4.886790752410889
-340.60894775390625,3.3304643630981445
-340.4766845703125,1.7735488414764404
-340.3445129394531,0.21613503992557526
-340.21246337890625,-1.3418115377426147
-340.02392578125,-3.5683505535125732
-339.89208984375,-5.127556800842285
-339.76031494140625,-6.687256813049316
-339.62860107421875,-8.24738883972168
-339.4404602050781,-10.476823806762695
-339.30865478515625,-12.037972450256348
-339.1766662597656,-13.599583625793457
-338.9879150390625,-15.831335067749023
-338.8556823730469,-17.394269943237305
-338.7234191894531,-18.95772361755371
-338.59112548828125,-20.521589279174805
-338.4587707519531,-22.085861206054688
-338.30743408203125,-23.874046325683594
-338.1748962402344,-25.439136505126953
-338.0421447753906,-27.00469970703125
-337.9092712402344,-28.570722579956055
-337.7763671875,-30.137134552001953
-337.58648681640625,-32.375614166259766
-337.45361328125,-33.94314956665039
-337.263916015625,-36.183326721191406
-337.1311340332031,-37.75204086303711
-336.9983215332031,-39.3211555480957
-336.8654479980469,-40.8906364440918
-336.7325134277344,-42.46055221557617
-336.5994873046875,-44.03093719482422
-336.4663391113281,-45.60177230834961
-336.3330383300781,-47.173065185546875
-336.1423034667969,-49.41849136352539
-336.0086364746094,-50.99068069458008
-335.8175048828125,-53.23728561401367
-335.6835021972656,-54.810218811035156
-335.49188232421875,-57.05791473388672
-335.29986572265625,-59.30646896362305
-335.10748291015625,-61.555702209472656
-334.9147033691406,-63.80598068237305
-334.7218017578125,-66.05720520019531
-334.5288391113281,-68.30936431884766
-334.33575439453125,-70.56232452392578
-334.1424560546875,-72.81615447998047
-333.9489440917969,-75.07059478759766
-333.7552490234375,-77.32551574707031
-333.5616149902344,-79.5809555053711
-333.3683166503906,-81.83709716796875
-333.1754455566406,-84.09423828125
-332.9829406738281,-86.35249328613281
-332.7908935546875,-88.61160278320312
-332.65679931640625,-90.19336700439453
-332.5229797363281,-91.77544403076172
-332.3893737792969,-93.35790252685547
-332.2559814453125,-94.94073486328125
-332.06573486328125,-97.2027359008789
-331.93267822265625,-98.78678894042969
-331.7427673339844,-101.05033874511719
-331.5529479980469,-103.31436157226562
-331.36285400390625,-105.57881164550781
-331.17218017578125,-107.84375762939453
-330.9808044433594,-110.10923767089844
-330.78857421875,-112.37472534179688
-330.5958251953125,-114.63922119140625
-330.40277099609375,-116.90416717529297
-330.2095947265625,-119.16985321044922
-330.0164489746094,-121.43621063232422
-329.82318115234375,-123.7031021118164
-329.6296081542969,-125.97042083740234
-329.4354248046875,-128.23843383789062
-329.2406005859375,-130.50732421875
-329.0452575683594,-132.7769317626953
-328.849609375,-135.04705810546875
-328.6537170410156,-137.3173065185547
-328.45770263671875,-139.58644104003906
-328.26177978515625,-141.85215759277344
-328.0660095214844,-144.11231994628906
-327.87078857421875,-146.3648223876953
-327.6764221191406,-148.60763549804688
-327.4829406738281,-150.83993530273438
-327.2903747558594,-153.06068420410156
-327.09881591796875,-155.26878356933594
-326.9082336425781,-157.46456909179688
-326.7187194824219,-159.6482696533203
-326.530517578125,-161.81971740722656
-326.39971923828125,-163.33197021484375
-326.21441650390625,-165.48040771484375
-326.0858154296875,-166.9761199951172
-325.90374755859375,-169.10206604003906
-325.7056579589844,-171.427490234375
-325.5274963378906,-173.53004455566406
-325.3511047363281,-175.62144470214844
-325.1591491699219,-177.90887451171875
-324.98651123046875,-179.9766387939453
-324.8156433105469,-182.03280639648438
-324.6462707519531,-184.07723999023438
-324.4783935546875,-186.11021423339844
-324.31195068359375,-188.1315155029297
-324.1468200683594,-190.14051818847656
-323.9827575683594,-192.13534545898438
-323.81951904296875,-194.1140594482422
-323.6570739746094,-196.0775909423828
-323.49560546875,-198.02818298339844
-323.31915283203125,-200.1618194580078
-323.1596984863281,-202.093017578125
-323.0009765625,-204.01661682128906
-322.8269958496094,-206.1217041015625
-322.6694641113281,-208.02255249023438
-322.5128173828125,-209.9088897705078
-322.3573913574219,-211.78042602539062
-322.2034606933594,-213.6374053955078
-322.05120849609375,-215.47998046875
-321.8857727050781,-217.4914093017578
-321.7370300292969,-219.30697631835938
-321.5896911621094,-221.11180114746094
-321.4293518066406,-223.08538818359375
-321.2851867675781,-224.86907958984375
-321.1283264160156,-226.81837463378906
-320.97314453125,-228.75234985351562
-320.8334045410156,-230.49693298339844
-320.6947937011719,-232.22900390625
-320.5571594238281,-233.9493408203125
-320.40679931640625,-235.82948303222656
-320.27099609375,-237.5278778076172
-320.1358947753906,-239.2150115966797
-319.9877014160156,-241.05618286132812
-319.85321044921875,-242.71690368652344
-319.7055358886719,-244.53013610839844
-319.5716857910156,-246.16632080078125
-319.4250183105469,-247.95245361328125
-319.2921447753906,-249.56298828125
-319.15966796875,-251.16079711914062
-319.0273742675781,-252.7467498779297
-318.8821716308594,-254.47811889648438
-318.75067138671875,-256.0401306152344
-318.6197509765625,-257.58966064453125
-318.4766540527344,-259.27838134765625
-318.347412109375,-260.7991027832031
-318.21929931640625,-262.3060302734375
-318.0799560546875,-263.9484558105469
-317.91741943359375,-265.87213134765625
-317.74456787109375,-267.9249267578125
-317.5858154296875,-269.81256103515625
-317.4527282714844,-271.39532470703125
-317.29718017578125,-273.247314453125
-317.1318359375,-275.2180480957031
-316.96881103515625,-277.1623229980469
-316.80780029296875,-279.0806579589844
-316.6598815917969,-280.8397216796875
-316.502197265625,-282.71197509765625
-316.3460388183594,-284.5625
-316.2021484375,-286.2602233886719
-316.0483093261719,-288.06536865234375
-315.9063415527344,-289.72052001953125
-315.7544860839844,-291.4808654785156
-315.6037902832031,-293.2197570800781
-315.4541320800781,-294.9354553222656
-315.3158264160156,-296.50738525390625
-315.17791748046875,-298.0576171875
-315.0299987792969,-299.7033996582031
-314.8934326171875,-301.2096252441406
-314.747314453125,-302.8078918457031
-314.571044921875,-304.7179870605469
-314.396240234375,-306.59521484375
-314.2334289550781,-308.3309326171875
-314.0924377441406,-309.8248596191406
-313.9227600097656,-311.6066589355469
-313.7637023925781,-313.25030517578125
-313.5845947265625,-315.06280517578125
-313.4139709472656,-316.7422180175781
-313.241455078125,-318.39178466796875
-313.076416015625,-319.9159240722656
-312.89788818359375,-321.5033264160156
-312.7166442871094,-323.0570983886719
-312.499755859375,-324.8412170410156
-312.27783203125,-326.57965087890625
-312.0502014160156,-328.27203369140625
-311.8145751953125,-329.91998291015625
-311.5693664550781,-331.5255126953125
-311.31622314453125,-333.0874328613281
-311.056396484375,-334.6055603027344
-310.7508850097656,-336.2983093261719
-310.43572998046875,-337.93548583984375
-310.0881652832031,-339.59039306640625
-309.733154296875,-341.1244812011719
-309.3524475097656,-342.6091613769531
-308.9275817871094,-344.10662841796875
-308.43365478515625,-345.6707458496094
-307.88262939453125,-347.2324523925781
-307.2922058105469,-348.7303771972656
-306.68548583984375,-350.11370849609375
-306.0171203613281,-351.4891662597656
-305.22552490234375,-352.9424743652344
-304.3819274902344,-354.3192443847656
-303.4770202636719,-355.62237548828125
-302.5080871582031,-356.85150146484375
-301.47637939453125,-357.99822998046875
-300.3908996582031,-359.0681457519531
-299.2565002441406,-360.0533447265625
-297.95947265625,-361.0409851074219
-296.5813903808594,-361.9640197753906
-295.1965637207031,-362.76019287109375
-293.7518310546875,-363.4736022949219
-292.20050048828125,-364.1111755371094
-290.64788818359375,-364.6444396972656
-289.1981506347656,-365.05169677734375
-287.71533203125,-365.3890686035156
-286.1962890625,-365.6673889160156
-284.637939453125,-365.90655517578125
-283.0711975097656,-366.1352233886719
-281.53228759765625,-366.3961486816406
-280.042236328125,-366.7172546386719
-278.4625549316406,-367.1556701660156
-276.8953857421875,-367.7108459472656
-275.4398498535156,-368.3497314453125
-274.057861328125,-369.08245849609375
-272.7198486328125,-369.92962646484375
-271.51239013671875,-370.8363952636719
-270.2642517089844,-371.94342041015625
-269.1485290527344,-373.1134948730469
-268.1783752441406,-374.2981262207031
-267.2405090332031,-375.631591796875
-266.4444274902344,-376.963134765625
-265.7602844238281,-378.3223876953125
-265.1612548828125,-379.74798583984375
-264.62957763671875,-381.2842102050781
-264.1920471191406,-382.83807373046875
-263.8594665527344,-384.3018798828125
-263.5823669433594,-385.8162841796875
-263.35498046875,-387.3818359375
-263.1744079589844,-388.9956359863281
-263.03851318359375,-390.6572570800781
-262.9568786621094,-392.1939697265625
-262.91510009765625,-393.7091979980469
-262.909423828125,-395.32061767578125
-262.9452819824219,-396.9714660644531
-263.0198974609375,-398.59637451171875
-263.1221008300781,-400.1269836425781
-263.2675476074219,-401.8184814453125
-263.4321594238281,-403.409912109375
-263.6154479980469,-404.9614562988281
-263.82257080078125,-406.53851318359375
-264.0638122558594,-408.21087646484375
-264.31964111328125,-409.83837890625
-264.601318359375,-411.48974609375
-264.9243469238281,-413.23785400390625
-265.21563720703125,-414.7137756347656
-265.5257568359375,-416.20709228515625
-265.8536376953125,-417.7181091308594
-266.19879150390625,-419.2467041015625
-266.5601501464844,-420.79302978515625
-266.9367370605469,-422.3573913574219
-267.3276062011719,-423.93963623046875
-267.73272705078125,-425.53948974609375
-268.1517028808594,-427.1570129394531
-268.5843200683594,-428.7922668457031
-269.0300598144531,-430.44537353515625
-269.4884948730469,-432.1159973144531
-269.9588623046875,-433.8040771484375
-270.44073486328125,-435.5100402832031
-270.9336853027344,-437.2339172363281
-271.4366455078125,-438.9757080078125
-271.9485778808594,-440.7359619140625
-272.4679260253906,-442.5145263671875
-272.9929504394531,-444.31121826171875
-273.4167175292969,-445.7620544433594
-273.8702087402344,-447.3167419433594
-274.3266906738281,-448.8846740722656
-274.7583923339844,-450.3725891113281
-275.21820068359375,-451.9650573730469
-275.6768798828125,-453.563232421875
-276.1058044433594,-455.0670471191406
-276.5583801269531,-456.66412353515625
-277.00799560546875,-458.2607727050781
-277.43023681640625,-459.76849365234375
-277.8813171386719,-461.3863220214844
-278.3335266113281,-463.0219421386719
-278.7576904296875,-464.5729675292969
-279.2063293457031,-466.23297119140625
-279.65301513671875,-467.9051818847656
-280.0718688964844,-469.48956298828125
-280.51507568359375,-471.1844787597656
-280.955810546875,-472.8914489746094
-281.3678894042969,-474.5091552734375
-281.8026428222656,-476.23992919921875
-282.2333068847656,-477.9828186035156
-282.6337585449219,-479.6346130371094
-283.052490234375,-481.40203857421875
-283.4625549316406,-483.1824035644531
-283.83905029296875,-484.8701477050781
-284.1601257324219,-486.3567810058594
-284.5171813964844,-488.06707763671875
-284.8211364746094,-489.57330322265625
-285.1590576171875,-491.30548095703125
-285.4458312988281,-492.8304748535156
-285.7630920410156,-494.58441162109375
-286.03094482421875,-496.1286315917969
-286.3270263671875,-497.9045104980469
-286.5779724121094,-499.4674072265625
-286.8558349609375,-501.2630310058594
-287.08929443359375,-502.8431701660156
-287.3438720703125,-504.66015625
-287.5558776855469,-506.2593994140625
-287.7450256347656,-507.7521667480469
-287.92755126953125,-509.2518615722656
-288.1172790527344,-510.8744201660156
-288.28753662109375,-512.3883056640625
-288.4518737792969,-513.9089965820312
-288.6216735839844,-515.5541381835938
-288.7717590332031,-517.0887451171875
-288.9139404296875,-518.6301879882812
-289.0578918457031,-520.2979125976562
-289.18280029296875,-521.8533935546875
-289.29925537109375,-523.4154663085938
-289.41522216796875,-525.1051025390625
-289.5141906738281,-526.6808471679688
-289.60491943359375,-528.2628784179688
-289.69342041015625,-529.9737548828125
-289.7673645019531,-531.5689697265625
-289.8336486816406,-533.1704711914062
-289.8966979980469,-534.9019775390625
-289.9476623535156,-536.51611328125
-289.9914855957031,-538.1364135742188
-290.03076171875,-539.8880004882812
-290.05975341796875,-541.5205078125
-290.0815124511719,-543.1589965820312
-290.09716796875,-544.93017578125
-290.105224609375,-546.5809936523438
-290.1077575683594,-548.23779296875
-290.1050109863281,-550.0284423828125
-290.0978698730469,-551.6973266601562
-290.08660888671875,-553.3718872070312
-290.0701904296875,-555.1817016601562
-290.0511169433594,-556.8681640625
-290.02850341796875,-558.560302734375
-290.0001525878906,-560.388671875
-289.97021484375,-562.092041015625
-289.93670654296875,-563.8001098632812
-289.896728515625,-565.63916015625
-289.8559875488281,-567.3457641601562
-289.8117980957031,-569.0513305664062
-289.7603759765625,-570.8868408203125
-289.7088317871094,-572.5911865234375
-289.6533203125,-574.3042602539062
-289.58807373046875,-576.1570434570312
-289.5226745605469,-577.8831176757812
-289.4527282714844,-579.6137084960938
-289.37237548828125,-581.4822998046875
-289.29327392578125,-583.2219848632812
-289.2099304199219,-584.9662475585938
-289.1155090332031,-586.8496704101562
-289.02362060546875,-588.603271484375
-288.9277038574219,-590.361328125
-288.820068359375,-592.2596435546875
-288.7161865234375,-594.0269775390625
-288.60845947265625,-595.7987060546875
-288.48779296875,-597.7113037109375
-288.37127685546875,-599.4917602539062
-288.25079345703125,-601.2769775390625
-288.1177062988281,-603.2047729492188
-287.9916687011719,-604.999267578125
-287.8633728027344,-606.798095703125
-287.72271728515625,-608.7402954101562
-287.5899353027344,-610.548583984375
-287.455322265625,-612.3614501953125
-287.30859375,-614.3189086914062
-287.1710205078125,-616.1414184570312
-287.0322265625,-617.9683227539062
-286.8812255859375,-619.9407958984375
-286.7391662597656,-621.7770385742188
-286.59490966796875,-623.6177978515625
-286.4369201660156,-625.6051025390625
-286.2877197265625,-627.4551391601562
-286.1361389160156,-629.3096313476562
-285.9702453613281,-631.3118286132812
-285.8137512207031,-633.1755981445312
-285.65478515625,-635.0438232421875
-285.48052978515625,-637.060546875
-285.3155517578125,-638.9376831054688
-285.1473693847656,-640.8192138671875
-284.962646484375,-642.8502197265625
-284.787841796875,-644.7406616210938
-284.6099548339844,-646.6354370117188
-284.41485595703125,-648.6806640625
-284.2303161621094,-650.5842895507812
-284.0423889160156,-652.4921264648438
-283.8362121582031,-654.5514526367188
-283.6412658691406,-656.4682006835938
-283.44287109375,-658.38916015625
-283.22503662109375,-660.4622802734375
-283.0183410644531,-662.3912963867188
-282.8066101074219,-664.324462890625
-282.5723571777344,-666.4105834960938
-282.400634765625,-667.9033203125
-282.22515869140625,-669.3983764648438
-282.0457763671875,-670.8955078125
-281.8623352050781,-672.3947143554688
-281.6746520996094,-673.89599609375
-281.4826354980469,-675.3993530273438
-281.2862548828125,-676.9046630859375
-281.0853576660156,-678.4120483398438
-280.8799133300781,-679.9214477539062
-280.6701354980469,-681.4329223632812
-280.4562072753906,-682.9464111328125
-280.23822021484375,-684.4619140625
-280.0157470703125,-685.9791870117188
-279.788330078125,-687.4981689453125
-279.55523681640625,-689.0188598632812
-279.3160705566406,-690.5410766601562
-279.0704650878906,-692.0648193359375
-278.8181457519531,-693.5899047851562
-278.5589294433594,-695.1163330078125
-278.2925109863281,-696.6439208984375
-278.0185241699219,-698.1724853515625
-277.73681640625,-699.7021484375
-277.44757080078125,-701.2328491210938
-277.15087890625,-702.7645874023438
-276.8466796875,-704.297119140625
-276.5347900390625,-705.83056640625
-276.21533203125,-707.3648681640625
-275.888427734375,-708.89990234375
-275.55401611328125,-710.4356689453125
-275.21173095703125,-711.971923828125
-274.8616638183594,-713.5089111328125
-274.50408935546875,-715.0465698242188
-274.1391296386719,-716.5845947265625
-273.7665710449219,-718.1231079101562
-273.38604736328125,-719.661865234375
-272.99725341796875,-721.2008056640625
-272.6000061035156,-722.7398071289062
-272.19415283203125,-724.278564453125
-271.77911376953125,-725.8167724609375
-271.3542175292969,-727.3544311523438
-270.919189453125,-728.8914184570312
-270.4745178222656,-730.4277954101562
-270.02105712890625,-731.9635620117188
-269.5593566894531,-733.4986572265625
-269.0889587402344,-735.033203125
-268.60919189453125,-736.5670166015625
-268.1194763183594,-738.0999145507812
-267.62005615234375,-739.6319580078125
-267.11138916015625,-741.1630859375
-266.593994140625,-742.6931762695312
-266.0674743652344,-744.2219848632812
-265.5308837890625,-745.74951171875
-264.9836730957031,-747.2757568359375
-264.4264221191406,-748.8006591796875
-263.8597717285156,-750.3242797851562
-263.28387451171875,-751.8463134765625
-262.6983947753906,-753.3668212890625
-262.1031188964844,-754.8858642578125
-261.49853515625,-756.403564453125
-260.88525390625,-757.9199829101562
-260.2637634277344,-759.435302734375
-259.6344909667969,-760.9498291015625
-258.9977111816406,-762.46337890625
-258.3523864746094,-763.9749145507812
-257.6973876953125,-765.4844360351562
-257.0322265625,-766.9917602539062
-256.3570861816406,-768.4966430664062
-255.67185974121094,-769.9990844726562
-254.97679138183594,-771.499267578125
-254.27247619628906,-772.9974365234375
-253.55926513671875,-774.4935913085938
-252.83729553222656,-775.9876708984375
-252.1064910888672,-777.4795532226562
-251.36685180664062,-778.9691772460938
-250.6184844970703,-780.45654296875
-249.8613739013672,-781.9415893554688
-249.09552001953125,-783.4241333007812
-248.32057189941406,-784.9041748046875
-247.536865234375,-786.381591796875
-246.74468994140625,-787.856689453125
-245.94493103027344,-789.32958984375
-245.13742065429688,-790.7998657226562
-244.32077026367188,-792.2669677734375
-243.49403381347656,-793.73046875
-242.6571044921875,-795.1901245117188
-241.81004333496094,-796.645751953125
-240.953125,-798.0975341796875
-240.08692932128906,-799.5457763671875
-239.21218872070312,-800.9899291992188
-238.32997131347656,-802.4283447265625
-237.44064331054688,-803.8610229492188
-236.54432678222656,-805.287841796875
-235.6409454345703,-806.7085571289062
-234.73025512695312,-808.123046875
-233.81185913085938,-809.531005859375
-232.8838348388672,-810.935791015625
-231.94581604003906,-812.3374633789062
-230.99803161621094,-813.7353515625
-230.04061889648438,-815.1289672851562
-229.07382202148438,-816.5178833007812
-228.0978240966797,-817.90185546875
-227.11288452148438,-819.2809448242188
-226.11917114257812,-820.6552734375
-225.11680603027344,-822.0248413085938
-224.10585021972656,-823.3895263671875
-223.0861053466797,-824.749267578125
-222.05755615234375,-826.1038818359375
-221.01991271972656,-827.4529418945312
-219.97265625,-828.7958374023438
-218.91552734375,-830.1329345703125
-217.84945678710938,-831.4646606445312
-216.77488708496094,-832.7908935546875
-215.69143676757812,-834.1116943359375
-214.59913635253906,-835.4267578125
-213.49806213378906,-836.736083984375
-212.38832092285156,-838.039794921875
-211.27040100097656,-839.3384399414062
-210.14508056640625,-840.632568359375
-209.01287841796875,-841.9223022460938
-207.87330627441406,-843.2072143554688
-206.7252655029297,-844.4862670898438
-205.56851196289062,-845.7592163085938
-204.40371704101562,-847.0266723632812
-203.2318572998047,-848.289306640625
-202.0537109375,-849.5474853515625
-200.86892700195312,-850.8012084960938
-199.67613220214844,-852.0496215820312
-198.47488403320312,-853.2918701171875
-197.26531982421875,-854.5275268554688
-196.0476531982422,-855.7567749023438
-194.82205200195312,-856.9797973632812
-193.58868408203125,-858.1965942382812
-192.34690856933594,-859.4067993164062
-191.09681701660156,-860.6104736328125
-189.8388671875,-861.8076171875
-188.5732421875,-862.998291015625
-187.29981994628906,-864.182373046875
-186.01852416992188,-865.3598022460938
-184.72927856445312,-866.5301513671875
-183.43209838867188,-867.6935424804688
-182.12728881835938,-868.8504028320312
-180.81561279296875,-870.0012817382812
-179.497314453125,-871.1463623046875
-178.17189025878906,-872.2850952148438
-176.83868408203125,-873.4165649414062
-175.4975128173828,-874.5405883789062
-174.14869689941406,-875.6572265625
-172.79249572753906,-876.7667236328125
-171.42913818359375,-877.8693237304688
-170.05859375,-878.9650268554688
-168.6808319091797,-880.0538940429688
-167.29598999023438,-881.135986328125
-165.9043731689453,-882.21142578125
-164.50595092773438,-883.2799072265625
-163.1004638671875,-884.3409423828125
-161.68789672851562,-885.394775390625
-160.26876831054688,-886.442138671875
-158.84344482421875,-887.4829711914062
-157.41146850585938,-888.5169067382812
-155.97264099121094,-889.5438842773438
-154.527587890625,-890.564453125
-153.0764923095703,-891.5784912109375
-151.619140625,-892.5858154296875
-150.1553955078125,-893.5858764648438
-148.68508911132812,-894.5785522460938
-147.20823669433594,-895.5636596679688
-145.72483825683594,-896.5411987304688
-144.2350311279297,-897.5113525390625
-142.73899841308594,-898.474365234375
-141.2369384765625,-899.4305419921875
-139.72918701171875,-900.3800659179688
-138.2156524658203,-901.3224487304688
-136.69586181640625,-902.2573852539062
-135.17001342773438,-903.1846923828125
-133.63812255859375,-904.1043701171875
-132.10008239746094,-905.0161743164062
-130.55601501464844,-905.9204711914062
-129.0063018798828,-906.81787109375
-127.45118713378906,-907.7086791992188
-125.89082336425781,-908.5930786132812
-124.32502746582031,-909.4702758789062
-122.75349426269531,-910.3397827148438
-121.17621612548828,-911.20166015625
-119.59355163574219,-912.0564575195312
-118.00564575195312,-912.9044799804688
-116.41242218017578,-913.7454223632812
-114.81382751464844,-914.5790405273438
-113.2099838256836,-915.4056396484375
-111.60113525390625,-916.2254638671875
-109.9873046875,-917.0382690429688
-108.36836242675781,-917.8438720703125
-106.74433135986328,-918.6423950195312
-105.11537170410156,-919.433837890625
-103.48143005371094,-920.2180786132812
-101.84255981445312,-920.9951171875
-100.19883728027344,-921.7650756835938
-98.5503921508789,-922.5279541015625
-96.89717102050781,-923.2828369140625
-95.2387924194336,-924.030029296875
-93.57584381103516,-924.7711181640625
-91.90904235839844,-925.5067749023438
-90.23845672607422,-926.2371215820312
-88.5638427734375,-926.96142578125
-86.88448333740234,-927.6785888671875
-85.20048522949219,-928.3881225585938
-83.51197052001953,-929.0902099609375
-81.81887817382812,-929.7843627929688
-80.12115478515625,-930.4705810546875
-78.41873931884766,-931.1490478515625
-76.71207427978516,-931.8206787109375
-75.00154113769531,-932.4856567382812
-73.28662872314453,-933.1432495117188
-71.5673828125,-933.7932739257812
-69.84392547607422,-934.4361572265625
-68.1166000366211,-935.072509765625
-66.3854751586914,-935.7021484375
-64.6502685546875,-936.3245849609375
-62.91111373901367,-936.9398803710938
-61.16802215576172,-937.5480346679688
-59.42103958129883,-938.14892578125
-57.66996765136719,-938.7420654296875
-55.91496276855469,-939.3272094726562
-54.15593719482422,-939.9044799804688
-52.39299011230469,-940.4744262695312
-50.62649917602539,-941.03759765625
-48.85628128051758,-941.5941162109375
-47.08259201049805,-942.1436157226562
-45.30528259277344,-942.685546875
-43.52427291870117,-943.2197265625
-41.7396125793457,-943.7464599609375
-39.95146179199219,-944.2656860351562
-38.159759521484375,-944.7774658203125
-36.364540100097656,-945.2825927734375
-34.56617736816406,-945.7816772460938
-32.76460266113281,-946.2752075195312
-30.960140228271484,-946.76318359375
-29.152790069580078,-947.2448120117188
-27.34208869934082,-947.71923828125
-25.528135299682617,-948.1865234375
-23.71101188659668,-948.6465454101562
-21.89065170288086,-949.0992431640625
-20.06711196899414,-949.5447998046875
-18.240550994873047,-949.98291015625
-16.410734176635742,-950.4137573242188
-14.577932357788086,-950.8377075195312
-12.742273330688477,-951.254150390625
-10.903545379638672,-951.6627197265625
-9.061718940734863,-952.0639038085938
-7.217068672180176,-952.458251953125
-5.369662284851074,-952.8453369140625
-3.519242763519287,-953.2252197265625
-1.6660966873168945,-953.5980224609375
0.18984493613243103,-953.9641723632812
2.0484683513641357,-954.3238525390625
3.9096455574035645,-954.677001953125
5.773464202880859,-955.0231323242188
7.640017509460449,-955.3626098632812
9.50912094116211,-955.6958618164062
11.380731582641602,-956.02294921875
13.254846572875977,-956.3438720703125
15.131237030029297,-956.6580200195312
17.01007652282715,-956.9655151367188
18.89146614074707,-957.2667846679688
20.775327682495117,-957.5625610351562
22.661502838134766,-957.8532104492188
24.549829483032227,-958.1386108398438
26.4403133392334,-958.4185791015625
28.332958221435547,-958.693115234375
30.227754592895508,-958.96240234375
32.124759674072266,-959.2265625
34.023963928222656,-959.4859619140625
35.92521286010742,-959.7405395507812
37.82851791381836,-959.9904174804688
39.73388671875,-960.2356567382812
41.64126205444336,-960.4765014648438
43.55071258544922,-960.7131958007812
45.4621467590332,-960.9459228515625
47.375484466552734,-961.174560546875
49.29079055786133,-961.3992309570312
51.207977294921875,-961.619873046875
53.12704849243164,-961.83642578125
55.04808807373047,-962.0491333007812
56.971038818359375,-962.2581176757812
58.8958854675293,-962.4636840820312
60.822608947753906,-962.6659545898438
62.751102447509766,-962.8650512695312
64.68138122558594,-963.0610961914062
66.6134033203125,-963.254150390625
68.54721069335938,-963.4444580078125
70.48271179199219,-963.63232421875
72.41985321044922,-963.81787109375
74.358642578125,-964.0015258789062
76.29912567138672,-964.1834716796875
78.24127960205078,-964.3641967773438
80.18516540527344,-964.5440673828125
82.13072967529297,-964.7233276367188
84.0778579711914,-964.902099609375
86.02644348144531,-965.0806274414062
87.97639465332031,-965.2589111328125
89.9277572631836,-965.4371337890625
91.88077545166016,-965.615234375
93.83548736572266,-965.7930908203125
95.79178619384766,-965.970703125
97.74951934814453,-966.1478271484375
99.70870208740234,-966.3244018554688
101.66929626464844,-966.5004272460938
103.63127899169922,-966.67578125
105.59485626220703,-966.8505249023438
107.56021881103516,-967.0245971679688
109.52735900878906,-967.1983032226562
111.49613952636719,-967.3715209960938
113.46611785888672,-967.5441284179688
115.43760681152344,-967.716064453125
117.41058349609375,-967.88720703125
119.38516998291016,-968.0576782226562
121.36146545410156,-968.2275390625
123.33930206298828,-968.3968505859375
125.31855773925781,-968.5654907226562
127.2993392944336,-968.7335205078125
129.28163146972656,-968.9009399414062
131.265380859375,-969.0679321289062
133.25054931640625,-969.2344360351562
135.2371826171875,-969.4004516601562
137.22543334960938,-969.5660400390625
139.21536254882812,-969.7313232421875
141.20687866210938,-969.896240234375
143.19992065429688,-970.0608520507812
145.19436645507812,-970.2251586914062
147.19021606445312,-970.3890380859375
149.1875457763672,-970.552490234375
151.18653869628906,-970.715576171875
153.18707275390625,-970.8782958984375
155.1890106201172,-971.04052734375
157.19244384765625,-971.2023315429688
159.19732666015625,-971.3636474609375
161.20375061035156,-971.5244140625
163.21157836914062,-971.6847534179688
165.22071838378906,-971.8444213867188
167.2312469482422,-972.0032958984375
169.24331665039062,-972.161376953125
171.257080078125,-972.318603515625
173.27264404296875,-972.4752197265625
175.28961181640625,-972.631103515625
177.3079071044922,-972.7861938476562
179.32754516601562,-972.9402465820312
181.3486785888672,-973.09326171875
183.3714599609375,-973.2451782226562
185.39561462402344,-973.3961181640625
187.42111206054688,-973.5459594726562
189.4482421875,-973.6947631835938
191.4771270751953,-973.8427124023438
193.507568359375,-973.9898071289062
195.539306640625,-974.135986328125
197.57235717773438,-974.2810668945312
199.60693359375,-974.4249267578125
201.6431121826172,-974.5675048828125
203.68069458007812,-974.708740234375
205.71954345703125,-974.8482666015625
207.75985717773438,-974.9862060546875
209.80186462402344,-975.122802734375
211.84547424316406,-975.25830078125
213.89041137695312,-975.3926391601562
215.93678283691406,-975.5258178710938
217.98477172851562,-975.6580200195312
220.03427124023438,-975.7893676757812
222.0853729248047,-975.9197998046875
224.13795471191406,-976.0494995117188
226.19154357910156,-976.17822265625
228.2464599609375,-976.3057861328125
230.30284118652344,-976.4323120117188
232.36083984375,-976.5580444335938
234.42042541503906,-976.68310546875
236.48106384277344,-976.8074340820312
238.54100036621094,-976.9310302734375
240.5977783203125,-977.0538940429688
242.6490020751953,-977.1761474609375
244.69285583496094,-977.2976684570312
246.72845458984375,-977.41845703125
248.75428771972656,-977.53857421875
250.7682342529297,-977.657958984375
252.7694854736328,-977.7766723632812
254.7593536376953,-977.894775390625
256.7391662597656,-978.0120849609375
258.70733642578125,-978.1287231445312
260.6617736816406,-978.2449951171875
262.60186767578125,-978.361083984375
264.5291748046875,-978.476806640625
266.444580078125,-978.5921630859375
268.3492736816406,-978.7071533203125
270.2443542480469,-978.8218383789062
272.1307067871094,-978.936279296875
274.00738525390625,-979.05029296875
275.8729248046875,-979.1637573242188
277.7250671386719,-979.2767944335938
279.5633239746094,-979.3895263671875
281.3877258300781,-979.501953125
283.199951171875,-979.6140747070312
285.0010070800781,-979.725830078125
286.79052734375,-979.8372802734375
288.5680236816406,-979.9485473632812
290.3343811035156,-980.0594482421875
292.09014892578125,-980.1698608398438
293.8346252441406,-980.2794189453125
295.5664978027344,-980.387939453125
297.28448486328125,-980.4953002929688
298.9894104003906,-980.6016235351562
300.68212890625,-980.7069091796875
302.3627624511719,-980.8109130859375
304.03045654296875,-980.913330078125
305.6854248046875,-981.01416015625
307.3287048339844,-981.1133422851562
308.9609069824219,-981.2109375
310.58294677734375,-981.3069458007812
312.1943664550781,-981.4013671875
313.7947998046875,-981.4942016601562
315.3843078613281,-981.585693359375
316.962158203125,-981.6760864257812
318.52783203125,-981.765625
320.0801086425781,-981.854248046875
321.61932373046875,-981.9420166015625
323.14569091796875,-982.0291137695312
324.66064453125,-982.1156005859375
326.1649169921875,-982.20166015625
328.10565185546875,-982.312744140625
330.17425537109375,-982.431396484375
332.0713806152344,-982.54052734375
333.9461669921875,-982.6488647460938
335.94378662109375,-982.7645874023438
337.7792663574219,-982.87060546875
339.59490966796875,-982.974853515625
341.52752685546875,-983.0851440429688
343.30078125,-983.1856079101562
345.05291748046875,-983.2840576171875
346.9143981933594,-983.3875122070312
348.62115478515625,-983.4813842773438
350.30914306640625,-983.5737915039062
352.1061706542969,-983.6723022460938
353.75518798828125,-983.7630004882812
355.38555908203125,-983.8529663085938
357.12017822265625,-983.9490966796875
358.71197509765625,-984.037841796875
360.2843933105469,-984.1260986328125
361.95465087890625,-984.2206420898438
363.482666015625,-984.3082885742188
364.98748779296875,-984.3961791992188
366.58367919921875,-984.4910888671875
368.3780212402344,-984.6000366210938
369.92401123046875,-984.6956176757812
371.6630859375,-984.8053588867188
373.1607360839844,-984.9017944335938
374.84429931640625,-985.0122680664062
376.601318359375,-985.1295776367188
378.3238830566406,-985.2467041015625
379.9136657714844,-985.357177734375
381.5718078613281,-985.4752807617188
383.20135498046875,-985.5942993164062
384.7087097167969,-985.70654296875
386.2830810546875,-985.82568359375
387.8303527832031,-985.94482421875
389.616943359375,-986.0853271484375
391.3644104003906,-986.2274169921875
393.07257080078125,-986.3733520507812
394.7434997558594,-986.5250244140625
396.3810119628906,-986.68359375
397.9859924316406,-986.8485717773438
399.5589904785156,-987.0214233398438
401.1023864746094,-987.20263671875
402.6164855957031,-987.394287109375
404.3223876953125,-987.6292114257812
405.9913024902344,-987.8837890625
407.70098876953125,-988.1783447265625
409.31024169921875,-988.494873046875
410.88836669921875,-988.8482055664062
412.4988098144531,-989.2578735351562
414.00567626953125,-989.6922607421875
415.4816589355469,-990.170654296875
416.9917907714844,-990.7215576171875
418.4090270996094,-991.2986450195312
419.7945556640625,-991.923095703125
421.20440673828125,-992.6231079101562
422.6858825683594,-993.437744140625
424.0091857910156,-994.2403564453125
425.3935241699219,-995.16162109375
426.6252136230469,-996.0599975585938
427.9132080078125,-997.0847778320312
429.0595703125,-998.0762939453125
430.26092529296875,-999.1935424804688
431.337646484375,-1000.2577514648438
432.4722595214844,-1001.4405517578125
433.49200439453125,-1002.5587768554688
434.5580139160156,-1003.8251953125
435.4945373535156,-1005.0531616210938
436.4757995605469,-1006.4306640625
437.366943359375,-1007.7452392578125
438.2091369628906,-1009.0470581054688
439.0419006347656,-1010.3867797851562
439.9075927734375,-1011.81982421875
440.7433776855469,-1013.21728515625
441.59991455078125,-1014.6277465820312
442.5292053222656,-1016.1041259765625
443.46343994140625,-1017.5156860351562
444.4446105957031,-1018.915771484375
445.5191650390625,-1020.3521118164062
446.5956726074219,-1021.696044921875
447.7154846191406,-1023.0054931640625
448.9263000488281,-1024.3349609375
450.1267395019531,-1025.570068359375
451.3620910644531,-1026.7672119140625
452.68719482421875,-1027.975830078125
453.9884033203125,-1029.104248046875
455.31396484375,-1030.2052001953125
456.7179870605469,-1031.32958984375
457.90496826171875,-1032.2471923828125
459.11328125,-1033.1427001953125
460.3714904785156,-1034.00732421875
461.6757507324219,-1034.83251953125
463.0103759765625,-1035.6259765625
464.3660583496094,-1036.4022216796875
465.7461853027344,-1037.169189453125
467.1570739746094,-1037.9232177734375
468.5986022949219,-1038.659423828125
470.068359375,-1039.3760986328125
471.5652160644531,-1040.075439453125
473.0898132324219,-1040.7579345703125
474.6417541503906,-1041.4227294921875
476.22088623046875,-1042.070068359375
477.8267822265625,-1042.700439453125
479.4599914550781,-1043.3154296875
481.1226501464844,-1043.9141845703125
482.81402587890625,-1044.4984130859375
484.53240966796875,-1045.069091796875
486.2767333984375,-1045.62890625
488.04486083984375,-1046.17919921875
489.8356628417969,-1046.72021484375
491.28533935546875,-1047.14697265625
492.8409423828125,-1047.59521484375
494.4026794433594,-1048.0360107421875
495.96533203125,-1048.46728515625
497.4365539550781,-1048.8629150390625
499.0007019042969,-1049.2718505859375
500.48736572265625,-1049.65185546875
502.0882873535156,-1050.052490234375
503.7032775878906,-1050.449462890625
505.2340087890625,-1050.819580078125
506.87274169921875,-1051.20947265625
508.5234680175781,-1051.596923828125
510.0880432128906,-1051.9615478515625
511.7616271972656,-1052.3507080078125
513.4456176757812,-1052.743408203125
515.03955078125,-1053.116943359375
516.7423706054688,-1053.51904296875
518.4561767578125,-1053.9276123046875
520.0787963867188,-1054.318359375
521.81298828125,-1054.73876953125
523.5576782226562,-1055.1644287109375
525.208984375,-1055.5692138671875
526.9734497070312,-1056.0048828125
528.7476196289062,-1056.447265625
530.426025390625,-1056.8714599609375
531.9013671875,-1057.2493896484375
533.5946044921875,-1057.6903076171875
535.0821533203125,-1058.0845947265625
536.7887573242188,-1058.5458984375
538.2876586914062,-1058.9595947265625
540.007080078125,-1059.44384765625
541.5167236328125,-1059.8778076171875
543.2481079101562,-1060.3853759765625
544.7686157226562,-1060.83935546875
546.5128784179688,-1061.368408203125
548.0425415039062,-1061.840087890625
549.7980346679688,-1062.3909912109375
551.3397827148438,-1062.8826904296875
552.776123046875,-1063.346435546875
554.2173461914062,-1063.81640625
555.7749633789062,-1064.3287353515625
557.2265014648438,-1064.8096923828125
558.6831665039062,-1065.2950439453125
560.2579956054688,-1065.8221435546875
561.7261352539062,-1066.3150634765625
563.2000732421875,-1066.8106689453125
564.7942504882812,-1067.3470458984375
566.28076171875,-1067.84765625
567.7727661132812,-1068.3507080078125
569.3856811523438,-1068.895263671875
570.8895263671875,-1069.4034423828125
572.3994750976562,-1069.913818359375
574.0321655273438,-1070.4661865234375
575.5538940429688,-1070.98193359375
577.0809326171875,-1071.50048828125
578.7315673828125,-1072.06201171875
580.270263671875,-1072.5859375
581.81494140625,-1073.1121826171875
583.4848022460938,-1073.6817626953125
585.0409545898438,-1074.213134765625
586.602294921875,-1074.7467041015625
588.2901000976562,-1075.3238525390625
589.8633422851562,-1075.8619384765625
591.4422607421875,-1076.401611328125
593.149169921875,-1076.984619140625
594.7402954101562,-1077.5277099609375
596.3370971679688,-1078.0726318359375
598.0623168945312,-1078.6617431640625
599.6699829101562,-1079.2110595703125
601.2831420898438,-1079.761962890625
603.0244750976562,-1080.356689453125
604.6408081054688,-1080.908447265625
606.2562866210938,-1081.45947265625
607.9954833984375,-1082.0516357421875
609.6099853515625,-1082.600341796875
611.2267456054688,-1083.149169921875
612.97802734375,-1083.7435302734375
614.6107788085938,-1084.2978515625
616.2483520507812,-1084.853759765625
618.0171508789062,-1085.454345703125
619.6644897460938,-1086.0142822265625
621.31591796875,-1086.5767822265625
623.098876953125,-1087.1856689453125
624.7587280273438,-1087.7542724609375
626.6788330078125,-1088.4141845703125
628.3475341796875,-1088.989013671875
630.0205688476562,-1089.56591796875
631.8271484375,-1090.1893310546875
633.5094604492188,-1090.7698974609375
635.1963500976562,-1091.351806640625
637.0184326171875,-1091.979736328125
638.7154541015625,-1092.56396484375
640.4168701171875,-1093.1494140625
642.254150390625,-1093.78125
643.965087890625,-1094.368896484375
645.6808471679688,-1094.957275390625
647.5339965820312,-1095.591796875
649.2598876953125,-1096.181884765625
650.9905395507812,-1096.77294921875
652.8595581054688,-1097.4107666015625
654.5997314453125,-1098.0042724609375
656.3446655273438,-1098.598876953125
658.228759765625,-1099.240478515625
659.9832153320312,-1099.8375244140625
661.7421875,-1100.4354248046875
663.6417236328125,-1101.080078125
665.4108276367188,-1101.6790771484375
667.1845092773438,-1102.2784423828125
669.10009765625,-1102.9244384765625
670.8841552734375,-1103.525390625
672.6724243164062,-1104.1273193359375
674.6031494140625,-1104.77734375
676.4005126953125,-1105.382080078125
678.2023315429688,-1105.9879150390625
680.1471557617188,-1106.640869140625
681.9540405273438,-1107.246337890625
683.7577514648438,-1107.8497314453125
685.69189453125,-1108.4954833984375
687.4757690429688,-1109.0899658203125
689.244140625,-1109.6781005859375
691.1287231445312,-1110.3033447265625
692.8602294921875,-1110.8763427734375
694.5733642578125,-1111.4422607421875
696.3971557617188,-1112.0430908203125
698.0711059570312,-1112.5933837890625
699.72705078125,-1113.13623046875
701.49072265625,-1113.7127685546875
703.11083984375,-1114.240478515625
704.7140502929688,-1114.7607421875
706.42138671875,-1115.311279296875
707.9884033203125,-1115.8125
709.5393676757812,-1116.3040771484375
711.193359375,-1116.8231201171875
712.71337890625,-1117.2957763671875
714.2181396484375,-1117.759033203125
715.822509765625,-1118.2462158203125
717.2982177734375,-1118.6875
718.760986328125,-1119.1171875
720.3216552734375,-1119.56640625
722.0875854492188,-1120.0618896484375
723.6172485351562,-1120.479248046875
725.3487548828125,-1120.93701171875
726.8501586914062,-1121.3203125
728.5510864257812,-1121.73876953125
730.0261840820312,-1122.0880126953125
731.6973876953125,-1122.466796875
733.4589233398438,-1122.84423828125
735.2097778320312,-1123.1934814453125
736.8505859375,-1123.494384765625
738.5899047851562,-1123.7830810546875
740.3280029296875,-1124.039306640625
741.9631958007812,-1124.2510986328125
743.6995239257812,-1124.4443359375
745.4341430664062,-1124.6048583984375
747.064697265625,-1124.7264404296875
748.7947998046875,-1124.824951171875
750.5222778320312,-1124.890625
752.1458740234375,-1124.9207763671875
753.8684692382812,-1124.9185791015625
755.5880737304688,-1124.88134765625
757.2034912109375,-1124.816650390625
758.9168701171875,-1124.7178955078125
760.6265869140625,-1124.5877685546875
762.23095703125,-1124.4349365234375
763.9284057617188,-1124.239990234375
765.6163330078125,-1124.0113525390625
767.1951904296875,-1123.764892578125
768.862060546875,-1123.47021484375
770.5178833007812,-1123.1431884765625
772.0665893554688,-1122.80859375
773.701416015625,-1122.42578125
775.32421875,-1122.014892578125
776.83935546875,-1121.601318359375
778.4354248046875,-1121.1324462890625
780.0166015625,-1120.6334228515625
781.4904174804688,-1120.1363525390625
783.0408325195312,-1119.5802001953125
784.5751342773438,-1118.9952392578125
786.0050048828125,-1118.4183349609375
787.5087890625,-1117.7755126953125
788.9960327148438,-1117.10205078125
790.3804321289062,-1116.4403076171875
791.8346557617188,-1115.70849609375
793.27099609375,-1114.9481201171875
794.605712890625,-1114.205810546875
796.0044555664062,-1113.3885498046875
797.3837890625,-1112.542724609375
798.6661376953125,-1111.720703125
800.01513671875,-1110.8192138671875
801.3523559570312,-1109.88818359375
802.6019897460938,-1108.9844970703125
803.91943359375,-1107.995849609375
805.2281494140625,-1106.9791259765625
806.4511108398438,-1105.9991455078125
807.7386474609375,-1104.93212890625
809.011962890625,-1103.8359375
810.1962890625,-1102.780517578125
811.440673828125,-1101.63525390625
812.67041015625,-1100.46630859375
813.8126831054688,-1099.343505859375
815.0084838867188,-1098.1265869140625
816.1840209960938,-1096.8848876953125
817.27001953125,-1095.69384765625
818.4012451171875,-1094.406494140625
819.5098266601562,-1093.097900390625
820.5325927734375,-1091.8480224609375
821.5963134765625,-1090.5001220703125
822.6361083984375,-1089.131103515625
823.593505859375,-1087.822998046875
824.5875244140625,-1086.412841796875
825.5578002929688,-1084.9808349609375
826.4489135742188,-1083.612060546875
827.3728637695312,-1082.1357421875
828.274658203125,-1080.6365966796875
829.103515625,-1079.2056884765625
829.9620361328125,-1077.66455078125
830.7978515625,-1076.1011962890625
831.5634155273438,-1074.6114501953125
832.3533325195312,-1073.0106201171875
833.1177368164062,-1071.391845703125
833.8128662109375,-1069.8531494140625
834.5249633789062,-1068.203125
835.2096557617188,-1066.5355224609375
835.8291625976562,-1064.9501953125
836.4620971679688,-1063.2481689453125
837.0697631835938,-1061.5281982421875
837.61865234375,-1059.8935546875
838.0810546875,-1058.4505615234375
838.5892333984375,-1056.787841796875
839.015869140625,-1055.3214111328125
839.4835815429688,-1053.6314697265625
839.8764038085938,-1052.1414794921875
840.3067626953125,-1050.4271240234375
840.6665649414062,-1048.9163818359375
841.0588989257812,-1047.177001953125
841.3856811523438,-1045.6444091796875
841.7418823242188,-1043.880615234375
842.0401611328125,-1042.3271484375
842.366455078125,-1040.5416259765625
842.6394653320312,-1038.9697265625
842.9378051757812,-1037.1611328125
843.185302734375,-1035.569091796875
843.4043579101562,-1034.08251953125
843.6136474609375,-1032.587890625
843.828857421875,-1030.9696044921875
844.0206298828125,-1029.4595947265625
844.2057495117188,-1027.9425048828125
844.398193359375,-1026.301025390625
844.570556640625,-1024.770263671875
844.7374267578125,-1023.2325439453125
844.9109497070312,-1021.5687255859375
845.0668334960938,-1020.017333984375
845.2182006835938,-1018.4595336914062
845.3754272460938,-1016.7747192382812
845.5150756835938,-1015.2037353515625
845.6482543945312,-1013.6260986328125
845.7847290039062,-1011.9200439453125
845.9049682617188,-1010.3297119140625
846.0189208984375,-1008.7323608398438
846.13525390625,-1007.005126953125
846.23779296875,-1005.3947143554688
846.3356323242188,-1003.7778930664062
846.4365234375,-1002.0296630859375
846.5264892578125,-1000.3997802734375
846.6136474609375,-998.7635498046875
846.7048950195312,-996.9945678710938
846.7880859375,-995.345458984375
846.8699951171875,-993.6904296875
846.9573974609375,-991.9014282226562
847.0384521484375,-990.233642578125
847.1194458007812,-988.5602416992188
847.2069091796875,-986.7514038085938
847.2888793945312,-985.06591796875
847.3717041015625,-983.3795166015625
847.46240234375,-981.5645141601562
847.548583984375,-979.8800048828125
847.636962890625,-978.1966552734375
847.73486328125,-976.384765625
847.828857421875,-974.6940307617188
847.9261474609375,-972.9959716796875
848.0349731445312,-971.1610717773438
848.1403198242188,-969.45263671875
848.249755859375,-967.7395629882812
848.3720092773438,-965.8895874023438
848.4893798828125,-964.1668701171875
848.6105346679688,-962.4397583007812
848.7456665039062,-960.5748901367188
848.885986328125,-958.705078125
849.0211181640625,-956.9642944335938
849.1605224609375,-955.2190551757812
849.3037719726562,-953.4691772460938
849.4503173828125,-951.71484375
849.6114501953125,-949.8204956054688
849.7638549804688,-948.0567626953125
849.9186401367188,-946.2882690429688
850.0878295898438,-944.3785400390625
850.2476196289062,-942.6008911132812
850.4102783203125,-940.819091796875
850.5883178710938,-938.8950805664062
850.7559814453125,-937.1035766601562
850.926025390625,-935.3074340820312
851.1119995117188,-933.3681640625
851.2872314453125,-931.562744140625
851.4646606445312,-929.7528076171875
851.6580810546875,-927.798583984375
851.8394775390625,-925.9791870117188
852.0224609375,-924.1553955078125
852.220703125,-922.18603515625
852.4059448242188,-920.3524169921875
852.5922241210938,-918.5143432617188
852.7940673828125,-916.5296630859375
852.982421875,-914.6820678710938
853.1715087890625,-912.8297729492188
853.3756713867188,-910.8300170898438
853.5654907226562,-908.96826171875
853.75537109375,-907.1016235351562
853.9600219726562,-905.0862426757812
854.1502685546875,-903.2099609375
854.3407592773438,-901.3290405273438
854.5458984375,-899.2989501953125
854.7359619140625,-897.4141845703125
854.9246826171875,-895.5372314453125
855.1259155273438,-893.531494140625
855.3106079101562,-891.68701171875
855.4924926757812,-889.8632202148438
855.6846923828125,-887.924072265625
855.860107421875,-886.1458740234375
856.0330200195312,-884.3884887695312
856.216796875,-882.5176391601562
856.3855590820312,-880.7999877929688
856.552490234375,-879.100341796875
856.7303466796875,-877.2905883789062
856.893798828125,-875.6295776367188
857.0556030273438,-873.9876708984375
857.2275390625,-872.2405395507812
857.3843994140625,-870.6378173828125
857.5372314453125,-869.055908203125
857.6971435546875,-867.3751220703125
857.8411865234375,-865.834228515625
857.9803466796875,-864.312255859375
858.1242065429688,-862.6966552734375
858.2791137695312,-860.883056640625
858.4066162109375,-859.3218383789062
858.5451049804688,-857.5618896484375
858.6614990234375,-856.0405883789062
858.7879638671875,-854.3252563476562
858.9105224609375,-852.5326538085938
859.01806640625,-850.770263671875
859.1038818359375,-849.1355590820312
859.178466796875,-847.4223022460938
859.2347412109375,-845.7330322265625
859.2681884765625,-844.1622314453125
859.2800903320312,-842.5091552734375
859.2659912109375,-840.8680419921875
859.2286987304688,-839.3310546875
859.1629028320312,-837.7042236328125
859.068603515625,-836.083984375
858.9527587890625,-834.5656127929688
858.8009643554688,-832.959716796875
858.6193237304688,-831.3621826171875
858.4214477539062,-829.8668823242188
858.1817016601562,-828.287841796875
857.9111328125,-826.7196044921875
857.5534057617188,-824.889404296875
857.1536254882812,-823.0761108398438
856.7120971679688,-821.2809448242188
856.2284545898438,-819.5052490234375
855.7824096679688,-818.0115966796875
855.301513671875,-816.53076171875
854.6904296875,-814.8025512695312
854.03173828125,-813.0887451171875
853.3287963867188,-811.3932495117188
852.5826416015625,-809.723876953125
851.791748046875,-808.0857543945312
850.9600830078125,-806.4766235351562
850.0870361328125,-804.8971557617188
849.1697998046875,-803.3388061523438
848.2105712890625,-801.7947998046875
847.2117309570312,-800.2610473632812
846.1749877929688,-798.7372436523438
845.0983276367188,-797.2276611328125
843.9735717773438,-795.7349853515625
843.0405883789062,-794.5550537109375
842.0208740234375,-793.3139038085938
840.9720458984375,-792.0839233398438
839.9591064453125,-790.9365844726562
838.8563842773438,-789.7288208007812
837.72802734375,-788.5326538085938
836.6427612304688,-787.4169311523438
835.465576171875,-786.2418823242188
834.2644653320312,-785.0777587890625
833.039794921875,-783.92431640625
831.7915649414062,-782.782470703125
830.519775390625,-781.6527099609375
829.223876953125,-780.5346069335938
827.8265991210938,-779.3630981445312
826.4843139648438,-778.26806640625
825.0401000976562,-777.1195068359375
823.6549682617188,-776.0452880859375
822.2491455078125,-774.980224609375
820.82275390625,-773.924560546875
819.3761596679688,-772.8787231445312
817.90869140625,-771.8426513671875
816.4207153320312,-770.8157348632812
814.913330078125,-769.7977294921875
813.6583251953125,-768.9656372070312
812.391357421875,-768.1385498046875
811.1126708984375,-767.3157348632812
809.544677734375,-766.3220825195312
808.2415161132812,-765.5078735351562
806.6454467773438,-764.5234985351562
805.3194580078125,-763.7167358398438
803.9826049804688,-762.914306640625
802.344482421875,-761.9462280273438
800.6907348632812,-760.9838256835938
799.0217895507812,-760.02685546875
797.6355590820312,-759.2421264648438
796.23974609375,-758.4613647460938
794.7322387695312,-757.6303100585938
793.314697265625,-756.858154296875
791.7848510742188,-756.0345458984375
790.4501953125,-755.323486328125
789.003173828125,-754.559814453125
787.547119140625,-753.7982788085938
786.0819702148438,-753.0381469726562
784.50244140625,-752.2247924804688
783.01953125,-751.466064453125
781.42138671875,-750.6528930664062
779.9214477539062,-749.8933715820312
778.4136352539062,-749.1331176757812
776.8984985351562,-748.3719482421875
775.3758544921875,-747.6091918945312
773.8460693359375,-746.8441162109375
772.309326171875,-746.076904296875
770.765625,-745.307373046875
769.2152709960938,-744.5350952148438
767.7700805664062,-743.8153076171875
766.2076416015625,-743.0364379882812
764.6392822265625,-742.253662109375
763.0650024414062,-741.4666137695312
761.4851684570312,-740.67529296875
760.0133056640625,-739.9365234375
758.4227905273438,-739.136474609375
756.8268432617188,-738.331787109375
755.2254028320312,-737.5224609375
753.6187133789062,-736.7085571289062
752.1220092773438,-735.9485473632812
750.5050048828125,-735.1254272460938
748.9986572265625,-734.3569946289062
747.3717041015625,-733.525146484375
745.8566284179688,-732.7488403320312
744.2208251953125,-731.908935546875
742.702392578125,-731.1279296875
741.068359375,-730.2863159179688
739.4357299804688,-729.4443969726562
737.6879272460938,-728.5418701171875
736.0554809570312,-727.6978759765625
734.53173828125,-726.9092407226562
732.8837280273438,-726.0556640625
731.2305908203125,-725.1989135742188
729.5729370117188,-724.339111328125
727.9105834960938,-723.47607421875
726.2435302734375,-722.6095581054688
724.572265625,-721.739501953125
723.0165405273438,-720.9282836914062
721.3370971679688,-720.051025390625
719.6532592773438,-719.170166015625
718.0858154296875,-718.3487548828125
716.7568359375,-717.6510009765625
715.0620727539062,-716.7590942382812
713.4849243164062,-715.9269409179688
712.1477661132812,-715.2197875976562
710.4423217773438,-714.3157958984375
708.7333374023438,-713.4073486328125
707.387939453125,-712.6903686523438
705.7947998046875,-711.8394775390625
704.444091796875,-711.1165161132812
702.8449096679688,-710.2586059570312
701.1189575195312,-709.3303833007812
699.3894653320312,-708.3977661132812
697.6561889648438,-707.460693359375
696.043212890625,-706.5867309570312
694.6757202148438,-705.844482421875
693.0562744140625,-704.9639892578125
691.3080444335938,-704.0121459960938
689.6815795898438,-703.125244140625
687.92578125,-702.1663208007812
686.2916259765625,-701.2723388671875
684.654541015625,-700.3749389648438
682.8877563476562,-699.4043579101562
681.2435913085938,-698.499267578125
679.4692993164062,-697.5205078125
677.6907348632812,-696.53759765625
675.90869140625,-695.5509033203125
674.505859375,-694.7728271484375
672.7166748046875,-693.77880859375
671.0520629882812,-692.8524780273438
669.384033203125,-691.9227294921875
667.58349609375,-690.9177856445312
665.7792358398438,-689.909423828125
663.9705810546875,-688.8974609375
662.1578979492188,-687.8822021484375
660.4710693359375,-686.9365234375
659.0405883789062,-686.1339721679688
657.3471069335938,-685.1830444335938
655.5193481445312,-684.1556396484375
654.2111206054688,-683.4196166992188
652.9010620117188,-682.6820068359375
651.45751953125,-681.86865234375
650.1427612304688,-681.1273803710938
648.826171875,-680.384521484375
647.3756713867188,-679.5653686523438
646.0546875,-678.8187866210938
644.7315673828125,-678.0704345703125
643.27392578125,-677.2454223632812
641.9464721679688,-676.4935913085938
640.61669921875,-675.7401123046875
639.2850341796875,-674.9852905273438
637.9512329101562,-674.2288818359375
636.6151123046875,-673.4708862304688
635.2769165039062,-672.7114868164062
633.9366455078125,-671.9506225585938
632.5941162109375,-671.1882934570312
631.1146850585938,-670.3479614257812
629.767578125,-669.58251953125
628.4183349609375,-668.8157348632812
627.066650390625,-668.0475463867188
625.7127075195312,-667.2781372070312
624.3564453125,-666.507568359375
622.9978637695312,-665.7357177734375
621.6371459960938,-664.962646484375
620.1378784179688,-664.11083984375
618.7723999023438,-663.3350830078125
617.4047241210938,-662.5580444335938
616.034912109375,-661.77978515625
614.6627807617188,-661.0003051757812
613.2882080078125,-660.2196044921875
611.9114990234375,-659.437744140625
610.5325927734375,-658.6547241210938
609.1513061523438,-657.87060546875
607.767822265625,-657.085205078125
606.243408203125,-656.2199096679688
604.8552856445312,-655.431884765625
603.4649047851562,-654.642578125
602.0723876953125,-653.8518676757812
600.6777954101562,-653.0596923828125
599.2811279296875,-652.26611328125
597.8825073242188,-651.470947265625
596.4820556640625,-650.6741333007812
595.0797119140625,-649.8754272460938
593.6757202148438,-649.0747680664062
592.2702026367188,-648.2721557617188
590.8629150390625,-647.4673461914062
589.4540405273438,-646.660400390625
588.0435180664062,-645.8511352539062
586.6314086914062,-645.0396728515625
585.2176513671875,-644.2259521484375
583.8023681640625,-643.4099731445312
582.3856201171875,-642.5916748046875
580.9674682617188,-641.77099609375
579.5482788085938,-640.9478149414062
578.1279296875,-640.121826171875
576.7064208984375,-639.2930297851562
575.2837524414062,-638.4612426757812
573.8599853515625,-637.62646484375
572.43505859375,-636.7886962890625
571.0091552734375,-635.9480590820312
569.5822143554688,-635.1044921875
568.1542358398438,-634.2579956054688
566.582275390625,-633.323486328125
565.1524047851562,-632.4707641601562
563.721923828125,-631.6146240234375
562.2908935546875,-630.7549438476562
560.859130859375,-629.891845703125
559.4268188476562,-629.0252075195312
557.9937744140625,-628.1551513671875
556.4166259765625,-627.1942138671875
554.9819946289062,-626.317138671875
553.5467529296875,-625.436767578125
552.1112060546875,-624.5528564453125
550.531982421875,-623.5759887695312
549.0962524414062,-622.6837768554688
547.6604614257812,-621.78759765625
546.224853515625,-620.8873291015625
544.7891235351562,-619.9830322265625
543.3530883789062,-619.074951171875
541.917236328125,-618.1631469726562
540.4828491210938,-617.2478637695312
539.0513305664062,-616.3298950195312
537.6224365234375,-615.4093017578125
536.1961669921875,-614.4861450195312
534.772705078125,-613.560546875
533.3521728515625,-612.6322631835938
531.9340209960938,-611.701171875
530.5137939453125,-610.7650756835938
529.0924682617188,-609.8247680664062
527.6708374023438,-608.8805541992188
526.2494506835938,-607.9319458007812
524.8291625976562,-606.9788208007812
523.409912109375,-606.0211181640625
521.9913940429688,-605.05908203125
520.5733642578125,-604.093017578125
519.1556396484375,-603.1233520507812
517.738525390625,-602.1500244140625
516.3218383789062,-601.1729736328125
514.9052124023438,-600.1923828125
513.4886474609375,-599.2085571289062
512.072021484375,-598.2216796875
510.6553955078125,-597.2318115234375
509.2387390136719,-596.2388916015625
507.822265625,-595.2429809570312
506.4060363769531,-594.2437133789062
504.9900817871094,-593.2411499023438
503.5740661621094,-592.2352294921875
502.1579284667969,-591.226318359375
500.74200439453125,-590.2141723632812
499.3266296386719,-589.19873046875
497.911865234375,-588.1797485351562
496.4974060058594,-587.1572265625
495.0829162597656,-586.1312866210938
493.66845703125,-585.1021728515625
492.2540283203125,-584.0699462890625
490.8399658203125,-583.03466796875
489.426025390625,-581.99609375
488.01220703125,-580.954345703125
486.5985107421875,-579.909423828125
485.1852722167969,-578.8611450195312
483.7728271484375,-577.80908203125
482.361328125,-576.7529907226562
480.95068359375,-575.69287109375
479.5404968261719,-574.6288452148438
477.9894104003906,-573.4545288085938
476.5794982910156,-572.3837280273438
475.0287780761719,-571.2023315429688
473.61962890625,-570.1248779296875
472.07037353515625,-568.9354858398438
470.6628112792969,-567.8501586914062
469.2559814453125,-566.7609252929688
467.708984375,-565.5584716796875
466.30267333984375,-564.4617919921875
464.755615234375,-563.2520751953125
463.2085266113281,-562.0391845703125
461.6615295410156,-560.8229370117188
460.2554016113281,-559.7141723632812
458.70904541015625,-558.4908447265625
457.1629333496094,-557.2637329101562
455.75732421875,-556.1448364257812
454.2109069824219,-554.9107666015625
452.66412353515625,-553.6735229492188
451.1168212890625,-552.4334106445312
449.5687561035156,-551.1905517578125
448.16094970703125,-550.0585327148438
446.6120300292969,-548.810546875
445.0630187988281,-547.5595092773438
443.5137634277344,-546.3051147460938
441.9639587402344,-545.0474243164062
440.4136047363281,-543.7867431640625
438.8627014160156,-542.5231323242188
437.31134033203125,-541.2568359375
435.759521484375,-539.9876098632812
434.2074890136719,-538.7153930664062
432.6552734375,-537.4398803710938
431.1028747558594,-536.160888671875
429.5502014160156,-534.8785400390625
427.99713134765625,-533.5928955078125
426.5849304199219,-532.4215698242188
425.03131103515625,-531.1301879882812
423.4775085449219,-529.8355712890625
421.9236145019531,-528.5377197265625
420.3696594238281,-527.2363891601562
418.8154602050781,-525.9317626953125
417.26080322265625,-524.6240234375
415.7056884765625,-523.3132934570312
414.1500244140625,-521.9998779296875
412.5936279296875,-520.6837768554688
411.1778564453125,-519.485107421875
409.6194763183594,-518.1644287109375
408.0600280761719,-516.8416137695312
406.4994812011719,-515.516845703125
404.9376220703125,-514.1900634765625
403.37420654296875,-512.861328125
401.8092956542969,-511.5307312011719
400.2430114746094,-510.1983337402344
398.81793212890625,-508.985595703125
397.2488708496094,-507.64996337890625
395.67816162109375,-506.3125915527344
394.1059875488281,-504.9735412597656
392.53240966796875,-503.63275146484375
390.9574890136719,-502.2901306152344
389.524658203125,-501.0679016113281
387.9473571777344,-499.7215576171875
386.36865234375,-498.3731994628906
384.78863525390625,-497.0230712890625
383.3508605957031,-495.79412841796875
381.76776123046875,-494.440673828125
380.1832275390625,-493.08563232421875
378.7413330078125,-491.85223388671875
377.15399169921875,-490.4940185546875
375.5650939941406,-489.13409423828125
374.1192321777344,-487.8963623046875
372.6722412109375,-486.6575622558594
371.07904052734375,-485.2934875488281
369.6292724609375,-484.0520324707031
368.17816162109375,-482.8092346191406
366.5801696777344,-481.44049072265625
364.9805603027344,-480.0702209472656
363.3793640136719,-478.6985778808594
361.7765808105469,-477.3254699707031
360.1723937988281,-475.9508972167969
358.712646484375,-474.6999206542969
357.1054382324219,-473.32232666015625
355.4966125488281,-471.9431457519531
354.0326843261719,-470.68798828125
352.5675964355469,-469.4315490722656
351.3946838378906,-468.4255065917969
349.9273986816406,-467.166748046875
348.45892333984375,-465.9066467285156
347.283203125,-464.89752197265625
345.8123474121094,-463.63482666015625
344.19317626953125,-462.2442932128906
342.5727844238281,-460.8521423339844
341.0987243652344,-459.5850524902344
339.6236267089844,-458.31640625
337.9994812011719,-456.9190979003906
336.521728515625,-455.6474914550781
334.894775390625,-454.2473449707031
333.41436767578125,-452.97314453125
331.9328308105469,-451.6976623535156
330.4501647949219,-450.4208068847656
328.81787109375,-449.01470947265625
327.3328857421875,-447.735107421875
325.6979675292969,-446.3258972167969
324.2103576660156,-445.0433654785156
322.5728454589844,-443.63116455078125
320.9341125488281,-442.21734619140625
319.44329833984375,-440.930419921875
317.95135498046875,-439.64202880859375
316.3088073730469,-438.2230529785156
314.81451416015625,-436.9316711425781
313.3193664550781,-435.6387939453125
311.8233337402344,-434.34429931640625
310.1766052246094,-432.9184875488281
308.6785583496094,-431.62078857421875
307.1797180175781,-430.3216552734375
305.6801452636719,-429.02105712890625
304.02984619140625,-427.588623046875
302.52880859375,-426.2846984863281
301.02685546875,-424.9790344238281
299.5238952636719,-423.6717224121094
298.0201416015625,-422.3630065917969
296.5154724121094,-421.0530090332031
295.009765625,-419.7417297363281
293.50274658203125,-418.42913818359375
291.9942932128906,-417.11541748046875
290.48455810546875,-415.8008728027344
288.9736633300781,-414.4857482910156
287.4614562988281,-413.1698303222656
285.9480285644531,-411.85296630859375
284.43341064453125,-410.5351867675781
282.9173889160156,-409.2165222167969
281.39984130859375,-407.8970031738281
279.8808288574219,-406.57672119140625
278.36041259765625,-405.2557373046875
276.8387145996094,-403.9339294433594
275.3159484863281,-402.61114501953125
273.7922668457031,-401.2873229980469
272.267822265625,-399.96234130859375
270.74249267578125,-398.6360168457031
269.2161560058594,-397.30841064453125
267.6886901855469,-395.9795227050781
266.1601257324219,-394.6494445800781
264.6305847167969,-393.3183288574219
263.1002502441406,-391.9861145019531
261.5691833496094,-390.6527404785156
260.0373840332031,-389.3181457519531
258.5046691894531,-387.9823913574219
256.9709167480469,-386.64544677734375
255.43614196777344,-385.30731201171875
253.9003143310547,-383.96807861328125
252.3634490966797,-382.6277770996094
250.82553100585938,-381.2867126464844
249.2866668701172,-379.9450378417969
247.74673461914062,-378.6028137207031
246.20559692382812,-377.259765625
244.66326904296875,-375.9159851074219
243.1197052001953,-374.5714111328125
241.57489013671875,-373.2260437011719
239.874267578125,-371.7450866699219
238.32716369628906,-370.3979187011719
236.62408447265625,-368.91522216796875
235.0747833251953,-367.56640625
233.5246124267578,-366.21673583984375
231.97369384765625,-364.8660888671875
230.42213439941406,-363.5144348144531
228.86965942382812,-362.1616516113281
227.31622314453125,-360.8078308105469
225.7618408203125,-359.453125
224.2064666748047,-358.0975646972656
222.65008544921875,-356.74114990234375
221.0926055908203,-355.3838195800781
219.5340576171875,-354.0257873535156
217.81858825683594,-352.5312805175781
216.25811767578125,-351.17181396484375
214.69668579101562,-349.8116149902344
213.1342010498047,-348.4505615234375
211.41409301757812,-346.9525146484375
209.84901428222656,-345.5899963378906
208.1260986328125,-344.0905456542969
206.5587921142578,-342.7266845703125
204.9906768798828,-341.3619689941406
203.42181396484375,-339.99627685546875
201.69509887695312,-338.4927673339844
200.12448120117188,-337.1248779296875
198.3958282470703,-335.61895751953125
196.823486328125,-334.24871826171875
195.25039672851562,-332.8772888183594
193.67652893066406,-331.5047302246094
192.1020965576172,-330.1311950683594
190.52720642089844,-328.7566833496094
188.7943115234375,-327.2435302734375
187.21820068359375,-325.86669921875
185.64122009277344,-324.4888000488281
184.06336975097656,-323.1098937988281
182.4845733642578,-321.7300720214844
180.90484619140625,-320.3494567871094
179.1659698486328,-318.83001708984375
177.58425903320312,-317.4482116699219
176.00173950195312,-316.0660095214844
174.2599639892578,-314.5447692871094
172.67544555664062,-313.1607971191406
171.08975219726562,-311.77593994140625
169.5028839111328,-310.39056396484375
167.9149627685547,-309.0046691894531
166.32606506347656,-307.6180419921875
164.5771942138672,-306.091796875
162.98638916015625,-304.70343017578125
161.39479064941406,-303.314208984375
159.8023681640625,-301.9241027832031
158.20912170410156,-300.5329895019531
156.61534118652344,-299.1410217285156
155.02101135253906,-297.7480163574219
153.26644897460938,-296.2142028808594
151.67066955566406,-294.81854248046875
150.07444763183594,-293.4217529296875
148.47760009765625,-292.023681640625
146.721923828125,-290.4856262207031
145.12985229492188,-289.0896911621094
143.86041259765625,-287.9756164550781
142.2795867919922,-286.5870361328125
140.54898071289062,-285.065673828125
138.98338317871094,-283.6885681152344
137.42543029785156,-282.31756591796875
135.87661743164062,-280.95379638671875
134.33851623535156,-279.59844970703125
132.66043090820312,-278.11810302734375
131.1458282470703,-276.7803955078125
129.6403350830078,-275.4497375488281
127.99362182617188,-273.9936218261719
126.50469970703125,-272.6766662597656
125.02442169189453,-271.36700439453125
123.55467224121094,-270.0660095214844
122.09432220458984,-268.7726745605469
120.49751281738281,-267.3580627441406
119.0543441772461,-266.0793762207031
117.47715759277344,-264.6818542480469
116.0530776977539,-263.4199523925781
114.49671936035156,-262.0409240722656
113.09043884277344,-260.7950439453125
111.55247497558594,-259.4325866699219
110.16374206542969,-258.2021179199219
108.78504180908203,-256.9800109863281
107.2799072265625,-255.64527893066406
105.7862777709961,-254.32044982910156
104.43838500976562,-253.12477111816406
103.10044860839844,-251.9378204345703
101.64002227783203,-250.64208984375
100.19097137451172,-249.35630798339844
98.88232421875,-248.19525146484375
97.45133209228516,-246.926025390625
96.15747833251953,-245.77920532226562
94.7426528930664,-244.52633666992188
93.46539306640625,-243.39622497558594
92.07115936279297,-242.16354370117188
90.8135986328125,-241.05267333984375
89.56482696533203,-239.95079040527344
88.32453155517578,-238.85745239257812
86.96961212158203,-237.66412353515625
85.74592590332031,-236.58718872070312
84.40836334228516,-235.4108428955078
83.20096588134766,-234.3497772216797
82.0022201538086,-233.29690551757812
80.69511413574219,-232.1496124267578
79.5165786743164,-231.11553955078125
78.23035430908203,-229.9873046875
77.06974029541016,-228.96963500976562
75.80233764648438,-227.8589324951172
74.65923309326172,-226.8574981689453
73.41227722167969,-225.76547241210938
72.17647552490234,-224.68341064453125
70.7303466796875,-223.41775512695312
69.51871490478516,-222.357666015625
67.9915542602539,-221.02195739746094
66.48001098632812,-219.70077514648438
65.30321502685547,-218.6729278564453
64.13624572753906,-217.65423583984375
62.6641731262207,-216.3701171875
61.20769119262695,-215.10064697265625
60.07535171508789,-214.1140899658203
58.652408599853516,-212.8736572265625
57.25194549560547,-211.65135192871094
55.874210357666016,-210.44781494140625
54.51681900024414,-209.2613983154297
53.08015441894531,-208.00523376464844
51.75350570678711,-206.84483337402344
50.44144058227539,-205.69590759277344
49.14417266845703,-204.55819702148438
47.7733268737793,-203.35284423828125
46.5134162902832,-202.24093627929688
45.27407455444336,-201.14210510253906
44.0560188293457,-200.0552978515625
42.858638763427734,-198.97946166992188
41.59872817993164,-197.83824157714844
40.44345474243164,-196.78233337402344
39.22681427001953,-195.66001892089844
38.11063766479492,-194.62014770507812
37.01459884643555,-193.58763122558594
35.712223052978516,-192.34327697753906
34.589664459228516,-191.25311279296875
33.34757995605469,-190.025390625
32.13539123535156,-188.8052215576172
30.952722549438477,-187.5914764404297
29.732311248779297,-186.31248474121094
28.61172103881836,-185.11080932617188
27.459733963012695,-183.8440399169922
26.404399871826172,-182.65028381347656
25.32038688659668,-181.38711547851562
24.269542694091797,-180.12155151367188
23.250165939331055,-178.851318359375
22.314523696899414,-177.64479064941406
21.352432250976562,-176.35789489746094
20.421510696411133,-175.060302734375
19.571319580078125,-173.8238525390625
18.701553344726562,-172.50192260742188
17.86381721496582,-171.16685485839844
16.927953720092773,-169.593017578125
16.16152000427246,-168.23043823242188
15.347017288208008,-166.70054626464844
14.64572811126709,-165.30677795410156
13.866405487060547,-163.6583709716797
13.165535926818848,-162.06459045410156
12.569159507751465,-160.61119079589844
11.913764953613281,-158.89576721191406
11.326017379760742,-157.2470245361328
10.825520515441895,-155.7497100830078
10.34709644317627,-154.24508666992188
9.81198787689209,-152.48281860351562
9.325528144836426,-150.79330444335938
8.85637378692627,-149.00209045410156
8.509394645690918,-147.5420684814453
8.168586730957031,-145.98973083496094
7.86699104309082,-144.51608276367188
7.5872063636779785,-143.02520751953125
7.33917236328125,-141.51962280273438
7.117994785308838,-140.0026092529297
6.919437885284424,-138.47396850585938
6.7397894859313965,-136.9313507080078
6.580107688903809,-135.3756561279297
6.435883522033691,-133.71771240234375
6.323509216308594,-132.14053344726562
6.234020709991455,-130.55137634277344
6.1652398109436035,-128.9511260986328
6.118099212646484,-127.43419647216797
6.086097240447998,-125.81099700927734
6.071378231048584,-124.17599487304688
6.0723185539245605,-122.52999114990234
6.0872578620910645,-120.87259674072266
6.1139349937438965,-119.20354461669922
6.1488165855407715,-117.52303314208984
6.186530590057373,-115.83108520507812
6.221396446228027,-114.12747192382812
6.2466912269592285,-112.4129638671875
6.257314205169678,-110.68816375732422
6.249379634857178,-108.95361328125
6.219482898712158,-107.21060943603516
6.16541862487793,-105.45944213867188
6.086935043334961,-103.69962310791016
5.985718250274658,-101.93312072753906
5.869605541229248,-100.26500701904297
5.721741199493408,-98.4862289428711
5.534731388092041,-96.59661102294922
5.328835487365723,-94.80553436279297
5.097076416015625,-93.01030731201172
4.840019226074219,-91.2125244140625
4.606369972229004,-89.7291030883789
4.314350605010986,-88.03227233886719
4.037876605987549,-86.54742431640625
3.7423083782196045,-85.06158447265625
3.4277498722076416,-83.57514953613281
3.0936365127563477,-82.0894775390625
2.6625139713287354,-80.2864761352539
2.2067039012908936,-78.4860610961914
1.7303476333618164,-76.68787384033203
1.235532283782959,-74.88943481445312
0.7200770974159241,-73.09318542480469
0.27582401037216187,-71.61541748046875
-0.29078447818756104,-69.82251739501953
-0.7793567180633545,-68.34906768798828
-1.2887250185012817,-66.87824249267578
-1.857264518737793,-65.3047866821289
-2.408212900161743,-63.840354919433594
-3.0198678970336914,-62.27611541748047
-3.739008665084839,-60.507240295410156
-4.43962287902832,-58.8484992980957
-5.120223522186279,-57.29990005493164
-5.777039051055908,-55.85910415649414
-6.5023193359375,-54.32029724121094
-7.196839809417725,-52.88935852050781
-7.908735752105713,-51.46370315551758
-8.797898292541504,-49.73940658569336
-9.714534759521484,-48.0224609375
-10.488435745239258,-46.61404800415039
-11.335494995117188,-45.10922622680664
-12.083551406860352,-43.80885314941406
-12.903875350952148,-42.411983489990234
-13.741780281066895,-41.019630432128906
-14.535826683044434,-39.73121643066406
-15.407899856567383,-38.34782409667969
-16.23222541809082,-37.06731033325195
-17.135608673095703,-35.692447662353516
-17.99022102355957,-34.41997528076172
-18.927566528320312,-33.05378341674805
-19.81345558166504,-31.788818359375
-20.712934494018555,-30.52781867980957
-21.696378707885742,-29.173871994018555
-22.62445068359375,-27.92045021057129
-23.568389892578125,-26.672487258911133
-24.60378074645996,-25.33566665649414
-25.583406448364258,-24.100492477416992
-26.5792179107666,-22.87063217163086
-27.66692352294922,-21.55059814453125
-28.689481735229492,-20.326688766479492
-29.721904754638672,-19.102447509765625
-30.841609954833984,-17.781164169311523
-31.88564109802246,-16.549137115478516
-32.93040084838867,-15.309947967529297
-34.05241012573242,-13.965376853942871
-35.08835983276367,-12.706315040588379
-36.11656188964844,-11.436261177062988
-37.21364974975586,-10.05511474609375
-38.2218017578125,-8.759157180786133
-39.217124938964844,-7.451773643493652
-40.2725830078125,-6.033869743347168
-41.23735427856445,-4.708505630493164
-42.18720626831055,-3.374971389770508
-43.19279479980469,-1.9294068813323975
-44.114845275878906,-0.5746774077415466
-45.02659606933594,0.7933698296546936
-45.99403762817383,2.281313896179199
-46.878265380859375,3.6766843795776367
-47.74915313720703,5.08504581451416
-48.671356201171875,6.61406135559082
-49.513607025146484,8.042566299438477
-50.40736389160156,9.588376998901367
-51.289634704589844,11.139365196228027
-52.16120910644531,12.691239356994629
-53.02285385131836,14.252330780029297
-53.86872482299805,15.832647323608398
-54.636871337890625,17.31211280822754
-55.446449279785156,18.914997100830078
-56.18387222290039,20.411102294921875
-56.96560287475586,22.02928352355957
-57.73653030395508,23.654069900512695
-58.443397521972656,25.17350959777832
-59.18887710571289,26.826799392700195
-59.91480255126953,28.49559783935547
-60.57256317138672,30.05521011352539
-61.266265869140625,31.743022918701172
-61.89912796020508,33.31789016723633
-62.569236755371094,35.02433395385742
-63.17742919921875,36.62057113647461
-63.81571578979492,38.351478576660156
-64.39421844482422,39.96778106689453
-65.004150390625,41.717166900634766
-65.55950164794922,43.35042190551758
-66.14625549316406,45.119476318359375
-66.68060302734375,46.770416259765625
-67.2446060180664,48.556907653808594
-67.75659942626953,50.224082946777344
-68.29467010498047,52.02865982055664
-68.7823257446289,53.7126579284668
-69.29490661621094,55.53466796875
-69.75920104980469,57.23432159423828
-70.21240997314453,58.94138717651367
-70.68843841552734,60.787818908691406
-71.11904907226562,62.50944137573242
-71.56998443603516,64.37167358398438
-71.9771499633789,66.10810089111328
-72.31273651123047,67.58283996582031
-72.728271484375,69.46698760986328
-73.1027603149414,71.22338104248047
-73.41095733642578,72.71421813964844
-73.76443481445312,74.4821548461914
-74.13094329833984,76.39401245117188
-74.45751953125,78.17642974853516
-74.79452514648438,80.10350799560547
-75.09464263916016,81.9000015258789
-75.33941650390625,83.42532348632812
-75.61882781982422,85.23334503173828
-75.90950012207031,87.18711853027344
-76.19181823730469,89.14747619628906
-76.4684066772461,91.1142807006836
-76.73991394042969,93.08649444580078
-76.98766326904297,94.92346954345703
-77.23111724853516,96.7657470703125
-77.48831939697266,98.75533294677734
-77.721923828125,100.60816955566406
-77.9500961303711,102.46601867675781
-78.18939971923828,104.47251892089844
-78.40564727783203,106.34111022949219
-78.616943359375,108.21501159667969
-78.83959197998047,110.23861694335938
-79.04232788085938,112.12298583984375
-79.24082946777344,114.01222229003906
-79.40524291992188,115.61465454101562
-79.59577178955078,117.51311492919922
-79.78255462646484,119.4163818359375
-79.96591186523438,121.32459259033203
-80.15975189208984,123.38488006591797
-80.33720397949219,125.30313873291016
-80.51301574707031,127.22634887695312
-80.7009506225586,129.30279541015625
-80.874267578125,131.23556518554688
-81.04656982421875,133.1728973388672
-81.2316665649414,135.2646026611328
-81.36369323730469,136.76161193847656
-81.49549865722656,138.2616729736328
-81.6264419555664,139.76449584960938
-81.75623321533203,141.2702178955078
-81.88494110107422,142.77883911132812
-82.0128402709961,144.2903289794922
-82.14017486572266,145.80458068847656
-82.26708221435547,147.32151794433594
-82.39364624023438,148.84112548828125
-82.51983642578125,150.3634490966797
-82.64567565917969,151.8885498046875
-82.77123260498047,153.4163360595703
-82.89665985107422,154.9469451904297
-83.02214050292969,156.48036193847656
-83.14769744873047,158.016357421875
-83.2733383178711,159.55482482910156
-83.39907836914062,161.09593200683594
-83.52498626708984,162.6396942138672
-83.65106964111328,164.18612670898438
-83.77725982666016,165.73521423339844
-83.90354919433594,167.2869415283203
-84.03002166748047,168.8413848876953
-84.15676879882812,170.39852905273438
-84.2837905883789,171.95826721191406
-84.41104125976562,173.52052307128906
-84.53850555419922,175.0853271484375
-84.6662826538086,176.6528778076172
-84.79450225830078,178.22320556640625
-84.92316436767578,179.79600524902344
-85.0522232055664,181.3712158203125
-85.18168640136719,182.9488067626953
-85.31160736083984,184.52871704101562
-85.44207000732422,186.11105346679688
-85.57305908203125,187.69606018066406
-85.70439910888672,189.283935546875
-85.8359146118164,190.87461853027344
-85.96759033203125,192.46783447265625
-86.09945678710938,194.0633544921875
-86.23163604736328,195.66140747070312
-86.36420440673828,197.2620086669922
-86.4972152709961,198.86509704589844
-86.63069915771484,200.47071838378906
-86.76467895507812,202.07884216308594
-86.89911651611328,203.689453125
-87.03400421142578,205.30258178710938
-87.1693344116211,206.91824340820312
-87.30509948730469,208.53643798828125
-87.44126892089844,210.1571807861328
-87.57778930664062,211.78042602539062
-87.714599609375,213.4061737060547
-87.85161590576172,215.03439331054688
-87.98876953125,216.66510009765625
-88.12606048583984,218.29833984375
-88.26342010498047,219.93411254882812
-88.40074157714844,221.57240295410156
-88.53791809082031,223.21319580078125
-88.67486572265625,224.85650634765625
-88.81145477294922,226.50225830078125
-88.94757080078125,228.1504669189453
-89.08308410644531,229.8011016845703
-89.21794128417969,231.45420837402344
-89.35208129882812,233.1097869873047
-89.4854965209961,234.76791381835938
-89.61819458007812,236.4286346435547
-89.75018310546875,238.0916748046875
-89.8813247680664,239.75454711914062
-90.01161193847656,241.4169464111328
-90.14096069335938,243.07859802246094
-90.26927185058594,244.73934936523438
-90.39647674560547,246.39926147460938
-90.52249908447266,248.05856323242188
-90.64757537841797,249.71994018554688
-90.77190399169922,251.38595581054688
-90.89537811279297,253.05499267578125
-91.01789855957031,254.7265167236328
-91.13928985595703,256.4000244140625
-91.25946044921875,258.0754089355469
-91.37840270996094,259.75274658203125
-91.49613952636719,261.4320373535156
-91.61276245117188,263.11334228515625
-91.72834777832031,264.79656982421875
-91.84300231933594,266.48175048828125
-91.95685577392578,268.16888427734375
-92.07003021240234,269.85797119140625
-92.18262481689453,271.54901123046875
-92.2947006225586,273.241943359375
-92.4063949584961,274.9367980957031
-92.51780700683594,276.63360595703125
-92.62899017333984,278.3323059082031
-92.73989868164062,280.0328369140625
-92.85054016113281,281.7351379394531
-92.96089172363281,283.4393005371094
-93.07097625732422,285.1452331542969
-93.18073272705078,286.8529968261719
-93.29013061523438,288.562744140625
-93.39923858642578,290.27447509765625
-93.50812530517578,291.9882507324219
-93.61685180664062,293.703857421875
-93.72541809082031,295.42120361328125
-93.83381652832031,297.1403503417969
-93.94210052490234,298.8613586425781
-94.05033874511719,300.5841979980469
-94.15865325927734,302.30889892578125
-94.26722717285156,304.03546142578125
-94.37628936767578,305.76385498046875
-94.48603057861328,307.49407958984375
-94.5966796875,309.22601318359375
-94.7083969116211,310.9596862792969
-94.82132720947266,312.6950988769531
-94.935546875,314.4322509765625
-95.05109405517578,316.171142578125
-95.1679458618164,317.911865234375
-95.28604888916016,319.6544189453125
-95.40533447265625,321.3987731933594
-95.52578735351562,323.144775390625
-95.64740753173828,324.8924255371094
-95.77023315429688,326.64178466796875
-95.89427947998047,328.3927917480469
-96.01954650878906,330.14556884765625
-96.14594268798828,331.900146484375
-96.27337646484375,333.6564636230469
-96.4017333984375,335.41455078125
-96.53091430664062,337.1744689941406
-96.66083526611328,338.9361267089844
-96.7914810180664,340.69952392578125
-96.9228515625,342.4646301269531
-97.05496978759766,344.2314758300781
-97.18785095214844,346.00006103515625
-97.32151794433594,347.77044677734375
-97.45594024658203,349.5425720214844
-97.59111785888672,351.31646728515625
-97.72708129882812,353.092041015625
-97.8638916015625,354.8692626953125
-98.00161743164062,356.648193359375
-98.14031982421875,358.4288330078125
-98.28002166748047,360.2112121582031
-98.42070007324219,361.9953308105469
-98.56231689453125,363.78118896484375
-98.70482635498047,365.5688171386719
-98.84822082519531,367.358154296875
-98.99249267578125,369.1492004394531
-99.1376953125,370.9419860839844
-99.28382110595703,372.7364807128906
-99.43089294433594,374.5325622558594
-99.57896423339844,376.33026123046875
-99.72801971435547,378.1296691894531
-99.8780517578125,379.9308166503906
-100.02904510498047,381.7336730957031
-100.18094635009766,383.5383605957031
-100.33370971679688,385.3446960449219
-100.48735809326172,387.1527099609375
-100.64190673828125,388.9623718261719
-100.79740142822266,390.7737121582031
-100.95379638671875,392.5867614746094
-101.11103820800781,394.40142822265625
-101.26910400390625,396.2177734375
-101.42803192138672,398.0358581542969
-101.58780670166016,399.8556823730469
-101.74842834472656,401.67718505859375
-101.90988159179688,403.5003356933594
-102.07215881347656,405.3251647949219
-102.23521423339844,407.15167236328125
-102.39900970458984,408.97991943359375
-102.56352996826172,410.809814453125
-102.72880554199219,412.6413269042969
-102.8948745727539,414.4744873046875
-103.06172180175781,416.3094177246094
-103.22921752929688,418.1460876464844
-103.39730072021484,419.98443603515625
-103.56583404541016,421.824462890625
-103.73482513427734,423.6661376953125
-103.9042739868164,425.5094909667969
-104.0741195678711,427.3545227050781
-104.24425506591797,429.2012939453125
-104.4145736694336,431.04986572265625
-104.58511352539062,432.9002380371094
-104.75589752197266,434.75225830078125
-104.92696380615234,436.6059875488281
-105.09832763671875,438.4613952636719
-105.27002716064453,440.3184509277344
-105.442138671875,442.177001953125
-105.61483764648438,444.03717041015625
-105.78822326660156,445.89910888671875
-105.962158203125,447.76287841796875
-106.13648223876953,449.6283264160156
-106.31114196777344,451.4954833984375
-106.48619842529297,453.3643493652344
-106.66165161132812,455.23480224609375
-106.83749389648438,457.1068420410156
-107.0137710571289,458.9804992675781
-107.19052124023438,460.85589599609375
-107.36775207519531,462.7330322265625
-107.54546356201172,464.6118469238281
-107.72364807128906,466.4924011230469
-107.90234375,468.3746032714844
-108.08152770996094,470.2583312988281
-108.26122283935547,472.1436767578125
-108.4415054321289,474.03057861328125
-108.62238311767578,475.91912841796875
-108.80387878417969,477.8093566894531
-108.9859619140625,479.7013244628906
-109.1685791015625,481.5949401855469
-109.35172271728516,483.4902038574219
-109.53535461425781,485.38702392578125
-109.7194595336914,487.2854309082031
-109.90409851074219,489.1854553222656
-110.0892333984375,491.08721923828125
-110.2747802734375,492.9906311035156
-110.46062469482422,494.89569091796875
-110.64675903320312,496.8023681640625
-110.83324432373047,498.7106018066406
-111.02005767822266,500.6204833984375
-111.20723724365234,502.53216552734375
-111.39466857910156,504.4454650878906
-111.58224487304688,506.3604736328125
-111.76997375488281,508.27703857421875
-111.95781707763672,510.195068359375
-112.14591217041016,512.1148071289062
-112.33444213867188,514.0362548828125
-112.5234146118164,515.9594116210938
-112.7127685546875,517.8842163085938
-112.90240478515625,519.8104858398438
-113.0924301147461,521.7382202148438
-113.28296661376953,523.6675415039062
-113.47402954101562,525.5985717773438
-113.66555786132812,527.5311279296875
-113.85747528076172,529.4652709960938
-114.04985809326172,531.401123046875
-114.24263763427734,533.3385620117188
-114.435791015625,535.2776489257812
-114.6292724609375,537.2184448242188
-114.82304382324219,539.160888671875
-115.01709747314453,541.1047973632812
-115.21145629882812,543.050048828125
-115.40621185302734,544.9967651367188
-115.60155487060547,546.9452514648438
-115.79743957519531,548.8953857421875
-115.99378204345703,550.8472290039062
-116.1904525756836,552.8005981445312
-116.38739013671875,554.7554931640625
-116.58457946777344,556.7119140625
-116.78202056884766,558.669921875
-116.97977447509766,560.6294555664062
-117.1778335571289,562.590576171875
-117.37628173828125,564.5534057617188
-117.5750732421875,566.5177612304688
-117.77428436279297,568.483642578125
-117.97394561767578,570.4511108398438
-118.17406463623047,572.4199829101562
-118.37471008300781,574.3903198242188
-118.57592010498047,576.3622436523438
-118.77759552001953,578.3358764648438
-118.97953796386719,580.3111572265625
-119.1816635131836,582.2879638671875
-119.38388061523438,584.2664184570312
-119.5862045288086,586.246337890625
-119.78863525390625,588.2276611328125
-119.99124908447266,590.2105712890625
-120.19408416748047,592.1950073242188
-120.39708709716797,594.1810302734375
-120.60013580322266,596.168701171875
-120.80314636230469,598.1577758789062
-121.0060806274414,600.1484985351562
-121.20894622802734,602.140869140625
-121.41165924072266,604.1348266601562
-121.6142578125,606.1304931640625
-121.81672668457031,608.1276245117188
-122.01902770996094,610.1263427734375
-122.22126007080078,612.1266479492188
-122.42340850830078,614.1284790039062
-122.62548065185547,616.1317138671875
-122.82758331298828,618.1365966796875
-123.02978515625,620.1430053710938
-123.23213958740234,622.1510009765625
-123.43464660644531,624.1605224609375
-123.63737487792969,626.1715087890625
-123.84040832519531,628.1840209960938
-124.04376983642578,630.1980590820312
-124.2473373413086,632.2135620117188
-124.45112609863281,634.2305297851562
-124.65512084960938,636.2490844726562
-124.8592758178711,638.26904296875
-125.06352233886719,640.2905883789062
-125.26780700683594,642.3136596679688
-125.47212982177734,644.3381958007812
-125.67656707763672,646.3642578125
-125.88127136230469,648.3919067382812
-126.08609008789062,650.4210815429688
-126.29090118408203,652.45166015625
-126.49569702148438,654.4838256835938
-126.7004623413086,656.5174560546875
-126.90518188476562,658.5525512695312
-127.10979461669922,660.589111328125
-127.31434631347656,662.627197265625
-127.51887512207031,664.6668090820312
-127.72340393066406,666.7079467773438
-127.92794799804688,668.7506103515625
-128.13255310058594,670.7948608398438
-128.3372039794922,672.8405151367188
-128.54193115234375,674.8876342773438
-128.74679565429688,676.9362182617188
-128.95166015625,678.986328125
-129.156494140625,681.037841796875
-129.361328125,683.0908813476562
-129.5662384033203,685.1454467773438
-129.77122497558594,687.2013549804688
-129.97633361816406,689.2587280273438
-130.18150329589844,691.3175659179688
-130.38668823242188,693.3780517578125
-130.591796875,695.4401245117188
-130.79673767089844,697.5037231445312
-131.00155639648438,699.568603515625
-131.20628356933594,701.6348266601562
-131.4111328125,703.7025146484375
-131.6160125732422,705.771484375
-131.82080078125,707.8419189453125
-132.02549743652344,709.9139404296875
-132.2299346923828,711.9876708984375
-132.43406677246094,714.0628662109375
-132.6377410888672,716.1395263671875
-132.8408660888672,718.2174682617188
-133.04342651367188,720.2969360351562
-133.2455596923828,722.3779907226562
-133.44723510742188,724.4606323242188
-133.6483154296875,726.5445556640625
-133.84886169433594,728.6299438476562
-134.04908752441406,730.716796875
-134.24916076660156,732.8051147460938
-134.44931030273438,734.8948974609375
-134.64964294433594,736.986083984375
-134.85028076171875,739.0786743164062
-135.0513153076172,741.172607421875
-135.25291442871094,743.2678833007812
-135.4551239013672,745.3646240234375
-135.65806579589844,747.4625854492188
-135.8617706298828,749.5619506835938
-136.06626892089844,751.6625366210938
-136.27162170410156,753.7644653320312
-136.4778289794922,755.8677978515625
-136.68484497070312,757.9724731445312
-136.89256286621094,760.0784912109375
-137.10093688964844,762.1857299804688
-137.30999755859375,764.2942504882812
-137.51963806152344,766.4042358398438
-137.729736328125,768.5152587890625
-137.94024658203125,770.627685546875
-138.15113830566406,772.7416381835938
-138.36227416992188,774.8569946289062
-138.57350158691406,776.9736328125
-138.78485107421875,779.091552734375
-138.99636840820312,781.2108154296875
-139.2080078125,783.3313598632812
-139.4197540283203,785.4532470703125
-139.6315460205078,787.5767211914062
-139.84324645996094,789.7015991210938
-140.0548095703125,791.8277587890625
-140.2662811279297,793.9552612304688
-140.47769165039062,796.083984375
-140.68911743164062,798.2139892578125
-140.9005584716797,800.3455200195312
-141.11187744140625,802.4783325195312
-141.32302856445312,804.6126708984375
-141.5340576171875,806.7483520507812
-141.7449188232422,808.8854370117188
-141.9556427001953,811.0238647460938
-142.16624450683594,813.1632690429688
-142.3766632080078,815.3016967773438
-142.58670043945312,817.4359130859375
-142.79611206054688,819.563232421875
-143.00466918945312,821.68212890625
-143.212158203125,823.791259765625
-143.41844177246094,825.8899536132812
-143.62355041503906,827.9774169921875
-143.8275146484375,830.0529174804688
-144.0302734375,832.1155395507812
-144.23179626464844,834.1655883789062
-144.4319305419922,836.203857421875
-144.6306915283203,838.2313232421875
-144.82814025878906,840.2482299804688
-145.0243377685547,842.2543334960938
-145.21922302246094,844.2481689453125
-145.4126739501953,846.2286987304688
-145.6046600341797,848.196533203125
-145.79519653320312,850.1519165039062
-145.98423767089844,852.0948486328125
-146.1717529296875,854.0249633789062
-146.3579559326172,855.9421997070312
-146.54306030273438,857.8475341796875
-146.72720336914062,859.7412719726562
-146.9103546142578,861.62353515625
-147.0924835205078,863.4937744140625
-147.27357482910156,865.3521728515625
-147.45364379882812,867.1987915039062
-147.63275146484375,869.0335693359375
-147.8109893798828,870.8565673828125
-147.98838806152344,872.6680297851562
-148.1648712158203,874.468505859375
-148.3403778076172,876.2578735351562
-148.5148162841797,878.035400390625
-148.68814086914062,879.8004760742188
-148.86029052734375,881.552978515625
-149.03128051757812,883.2935791015625
-149.201171875,885.0228271484375
-149.37005615234375,886.7406005859375
-149.53799438476562,888.4463500976562
-149.7051239013672,890.1394653320312
-149.87159729003906,891.8204345703125
-150.03750610351562,893.4899291992188
-150.2030029296875,895.1483154296875
-150.3682098388672,896.7949829101562
-150.53306579589844,898.4293823242188
-150.697509765625,900.0508422851562
-150.8615264892578,901.6592407226562
-151.0249786376953,903.2542724609375
-151.18801879882812,904.8355712890625
-151.35076904296875,906.4046020507812
-151.51312255859375,907.9629516601562
-151.6747283935547,909.5111694335938
-151.83534240722656,911.0499877929688
-151.99496459960938,912.5787963867188
-152.1536407470703,914.0972290039062
-152.3116912841797,915.6036987304688
-152.46932983398438,917.0979614257812
-152.67413330078125,919.0218505859375
-152.87896728515625,920.9247436523438
-153.100341796875,922.9500732421875
-153.3068084716797,924.8096923828125
-153.5146942138672,926.6493530273438
-153.73960876464844,928.607666015625
-153.94985961914062,930.4058837890625
-154.16116333007812,932.1848754882812
-154.39013671875,934.0791625976562
-154.60406494140625,935.8172607421875
-154.81906127929688,937.5352172851562
-155.0521240234375,939.3624267578125
-155.26998901367188,941.0386962890625
-155.49002075195312,942.697509765625
-155.72991943359375,944.46533203125
-155.955810546875,946.0888671875
-156.18475341796875,947.6934204101562
-156.4343719482422,949.3987426757812
-156.6693878173828,950.96142578125
-156.90780639648438,952.5053100585938
-157.16929626464844,954.1476440429688
-157.41795349121094,955.6543579101562
-157.67372131347656,957.144287109375
-157.95790100097656,958.7312622070312
-158.29541015625,960.525390625
-158.60264587402344,962.080078125
-158.9685516357422,963.8404541015625
-159.3026123046875,965.3680419921875
-159.70065307617188,967.1000366210938
-160.0630645751953,968.6038208007812
-160.4937286376953,970.30908203125
-160.88548278808594,971.7896728515625
-161.350830078125,973.4682006835938
-161.7736053466797,974.9240112304688
-162.2748260498047,976.5711059570312
-162.82884216308594,978.2997436523438
-163.40440368652344,980.004638671875
-163.96453857421875,981.5869140625
-164.57765197753906,983.24462890625
-165.20944213867188,984.87890625
-165.8229522705078,986.39697265625
-166.49705505371094,987.9906616210938
-167.1956024169922,989.5654907226562
-167.87649536132812,991.0308837890625
-168.62521362304688,992.5699462890625
-169.39952087402344,994.090576171875
-170.1509246826172,995.5046997070312
-170.9729461669922,996.9884643554688
-171.81988525390625,998.4517211914062
-172.64002990722656,999.8092651367188
-173.5362091064453,1001.2297973632812
-174.45721435546875,1002.6277465820312
-175.3460693359375,1003.9224853515625
-176.3126678466797,1005.2760009765625
-177.3022003173828,1006.6056518554688
-178.25369262695312,1007.8352661132812
-179.28614807128906,1009.1176147460938
-180.34017944335938,1010.3746337890625
-181.35179138183594,1011.5338745117188
-182.4466094970703,1012.7402954101562
-183.56112670898438,1013.920654296875
-184.62728881835938,1015.0079345703125
-185.7777557373047,1016.1378173828125
-186.9455108642578,1017.2415771484375
-188.06040954589844,1018.255615234375
-189.2615966796875,1019.3062744140625
-190.48016357421875,1020.328857421875
-191.936767578125,1021.49560546875
-193.42129516601562,1022.625732421875
-194.707763671875,1023.5618896484375
-196.0178985595703,1024.478515625
-197.272216796875,1025.32275390625
-198.6272735595703,1026.198486328125
-200.00662231445312,1027.0526123046875
-201.32481384277344,1027.8370361328125
-202.744384765625,1028.650634765625
-204.18223571777344,1029.442138671875
-205.55325317382812,1030.1650390625
-207.0287628173828,1030.9085693359375
-208.52232360839844,1031.6258544921875
-209.94464111328125,1032.2760009765625
-211.47445678710938,1032.940185546875
-213.0209503173828,1033.5791015625
-214.48948669433594,1034.159423828125
-216.06150817871094,1034.753173828125
-217.64691162109375,1035.3193359375
-219.15086364746094,1035.826416015625
-220.75970458984375,1036.339599609375
-222.37908935546875,1036.826904296875
-223.91358947753906,1037.2598876953125
-225.5535888671875,1037.692138671875
-227.2034454345703,1038.09521484375
-228.76454162597656,1038.4476318359375
-230.4317169189453,1038.791748046875
-232.10760498046875,1039.1044921875
-233.69284057617188,1039.3709716796875
-235.3865203857422,1039.6260986328125
-237.0908966064453,1039.8525390625
-238.70277404785156,1040.03955078125
-240.42588806152344,1040.20849609375
-242.158447265625,1040.346923828125
-243.79742431640625,1040.449951171875
-245.54635620117188,1040.5303955078125
-247.30418395996094,1040.5809326171875
-248.966064453125,1040.6015625
-250.738525390625,1040.5955810546875
-252.5177764892578,1040.56005859375
-254.19834899902344,1040.4986572265625
-255.98959350585938,1040.4036865234375
-257.7848205566406,1040.2779541015625
-259.47802734375,1040.1309814453125
-261.28070068359375,1039.9432373046875
-263.0860290527344,1039.7239990234375
-264.7872619628906,1039.4896240234375
-266.2772521972656,1039.263427734375
-267.9818115234375,1038.9803466796875
-269.474365234375,1038.7110595703125
-271.1807861328125,1038.3780517578125
-272.67413330078125,1038.06396484375
-274.3809814453125,1037.6785888671875
-275.8743896484375,1037.3184814453125
-277.5809326171875,1036.881591796875
-279.0738220214844,1036.4775390625
-280.77874755859375,1035.9913330078125
-282.2694091796875,1035.5439453125
-283.97149658203125,1035.00732421875
-285.4588623046875,1034.5162353515625
-287.15582275390625,1033.9302978515625
-288.63812255859375,1033.3953857421875
-290.3288269042969,1032.7589111328125
-291.8046875,1032.179443359375
-293.4873046875,1031.4915771484375
-294.9557189941406,1030.867431640625
-296.629150390625,1030.129150390625
-298.0892028808594,1029.461181640625
-299.7525939941406,1028.6727294921875
-301.2035827636719,1027.961181640625
-302.54693603515625,1027.28271484375
-303.88629150390625,1026.5872802734375
-305.3243713378906,1025.8194580078125
-306.6553955078125,1025.089111328125
-307.9820556640625,1024.3421630859375
-309.405517578125,1023.519287109375
-310.7222595214844,1022.73779296875
-312.0338439941406,1021.939453125
-313.44036865234375,1021.0608520507812
-314.740478515625,1020.2274780273438
-316.0345764160156,1019.3771362304688
-317.4212646484375,1018.442138671875
-318.7022705078125,1017.5560913085938
-319.9767761230469,1016.653076171875
-321.3418273925781,1015.6619262695312
-322.6025695800781,1014.7244262695312
-323.85662841796875,1013.7708129882812
-325.19952392578125,1012.7260131835938
-326.43951416015625,1011.7396850585938
-327.6728210449219,1010.7379760742188
-328.9930725097656,1009.6421508789062
-330.2109680175781,1008.6083374023438
-331.4208679199219,1007.5582275390625
-332.7147521972656,1006.4092407226562
-333.90625,1005.3270263671875
-335.08489990234375,1004.23291015625
-336.33941650390625,1003.0424194335938
-337.4902648925781,1001.92578125
-338.6270751953125,1000.798095703125
-339.83990478515625,999.5685424804688
-340.9585876464844,998.4102172851562
-342.0689697265625,997.2362670898438
-343.2540283203125,995.9549560546875
-344.3433532714844,994.75
-345.4224853515625,993.5311279296875
-346.573486328125,992.2039794921875
-347.63177490234375,990.9583129882812
-348.67889404296875,989.6990966796875
-349.7933654785156,988.3275756835938
-350.8152160644531,987.0391235351562
-351.8244323730469,985.736572265625
-352.89691162109375,984.3176879882812
-353.8804016113281,982.9861450195312
-354.8521423339844,981.6417236328125
-355.88531494140625,980.1795654296875
-356.83251953125,978.80859375
-357.7682189941406,977.42529296875
-358.763427734375,975.9219970703125
-359.67596435546875,974.513671875
-360.57757568359375,973.0936279296875
-361.5361022949219,971.5513916015625
-362.41412353515625,970.107177734375
-363.2803649902344,968.6511840820312
-364.20013427734375,967.0701904296875
-365.0419921875,965.5902709960938
-365.8719482421875,964.0992431640625
-366.7519226074219,962.4808959960938
-367.5571594238281,960.9669189453125
-368.3511047363281,959.442626953125
-369.1936340332031,957.789794921875
-369.9634704589844,956.2442626953125
-370.7215270996094,954.6884155273438
-371.52459716796875,953.0017700195312
-372.2573547363281,951.4252319335938
-372.9770202636719,949.8382568359375
-373.7376403808594,948.1179809570312
-374.4310302734375,946.5103759765625
-375.1125183105469,944.8933715820312
-375.8327331542969,943.1416015625
-376.488037109375,941.5050659179688
-377.1307373046875,939.8590087890625
-377.80938720703125,938.0761108398438
-378.42718505859375,936.411376953125
-379.0328674316406,934.7376708984375
-379.6719055175781,932.9254760742188
-380.2535705566406,931.2338256835938
-380.8247375488281,929.5341186523438
-381.4281311035156,927.6947631835938
-381.9774475097656,925.9786987304688
-382.51605224609375,924.2546997070312
-383.0841064453125,922.3896484375
-383.60003662109375,920.6497802734375
-384.10418701171875,918.9022827148438
-384.63336181640625,917.0116577148438
-385.1119079589844,915.2481079101562
-385.5785217285156,913.4769897460938
-386.06817626953125,911.5614624023438
-386.51129150390625,909.775390625
-386.943115234375,907.9822387695312
-387.39593505859375,906.0433349609375
-387.8053283691406,904.23583984375
-388.2040100097656,902.4216918945312
-388.6212158203125,900.46044921875
-388.9978332519531,898.6323852539062
-389.3924255371094,896.656494140625
-389.7489929199219,894.8152465820312
-390.1227722167969,892.8253784179688
-390.46099853515625,890.9712524414062
-390.8162841796875,888.9678955078125
-391.13824462890625,887.1016845703125
-391.4046936035156,885.51806640625
-391.71246337890625,883.6412963867188
-391.966796875,882.0487670898438
-392.2601623535156,880.1614990234375
-392.567626953125,878.1227416992188
-392.8454284667969,876.223876953125
-393.1363830566406,874.1729125976562
-393.3990783691406,872.2628173828125
-393.6549377441406,870.3472290039062
-393.92242431640625,868.2786865234375
-394.16278076171875,866.352294921875
-394.3951110839844,864.420654296875
-394.6363525390625,862.3344116210938
-394.8032531738281,860.8405151367188
-394.9657287597656,859.3436279296875
-395.1238098144531,857.8436279296875
-395.2773742675781,856.3406372070312
-395.42657470703125,854.8347778320312
-395.5711364746094,853.325927734375
-395.7113342285156,851.8140258789062
-395.84747314453125,850.299072265625
-395.9798583984375,848.78125
-396.10858154296875,847.2606201171875
-396.2336120605469,845.737060546875
-396.3553771972656,844.2105102539062
-396.4736633300781,842.6813354492188
-396.58843994140625,841.1494140625
-396.71038818359375,839.4610595703125
-396.8175964355469,837.9232177734375
-396.9317626953125,836.2283325195312
-397.0324401855469,834.6845092773438
-397.1301574707031,833.1380615234375
-397.22515869140625,831.5889892578125
-397.317626953125,830.0369873046875
-397.41656494140625,828.3267822265625
-397.5039978027344,826.769287109375
-397.5888366699219,825.209228515625
-397.6712341308594,823.6464233398438
-397.7511291503906,822.0809326171875
-397.8283996582031,820.512939453125
-397.9103088378906,818.7850952148438
-397.9821472167969,817.2114868164062
-398.05145263671875,815.63525390625
-398.1185607910156,814.0562744140625
-398.183349609375,812.474853515625
-398.2460632324219,810.8908081054688
-398.3067626953125,809.30419921875
-398.3656311035156,807.7149047851562
-398.42254638671875,806.123291015625
-398.4773254394531,804.5292358398438
-398.5298156738281,802.9326171875
-398.5800476074219,801.33349609375
-398.6283264160156,799.7316284179688
-398.6751403808594,798.1271362304688
-398.72064208984375,796.5202026367188
-398.76495361328125,794.910888671875
-398.8081359863281,793.2989501953125
-398.8503723144531,791.6845703125
-398.8916931152344,790.0676879882812
-398.9321594238281,788.4483642578125
-398.9717102050781,786.8267211914062
-399.0103759765625,785.2026977539062
-399.0481262207031,783.5762939453125
-399.0849304199219,781.9476318359375
-399.120849609375,780.3165893554688
-399.15594482421875,778.6830444335938
-399.1903381347656,777.0469360351562
-399.2240905761719,775.4083251953125
-399.2572937011719,773.7673950195312
-399.2898254394531,772.124267578125
-399.3216857910156,770.478759765625
-399.352783203125,768.8306884765625
-399.3828430175781,767.1802978515625
-399.4116516113281,765.5276489257812
-399.4389953613281,763.87255859375
-399.46490478515625,762.2152099609375
-399.4893798828125,760.555419921875
-399.5123596191406,758.8932495117188
-399.5337219238281,757.2288818359375
-399.55340576171875,755.5621337890625
-399.5715026855469,753.8930053710938
-399.587890625,752.2216186523438
-399.60260009765625,750.5478515625
-399.61553955078125,748.871826171875
-399.626708984375,747.1935424804688
-399.6361999511719,745.512939453125
-399.64404296875,743.8300170898438
-399.65032958984375,742.1448974609375
-399.6549987792969,740.4574584960938
-399.6581115722656,738.7677612304688
-399.65960693359375,737.0758666992188
-399.6595153808594,735.3818969726562
-399.6578674316406,733.6868286132812
-399.65472412109375,731.9925537109375
-399.65008544921875,730.2991333007812
-399.643798828125,728.6065673828125
-399.6358947753906,726.9149169921875
-399.62628173828125,725.22412109375
-399.61492919921875,723.5340576171875
-399.60186767578125,721.840087890625
-399.58685302734375,720.1428833007812
-399.56982421875,718.44287109375
-399.5508117675781,716.7406005859375
-399.5299377441406,715.0364990234375
-399.5072937011719,713.33056640625
-399.4830017089844,711.623046875
-399.4570617675781,709.9139404296875
-399.4294738769531,708.2032470703125
-399.4002685546875,706.4906005859375
-399.3697814941406,704.7761840820312
-399.3379821777344,703.0601196289062
-399.3048095703125,701.3424072265625
-399.27008056640625,699.623291015625
-399.23406982421875,697.9022827148438
-399.1968994140625,696.1792602539062
-399.1587829589844,694.4544677734375
-399.1195983886719,692.72802734375
-399.0791015625,691.0001220703125
-399.0372009277344,689.2706298828125
-398.99359130859375,687.539794921875
-398.9483642578125,685.8070678710938
-398.9019470214844,684.0721435546875
-398.8542785644531,682.3357543945312
-398.80517578125,680.597900390625
-398.754638671875,678.858154296875
-398.7027587890625,677.116943359375
-398.64923095703125,675.3740234375
-398.59405517578125,673.629150390625
-398.53729248046875,671.8828735351562
-398.4788818359375,670.1351318359375
-398.4189758300781,668.3858032226562
-398.35772705078125,666.6345825195312
-398.29541015625,664.8812866210938
-398.2322692871094,663.12646484375
-398.16827392578125,661.3703002929688
-398.1033935546875,659.6124877929688
-398.03778076171875,657.85302734375
-397.9714660644531,656.0917358398438
-397.90472412109375,654.3285522460938
-397.8375549316406,652.563720703125
-397.7701110839844,650.7973022460938
-397.702392578125,649.0292358398438
-397.63433837890625,647.2593383789062
-397.5660095214844,645.4876098632812
-397.4974365234375,643.7142333984375
-397.4285583496094,641.9391479492188
-397.3594055175781,640.162353515625
-397.2898254394531,638.3839721679688
-397.2196350097656,636.6039428710938
-397.148681640625,634.822265625
-397.07684326171875,633.0389404296875
-397.00396728515625,631.25390625
-396.9300537109375,629.4672241210938
-396.85504150390625,627.6788330078125
-396.77886962890625,625.8888549804688
-396.7014465332031,624.0972900390625
-396.62274169921875,622.3040161132812
-396.5427551269531,620.5090942382812
-396.4613952636719,618.7125854492188
-396.37860107421875,616.9144287109375
-396.29443359375,615.1145629882812
-396.2088928222656,613.3131103515625
-396.121826171875,611.5101318359375
-396.0329895019531,609.7056274414062
-395.9421691894531,607.8995971679688
-395.8492431640625,606.0919799804688
-395.754150390625,604.2827758789062
-395.656982421875,602.4720458984375
-395.557861328125,600.6596069335938
-395.456787109375,598.8456420898438
-395.353759765625,597.0302124023438
-395.2486267089844,595.2131958007812
-395.1412658691406,593.3947143554688
-395.0315856933594,591.5747680664062
-394.9195556640625,589.7532958984375
-394.80523681640625,587.9302368164062
-394.6391906738281,585.379150390625
-393.9970397949219,575.938720703125
-393.6236877441406,570.4888916015625
-393.4533386230469,568.01611328125
-393.3832092285156,567.003662109375
-393.35791015625,566.6401977539062
-393.3502197265625,566.5301513671875
-393.3483581542969,566.5032958984375
-393.3479309082031,566.49755859375